LinkID,Length[m],LaneNum,Time,Speed[km/hour],Ave.Trvt[sec.],PCU,Count(total),Count(type0),Count(type1),Count(type2),Count(type3),Count(type4),Count(type5),Count(type6),Count(type7),Count(type8),Count(type9),Count(type10)
533967_00280_11490_0,117.2,1,2022/10/18 06:30:00,52.43,8.05,159.0,140,0,121,11,8,0,0,0,0,0,0,0
533967_00280_11490_0,117.2,1,2022/10/18 06:45:00,52.70,8.01,126.0,117,0,108,4,5,0,0,0,0,0,0,0
533967_00280_11490_0,117.2,1,2022/10/18 07:00:00,52.34,8.06,137.0,125,0,113,7,5,0,0,0,0,0,0,0
533967_00280_11490_0,117.2,1,2022/10/18 07:15:00,52.47,8.04,151.0,134,0,117,11,6,0,0,0,0,0,0,0
533967_00280_11490_0,117.2,1,2022/10/18 07:30:00,52.55,8.03,134.0,123,0,112,7,4,0,0,0,0,0,0,0
533967_00280_11490_0,117.2,1,2022/10/18 07:45:00,52.21,8.08,165.0,154,0,143,6,5,0,0,0,0,0,0,0
533967_00280_11490_0,117.2,1,2022/10/18 08:00:00,52.43,8.05,138.0,119,0,100,17,2,0,0,0,0,0,0,0
533967_00280_11490_0,117.2,1,2022/10/18 08:15:00,52.26,8.08,157.0,144,0,131,7,6,0,0,0,0,0,0,0
533967_00280_11490_0,117.2,1,2022/10/18 08:30:00,52.46,8.05,151.0,133,0,115,15,3,0,0,0,0,0,0,0
533967_00280_11490_0,117.2,1,2022/10/18 08:45:00,52.11,8.10,188.0,161,0,134,21,6,0,0,0,0,0,0,0
533967_00280_11490_0,117.2,1,2022/10/18 09:00:00,52.63,8.02,112.0,99,0,86,13,0,0,0,0,0,0,0,0
533967_00280_11490_0,117.2,1,2022/10/18 09:15:00,52.40,8.05,150.0,129,0,108,18,3,0,0,0,0,0,0,0
533967_00280_11490_0,117.2,1,2022/10/18 09:30:00,52.39,8.06,186.0,158,0,130,24,4,0,0,0,0,0,0,0
533967_00280_11490_0,117.2,1,2022/10/18 09:45:00,51.94,8.13,136.0,111,0,86,23,2,0,0,0,0,0,0,0
533967_00280_11490_0,117.2,1,2022/10/18 10:00:00,52.34,8.06,117.0,93,0,69,19,5,0,0,0,0,0,0,0
533967_00280_11490_0,117.2,1,2022/10/18 10:15:00,52.26,8.08,117.0,91,0,65,25,1,0,0,0,0,0,0,0
533967_00280_11490_0,117.2,1,2022/10/18 10:30:00,52.47,8.04,110.0,91,0,72,15,4,0,0,0,0,0,0,0
533967_00280_11490_0,117.2,1,2022/10/18 10:45:00,52.36,8.06,126.0,99,0,72,22,5,0,0,0,0,0,0,0
533967_00280_11490_0,117.2,1,2022/10/18 11:00:00,52.50,8.04,123.0,103,0,83,18,2,0,0,0,0,0,0,0
533967_00280_11490_0,117.2,1,2022/10/18 11:15:00,51.97,8.12,122.0,107,0,92,15,0,0,0,0,0,0,0,0
533967_00280_11490_0,117.2,1,2022/10/18 11:30:00,52.40,8.05,129.0,110,0,91,17,2,0,0,0,0,0,0,0
533967_00280_11490_0,117.2,1,2022/10/18 11:45:00,52.44,8.05,118.0,103,0,88,11,4,0,0,0,0,0,0,0
533967_00280_11490_0,117.2,1,2022/10/18 12:00:00,52.62,8.02,104.0,93,0,82,9,2,0,0,0,0,0,0,0
533967_00280_11490_0,117.2,1,2022/10/18 12:15:00,52.49,8.04,110.0,97,0,84,10,3,0,0,0,0,0,0,0
533967_00280_11490_0,117.2,1,2022/10/18 12:30:00,52.46,8.05,127.0,109,0,91,15,3,0,0,0,0,0,0,0
533967_00280_11490_0,117.2,1,2022/10/18 12:45:00,52.52,8.04,120.0,108,0,96,10,2,0,0,0,0,0,0,0
533967_00280_11490_0,117.2,1,2022/10/18 13:00:00,52.54,8.03,134.0,121,0,108,8,5,0,0,0,0,0,0,0
533967_00280_11490_0,117.2,1,2022/10/18 13:15:00,52.02,8.11,129.0,105,0,81,22,2,0,0,0,0,0,0,0
533967_00280_11490_0,117.2,1,2022/10/18 13:30:00,52.49,8.04,143.0,120,0,97,18,5,0,0,0,0,0,0,0
533967_00280_11490_0,117.2,1,2022/10/18 13:45:00,52.46,8.05,131.0,109,0,87,18,4,0,0,0,0,0,0,0
533967_00280_11490_0,117.2,1,2022/10/18 14:00:00,52.45,8.05,144.0,127,0,110,14,3,0,0,0,0,0,0,0
533967_00280_11490_0,117.2,1,2022/10/18 14:15:00,52.59,8.03,165.0,154,0,143,7,4,0,0,0,0,0,0,0
533967_00280_11490_0,117.2,1,2022/10/18 14:30:00,52.35,8.06,117.0,96,0,75,19,2,0,0,0,0,0,0,0
533967_00280_11490_0,117.2,1,2022/10/18 14:45:00,52.36,8.06,133.0,114,0,95,12,7,0,0,0,0,0,0,0
533967_00280_11490_0,117.2,1,2022/10/18 15:00:00,52.37,8.06,95.0,85,0,75,9,1,0,0,0,0,0,0,0
533967_00280_11490_0,117.2,1,2022/10/18 15:15:00,52.53,8.04,135.0,114,0,93,16,5,0,0,0,0,0,0,0
533967_00280_11490_0,117.2,1,2022/10/18 15:30:00,52.47,8.04,129.0,112,0,95,16,1,0,0,0,0,0,0,0
533967_00280_11490_0,117.2,1,2022/10/18 15:45:00,52.56,8.03,118.0,100,0,82,13,5,0,0,0,0,0,0,0
533967_00280_11490_0,117.2,1,2022/10/18 16:00:00,52.04,8.11,114.0,100,0,86,12,2,0,0,0,0,0,0,0
533967_00280_11490_0,117.2,1,2022/10/18 16:15:00,52.39,8.06,115.0,107,0,99,6,2,0,0,0,0,0,0,0
533967_00280_11490_0,117.2,1,2022/10/18 16:30:00,52.48,8.04,82.0,71,0,60,9,2,0,0,0,0,0,0,0
533967_00280_11490_0,117.2,1,2022/10/18 16:45:00,52.53,8.04,128.0,114,0,100,8,6,0,0,0,0,0,0,0
533967_00280_11490_0,117.2,1,2022/10/18 17:00:00,52.45,8.05,96.0,86,0,76,6,4,0,0,0,0,0,0,0
533967_00280_11490_0,117.2,1,2022/10/18 17:15:00,52.70,8.01,127.0,117,0,107,8,2,0,0,0,0,0,0,0
533967_00280_11490_0,117.2,1,2022/10/18 17:30:00,52.76,8.00,107.0,104,0,101,3,0,0,0,0,0,0,0,0
533967_00280_11490_0,117.2,1,2022/10/18 17:45:00,52.64,8.02,119.0,114,0,109,4,1,0,0,0,0,0,0,0
533967_00280_11490_0,117.2,1,2022/10/18 18:00:00,52.49,8.04,81.0,73,0,65,4,4,0,0,0,0,0,0,0
533967_00280_11490_0,117.2,1,2022/10/18 18:15:00,52.76,8.00,95.0,94,0,93,0,1,0,0,0,0,0,0,0
533967_00280_11490_0,117.2,1,2022/10/18 18:30:00,52.76,8.00,62.0,61,0,60,1,0,0,0,0,0,0,0,0
533967_00280_11490_0,117.2,1,2022/10/18 18:45:00,52.68,8.01,95.0,87,0,79,4,4,0,0,0,0,0,0,0
533967_00280_11490_1,117.3,1,2022/10/18 06:30:00,49.74,8.49,86.0,76,0,66,9,1,0,0,0,0,0,0,0
533967_00280_11490_1,117.3,1,2022/10/18 06:45:00,49.47,8.53,73.0,62,0,51,7,4,0,0,0,0,0,0,0
533967_00280_11490_1,117.3,1,2022/10/18 07:00:00,49.55,8.52,94.0,79,0,64,10,5,0,0,0,0,0,0,0
533967_00280_11490_1,117.3,1,2022/10/18 07:15:00,49.77,8.48,129.0,110,0,91,14,5,0,0,0,0,0,0,0
533967_00280_11490_1,117.3,1,2022/10/18 07:30:00,49.78,8.48,129.0,121,0,113,4,4,0,0,0,0,0,0,0
533967_00280_11490_1,117.3,1,2022/10/18 07:45:00,49.58,8.51,158.0,144,0,130,5,9,0,0,0,0,0,0,0
533967_00280_11490_1,117.3,1,2022/10/18 08:00:00,49.78,8.48,150.0,129,0,108,14,7,0,0,0,0,0,0,0
533967_00280_11490_1,117.3,1,2022/10/18 08:15:00,49.64,8.50,139.0,129,0,119,10,0,0,0,0,0,0,0,0
533967_00280_11490_1,117.3,1,2022/10/18 08:30:00,49.54,8.52,164.0,138,0,112,22,4,0,0,0,0,0,0,0
533967_00280_11490_1,117.3,1,2022/10/18 08:45:00,49.42,8.54,147.0,122,0,97,18,7,0,0,0,0,0,0,0
533967_00280_11490_1,117.3,1,2022/10/18 09:00:00,49.55,8.52,160.0,133,0,106,22,5,0,0,0,0,0,0,0
533967_00280_11490_1,117.3,1,2022/10/18 09:15:00,49.53,8.52,133.0,113,0,93,15,5,0,0,0,0,0,0,0
533967_00280_11490_1,117.3,1,2022/10/18 09:30:00,49.54,8.52,141.0,121,0,101,16,4,0,0,0,0,0,0,0
533967_00280_11490_1,117.3,1,2022/10/18 09:45:00,49.77,8.48,141.0,112,0,83,25,4,0,0,0,0,0,0,0
533967_00280_11490_1,117.3,1,2022/10/18 10:00:00,49.49,8.53,147.0,119,0,91,20,8,0,0,0,0,0,0,0
533967_00280_11490_1,117.3,1,2022/10/18 10:15:00,49.35,8.55,125.0,103,0,81,19,3,0,0,0,0,0,0,0
533967_00280_11490_1,117.3,1,2022/10/18 10:30:00,49.46,8.54,141.0,114,0,87,21,6,0,0,0,0,0,0,0
533967_00280_11490_1,117.3,1,2022/10/18 10:45:00,49.45,8.54,134.0,110,0,86,20,4,0,0,0,0,0,0,0
533967_00280_11490_1,117.3,1,2022/10/18 11:00:00,49.69,8.50,140.0,119,0,98,18,3,0,0,0,0,0,0,0
533967_00280_11490_1,117.3,1,2022/10/18 11:15:00,49.53,8.52,115.0,88,0,61,22,5,0,0,0,0,0,0,0
533967_00280_11490_1,117.3,1,2022/10/18 11:30:00,49.62,8.51,160.0,128,0,96,28,4,0,0,0,0,0,0,0
533967_00280_11490_1,117.3,1,2022/10/18 11:45:00,49.50,8.53,131.0,106,0,81,21,4,0,0,0,0,0,0,0
533967_00280_11490_1,117.3,1,2022/10/18 12:00:00,49.27,8.57,153.0,141,0,129,8,4,0,0,0,0,0,0,0
533967_00280_11490_1,117.3,1,2022/10/18 12:15:00,49.62,8.51,160.0,138,0,116,15,7,0,0,0,0,0,0,0
533967_00280_11490_1,117.3,1,2022/10/18 12:30:00,49.51,8.53,139.0,118,0,97,17,4,0,0,0,0,0,0,0
533967_00280_11490_1,117.3,1,2022/10/18 12:45:00,49.39,8.55,115.0,95,0,75,10,10,0,0,0,0,0,0,0
533967_00280_11490_1,117.3,1,2022/10/18 13:00:00,49.31,8.56,154.0,132,0,110,18,4,0,0,0,0,0,0,0
533967_00280_11490_1,117.3,1,2022/10/18 13:15:00,49.75,8.49,131.0,103,0,75,26,2,0,0,0,0,0,0,0
533967_00280_11490_1,117.3,1,2022/10/18 13:30:00,49.34,8.56,122.0,108,0,94,9,5,0,0,0,0,0,0,0
533967_00280_11490_1,117.3,1,2022/10/18 13:45:00,49.46,8.53,90.0,73,0,56,14,3,0,0,0,0,0,0,0
533967_00280_11490_1,117.3,1,2022/10/18 14:00:00,48.87,8.64,121.0,102,0,83,16,3,0,0,0,0,0,0,0
533967_00280_11490_1,117.3,1,2022/10/18 14:15:00,49.71,8.49,120.0,112,0,104,8,0,0,0,0,0,0,0,0
533967_00280_11490_1,117.3,1,2022/10/18 14:30:00,49.49,8.53,140.0,121,0,102,14,5,0,0,0,0,0,0,0
533967_00280_11490_1,117.3,1,2022/10/18 14:45:00,49.48,8.53,108.0,98,0,88,5,5,0,0,0,0,0,0,0
533967_00280_11490_1,117.3,1,2022/10/18 15:00:00,49.47,8.53,116.0,105,0,94,5,6,0,0,0,0,0,0,0
533967_00280_11490_1,117.3,1,2022/10/18 15:15:00,49.37,8.55,113.0,100,0,87,8,5,0,0,0,0,0,0,0
533967_00280_11490_1,117.3,1,2022/10/18 15:30:00,49.72,8.49,131.0,108,0,85,11,12,0,0,0,0,0,0,0
533967_00280_11490_1,117.3,1,2022/10/18 15:45:00,49.33,8.56,117.0,106,0,95,8,3,0,0,0,0,0,0,0
533967_00280_11490_1,117.3,1,2022/10/18 16:00:00,49.73,8.49,155.0,137,0,119,15,3,0,0,0,0,0,0,0
533967_00280_11490_1,117.3,1,2022/10/18 16:15:00,49.73,8.49,153.0,137,0,121,12,4,0,0,0,0,0,0,0
533967_00280_11490_1,117.3,1,2022/10/18 16:30:00,49.38,8.55,148.0,133,0,118,6,9,0,0,0,0,0,0,0
533967_00280_11490_1,117.3,1,2022/10/18 16:45:00,49.71,8.49,149.0,136,0,123,9,4,0,0,0,0,0,0,0
533967_00280_11490_1,117.3,1,2022/10/18 17:00:00,49.55,8.52,169.0,150,0,131,17,2,0,0,0,0,0,0,0
533967_00280_11490_1,117.3,1,2022/10/18 17:15:00,49.91,8.46,152.0,140,0,128,6,6,0,0,0,0,0,0,0
533967_00280_11490_1,117.3,1,2022/10/18 17:30:00,49.64,8.50,134.0,119,0,104,10,5,0,0,0,0,0,0,0
533967_00280_11490_1,117.3,1,2022/10/18 17:45:00,49.46,8.53,96.0,88,0,80,6,2,0,0,0,0,0,0,0
533967_00280_11490_1,117.3,1,2022/10/18 18:00:00,49.76,8.48,125.0,120,0,115,4,1,0,0,0,0,0,0,0
533967_00280_11490_1,117.3,1,2022/10/18 18:15:00,49.93,8.46,140.0,134,0,128,2,4,0,0,0,0,0,0,0
533967_00280_11490_1,117.3,1,2022/10/18 18:30:00,49.07,8.60,123.0,108,0,93,10,5,0,0,0,0,0,0,0
533967_00280_11490_1,117.3,1,2022/10/18 18:45:00,49.72,8.49,113.0,102,0,91,4,7,0,0,0,0,0,0,0
533967_00280_13214_0,138.9,1,2022/10/18 06:30:00,45.45,11.00,85.0,75,0,65,9,1,0,0,0,0,0,0,0
533967_00280_13214_0,138.9,1,2022/10/18 06:45:00,45.45,11.00,73.0,62,0,51,7,4,0,0,0,0,0,0,0
533967_00280_13214_0,138.9,1,2022/10/18 07:00:00,45.40,11.01,91.0,77,0,63,9,5,0,0,0,0,0,0,0
533967_00280_13214_0,138.9,1,2022/10/18 07:15:00,45.45,11.00,131.0,111,0,91,15,5,0,0,0,0,0,0,0
533967_00280_13214_0,138.9,1,2022/10/18 07:30:00,45.39,11.02,131.0,123,0,115,4,4,0,0,0,0,0,0,0
533967_00280_13214_0,138.9,1,2022/10/18 07:45:00,45.37,11.02,154.0,140,0,126,5,9,0,0,0,0,0,0,0
533967_00280_13214_0,138.9,1,2022/10/18 08:00:00,45.45,11.00,151.0,130,0,109,14,7,0,0,0,0,0,0,0
533967_00280_13214_0,138.9,1,2022/10/18 08:15:00,45.45,11.00,138.0,128,0,118,10,0,0,0,0,0,0,0,0
533967_00280_13214_0,138.9,1,2022/10/18 08:30:00,45.45,11.00,163.0,138,0,113,22,3,0,0,0,0,0,0,0
533967_00280_13214_0,138.9,1,2022/10/18 08:45:00,45.45,11.00,152.0,126,0,100,18,8,0,0,0,0,0,0,0
533967_00280_13214_0,138.9,1,2022/10/18 09:00:00,45.45,11.00,157.0,131,0,105,21,5,0,0,0,0,0,0,0
533967_00280_13214_0,138.9,1,2022/10/18 09:15:00,45.38,11.02,136.0,115,0,94,16,5,0,0,0,0,0,0,0
533967_00280_13214_0,138.9,1,2022/10/18 09:30:00,45.42,11.01,138.0,118,0,98,16,4,0,0,0,0,0,0,0
533967_00280_13214_0,138.9,1,2022/10/18 09:45:00,45.45,11.00,144.0,115,0,86,25,4,0,0,0,0,0,0,0
533967_00280_13214_0,138.9,1,2022/10/18 10:00:00,45.42,11.01,143.0,117,0,91,18,8,0,0,0,0,0,0,0
533967_00280_13214_0,138.9,1,2022/10/18 10:15:00,45.45,11.00,129.0,105,0,81,21,3,0,0,0,0,0,0,0
533967_00280_13214_0,138.9,1,2022/10/18 10:30:00,45.45,11.00,139.0,112,0,85,21,6,0,0,0,0,0,0,0
533967_00280_13214_0,138.9,1,2022/10/18 10:45:00,45.42,11.01,136.0,112,0,88,20,4,0,0,0,0,0,0,0
533967_00280_13214_0,138.9,1,2022/10/18 11:00:00,45.42,11.01,138.0,117,0,96,18,3,0,0,0,0,0,0,0
533967_00280_13214_0,138.9,1,2022/10/18 11:15:00,45.41,11.01,116.0,89,0,62,22,5,0,0,0,0,0,0,0
533967_00280_13214_0,138.9,1,2022/10/18 11:30:00,45.45,11.00,155.0,125,0,95,26,4,0,0,0,0,0,0,0
533967_00280_13214_0,138.9,1,2022/10/18 11:45:00,45.45,11.00,137.0,110,0,83,23,4,0,0,0,0,0,0,0
533967_00280_13214_0,138.9,1,2022/10/18 12:00:00,45.45,11.00,150.0,138,0,126,8,4,0,0,0,0,0,0,0
533967_00280_13214_0,138.9,1,2022/10/18 12:15:00,45.45,11.00,163.0,141,0,119,15,7,0,0,0,0,0,0,0
533967_00280_13214_0,138.9,1,2022/10/18 12:30:00,45.45,11.00,134.0,114,0,94,16,4,0,0,0,0,0,0,0
533967_00280_13214_0,138.9,1,2022/10/18 12:45:00,45.45,11.00,120.0,99,0,78,11,10,0,0,0,0,0,0,0
533967_00280_13214_0,138.9,1,2022/10/18 13:00:00,45.45,11.00,151.0,129,0,107,18,4,0,0,0,0,0,0,0
533967_00280_13214_0,138.9,1,2022/10/18 13:15:00,45.45,11.00,132.0,105,0,78,25,2,0,0,0,0,0,0,0
533967_00280_13214_0,138.9,1,2022/10/18 13:30:00,45.45,11.00,123.0,108,0,93,10,5,0,0,0,0,0,0,0
533967_00280_13214_0,138.9,1,2022/10/18 13:45:00,45.45,11.00,90.0,73,0,56,14,3,0,0,0,0,0,0,0
533967_00280_13214_0,138.9,1,2022/10/18 14:00:00,45.45,11.00,118.0,100,0,82,15,3,0,0,0,0,0,0,0
533967_00280_13214_0,138.9,1,2022/10/18 14:15:00,45.45,11.00,124.0,115,0,106,9,0,0,0,0,0,0,0,0
533967_00280_13214_0,138.9,1,2022/10/18 14:30:00,45.45,11.00,136.0,117,0,98,14,5,0,0,0,0,0,0,0
533967_00280_13214_0,138.9,1,2022/10/18 14:45:00,45.45,11.00,112.0,102,0,92,5,5,0,0,0,0,0,0,0
533967_00280_13214_0,138.9,1,2022/10/18 15:00:00,45.45,11.00,112.0,101,0,90,5,6,0,0,0,0,0,0,0
533967_00280_13214_0,138.9,1,2022/10/18 15:15:00,45.45,11.00,117.0,104,0,91,8,5,0,0,0,0,0,0,0
533967_00280_13214_0,138.9,1,2022/10/18 15:30:00,45.45,11.00,126.0,103,0,80,11,12,0,0,0,0,0,0,0
533967_00280_13214_0,138.9,1,2022/10/18 15:45:00,45.45,11.00,122.0,111,0,100,8,3,0,0,0,0,0,0,0
533967_00280_13214_0,138.9,1,2022/10/18 16:00:00,45.45,11.00,152.0,135,0,118,15,2,0,0,0,0,0,0,0
533967_00280_13214_0,138.9,1,2022/10/18 16:15:00,45.45,11.00,156.0,139,0,122,12,5,0,0,0,0,0,0,0
533967_00280_13214_0,138.9,1,2022/10/18 16:30:00,45.45,11.00,145.0,130,0,115,6,9,0,0,0,0,0,0,0
533967_00280_13214_0,138.9,1,2022/10/18 16:45:00,45.45,11.00,151.0,138,0,125,9,4,0,0,0,0,0,0,0
533967_00280_13214_0,138.9,1,2022/10/18 17:00:00,45.45,11.00,166.0,147,0,128,17,2,0,0,0,0,0,0,0
533967_00280_13214_0,138.9,1,2022/10/18 17:15:00,45.40,11.01,156.0,144,0,132,6,6,0,0,0,0,0,0,0
533967_00280_13214_0,138.9,1,2022/10/18 17:30:00,45.45,11.00,132.0,117,0,102,10,5,0,0,0,0,0,0,0
533967_00280_13214_0,138.9,1,2022/10/18 17:45:00,45.45,11.00,98.0,90,0,82,6,2,0,0,0,0,0,0,0
533967_00280_13214_0,138.9,1,2022/10/18 18:00:00,45.42,11.01,122.0,118,0,114,3,1,0,0,0,0,0,0,0
533967_00280_13214_0,138.9,1,2022/10/18 18:15:00,45.45,11.00,143.0,136,0,129,3,4,0,0,0,0,0,0,0
533967_00280_13214_0,138.9,1,2022/10/18 18:30:00,45.42,11.01,122.0,107,0,92,10,5,0,0,0,0,0,0,0
533967_00280_13214_0,138.9,1,2022/10/18 18:45:00,45.45,11.00,114.0,103,0,92,4,7,0,0,0,0,0,0,0
533967_00280_13214_1,158.9,1,2022/10/18 06:30:00,50.10,11.42,161.0,142,0,123,11,8,0,0,0,0,0,0,0
533967_00280_13214_1,158.9,1,2022/10/18 06:45:00,50.79,11.26,125.0,116,0,107,4,5,0,0,0,0,0,0,0
533967_00280_13214_1,158.9,1,2022/10/18 07:00:00,50.74,11.27,139.0,126,0,113,7,6,0,0,0,0,0,0,0
533967_00280_13214_1,158.9,1,2022/10/18 07:15:00,50.33,11.36,151.0,135,0,119,11,5,0,0,0,0,0,0,0
533967_00280_13214_1,158.9,1,2022/10/18 07:30:00,50.66,11.29,132.0,121,0,110,7,4,0,0,0,0,0,0,0
533967_00280_13214_1,158.9,1,2022/10/18 07:45:00,50.35,11.36,165.0,154,0,143,6,5,0,0,0,0,0,0,0
533967_00280_13214_1,158.9,1,2022/10/18 08:00:00,50.87,11.24,139.0,120,0,101,17,2,0,0,0,0,0,0,0
533967_00280_13214_1,158.9,1,2022/10/18 08:15:00,50.48,11.33,156.0,143,0,130,7,6,0,0,0,0,0,0,0
533967_00280_13214_1,158.9,1,2022/10/18 08:30:00,50.38,11.35,152.0,134,0,116,15,3,0,0,0,0,0,0,0
533967_00280_13214_1,158.9,1,2022/10/18 08:45:00,50.10,11.42,186.0,159,0,132,21,6,0,0,0,0,0,0,0
533967_00280_13214_1,158.9,1,2022/10/18 09:00:00,51.20,11.17,113.0,100,0,87,13,0,0,0,0,0,0,0,0
533967_00280_13214_1,158.9,1,2022/10/18 09:15:00,50.14,11.41,149.0,128,0,107,18,3,0,0,0,0,0,0,0
533967_00280_13214_1,158.9,1,2022/10/18 09:30:00,50.00,11.44,186.0,158,0,130,24,4,0,0,0,0,0,0,0
533967_00280_13214_1,158.9,1,2022/10/18 09:45:00,50.46,11.33,136.0,111,0,86,23,2,0,0,0,0,0,0,0
533967_00280_13214_1,158.9,1,2022/10/18 10:00:00,50.75,11.27,117.0,93,0,69,19,5,0,0,0,0,0,0,0
533967_00280_13214_1,158.9,1,2022/10/18 10:15:00,50.73,11.27,118.0,92,0,66,25,1,0,0,0,0,0,0,0
533967_00280_13214_1,158.9,1,2022/10/18 10:30:00,51.18,11.17,111.0,92,0,73,15,4,0,0,0,0,0,0,0
533967_00280_13214_1,158.9,1,2022/10/18 10:45:00,50.90,11.23,125.0,98,0,71,22,5,0,0,0,0,0,0,0
533967_00280_13214_1,158.9,1,2022/10/18 11:00:00,50.88,11.24,124.0,104,0,84,18,2,0,0,0,0,0,0,0
533967_00280_13214_1,158.9,1,2022/10/18 11:15:00,50.95,11.22,122.0,107,0,92,15,0,0,0,0,0,0,0,0
533967_00280_13214_1,158.9,1,2022/10/18 11:30:00,50.36,11.35,129.0,110,0,91,17,2,0,0,0,0,0,0,0
533967_00280_13214_1,158.9,1,2022/10/18 11:45:00,51.17,11.18,117.0,102,0,87,11,4,0,0,0,0,0,0,0
533967_00280_13214_1,158.9,1,2022/10/18 12:00:00,51.28,11.15,103.0,92,0,81,9,2,0,0,0,0,0,0,0
533967_00280_13214_1,158.9,1,2022/10/18 12:15:00,51.03,11.21,110.0,97,0,84,10,3,0,0,0,0,0,0,0
533967_00280_13214_1,158.9,1,2022/10/18 12:30:00,50.89,11.24,128.0,110,0,92,15,3,0,0,0,0,0,0,0
533967_00280_13214_1,158.9,1,2022/10/18 12:45:00,51.22,11.17,121.0,109,0,97,10,2,0,0,0,0,0,0,0
533967_00280_13214_1,158.9,1,2022/10/18 13:00:00,50.57,11.31,133.0,120,0,107,8,5,0,0,0,0,0,0,0
533967_00280_13214_1,158.9,1,2022/10/18 13:15:00,50.76,11.27,129.0,105,0,81,22,2,0,0,0,0,0,0,0
533967_00280_13214_1,158.9,1,2022/10/18 13:30:00,50.72,11.28,143.0,120,0,97,18,5,0,0,0,0,0,0,0
533967_00280_13214_1,158.9,1,2022/10/18 13:45:00,50.79,11.26,130.0,108,0,86,18,4,0,0,0,0,0,0,0
533967_00280_13214_1,158.9,1,2022/10/18 14:00:00,50.67,11.29,147.0,129,0,111,14,4,0,0,0,0,0,0,0
533967_00280_13214_1,158.9,1,2022/10/18 14:15:00,50.48,11.33,162.0,152,0,142,7,3,0,0,0,0,0,0,0
533967_00280_13214_1,158.9,1,2022/10/18 14:30:00,51.17,11.18,118.0,97,0,76,19,2,0,0,0,0,0,0,0
533967_00280_13214_1,158.9,1,2022/10/18 14:45:00,50.73,11.27,133.0,114,0,95,12,7,0,0,0,0,0,0,0
533967_00280_13214_1,158.9,1,2022/10/18 15:00:00,51.49,11.11,94.0,84,0,74,9,1,0,0,0,0,0,0,0
533967_00280_13214_1,158.9,1,2022/10/18 15:15:00,50.60,11.30,137.0,116,0,95,16,5,0,0,0,0,0,0,0
533967_00280_13214_1,158.9,1,2022/10/18 15:30:00,50.86,11.24,128.0,111,0,94,16,1,0,0,0,0,0,0,0
533967_00280_13214_1,158.9,1,2022/10/18 15:45:00,51.00,11.21,117.0,99,0,81,13,5,0,0,0,0,0,0,0
533967_00280_13214_1,158.9,1,2022/10/18 16:00:00,50.75,11.27,115.0,101,0,87,12,2,0,0,0,0,0,0,0
533967_00280_13214_1,158.9,1,2022/10/18 16:15:00,50.95,11.22,115.0,107,0,99,6,2,0,0,0,0,0,0,0
533967_00280_13214_1,158.9,1,2022/10/18 16:30:00,51.72,11.06,81.0,70,0,59,9,2,0,0,0,0,0,0,0
533967_00280_13214_1,158.9,1,2022/10/18 16:45:00,50.77,11.26,128.0,114,0,100,8,6,0,0,0,0,0,0,0
533967_00280_13214_1,158.9,1,2022/10/18 17:00:00,50.98,11.22,97.0,87,0,77,6,4,0,0,0,0,0,0,0
533967_00280_13214_1,158.9,1,2022/10/18 17:15:00,50.81,11.25,128.0,118,0,108,8,2,0,0,0,0,0,0,0
533967_00280_13214_1,158.9,1,2022/10/18 17:30:00,50.78,11.26,106.0,103,0,100,3,0,0,0,0,0,0,0,0
533967_00280_13214_1,158.9,1,2022/10/18 17:45:00,51.16,11.18,118.0,113,0,108,4,1,0,0,0,0,0,0,0
533967_00280_13214_1,158.9,1,2022/10/18 18:00:00,51.54,11.10,81.0,73,0,65,4,4,0,0,0,0,0,0,0
533967_00280_13214_1,158.9,1,2022/10/18 18:15:00,51.39,11.13,95.0,94,0,93,0,1,0,0,0,0,0,0,0
533967_00280_13214_1,158.9,1,2022/10/18 18:30:00,51.61,11.08,63.0,62,0,61,1,0,0,0,0,0,0,0,0
533967_00280_13214_1,158.9,1,2022/10/18 18:45:00,51.08,11.20,96.0,87,0,78,5,4,0,0,0,0,0,0,0
533967_00285_11494_0,61.6,1,2022/10/18 06:30:00,49.73,4.46,13.0,13,0,13,0,0,0,0,0,0,0,0,0
533967_00285_11494_0,61.6,1,2022/10/18 06:45:00,50.42,4.40,20.0,20,0,20,0,0,0,0,0,0,0,0,0
533967_00285_11494_0,61.6,1,2022/10/18 07:00:00,50.67,4.38,37.0,37,0,37,0,0,0,0,0,0,0,0,0
533967_00285_11494_0,61.6,1,2022/10/18 07:15:00,49.92,4.44,27.0,27,0,27,0,0,0,0,0,0,0,0,0
533967_00285_11494_0,61.6,1,2022/10/18 07:30:00,50.10,4.43,53.0,42,0,31,11,0,0,0,0,0,0,0,0
533967_00285_11494_0,61.6,1,2022/10/18 07:45:00,49.81,4.45,58.0,55,0,52,3,0,0,0,0,0,0,0,0
533967_00285_11494_0,61.6,1,2022/10/18 08:00:00,48.68,4.56,51.0,43,0,35,8,0,0,0,0,0,0,0,0
533967_00285_11494_0,61.6,1,2022/10/18 08:15:00,49.73,4.46,53.0,52,0,51,1,0,0,0,0,0,0,0,0
533967_00285_11494_0,61.6,1,2022/10/18 08:30:00,51.77,4.29,9.0,7,0,5,2,0,0,0,0,0,0,0,0
533967_00285_11494_0,61.6,1,2022/10/18 08:45:00,-1.00,-1.00,0.0,0,0,0,0,0,0,0,0,0,0,0,0
533967_00285_11494_0,61.6,1,2022/10/18 09:00:00,51.20,4.33,3.0,3,0,3,0,0,0,0,0,0,0,0,0
533967_00285_11494_0,61.6,1,2022/10/18 09:15:00,47.21,4.70,10.0,10,0,10,0,0,0,0,0,0,0,0,0
533967_00285_11494_0,61.6,1,2022/10/18 09:30:00,49.45,4.49,42.0,39,0,36,3,0,0,0,0,0,0,0,0
533967_00285_11494_0,61.6,1,2022/10/18 09:45:00,49.30,4.50,17.0,16,0,15,1,0,0,0,0,0,0,0,0
533967_00285_11494_0,61.6,1,2022/10/18 10:00:00,49.49,4.48,30.0,29,0,28,0,1,0,0,0,0,0,0,0
533967_00285_11494_0,61.6,1,2022/10/18 10:15:00,49.73,4.46,14.0,13,0,12,0,1,0,0,0,0,0,0,0
533967_00285_11494_0,61.6,1,2022/10/18 10:30:00,-1.00,-1.00,0.0,0,0,0,0,0,0,0,0,0,0,0,0
533967_00285_11494_0,61.6,1,2022/10/18 10:45:00,47.54,4.67,9.0,9,0,9,0,0,0,0,0,0,0,0,0
533967_00285_11494_0,61.6,1,2022/10/18 11:00:00,52.20,4.25,4.0,4,0,4,0,0,0,0,0,0,0,0,0
533967_00285_11494_0,61.6,1,2022/10/18 11:15:00,49.03,4.53,59.0,59,0,59,0,0,0,0,0,0,0,0,0
533967_00285_11494_0,61.6,1,2022/10/18 11:30:00,50.60,4.38,13.0,13,0,13,0,0,0,0,0,0,0,0,0
533967_00285_11494_0,61.6,1,2022/10/18 11:45:00,55.47,4.00,6.0,6,0,6,0,0,0,0,0,0,0,0,0
533967_00285_11494_0,61.6,1,2022/10/18 12:00:00,52.83,4.20,10.0,10,0,10,0,0,0,0,0,0,0,0,0
533967_00285_11494_0,61.6,1,2022/10/18 12:15:00,44.37,5.00,4.0,2,0,0,2,0,0,0,0,0,0,0,0
533967_00285_11494_0,61.6,1,2022/10/18 12:30:00,49.86,4.45,20.0,20,0,20,0,0,0,0,0,0,0,0,0
533967_00285_11494_0,61.6,1,2022/10/18 12:45:00,49.30,4.50,18.0,18,0,18,0,0,0,0,0,0,0,0,0
533967_00285_11494_0,61.6,1,2022/10/18 13:00:00,50.23,4.42,12.0,12,0,12,0,0,0,0,0,0,0,0,0
533967_00285_11494_0,61.6,1,2022/10/18 13:15:00,47.54,4.67,3.0,3,0,3,0,0,0,0,0,0,0,0,0
533967_00285_11494_0,61.6,1,2022/10/18 13:30:00,50.00,4.44,48.0,48,0,48,0,0,0,0,0,0,0,0,0
533967_00285_11494_0,61.6,1,2022/10/18 13:45:00,50.10,4.43,28.0,28,0,28,0,0,0,0,0,0,0,0,0
533967_00285_11494_0,61.6,1,2022/10/18 14:00:00,49.86,4.45,20.0,20,0,20,0,0,0,0,0,0,0,0,0
533967_00285_11494_0,61.6,1,2022/10/18 14:15:00,55.47,4.00,1.0,1,0,1,0,0,0,0,0,0,0,0,0
533967_00285_11494_0,61.6,1,2022/10/18 14:30:00,-1.00,-1.00,0.0,0,0,0,0,0,0,0,0,0,0,0,0
533967_00285_11494_0,61.6,1,2022/10/18 14:45:00,51.20,4.33,18.0,9,0,0,9,0,0,0,0,0,0,0,0
533967_00285_11494_0,61.6,1,2022/10/18 15:00:00,48.94,4.53,17.0,15,0,13,2,0,0,0,0,0,0,0,0
533967_00285_11494_0,61.6,1,2022/10/18 15:15:00,52.20,4.25,11.0,8,0,5,3,0,0,0,0,0,0,0,0
533967_00285_11494_0,61.6,1,2022/10/18 15:30:00,55.47,4.00,8.0,4,0,0,4,0,0,0,0,0,0,0,0
533967_00285_11494_0,61.6,1,2022/10/18 15:45:00,50.10,4.43,15.0,14,0,13,1,0,0,0,0,0,0,0,0
533967_00285_11494_0,61.6,1,2022/10/18 16:00:00,49.04,4.52,30.0,21,0,12,9,0,0,0,0,0,0,0,0
533967_00285_11494_0,61.6,1,2022/10/18 16:15:00,50.60,4.38,16.0,13,0,10,3,0,0,0,0,0,0,0,0
533967_00285_11494_0,61.6,1,2022/10/18 16:30:00,50.42,4.40,15.0,15,0,15,0,0,0,0,0,0,0,0,0
533967_00285_11494_0,61.6,1,2022/10/18 16:45:00,50.10,4.43,10.0,7,0,4,0,3,0,0,0,0,0,0,0
533967_00285_11494_0,61.6,1,2022/10/18 17:00:00,50.55,4.39,19.0,18,0,17,0,1,0,0,0,0,0,0,0
533967_00285_11494_0,61.6,1,2022/10/18 17:15:00,48.81,4.55,22.0,22,0,22,0,0,0,0,0,0,0,0,0
533967_00285_11494_0,61.6,1,2022/10/18 17:30:00,49.20,4.51,51.0,51,0,51,0,0,0,0,0,0,0,0,0
533967_00285_11494_0,61.6,1,2022/10/18 17:45:00,49.30,4.50,26.0,26,0,26,0,0,0,0,0,0,0,0,0
533967_00285_11494_0,61.6,1,2022/10/18 18:00:00,47.54,4.67,18.0,18,0,18,0,0,0,0,0,0,0,0,0
533967_00285_11494_0,61.6,1,2022/10/18 18:15:00,51.20,4.33,15.0,15,0,15,0,0,0,0,0,0,0,0,0
533967_00285_11494_0,61.6,1,2022/10/18 18:30:00,50.81,4.37,30.0,30,0,30,0,0,0,0,0,0,0,0,0
533967_00285_11494_0,61.6,1,2022/10/18 18:45:00,48.73,4.55,38.0,38,0,38,0,0,0,0,0,0,0,0,0
533967_00285_11494_1,61.5,1,2022/10/18 06:30:00,44.31,5.00,40.0,40,0,40,0,0,0,0,0,0,0,0,0
533967_00285_11494_1,61.5,1,2022/10/18 06:45:00,44.31,5.00,33.0,33,0,33,0,0,0,0,0,0,0,0,0
533967_00285_11494_1,61.5,1,2022/10/18 07:00:00,44.31,5.00,40.0,40,0,40,0,0,0,0,0,0,0,0,0
533967_00285_11494_1,61.5,1,2022/10/18 07:15:00,44.31,5.00,29.0,29,0,29,0,0,0,0,0,0,0,0,0
533967_00285_11494_1,61.5,1,2022/10/18 07:30:00,44.57,4.97,37.0,34,0,31,3,0,0,0,0,0,0,0,0
533967_00285_11494_1,61.5,1,2022/10/18 07:45:00,44.31,5.00,26.0,26,0,26,0,0,0,0,0,0,0,0,0
533967_00285_11494_1,61.5,1,2022/10/18 08:00:00,44.31,5.00,39.0,39,0,39,0,0,0,0,0,0,0,0,0
533967_00285_11494_1,61.5,1,2022/10/18 08:15:00,44.48,4.98,56.0,53,0,50,3,0,0,0,0,0,0,0,0
533967_00285_11494_1,61.5,1,2022/10/18 08:30:00,44.31,5.00,51.0,51,0,51,0,0,0,0,0,0,0,0,0
533967_00285_11494_1,61.5,1,2022/10/18 08:45:00,44.31,5.00,34.0,30,0,26,4,0,0,0,0,0,0,0,0
533967_00285_11494_1,61.5,1,2022/10/18 09:00:00,44.58,4.97,34.0,33,0,32,0,1,0,0,0,0,0,0,0
533967_00285_11494_1,61.5,1,2022/10/18 09:15:00,44.31,5.00,22.0,22,0,22,0,0,0,0,0,0,0,0,0
533967_00285_11494_1,61.5,1,2022/10/18 09:30:00,44.31,5.00,34.0,34,0,34,0,0,0,0,0,0,0,0,0
533967_00285_11494_1,61.5,1,2022/10/18 09:45:00,44.31,5.00,27.0,27,0,27,0,0,0,0,0,0,0,0,0
533967_00285_11494_1,61.5,1,2022/10/18 10:00:00,44.31,5.00,45.0,41,0,37,4,0,0,0,0,0,0,0,0
533967_00285_11494_1,61.5,1,2022/10/18 10:15:00,44.31,5.00,26.0,26,0,26,0,0,0,0,0,0,0,0,0
533967_00285_11494_1,61.5,1,2022/10/18 10:30:00,44.31,5.00,34.0,34,0,34,0,0,0,0,0,0,0,0,0
533967_00285_11494_1,61.5,1,2022/10/18 10:45:00,44.31,5.00,17.0,17,0,17,0,0,0,0,0,0,0,0,0
533967_00285_11494_1,61.5,1,2022/10/18 11:00:00,44.31,5.00,22.0,22,0,22,0,0,0,0,0,0,0,0,0
533967_00285_11494_1,61.5,1,2022/10/18 11:15:00,44.31,5.00,23.0,23,0,23,0,0,0,0,0,0,0,0,0
533967_00285_11494_1,61.5,1,2022/10/18 11:30:00,44.31,5.00,32.0,32,0,32,0,0,0,0,0,0,0,0,0
533967_00285_11494_1,61.5,1,2022/10/18 11:45:00,44.31,5.00,23.0,18,0,13,5,0,0,0,0,0,0,0,0
533967_00285_11494_1,61.5,1,2022/10/18 12:00:00,44.31,5.00,22.0,22,0,22,0,0,0,0,0,0,0,0,0
533967_00285_11494_1,61.5,1,2022/10/18 12:15:00,44.31,5.00,19.0,19,0,19,0,0,0,0,0,0,0,0,0
533967_00285_11494_1,61.5,1,2022/10/18 12:30:00,44.31,5.00,21.0,18,0,15,3,0,0,0,0,0,0,0,0
533967_00285_11494_1,61.5,1,2022/10/18 12:45:00,44.31,5.00,14.0,14,0,14,0,0,0,0,0,0,0,0,0
533967_00285_11494_1,61.5,1,2022/10/18 13:00:00,44.31,5.00,19.0,19,0,19,0,0,0,0,0,0,0,0,0
533967_00285_11494_1,61.5,1,2022/10/18 13:15:00,44.31,5.00,11.0,11,0,11,0,0,0,0,0,0,0,0,0
533967_00285_11494_1,61.5,1,2022/10/18 13:30:00,44.31,5.00,14.0,14,0,14,0,0,0,0,0,0,0,0,0
533967_00285_11494_1,61.5,1,2022/10/18 13:45:00,44.31,5.00,14.0,14,0,14,0,0,0,0,0,0,0,0,0
533967_00285_11494_1,61.5,1,2022/10/18 14:00:00,44.31,5.00,16.0,16,0,16,0,0,0,0,0,0,0,0,0
533967_00285_11494_1,61.5,1,2022/10/18 14:15:00,44.31,5.00,24.0,22,0,20,2,0,0,0,0,0,0,0,0
533967_00285_11494_1,61.5,1,2022/10/18 14:30:00,44.31,5.00,27.0,27,0,27,0,0,0,0,0,0,0,0,0
533967_00285_11494_1,61.5,1,2022/10/18 14:45:00,44.31,5.00,15.0,14,0,13,0,1,0,0,0,0,0,0,0
533967_00285_11494_1,61.5,1,2022/10/18 15:00:00,44.31,5.00,19.0,19,0,19,0,0,0,0,0,0,0,0,0
533967_00285_11494_1,61.5,1,2022/10/18 15:15:00,44.31,5.00,13.0,13,0,13,0,0,0,0,0,0,0,0,0
533967_00285_11494_1,61.5,1,2022/10/18 15:30:00,44.31,5.00,17.0,15,0,13,0,2,0,0,0,0,0,0,0
533967_00285_11494_1,61.5,1,2022/10/18 15:45:00,44.31,5.00,16.0,16,0,16,0,0,0,0,0,0,0,0,0
533967_00285_11494_1,61.5,1,2022/10/18 16:00:00,44.31,5.00,30.0,30,0,30,0,0,0,0,0,0,0,0,0
533967_00285_11494_1,61.5,1,2022/10/18 16:15:00,44.31,5.00,21.0,21,0,21,0,0,0,0,0,0,0,0,0
533967_00285_11494_1,61.5,1,2022/10/18 16:30:00,44.31,5.00,35.0,35,0,35,0,0,0,0,0,0,0,0,0
533967_00285_11494_1,61.5,1,2022/10/18 16:45:00,44.31,5.00,22.0,22,0,22,0,0,0,0,0,0,0,0,0
533967_00285_11494_1,61.5,1,2022/10/18 17:00:00,44.31,5.00,38.0,38,0,38,0,0,0,0,0,0,0,0,0
533967_00285_11494_1,61.5,1,2022/10/18 17:15:00,44.31,5.00,25.0,25,0,25,0,0,0,0,0,0,0,0,0
533967_00285_11494_1,61.5,1,2022/10/18 17:30:00,44.31,5.00,21.0,21,0,21,0,0,0,0,0,0,0,0,0
533967_00285_11494_1,61.5,1,2022/10/18 17:45:00,44.31,5.00,22.0,22,0,22,0,0,0,0,0,0,0,0,0
533967_00285_11494_1,61.5,1,2022/10/18 18:00:00,44.31,5.00,28.0,28,0,28,0,0,0,0,0,0,0,0,0
533967_00285_11494_1,61.5,1,2022/10/18 18:15:00,44.31,5.00,14.0,14,0,14,0,0,0,0,0,0,0,0,0
533967_00285_11494_1,61.5,1,2022/10/18 18:30:00,44.31,5.00,18.0,18,0,18,0,0,0,0,0,0,0,0,0
533967_00285_11494_1,61.5,1,2022/10/18 18:45:00,44.31,5.00,19.0,19,0,19,0,0,0,0,0,0,0,0,0
533967_00285_11497_0,145.2,1,2022/10/18 06:30:00,52.15,10.03,40.0,40,0,40,0,0,0,0,0,0,0,0,0
533967_00285_11497_0,145.2,1,2022/10/18 06:45:00,52.28,10.00,33.0,33,0,33,0,0,0,0,0,0,0,0,0
533967_00285_11497_0,145.2,1,2022/10/18 07:00:00,52.28,10.00,40.0,40,0,40,0,0,0,0,0,0,0,0,0
533967_00285_11497_0,145.2,1,2022/10/18 07:15:00,51.54,10.14,28.0,28,0,28,0,0,0,0,0,0,0,0,0
533967_00285_11497_0,145.2,1,2022/10/18 07:30:00,51.69,10.11,38.0,35,0,32,3,0,0,0,0,0,0,0,0
533967_00285_11497_0,145.2,1,2022/10/18 07:45:00,52.28,10.00,26.0,26,0,26,0,0,0,0,0,0,0,0,0
533967_00285_11497_0,145.2,1,2022/10/18 08:00:00,52.14,10.03,38.0,38,0,38,0,0,0,0,0,0,0,0,0
533967_00285_11497_0,145.2,1,2022/10/18 08:15:00,51.61,10.13,57.0,54,0,51,3,0,0,0,0,0,0,0,0
533967_00285_11497_0,145.2,1,2022/10/18 08:30:00,50.98,10.25,51.0,51,0,51,0,0,0,0,0,0,0,0,0
533967_00285_11497_0,145.2,1,2022/10/18 08:45:00,52.28,10.00,34.0,30,0,26,4,0,0,0,0,0,0,0,0
533967_00285_11497_0,145.2,1,2022/10/18 09:00:00,51.97,10.06,34.0,33,0,32,0,1,0,0,0,0,0,0,0
533967_00285_11497_0,145.2,1,2022/10/18 09:15:00,52.28,10.00,22.0,22,0,22,0,0,0,0,0,0,0,0,0
533967_00285_11497_0,145.2,1,2022/10/18 09:30:00,52.28,10.00,33.0,33,0,33,0,0,0,0,0,0,0,0,0
533967_00285_11497_0,145.2,1,2022/10/18 09:45:00,52.28,10.00,28.0,28,0,28,0,0,0,0,0,0,0,0,0
533967_00285_11497_0,145.2,1,2022/10/18 10:00:00,52.01,10.05,43.0,39,0,35,4,0,0,0,0,0,0,0,0
533967_00285_11497_0,145.2,1,2022/10/18 10:15:00,51.71,10.11,27.0,27,0,27,0,0,0,0,0,0,0,0,0
533967_00285_11497_0,145.2,1,2022/10/18 10:30:00,52.28,10.00,34.0,34,0,34,0,0,0,0,0,0,0,0,0
533967_00285_11497_0,145.2,1,2022/10/18 10:45:00,52.28,10.00,18.0,18,0,18,0,0,0,0,0,0,0,0,0
533967_00285_11497_0,145.2,1,2022/10/18 11:00:00,52.28,10.00,22.0,22,0,22,0,0,0,0,0,0,0,0,0
533967_00285_11497_0,145.2,1,2022/10/18 11:15:00,52.28,10.00,23.0,23,0,23,0,0,0,0,0,0,0,0,0
533967_00285_11497_0,145.2,1,2022/10/18 11:30:00,52.11,10.03,30.0,30,0,30,0,0,0,0,0,0,0,0,0
533967_00285_11497_0,145.2,1,2022/10/18 11:45:00,51.51,10.15,25.0,20,0,15,5,0,0,0,0,0,0,0,0
533967_00285_11497_0,145.2,1,2022/10/18 12:00:00,52.28,10.00,20.0,20,0,20,0,0,0,0,0,0,0,0,0
533967_00285_11497_0,145.2,1,2022/10/18 12:15:00,52.28,10.00,21.0,21,0,21,0,0,0,0,0,0,0,0,0
533967_00285_11497_0,145.2,1,2022/10/18 12:30:00,52.28,10.00,21.0,18,0,15,3,0,0,0,0,0,0,0,0
533967_00285_11497_0,145.2,1,2022/10/18 12:45:00,52.28,10.00,14.0,14,0,14,0,0,0,0,0,0,0,0,0
533967_00285_11497_0,145.2,1,2022/10/18 13:00:00,52.28,10.00,19.0,19,0,19,0,0,0,0,0,0,0,0,0
533967_00285_11497_0,145.2,1,2022/10/18 13:15:00,52.28,10.00,10.0,10,0,10,0,0,0,0,0,0,0,0,0
533967_00285_11497_0,145.2,1,2022/10/18 13:30:00,52.28,10.00,14.0,14,0,14,0,0,0,0,0,0,0,0,0
533967_00285_11497_0,145.2,1,2022/10/18 13:45:00,52.28,10.00,15.0,15,0,15,0,0,0,0,0,0,0,0,0
533967_00285_11497_0,145.2,1,2022/10/18 14:00:00,52.28,10.00,16.0,16,0,16,0,0,0,0,0,0,0,0,0
533967_00285_11497_0,145.2,1,2022/10/18 14:15:00,52.28,10.00,24.0,22,0,20,2,0,0,0,0,0,0,0,0
533967_00285_11497_0,145.2,1,2022/10/18 14:30:00,52.08,10.04,26.0,26,0,26,0,0,0,0,0,0,0,0,0
533967_00285_11497_0,145.2,1,2022/10/18 14:45:00,52.28,10.00,16.0,15,0,14,0,1,0,0,0,0,0,0,0
533967_00285_11497_0,145.2,1,2022/10/18 15:00:00,52.01,10.05,19.0,19,0,19,0,0,0,0,0,0,0,0,0
533967_00285_11497_0,145.2,1,2022/10/18 15:15:00,52.28,10.00,11.0,11,0,11,0,0,0,0,0,0,0,0,0
533967_00285_11497_0,145.2,1,2022/10/18 15:30:00,52.28,10.00,19.0,17,0,15,0,2,0,0,0,0,0,0,0
533967_00285_11497_0,145.2,1,2022/10/18 15:45:00,52.28,10.00,16.0,16,0,16,0,0,0,0,0,0,0,0,0
533967_00285_11497_0,145.2,1,2022/10/18 16:00:00,51.92,10.07,29.0,29,0,29,0,0,0,0,0,0,0,0,0
533967_00285_11497_0,145.2,1,2022/10/18 16:15:00,52.28,10.00,22.0,22,0,22,0,0,0,0,0,0,0,0,0
533967_00285_11497_0,145.2,1,2022/10/18 16:30:00,51.98,10.06,35.0,35,0,35,0,0,0,0,0,0,0,0,0
533967_00285_11497_0,145.2,1,2022/10/18 16:45:00,52.28,10.00,21.0,21,0,21,0,0,0,0,0,0,0,0,0
533967_00285_11497_0,145.2,1,2022/10/18 17:00:00,52.01,10.05,39.0,39,0,39,0,0,0,0,0,0,0,0,0
533967_00285_11497_0,145.2,1,2022/10/18 17:15:00,52.28,10.00,25.0,25,0,25,0,0,0,0,0,0,0,0,0
533967_00285_11497_0,145.2,1,2022/10/18 17:30:00,52.28,10.00,21.0,21,0,21,0,0,0,0,0,0,0,0,0
533967_00285_11497_0,145.2,1,2022/10/18 17:45:00,52.28,10.00,21.0,21,0,21,0,0,0,0,0,0,0,0,0
533967_00285_11497_0,145.2,1,2022/10/18 18:00:00,52.28,10.00,29.0,29,0,29,0,0,0,0,0,0,0,0,0
533967_00285_11497_0,145.2,1,2022/10/18 18:15:00,52.28,10.00,14.0,14,0,14,0,0,0,0,0,0,0,0,0
533967_00285_11497_0,145.2,1,2022/10/18 18:30:00,52.28,10.00,17.0,17,0,17,0,0,0,0,0,0,0,0,0
533967_00285_11497_0,145.2,1,2022/10/18 18:45:00,52.28,10.00,20.0,20,0,20,0,0,0,0,0,0,0,0,0
533967_00285_11497_1,145.1,1,2022/10/18 06:30:00,49.57,10.54,13.0,13,0,13,0,0,0,0,0,0,0,0,0
533967_00285_11497_1,145.1,1,2022/10/18 06:45:00,49.05,10.65,20.0,20,0,20,0,0,0,0,0,0,0,0,0
533967_00285_11497_1,145.1,1,2022/10/18 07:00:00,49.19,10.62,37.0,37,0,37,0,0,0,0,0,0,0,0,0
533967_00285_11497_1,145.1,1,2022/10/18 07:15:00,49.49,10.56,27.0,27,0,27,0,0,0,0,0,0,0,0,0
533967_00285_11497_1,145.1,1,2022/10/18 07:30:00,49.20,10.62,53.0,42,0,31,11,0,0,0,0,0,0,0,0
533967_00285_11497_1,145.1,1,2022/10/18 07:45:00,49.54,10.55,58.0,55,0,52,3,0,0,0,0,0,0,0,0
533967_00285_11497_1,145.1,1,2022/10/18 08:00:00,49.92,10.47,51.0,43,0,35,8,0,0,0,0,0,0,0,0
533967_00285_11497_1,145.1,1,2022/10/18 08:15:00,49.39,10.58,53.0,52,0,51,1,0,0,0,0,0,0,0,0
533967_00285_11497_1,145.1,1,2022/10/18 08:30:00,48.12,10.86,9.0,7,0,5,2,0,0,0,0,0,0,0,0
533967_00285_11497_1,145.1,1,2022/10/18 08:45:00,-1.00,-1.00,0.0,0,0,0,0,0,0,0,0,0,0,0,0
533967_00285_11497_1,145.1,1,2022/10/18 09:00:00,48.98,10.67,3.0,3,0,3,0,0,0,0,0,0,0,0,0
533967_00285_11497_1,145.1,1,2022/10/18 09:15:00,50.72,10.30,10.0,10,0,10,0,0,0,0,0,0,0,0,0
533967_00285_11497_1,145.1,1,2022/10/18 09:30:00,49.69,10.51,42.0,39,0,36,3,0,0,0,0,0,0,0,0
533967_00285_11497_1,145.1,1,2022/10/18 09:45:00,49.75,10.50,17.0,16,0,15,1,0,0,0,0,0,0,0,0
533967_00285_11497_1,145.1,1,2022/10/18 10:00:00,49.67,10.52,30.0,29,0,28,0,1,0,0,0,0,0,0,0
533967_00285_11497_1,145.1,1,2022/10/18 10:15:00,49.57,10.54,14.0,13,0,12,0,1,0,0,0,0,0,0,0
533967_00285_11497_1,145.1,1,2022/10/18 10:30:00,-1.00,-1.00,0.0,0,0,0,0,0,0,0,0,0,0,0,0
533967_00285_11497_1,145.1,1,2022/10/18 10:45:00,50.56,10.33,9.0,9,0,9,0,0,0,0,0,0,0,0,0
533967_00285_11497_1,145.1,1,2022/10/18 11:00:00,48.60,10.75,4.0,4,0,4,0,0,0,0,0,0,0,0,0
533967_00285_11497_1,145.1,1,2022/10/18 11:15:00,49.83,10.48,60.0,60,0,60,0,0,0,0,0,0,0,0,0
533967_00285_11497_1,145.1,1,2022/10/18 11:30:00,48.98,10.67,12.0,12,0,12,0,0,0,0,0,0,0,0,0
533967_00285_11497_1,145.1,1,2022/10/18 11:45:00,47.49,11.00,6.0,6,0,6,0,0,0,0,0,0,0,0,0
533967_00285_11497_1,145.1,1,2022/10/18 12:00:00,48.37,10.80,10.0,10,0,10,0,0,0,0,0,0,0,0,0
533967_00285_11497_1,145.1,1,2022/10/18 12:15:00,52.24,10.00,4.0,2,0,0,2,0,0,0,0,0,0,0,0
533967_00285_11497_1,145.1,1,2022/10/18 12:30:00,49.52,10.55,20.0,20,0,20,0,0,0,0,0,0,0,0,0
533967_00285_11497_1,145.1,1,2022/10/18 12:45:00,49.75,10.50,18.0,18,0,18,0,0,0,0,0,0,0,0,0
533967_00285_11497_1,145.1,1,2022/10/18 13:00:00,49.36,10.58,12.0,12,0,12,0,0,0,0,0,0,0,0,0
533967_00285_11497_1,145.1,1,2022/10/18 13:15:00,50.56,10.33,3.0,3,0,3,0,0,0,0,0,0,0,0,0
533967_00285_11497_1,145.1,1,2022/10/18 13:30:00,49.46,10.56,48.0,48,0,48,0,0,0,0,0,0,0,0,0
533967_00285_11497_1,145.1,1,2022/10/18 13:45:00,49.42,10.57,28.0,28,0,28,0,0,0,0,0,0,0,0,0
533967_00285_11497_1,145.1,1,2022/10/18 14:00:00,49.52,10.55,20.0,20,0,20,0,0,0,0,0,0,0,0,0
533967_00285_11497_1,145.1,1,2022/10/18 14:15:00,47.49,11.00,1.0,1,0,1,0,0,0,0,0,0,0,0,0
533967_00285_11497_1,145.1,1,2022/10/18 14:30:00,-1.00,-1.00,0.0,0,0,0,0,0,0,0,0,0,0,0,0
533967_00285_11497_1,145.1,1,2022/10/18 14:45:00,48.98,10.67,18.0,9,0,0,9,0,0,0,0,0,0,0,0
533967_00285_11497_1,145.1,1,2022/10/18 15:00:00,49.91,10.47,17.0,15,0,13,2,0,0,0,0,0,0,0,0
533967_00285_11497_1,145.1,1,2022/10/18 15:15:00,48.60,10.75,11.0,8,0,5,3,0,0,0,0,0,0,0,0
533967_00285_11497_1,145.1,1,2022/10/18 15:30:00,47.49,11.00,8.0,4,0,0,4,0,0,0,0,0,0,0,0
533967_00285_11497_1,145.1,1,2022/10/18 15:45:00,49.42,10.57,15.0,14,0,13,1,0,0,0,0,0,0,0,0
533967_00285_11497_1,145.1,1,2022/10/18 16:00:00,49.87,10.48,30.0,21,0,12,9,0,0,0,0,0,0,0,0
533967_00285_11497_1,145.1,1,2022/10/18 16:15:00,48.86,10.69,16.0,13,0,10,3,0,0,0,0,0,0,0,0
533967_00285_11497_1,145.1,1,2022/10/18 16:30:00,49.62,10.53,17.0,17,0,17,0,0,0,0,0,0,0,0,0
533967_00285_11497_1,145.1,1,2022/10/18 16:45:00,48.37,10.80,8.0,5,0,2,0,3,0,0,0,0,0,0,0
533967_00285_11497_1,145.1,1,2022/10/18 17:00:00,49.23,10.61,19.0,18,0,17,0,1,0,0,0,0,0,0,0
533967_00285_11497_1,145.1,1,2022/10/18 17:15:00,49.97,10.45,22.0,22,0,22,0,0,0,0,0,0,0,0,0
533967_00285_11497_1,145.1,1,2022/10/18 17:30:00,49.80,10.49,51.0,51,0,51,0,0,0,0,0,0,0,0,0
533967_00285_11497_1,145.1,1,2022/10/18 17:45:00,49.75,10.50,26.0,26,0,26,0,0,0,0,0,0,0,0,0
533967_00285_11497_1,145.1,1,2022/10/18 18:00:00,50.56,10.33,18.0,18,0,18,0,0,0,0,0,0,0,0,0
533967_00285_11497_1,145.1,1,2022/10/18 18:15:00,48.98,10.67,15.0,15,0,15,0,0,0,0,0,0,0,0,0
533967_00285_11497_1,145.1,1,2022/10/18 18:30:00,48.98,10.67,30.0,30,0,30,0,0,0,0,0,0,0,0,0
533967_00285_11497_1,145.1,1,2022/10/18 18:45:00,49.88,10.47,38.0,38,0,38,0,0,0,0,0,0,0,0,0
533967_00319_00539_0,145.8,1,2022/10/18 06:30:00,35.78,14.67,67.0,60,0,53,7,0,0,0,0,0,0,0,0
533967_00319_00539_0,145.8,1,2022/10/18 06:45:00,29.62,17.71,82.0,77,0,72,5,0,0,0,0,0,0,0,0
533967_00319_00539_0,145.8,1,2022/10/18 07:00:00,27.69,18.95,67.0,58,0,49,9,0,0,0,0,0,0,0,0
533967_00319_00539_0,145.8,1,2022/10/18 07:15:00,26.94,19.48,101.0,90,0,79,11,0,0,0,0,0,0,0,0
533967_00319_00539_0,145.8,1,2022/10/18 07:30:00,24.38,21.52,85.0,75,0,65,7,3,0,0,0,0,0,0,0
533967_00319_00539_0,145.8,1,2022/10/18 07:45:00,6.30,83.33,87.0,80,0,73,7,0,0,0,0,0,0,0,0
533967_00319_00539_0,145.8,1,2022/10/18 08:00:00,7.69,68.22,157.0,154,0,151,3,0,0,0,0,0,0,0,0
533967_00319_00539_0,145.8,1,2022/10/18 08:15:00,11.22,46.77,99.0,87,0,75,12,0,0,0,0,0,0,0,0
533967_00319_00539_0,145.8,1,2022/10/18 08:30:00,6.14,85.49,130.0,110,0,90,20,0,0,0,0,0,0,0,0
533967_00319_00539_0,145.8,1,2022/10/18 08:45:00,18.08,29.02,159.0,143,0,127,16,0,0,0,0,0,0,0,0
533967_00319_00539_0,145.8,1,2022/10/18 09:00:00,27.21,19.29,113.0,98,0,83,15,0,0,0,0,0,0,0,0
533967_00319_00539_0,145.8,1,2022/10/18 09:15:00,6.46,81.29,96.0,82,0,68,14,0,0,0,0,0,0,0,0
533967_00319_00539_0,145.8,1,2022/10/18 09:30:00,7.97,65.88,165.0,137,0,109,28,0,0,0,0,0,0,0,0
533967_00319_00539_0,145.8,1,2022/10/18 09:45:00,29.28,17.92,117.0,106,0,95,11,0,0,0,0,0,0,0,0
533967_00319_00539_0,145.8,1,2022/10/18 10:00:00,23.96,21.90,119.0,99,0,79,20,0,0,0,0,0,0,0,0
533967_00319_00539_0,145.8,1,2022/10/18 10:15:00,20.29,25.87,109.0,89,0,69,20,0,0,0,0,0,0,0,0
533967_00319_00539_0,145.8,1,2022/10/18 10:30:00,24.26,21.63,113.0,87,0,61,26,0,0,0,0,0,0,0,0
533967_00319_00539_0,145.8,1,2022/10/18 10:45:00,25.63,20.48,118.0,101,0,84,17,0,0,0,0,0,0,0,0
533967_00319_00539_0,145.8,1,2022/10/18 11:00:00,30.72,17.08,101.0,87,0,73,14,0,0,0,0,0,0,0,0
533967_00319_00539_0,145.8,1,2022/10/18 11:15:00,31.70,16.55,89.0,67,0,45,22,0,0,0,0,0,0,0,0
533967_00319_00539_0,145.8,1,2022/10/18 11:30:00,25.08,20.92,109.0,89,0,69,20,0,0,0,0,0,0,0,0
533967_00319_00539_0,145.8,1,2022/10/18 11:45:00,29.12,18.02,115.0,101,0,87,13,1,0,0,0,0,0,0,0
533967_00319_00539_0,145.8,1,2022/10/18 12:00:00,27.32,19.21,81.0,72,0,63,9,0,0,0,0,0,0,0,0
533967_00319_00539_0,145.8,1,2022/10/18 12:15:00,28.94,18.13,88.0,75,0,62,11,2,0,0,0,0,0,0,0
533967_00319_00539_0,145.8,1,2022/10/18 12:30:00,29.80,17.61,92.0,82,0,72,10,0,0,0,0,0,0,0,0
533967_00319_00539_0,145.8,1,2022/10/18 12:45:00,28.69,18.29,94.0,83,0,72,11,0,0,0,0,0,0,0,0
533967_00319_00539_0,145.8,1,2022/10/18 13:00:00,25.72,20.40,123.0,105,0,87,18,0,0,0,0,0,0,0,0
533967_00319_00539_0,145.8,1,2022/10/18 13:15:00,26.48,19.82,90.0,78,0,66,12,0,0,0,0,0,0,0,0
533967_00319_00539_0,145.8,1,2022/10/18 13:30:00,25.61,20.49,85.0,74,0,63,11,0,0,0,0,0,0,0,0
533967_00319_00539_0,145.8,1,2022/10/18 13:45:00,26.29,19.96,89.0,77,0,65,9,3,0,0,0,0,0,0,0
533967_00319_00539_0,145.8,1,2022/10/18 14:00:00,26.36,19.90,102.0,84,0,66,18,0,0,0,0,0,0,0,0
533967_00319_00539_0,145.8,1,2022/10/18 14:15:00,27.06,19.39,97.0,84,0,71,13,0,0,0,0,0,0,0,0
533967_00319_00539_0,145.8,1,2022/10/18 14:30:00,36.56,14.35,108.0,91,0,74,17,0,0,0,0,0,0,0,0
533967_00319_00539_0,145.8,1,2022/10/18 14:45:00,23.17,22.64,102.0,87,0,72,15,0,0,0,0,0,0,0,0
533967_00319_00539_0,145.8,1,2022/10/18 15:00:00,30.89,16.99,96.0,81,0,66,15,0,0,0,0,0,0,0,0
533967_00319_00539_0,145.8,1,2022/10/18 15:15:00,28.23,18.59,138.0,127,0,116,11,0,0,0,0,0,0,0,0
533967_00319_00539_0,145.8,1,2022/10/18 15:30:00,31.93,16.43,99.0,81,0,63,16,2,0,0,0,0,0,0,0
533967_00319_00539_0,145.8,1,2022/10/18 15:45:00,29.91,17.55,102.0,86,0,70,15,1,0,0,0,0,0,0,0
533967_00319_00539_0,145.8,1,2022/10/18 16:00:00,30.09,17.44,90.0,68,0,46,22,0,0,0,0,0,0,0,0
533967_00319_00539_0,145.8,1,2022/10/18 16:15:00,24.01,21.86,107.0,97,0,87,10,0,0,0,0,0,0,0,0
533967_00319_00539_0,145.8,1,2022/10/18 16:30:00,25.74,20.39,68.0,64,0,60,3,1,0,0,0,0,0,0,0
533967_00319_00539_0,145.8,1,2022/10/18 16:45:00,33.18,15.81,106.0,97,0,88,9,0,0,0,0,0,0,0,0
533967_00319_00539_0,145.8,1,2022/10/18 17:00:00,28.00,18.74,99.0,84,0,69,15,0,0,0,0,0,0,0,0
533967_00319_00539_0,145.8,1,2022/10/18 17:15:00,25.99,20.19,110.0,104,0,98,5,1,0,0,0,0,0,0,0
533967_00319_00539_0,145.8,1,2022/10/18 17:30:00,30.24,17.35,105.0,96,0,87,9,0,0,0,0,0,0,0,0
533967_00319_00539_0,145.8,1,2022/10/18 17:45:00,11.05,47.47,103.0,98,0,93,4,1,0,0,0,0,0,0,0
533967_00319_00539_0,145.8,1,2022/10/18 18:00:00,14.03,37.40,103.0,99,0,95,4,0,0,0,0,0,0,0,0
533967_00319_00539_0,145.8,1,2022/10/18 18:15:00,11.88,44.16,128.0,122,0,116,6,0,0,0,0,0,0,0,0
533967_00319_00539_0,145.8,1,2022/10/18 18:30:00,30.15,17.41,114.0,108,0,102,6,0,0,0,0,0,0,0,0
533967_00319_00539_0,145.8,1,2022/10/18 18:45:00,28.30,18.54,105.0,96,0,87,6,3,0,0,0,0,0,0,0
533967_00319_00539_1,145.6,1,2022/10/18 06:30:00,26.16,20.04,104.0,96,0,88,8,0,0,0,0,0,0,0,0
533967_00319_00539_1,145.6,1,2022/10/18 06:45:00,27.50,19.06,144.0,137,0,130,7,0,0,0,0,0,0,0,0
533967_00319_00539_1,145.6,1,2022/10/18 07:00:00,27.67,18.94,144.0,136,0,128,8,0,0,0,0,0,0,0,0
533967_00319_00539_1,145.6,1,2022/10/18 07:15:00,29.30,17.89,126.0,112,0,98,14,0,0,0,0,0,0,0,0
533967_00319_00539_1,145.6,1,2022/10/18 07:30:00,25.05,20.93,110.0,96,0,82,14,0,0,0,0,0,0,0,0
533967_00319_00539_1,145.6,1,2022/10/18 07:45:00,27.69,18.93,35.0,30,0,25,5,0,0,0,0,0,0,0,0
533967_00319_00539_1,145.6,1,2022/10/18 08:00:00,28.33,18.51,101.0,87,0,73,14,0,0,0,0,0,0,0,0
533967_00319_00539_1,145.6,1,2022/10/18 08:15:00,25.83,20.29,101.0,89,0,77,8,4,0,0,0,0,0,0,0
533967_00319_00539_1,145.6,1,2022/10/18 08:30:00,24.71,21.21,84.0,81,0,78,2,1,0,0,0,0,0,0,0
533967_00319_00539_1,145.6,1,2022/10/18 08:45:00,29.05,18.04,77.0,67,0,57,10,0,0,0,0,0,0,0,0
533967_00319_00539_1,145.6,1,2022/10/18 09:00:00,25.13,20.86,99.0,77,0,55,22,0,0,0,0,0,0,0,0
533967_00319_00539_1,145.6,1,2022/10/18 09:15:00,27.09,19.35,62.0,43,0,24,19,0,0,0,0,0,0,0,0
533967_00319_00539_1,145.6,1,2022/10/18 09:30:00,27.75,18.89,99.0,74,0,49,25,0,0,0,0,0,0,0,0
533967_00319_00539_1,145.6,1,2022/10/18 09:45:00,27.11,19.34,95.0,74,0,53,21,0,0,0,0,0,0,0,0
533967_00319_00539_1,145.6,1,2022/10/18 10:00:00,26.44,19.82,93.0,68,0,43,25,0,0,0,0,0,0,0,0
533967_00319_00539_1,145.6,1,2022/10/18 10:15:00,23.60,22.21,69.0,52,0,35,17,0,0,0,0,0,0,0,0
533967_00319_00539_1,145.6,1,2022/10/18 10:30:00,23.79,22.04,104.0,84,0,64,20,0,0,0,0,0,0,0,0
533967_00319_00539_1,145.6,1,2022/10/18 10:45:00,24.02,21.82,111.0,96,0,81,15,0,0,0,0,0,0,0,0
533967_00319_00539_1,145.6,1,2022/10/18 11:00:00,20.05,26.15,91.0,80,0,69,11,0,0,0,0,0,0,0,0
533967_00319_00539_1,145.6,1,2022/10/18 11:15:00,24.37,21.51,107.0,89,0,71,18,0,0,0,0,0,0,0,0
533967_00319_00539_1,145.6,1,2022/10/18 11:30:00,24.35,21.53,93.0,79,0,65,14,0,0,0,0,0,0,0,0
533967_00319_00539_1,145.6,1,2022/10/18 11:45:00,25.97,20.18,114.0,99,0,84,15,0,0,0,0,0,0,0,0
533967_00319_00539_1,145.6,1,2022/10/18 12:00:00,24.10,21.75,82.0,76,0,70,6,0,0,0,0,0,0,0,0
533967_00319_00539_1,145.6,1,2022/10/18 12:15:00,24.66,21.25,63.0,59,0,55,4,0,0,0,0,0,0,0,0
533967_00319_00539_1,145.6,1,2022/10/18 12:30:00,23.89,21.94,102.0,86,0,70,16,0,0,0,0,0,0,0,0
533967_00319_00539_1,145.6,1,2022/10/18 12:45:00,19.03,27.54,96.0,83,0,70,13,0,0,0,0,0,0,0,0
533967_00319_00539_1,145.6,1,2022/10/18 13:00:00,20.92,25.06,95.0,81,0,67,14,0,0,0,0,0,0,0,0
533967_00319_00539_1,145.6,1,2022/10/18 13:15:00,25.36,20.67,67.0,57,0,47,10,0,0,0,0,0,0,0,0
533967_00319_00539_1,145.6,1,2022/10/18 13:30:00,23.10,22.70,113.0,92,0,71,21,0,0,0,0,0,0,0,0
533967_00319_00539_1,145.6,1,2022/10/18 13:45:00,21.55,24.32,103.0,87,0,71,16,0,0,0,0,0,0,0,0
533967_00319_00539_1,145.6,1,2022/10/18 14:00:00,21.94,23.89,92.0,83,0,74,9,0,0,0,0,0,0,0,0
533967_00319_00539_1,145.6,1,2022/10/18 14:15:00,21.63,24.23,110.0,99,0,88,11,0,0,0,0,0,0,0,0
533967_00319_00539_1,145.6,1,2022/10/18 14:30:00,22.78,23.01,84.0,68,0,52,16,0,0,0,0,0,0,0,0
533967_00319_00539_1,145.6,1,2022/10/18 14:45:00,26.55,19.74,61.0,54,0,47,7,0,0,0,0,0,0,0,0
533967_00319_00539_1,145.6,1,2022/10/18 15:00:00,24.30,21.57,98.0,81,0,64,17,0,0,0,0,0,0,0,0
533967_00319_00539_1,145.6,1,2022/10/18 15:15:00,21.69,24.17,109.0,96,0,83,13,0,0,0,0,0,0,0,0
533967_00319_00539_1,145.6,1,2022/10/18 15:30:00,23.93,21.90,65.0,52,0,39,13,0,0,0,0,0,0,0,0
533967_00319_00539_1,145.6,1,2022/10/18 15:45:00,21.15,24.78,89.0,74,0,59,15,0,0,0,0,0,0,0,0
533967_00319_00539_1,145.6,1,2022/10/18 16:00:00,22.52,23.28,70.0,54,0,38,14,2,0,0,0,0,0,0,0
533967_00319_00539_1,145.6,1,2022/10/18 16:15:00,21.94,23.89,108.0,99,0,90,7,2,0,0,0,0,0,0,0
533967_00319_00539_1,145.6,1,2022/10/18 16:30:00,23.43,22.38,63.0,56,0,49,7,0,0,0,0,0,0,0,0
533967_00319_00539_1,145.6,1,2022/10/18 16:45:00,20.41,25.69,98.0,83,0,68,15,0,0,0,0,0,0,0,0
533967_00319_00539_1,145.6,1,2022/10/18 17:00:00,19.93,26.30,76.0,70,0,64,6,0,0,0,0,0,0,0,0
533967_00319_00539_1,145.6,1,2022/10/18 17:15:00,23.46,22.34,79.0,76,0,73,3,0,0,0,0,0,0,0,0
533967_00319_00539_1,145.6,1,2022/10/18 17:30:00,27.43,19.11,87.0,80,0,73,7,0,0,0,0,0,0,0,0
533967_00319_00539_1,145.6,1,2022/10/18 17:45:00,27.64,18.97,96.0,92,0,88,4,0,0,0,0,0,0,0,0
533967_00319_00539_1,145.6,1,2022/10/18 18:00:00,27.71,18.91,40.0,35,0,30,5,0,0,0,0,0,0,0,0
533967_00319_00539_1,145.6,1,2022/10/18 18:15:00,22.26,23.55,42.0,38,0,34,4,0,0,0,0,0,0,0,0
533967_00319_00539_1,145.6,1,2022/10/18 18:30:00,25.46,20.59,36.0,34,0,32,2,0,0,0,0,0,0,0,0
533967_00319_00539_1,145.6,1,2022/10/18 18:45:00,28.19,18.59,39.0,37,0,35,2,0,0,0,0,0,0,0,0
533967_00319_01435_0,261.1,1,2022/10/18 06:30:00,-1.00,-1.00,0.0,0,0,0,0,0,0,0,0,0,0,0,0
533967_00319_01435_0,261.1,1,2022/10/18 06:45:00,-1.00,-1.00,0.0,0,0,0,0,0,0,0,0,0,0,0,0
533967_00319_01435_0,261.1,1,2022/10/18 07:00:00,-1.00,-1.00,0.0,0,0,0,0,0,0,0,0,0,0,0,0
533967_00319_01435_0,261.1,1,2022/10/18 07:15:00,-1.00,-1.00,0.0,0,0,0,0,0,0,0,0,0,0,0,0
533967_00319_01435_0,261.1,1,2022/10/18 07:30:00,-1.00,-1.00,0.0,0,0,0,0,0,0,0,0,0,0,0,0
533967_00319_01435_0,261.1,1,2022/10/18 07:45:00,-1.00,-1.00,0.0,0,0,0,0,0,0,0,0,0,0,0,0
533967_00319_01435_0,261.1,1,2022/10/18 08:00:00,-1.00,-1.00,0.0,0,0,0,0,0,0,0,0,0,0,0,0
533967_00319_01435_0,261.1,1,2022/10/18 08:15:00,-1.00,-1.00,0.0,0,0,0,0,0,0,0,0,0,0,0,0
533967_00319_01435_0,261.1,1,2022/10/18 08:30:00,-1.00,-1.00,0.0,0,0,0,0,0,0,0,0,0,0,0,0
533967_00319_01435_0,261.1,1,2022/10/18 08:45:00,-1.00,-1.00,0.0,0,0,0,0,0,0,0,0,0,0,0,0
533967_00319_01435_0,261.1,1,2022/10/18 09:00:00,-1.00,-1.00,0.0,0,0,0,0,0,0,0,0,0,0,0,0
533967_00319_01435_0,261.1,1,2022/10/18 09:15:00,-1.00,-1.00,0.0,0,0,0,0,0,0,0,0,0,0,0,0
533967_00319_01435_0,261.1,1,2022/10/18 09:30:00,-1.00,-1.00,0.0,0,0,0,0,0,0,0,0,0,0,0,0
533967_00319_01435_0,261.1,1,2022/10/18 09:45:00,-1.00,-1.00,0.0,0,0,0,0,0,0,0,0,0,0,0,0
533967_00319_01435_0,261.1,1,2022/10/18 10:00:00,-1.00,-1.00,0.0,0,0,0,0,0,0,0,0,0,0,0,0
533967_00319_01435_0,261.1,1,2022/10/18 10:15:00,-1.00,-1.00,0.0,0,0,0,0,0,0,0,0,0,0,0,0
533967_00319_01435_0,261.1,1,2022/10/18 10:30:00,-1.00,-1.00,0.0,0,0,0,0,0,0,0,0,0,0,0,0
533967_00319_01435_0,261.1,1,2022/10/18 10:45:00,-1.00,-1.00,0.0,0,0,0,0,0,0,0,0,0,0,0,0
533967_00319_01435_0,261.1,1,2022/10/18 11:00:00,-1.00,-1.00,0.0,0,0,0,0,0,0,0,0,0,0,0,0
533967_00319_01435_0,261.1,1,2022/10/18 11:15:00,-1.00,-1.00,0.0,0,0,0,0,0,0,0,0,0,0,0,0
533967_00319_01435_0,261.1,1,2022/10/18 11:30:00,-1.00,-1.00,0.0,0,0,0,0,0,0,0,0,0,0,0,0
533967_00319_01435_0,261.1,1,2022/10/18 11:45:00,-1.00,-1.00,0.0,0,0,0,0,0,0,0,0,0,0,0,0
533967_00319_01435_0,261.1,1,2022/10/18 12:00:00,-1.00,-1.00,0.0,0,0,0,0,0,0,0,0,0,0,0,0
533967_00319_01435_0,261.1,1,2022/10/18 12:15:00,-1.00,-1.00,0.0,0,0,0,0,0,0,0,0,0,0,0,0
533967_00319_01435_0,261.1,1,2022/10/18 12:30:00,-1.00,-1.00,0.0,0,0,0,0,0,0,0,0,0,0,0,0
533967_00319_01435_0,261.1,1,2022/10/18 12:45:00,-1.00,-1.00,0.0,0,0,0,0,0,0,0,0,0,0,0,0
533967_00319_01435_0,261.1,1,2022/10/18 13:00:00,-1.00,-1.00,0.0,0,0,0,0,0,0,0,0,0,0,0,0
533967_00319_01435_0,261.1,1,2022/10/18 13:15:00,-1.00,-1.00,0.0,0,0,0,0,0,0,0,0,0,0,0,0
533967_00319_01435_0,261.1,1,2022/10/18 13:30:00,-1.00,-1.00,0.0,0,0,0,0,0,0,0,0,0,0,0,0
533967_00319_01435_0,261.1,1,2022/10/18 13:45:00,-1.00,-1.00,0.0,0,0,0,0,0,0,0,0,0,0,0,0
533967_00319_01435_0,261.1,1,2022/10/18 14:00:00,-1.00,-1.00,0.0,0,0,0,0,0,0,0,0,0,0,0,0
533967_00319_01435_0,261.1,1,2022/10/18 14:15:00,-1.00,-1.00,0.0,0,0,0,0,0,0,0,0,0,0,0,0
533967_00319_01435_0,261.1,1,2022/10/18 14:30:00,-1.00,-1.00,0.0,0,0,0,0,0,0,0,0,0,0,0,0
533967_00319_01435_0,261.1,1,2022/10/18 14:45:00,-1.00,-1.00,0.0,0,0,0,0,0,0,0,0,0,0,0,0
533967_00319_01435_0,261.1,1,2022/10/18 15:00:00,-1.00,-1.00,0.0,0,0,0,0,0,0,0,0,0,0,0,0
533967_00319_01435_0,261.1,1,2022/10/18 15:15:00,-1.00,-1.00,0.0,0,0,0,0,0,0,0,0,0,0,0,0
533967_00319_01435_0,261.1,1,2022/10/18 15:30:00,-1.00,-1.00,0.0,0,0,0,0,0,0,0,0,0,0,0,0
533967_00319_01435_0,261.1,1,2022/10/18 15:45:00,-1.00,-1.00,0.0,0,0,0,0,0,0,0,0,0,0,0,0
533967_00319_01435_0,261.1,1,2022/10/18 16:00:00,-1.00,-1.00,0.0,0,0,0,0,0,0,0,0,0,0,0,0
533967_00319_01435_0,261.1,1,2022/10/18 16:15:00,-1.00,-1.00,0.0,0,0,0,0,0,0,0,0,0,0,0,0
533967_00319_01435_0,261.1,1,2022/10/18 16:30:00,-1.00,-1.00,0.0,0,0,0,0,0,0,0,0,0,0,0,0
533967_00319_01435_0,261.1,1,2022/10/18 16:45:00,-1.00,-1.00,0.0,0,0,0,0,0,0,0,0,0,0,0,0
533967_00319_01435_0,261.1,1,2022/10/18 17:00:00,-1.00,-1.00,0.0,0,0,0,0,0,0,0,0,0,0,0,0
533967_00319_01435_0,261.1,1,2022/10/18 17:15:00,-1.00,-1.00,0.0,0,0,0,0,0,0,0,0,0,0,0,0
533967_00319_01435_0,261.1,1,2022/10/18 17:30:00,-1.00,-1.00,0.0,0,0,0,0,0,0,0,0,0,0,0,0
533967_00319_01435_0,261.1,1,2022/10/18 17:45:00,-1.00,-1.00,0.0,0,0,0,0,0,0,0,0,0,0,0,0
533967_00319_01435_0,261.1,1,2022/10/18 18:00:00,-1.00,-1.00,0.0,0,0,0,0,0,0,0,0,0,0,0,0
533967_00319_01435_0,261.1,1,2022/10/18 18:15:00,-1.00,-1.00,0.0,0,0,0,0,0,0,0,0,0,0,0,0
533967_00319_01435_0,261.1,1,2022/10/18 18:30:00,-1.00,-1.00,0.0,0,0,0,0,0,0,0,0,0,0,0,0
533967_00319_01435_0,261.1,1,2022/10/18 18:45:00,-1.00,-1.00,0.0,0,0,0,0,0,0,0,0,0,0,0,0
533967_00319_01435_1,281.8,1,2022/10/18 06:30:00,-1.00,-1.00,0.0,0,0,0,0,0,0,0,0,0,0,0,0
533967_00319_01435_1,281.8,1,2022/10/18 06:45:00,-1.00,-1.00,0.0,0,0,0,0,0,0,0,0,0,0,0,0
533967_00319_01435_1,281.8,1,2022/10/18 07:00:00,-1.00,-1.00,0.0,0,0,0,0,0,0,0,0,0,0,0,0
533967_00319_01435_1,281.8,1,2022/10/18 07:15:00,-1.00,-1.00,0.0,0,0,0,0,0,0,0,0,0,0,0,0
533967_00319_01435_1,281.8,1,2022/10/18 07:30:00,-1.00,-1.00,0.0,0,0,0,0,0,0,0,0,0,0,0,0
533967_00319_01435_1,281.8,1,2022/10/18 07:45:00,-1.00,-1.00,0.0,0,0,0,0,0,0,0,0,0,0,0,0
533967_00319_01435_1,281.8,1,2022/10/18 08:00:00,-1.00,-1.00,0.0,0,0,0,0,0,0,0,0,0,0,0,0
533967_00319_01435_1,281.8,1,2022/10/18 08:15:00,-1.00,-1.00,0.0,0,0,0,0,0,0,0,0,0,0,0,0
533967_00319_01435_1,281.8,1,2022/10/18 08:30:00,-1.00,-1.00,0.0,0,0,0,0,0,0,0,0,0,0,0,0
533967_00319_01435_1,281.8,1,2022/10/18 08:45:00,-1.00,-1.00,0.0,0,0,0,0,0,0,0,0,0,0,0,0
533967_00319_01435_1,281.8,1,2022/10/18 09:00:00,-1.00,-1.00,0.0,0,0,0,0,0,0,0,0,0,0,0,0
533967_00319_01435_1,281.8,1,2022/10/18 09:15:00,-1.00,-1.00,0.0,0,0,0,0,0,0,0,0,0,0,0,0
533967_00319_01435_1,281.8,1,2022/10/18 09:30:00,-1.00,-1.00,0.0,0,0,0,0,0,0,0,0,0,0,0,0
533967_00319_01435_1,281.8,1,2022/10/18 09:45:00,-1.00,-1.00,0.0,0,0,0,0,0,0,0,0,0,0,0,0
533967_00319_01435_1,281.8,1,2022/10/18 10:00:00,-1.00,-1.00,0.0,0,0,0,0,0,0,0,0,0,0,0,0
533967_00319_01435_1,281.8,1,2022/10/18 10:15:00,-1.00,-1.00,0.0,0,0,0,0,0,0,0,0,0,0,0,0
533967_00319_01435_1,281.8,1,2022/10/18 10:30:00,-1.00,-1.00,0.0,0,0,0,0,0,0,0,0,0,0,0,0
533967_00319_01435_1,281.8,1,2022/10/18 10:45:00,-1.00,-1.00,0.0,0,0,0,0,0,0,0,0,0,0,0,0
533967_00319_01435_1,281.8,1,2022/10/18 11:00:00,-1.00,-1.00,0.0,0,0,0,0,0,0,0,0,0,0,0,0
533967_00319_01435_1,281.8,1,2022/10/18 11:15:00,-1.00,-1.00,0.0,0,0,0,0,0,0,0,0,0,0,0,0
533967_00319_01435_1,281.8,1,2022/10/18 11:30:00,-1.00,-1.00,0.0,0,0,0,0,0,0,0,0,0,0,0,0
533967_00319_01435_1,281.8,1,2022/10/18 11:45:00,-1.00,-1.00,0.0,0,0,0,0,0,0,0,0,0,0,0,0
533967_00319_01435_1,281.8,1,2022/10/18 12:00:00,-1.00,-1.00,0.0,0,0,0,0,0,0,0,0,0,0,0,0
533967_00319_01435_1,281.8,1,2022/10/18 12:15:00,-1.00,-1.00,0.0,0,0,0,0,0,0,0,0,0,0,0,0
533967_00319_01435_1,281.8,1,2022/10/18 12:30:00,-1.00,-1.00,0.0,0,0,0,0,0,0,0,0,0,0,0,0
533967_00319_01435_1,281.8,1,2022/10/18 12:45:00,-1.00,-1.00,0.0,0,0,0,0,0,0,0,0,0,0,0,0
533967_00319_01435_1,281.8,1,2022/10/18 13:00:00,-1.00,-1.00,0.0,0,0,0,0,0,0,0,0,0,0,0,0
533967_00319_01435_1,281.8,1,2022/10/18 13:15:00,-1.00,-1.00,0.0,0,0,0,0,0,0,0,0,0,0,0,0
533967_00319_01435_1,281.8,1,2022/10/18 13:30:00,-1.00,-1.00,0.0,0,0,0,0,0,0,0,0,0,0,0,0
533967_00319_01435_1,281.8,1,2022/10/18 13:45:00,-1.00,-1.00,0.0,0,0,0,0,0,0,0,0,0,0,0,0
533967_00319_01435_1,281.8,1,2022/10/18 14:00:00,-1.00,-1.00,0.0,0,0,0,0,0,0,0,0,0,0,0,0
533967_00319_01435_1,281.8,1,2022/10/18 14:15:00,-1.00,-1.00,0.0,0,0,0,0,0,0,0,0,0,0,0,0
533967_00319_01435_1,281.8,1,2022/10/18 14:30:00,-1.00,-1.00,0.0,0,0,0,0,0,0,0,0,0,0,0,0
533967_00319_01435_1,281.8,1,2022/10/18 14:45:00,-1.00,-1.00,0.0,0,0,0,0,0,0,0,0,0,0,0,0
533967_00319_01435_1,281.8,1,2022/10/18 15:00:00,-1.00,-1.00,0.0,0,0,0,0,0,0,0,0,0,0,0,0
533967_00319_01435_1,281.8,1,2022/10/18 15:15:00,-1.00,-1.00,0.0,0,0,0,0,0,0,0,0,0,0,0,0
533967_00319_01435_1,281.8,1,2022/10/18 15:30:00,-1.00,-1.00,0.0,0,0,0,0,0,0,0,0,0,0,0,0
533967_00319_01435_1,281.8,1,2022/10/18 15:45:00,-1.00,-1.00,0.0,0,0,0,0,0,0,0,0,0,0,0,0
533967_00319_01435_1,281.8,1,2022/10/18 16:00:00,-1.00,-1.00,0.0,0,0,0,0,0,0,0,0,0,0,0,0
533967_00319_01435_1,281.8,1,2022/10/18 16:15:00,-1.00,-1.00,0.0,0,0,0,0,0,0,0,0,0,0,0,0
533967_00319_01435_1,281.8,1,2022/10/18 16:30:00,-1.00,-1.00,0.0,0,0,0,0,0,0,0,0,0,0,0,0
533967_00319_01435_1,281.8,1,2022/10/18 16:45:00,-1.00,-1.00,0.0,0,0,0,0,0,0,0,0,0,0,0,0
533967_00319_01435_1,281.8,1,2022/10/18 17:00:00,-1.00,-1.00,0.0,0,0,0,0,0,0,0,0,0,0,0,0
533967_00319_01435_1,281.8,1,2022/10/18 17:15:00,-1.00,-1.00,0.0,0,0,0,0,0,0,0,0,0,0,0,0
533967_00319_01435_1,281.8,1,2022/10/18 17:30:00,-1.00,-1.00,0.0,0,0,0,0,0,0,0,0,0,0,0,0
533967_00319_01435_1,281.8,1,2022/10/18 17:45:00,-1.00,-1.00,0.0,0,0,0,0,0,0,0,0,0,0,0,0
533967_00319_01435_1,281.8,1,2022/10/18 18:00:00,-1.00,-1.00,0.0,0,0,0,0,0,0,0,0,0,0,0,0
533967_00319_01435_1,281.8,1,2022/10/18 18:15:00,-1.00,-1.00,0.0,0,0,0,0,0,0,0,0,0,0,0,0
533967_00319_01435_1,281.8,1,2022/10/18 18:30:00,-1.00,-1.00,0.0,0,0,0,0,0,0,0,0,0,0,0,0
533967_00319_01435_1,281.8,1,2022/10/18 18:45:00,-1.00,-1.00,0.0,0,0,0,0,0,0,0,0,0,0,0,0
533967_00319_11518_0,242.2,1,2022/10/18 06:30:00,30.01,29.05,104.0,96,0,88,8,0,0,0,0,0,0,0,0
533967_00319_11518_0,242.2,1,2022/10/18 06:45:00,29.97,29.09,144.0,137,0,130,7,0,0,0,0,0,0,0,0
533967_00319_11518_0,242.2,1,2022/10/18 07:00:00,30.01,29.05,144.0,136,0,128,8,0,0,0,0,0,0,0,0
533967_00319_11518_0,242.2,1,2022/10/18 07:15:00,30.02,29.04,126.0,112,0,98,14,0,0,0,0,0,0,0,0
533967_00319_11518_0,242.2,1,2022/10/18 07:30:00,29.95,29.11,110.0,96,0,82,14,0,0,0,0,0,0,0,0
533967_00319_11518_0,242.2,1,2022/10/18 07:45:00,30.03,29.03,35.0,30,0,25,5,0,0,0,0,0,0,0,0
533967_00319_11518_0,242.2,1,2022/10/18 08:00:00,29.99,29.07,101.0,87,0,73,14,0,0,0,0,0,0,0,0
533967_00319_11518_0,242.2,1,2022/10/18 08:15:00,29.95,29.11,101.0,89,0,77,8,4,0,0,0,0,0,0,0
533967_00319_11518_0,242.2,1,2022/10/18 08:30:00,29.96,29.10,84.0,81,0,78,2,1,0,0,0,0,0,0,0
533967_00319_11518_0,242.2,1,2022/10/18 08:45:00,30.00,29.06,77.0,67,0,57,10,0,0,0,0,0,0,0,0
533967_00319_11518_0,242.2,1,2022/10/18 09:00:00,29.92,29.14,99.0,77,0,55,22,0,0,0,0,0,0,0,0
533967_00319_11518_0,242.2,1,2022/10/18 09:15:00,29.87,29.19,62.0,43,0,24,19,0,0,0,0,0,0,0,0
533967_00319_11518_0,242.2,1,2022/10/18 09:30:00,29.92,29.14,99.0,74,0,49,25,0,0,0,0,0,0,0,0
533967_00319_11518_0,242.2,1,2022/10/18 09:45:00,29.98,29.08,95.0,74,0,53,21,0,0,0,0,0,0,0,0
533967_00319_11518_0,242.2,1,2022/10/18 10:00:00,29.99,29.07,93.0,68,0,43,25,0,0,0,0,0,0,0,0
533967_00319_11518_0,242.2,1,2022/10/18 10:15:00,29.87,29.19,69.0,52,0,35,17,0,0,0,0,0,0,0,0
533967_00319_11518_0,242.2,1,2022/10/18 10:30:00,29.97,29.10,104.0,84,0,64,20,0,0,0,0,0,0,0,0
533967_00319_11518_0,242.2,1,2022/10/18 10:45:00,29.96,29.10,111.0,96,0,81,15,0,0,0,0,0,0,0,0
533967_00319_11518_0,242.2,1,2022/10/18 11:00:00,29.87,29.19,91.0,80,0,69,11,0,0,0,0,0,0,0,0
533967_00319_11518_0,242.2,1,2022/10/18 11:15:00,29.94,29.12,107.0,89,0,71,18,0,0,0,0,0,0,0,0
533967_00319_11518_0,242.2,1,2022/10/18 11:30:00,29.93,29.13,93.0,79,0,65,14,0,0,0,0,0,0,0,0
533967_00319_11518_0,242.2,1,2022/10/18 11:45:00,29.96,29.10,114.0,99,0,84,15,0,0,0,0,0,0,0,0
533967_00319_11518_0,242.2,1,2022/10/18 12:00:00,29.96,29.11,82.0,76,0,70,6,0,0,0,0,0,0,0,0
533967_00319_11518_0,242.2,1,2022/10/18 12:15:00,29.91,29.15,63.0,59,0,55,4,0,0,0,0,0,0,0,0
533967_00319_11518_0,242.2,1,2022/10/18 12:30:00,29.92,29.14,102.0,86,0,70,16,0,0,0,0,0,0,0,0
533967_00319_11518_0,242.2,1,2022/10/18 12:45:00,29.94,29.12,96.0,83,0,70,13,0,0,0,0,0,0,0,0
533967_00319_11518_0,242.2,1,2022/10/18 13:00:00,29.91,29.15,95.0,81,0,67,14,0,0,0,0,0,0,0,0
533967_00319_11518_0,242.2,1,2022/10/18 13:15:00,30.03,29.04,67.0,57,0,47,10,0,0,0,0,0,0,0,0
533967_00319_11518_0,242.2,1,2022/10/18 13:30:00,29.91,29.15,113.0,92,0,71,21,0,0,0,0,0,0,0,0
533967_00319_11518_0,242.2,1,2022/10/18 13:45:00,29.91,29.15,103.0,87,0,71,16,0,0,0,0,0,0,0,0
533967_00319_11518_0,242.2,1,2022/10/18 14:00:00,29.90,29.16,92.0,83,0,74,9,0,0,0,0,0,0,0,0
533967_00319_11518_0,242.2,1,2022/10/18 14:15:00,29.93,29.13,110.0,99,0,88,11,0,0,0,0,0,0,0,0
533967_00319_11518_0,242.2,1,2022/10/18 14:30:00,29.91,29.15,84.0,68,0,52,16,0,0,0,0,0,0,0,0
533967_00319_11518_0,242.2,1,2022/10/18 14:45:00,29.91,29.15,61.0,54,0,47,7,0,0,0,0,0,0,0,0
533967_00319_11518_0,242.2,1,2022/10/18 15:00:00,29.92,29.14,98.0,81,0,64,17,0,0,0,0,0,0,0,0
533967_00319_11518_0,242.2,1,2022/10/18 15:15:00,29.92,29.14,109.0,96,0,83,13,0,0,0,0,0,0,0,0
533967_00319_11518_0,242.2,1,2022/10/18 15:30:00,29.89,29.17,65.0,52,0,39,13,0,0,0,0,0,0,0,0
533967_00319_11518_0,242.2,1,2022/10/18 15:45:00,29.91,29.15,89.0,74,0,59,15,0,0,0,0,0,0,0,0
533967_00319_11518_0,242.2,1,2022/10/18 16:00:00,30.01,29.06,69.0,53,0,37,14,2,0,0,0,0,0,0,0
533967_00319_11518_0,242.2,1,2022/10/18 16:15:00,29.96,29.10,108.0,99,0,90,7,2,0,0,0,0,0,0,0
533967_00319_11518_0,242.2,1,2022/10/18 16:30:00,29.93,29.12,63.0,56,0,49,7,0,0,0,0,0,0,0,0
533967_00319_11518_0,242.2,1,2022/10/18 16:45:00,29.95,29.11,98.0,83,0,68,15,0,0,0,0,0,0,0,0
533967_00319_11518_0,242.2,1,2022/10/18 17:00:00,29.90,29.16,76.0,70,0,64,6,0,0,0,0,0,0,0,0
533967_00319_11518_0,242.2,1,2022/10/18 17:15:00,29.89,29.17,79.0,76,0,73,3,0,0,0,0,0,0,0,0
533967_00319_11518_0,242.2,1,2022/10/18 17:30:00,29.94,29.12,88.0,81,0,74,7,0,0,0,0,0,0,0,0
533967_00319_11518_0,242.2,1,2022/10/18 17:45:00,29.94,29.12,95.0,91,0,87,4,0,0,0,0,0,0,0,0
533967_00319_11518_0,242.2,1,2022/10/18 18:00:00,29.89,29.17,41.0,36,0,31,5,0,0,0,0,0,0,0,0
533967_00319_11518_0,242.2,1,2022/10/18 18:15:00,30.01,29.06,40.0,36,0,32,4,0,0,0,0,0,0,0,0
533967_00319_11518_0,242.2,1,2022/10/18 18:30:00,29.98,29.08,38.0,36,0,34,2,0,0,0,0,0,0,0,0
533967_00319_11518_0,242.2,1,2022/10/18 18:45:00,30.01,29.05,39.0,37,0,35,2,0,0,0,0,0,0,0,0
533967_00319_11518_1,242.9,1,2022/10/18 06:30:00,30.75,28.43,67.0,60,0,53,7,0,0,0,0,0,0,0,0
533967_00319_11518_1,242.9,1,2022/10/18 06:45:00,30.96,28.24,85.0,79,0,73,6,0,0,0,0,0,0,0,0
533967_00319_11518_1,242.9,1,2022/10/18 07:00:00,35.20,24.84,66.0,57,0,48,9,0,0,0,0,0,0,0,0
533967_00319_11518_1,242.9,1,2022/10/18 07:15:00,35.26,24.80,99.0,89,0,79,10,0,0,0,0,0,0,0,0
533967_00319_11518_1,242.9,1,2022/10/18 07:30:00,32.43,26.97,98.0,87,0,76,8,3,0,0,0,0,0,0,0
533967_00319_11518_1,242.9,1,2022/10/18 07:45:00,15.76,55.48,92.0,86,0,80,6,0,0,0,0,0,0,0,0
533967_00319_11518_1,242.9,1,2022/10/18 08:00:00,7.19,121.66,143.0,140,0,137,3,0,0,0,0,0,0,0,0
533967_00319_11518_1,242.9,1,2022/10/18 08:15:00,26.00,33.63,106.0,93,0,80,13,0,0,0,0,0,0,0,0
533967_00319_11518_1,242.9,1,2022/10/18 08:30:00,6.52,134.19,134.0,112,0,90,22,0,0,0,0,0,0,0,0
533967_00319_11518_1,242.9,1,2022/10/18 08:45:00,26.73,32.71,149.0,136,0,123,13,0,0,0,0,0,0,0,0
533967_00319_11518_1,242.9,1,2022/10/18 09:00:00,34.29,25.50,110.0,94,0,78,16,0,0,0,0,0,0,0,0
533967_00319_11518_1,242.9,1,2022/10/18 09:15:00,12.53,69.79,111.0,97,0,83,14,0,0,0,0,0,0,0,0
533967_00319_11518_1,242.9,1,2022/10/18 09:30:00,7.47,116.98,151.0,124,0,97,27,0,0,0,0,0,0,0,0
533967_00319_11518_1,242.9,1,2022/10/18 09:45:00,29.30,29.85,115.0,104,0,93,11,0,0,0,0,0,0,0,0
533967_00319_11518_1,242.9,1,2022/10/18 10:00:00,35.37,24.72,121.0,101,0,81,20,0,0,0,0,0,0,0,0
533967_00319_11518_1,242.9,1,2022/10/18 10:15:00,29.86,29.29,111.0,90,0,69,21,0,0,0,0,0,0,0,0
533967_00319_11518_1,242.9,1,2022/10/18 10:30:00,33.08,26.44,112.0,87,0,62,25,0,0,0,0,0,0,0,0
533967_00319_11518_1,242.9,1,2022/10/18 10:45:00,32.53,26.88,118.0,101,0,84,17,0,0,0,0,0,0,0,0
533967_00319_11518_1,242.9,1,2022/10/18 11:00:00,31.51,27.75,99.0,85,0,71,14,0,0,0,0,0,0,0,0
533967_00319_11518_1,242.9,1,2022/10/18 11:15:00,29.32,29.82,89.0,67,0,45,22,0,0,0,0,0,0,0,0
533967_00319_11518_1,242.9,1,2022/10/18 11:30:00,29.95,29.19,109.0,88,0,67,21,0,0,0,0,0,0,0,0
533967_00319_11518_1,242.9,1,2022/10/18 11:45:00,30.69,28.49,115.0,102,0,89,12,1,0,0,0,0,0,0,0
533967_00319_11518_1,242.9,1,2022/10/18 12:00:00,34.88,25.07,79.0,70,0,61,9,0,0,0,0,0,0,0,0
533967_00319_11518_1,242.9,1,2022/10/18 12:15:00,31.23,28.00,90.0,77,0,64,11,2,0,0,0,0,0,0,0
533967_00319_11518_1,242.9,1,2022/10/18 12:30:00,29.96,29.19,91.0,81,0,71,10,0,0,0,0,0,0,0,0
533967_00319_11518_1,242.9,1,2022/10/18 12:45:00,33.18,26.35,93.0,82,0,71,11,0,0,0,0,0,0,0,0
533967_00319_11518_1,242.9,1,2022/10/18 13:00:00,32.31,27.06,128.0,109,0,90,19,0,0,0,0,0,0,0,0
533967_00319_11518_1,242.9,1,2022/10/18 13:15:00,30.06,29.09,85.0,74,0,63,11,0,0,0,0,0,0,0,0
533967_00319_11518_1,242.9,1,2022/10/18 13:30:00,33.06,26.45,89.0,76,0,63,13,0,0,0,0,0,0,0,0
533967_00319_11518_1,242.9,1,2022/10/18 13:45:00,35.77,24.45,88.0,78,0,68,7,3,0,0,0,0,0,0,0
533967_00319_11518_1,242.9,1,2022/10/18 14:00:00,32.94,26.54,99.0,81,0,63,18,0,0,0,0,0,0,0,0
533967_00319_11518_1,242.9,1,2022/10/18 14:15:00,32.56,26.86,97.0,84,0,71,13,0,0,0,0,0,0,0,0
533967_00319_11518_1,242.9,1,2022/10/18 14:30:00,28.36,30.84,108.0,91,0,74,17,0,0,0,0,0,0,0,0
533967_00319_11518_1,242.9,1,2022/10/18 14:45:00,31.91,27.40,102.0,87,0,72,15,0,0,0,0,0,0,0,0
533967_00319_11518_1,242.9,1,2022/10/18 15:00:00,32.03,27.30,97.0,82,0,67,15,0,0,0,0,0,0,0,0
533967_00319_11518_1,242.9,1,2022/10/18 15:15:00,30.77,28.42,138.0,127,0,116,11,0,0,0,0,0,0,0,0
533967_00319_11518_1,242.9,1,2022/10/18 15:30:00,29.74,29.41,100.0,81,0,62,17,2,0,0,0,0,0,0,0
533967_00319_11518_1,242.9,1,2022/10/18 15:45:00,29.17,29.98,100.0,85,0,70,14,1,0,0,0,0,0,0,0
533967_00319_11518_1,242.9,1,2022/10/18 16:00:00,33.63,26.00,92.0,69,0,46,23,0,0,0,0,0,0,0,0
533967_00319_11518_1,242.9,1,2022/10/18 16:15:00,35.31,24.77,109.0,99,0,89,10,0,0,0,0,0,0,0,0
533967_00319_11518_1,242.9,1,2022/10/18 16:30:00,31.36,27.89,65.0,62,0,59,2,1,0,0,0,0,0,0,0
533967_00319_11518_1,242.9,1,2022/10/18 16:45:00,30.31,28.85,110.0,99,0,88,11,0,0,0,0,0,0,0,0
533967_00319_11518_1,242.9,1,2022/10/18 17:00:00,29.52,29.62,95.0,82,0,69,13,0,0,0,0,0,0,0,0
533967_00319_11518_1,242.9,1,2022/10/18 17:15:00,38.37,22.79,110.0,104,0,98,5,1,0,0,0,0,0,0,0
533967_00319_11518_1,242.9,1,2022/10/18 17:30:00,31.08,28.13,106.0,97,0,88,9,0,0,0,0,0,0,0,0
533967_00319_11518_1,242.9,1,2022/10/18 17:45:00,30.86,28.34,111.0,106,0,101,4,1,0,0,0,0,0,0,0
533967_00319_11518_1,242.9,1,2022/10/18 18:00:00,27.87,31.37,98.0,94,0,90,4,0,0,0,0,0,0,0,0
533967_00319_11518_1,242.9,1,2022/10/18 18:15:00,28.54,30.64,125.0,119,0,113,6,0,0,0,0,0,0,0,0
533967_00319_11518_1,242.9,1,2022/10/18 18:30:00,29.96,29.19,114.0,108,0,102,6,0,0,0,0,0,0,0,0
533967_00319_11518_1,242.9,1,2022/10/18 18:45:00,30.05,29.10,105.0,96,0,87,6,3,0,0,0,0,0,0,0
533967_00319_87770_0,526.5,1,2022/10/18 06:30:00,-1.00,-1.00,0.0,0,0,0,0,0,0,0,0,0,0,0,0
533967_00319_87770_0,526.5,1,2022/10/18 06:45:00,-1.00,-1.00,0.0,0,0,0,0,0,0,0,0,0,0,0,0
533967_00319_87770_0,526.5,1,2022/10/18 07:00:00,-1.00,-1.00,0.0,0,0,0,0,0,0,0,0,0,0,0,0
533967_00319_87770_0,526.5,1,2022/10/18 07:15:00,-1.00,-1.00,0.0,0,0,0,0,0,0,0,0,0,0,0,0
533967_00319_87770_0,526.5,1,2022/10/18 07:30:00,-1.00,-1.00,0.0,0,0,0,0,0,0,0,0,0,0,0,0
533967_00319_87770_0,526.5,1,2022/10/18 07:45:00,-1.00,-1.00,0.0,0,0,0,0,0,0,0,0,0,0,0,0
533967_00319_87770_0,526.5,1,2022/10/18 08:00:00,-1.00,-1.00,0.0,0,0,0,0,0,0,0,0,0,0,0,0
533967_00319_87770_0,526.5,1,2022/10/18 08:15:00,-1.00,-1.00,0.0,0,0,0,0,0,0,0,0,0,0,0,0
533967_00319_87770_0,526.5,1,2022/10/18 08:30:00,-1.00,-1.00,0.0,0,0,0,0,0,0,0,0,0,0,0,0
533967_00319_87770_0,526.5,1,2022/10/18 08:45:00,-1.00,-1.00,0.0,0,0,0,0,0,0,0,0,0,0,0,0
533967_00319_87770_0,526.5,1,2022/10/18 09:00:00,-1.00,-1.00,0.0,0,0,0,0,0,0,0,0,0,0,0,0
533967_00319_87770_0,526.5,1,2022/10/18 09:15:00,-1.00,-1.00,0.0,0,0,0,0,0,0,0,0,0,0,0,0
533967_00319_87770_0,526.5,1,2022/10/18 09:30:00,-1.00,-1.00,0.0,0,0,0,0,0,0,0,0,0,0,0,0
533967_00319_87770_0,526.5,1,2022/10/18 09:45:00,-1.00,-1.00,0.0,0,0,0,0,0,0,0,0,0,0,0,0
533967_00319_87770_0,526.5,1,2022/10/18 10:00:00,-1.00,-1.00,0.0,0,0,0,0,0,0,0,0,0,0,0,0
533967_00319_87770_0,526.5,1,2022/10/18 10:15:00,-1.00,-1.00,0.0,0,0,0,0,0,0,0,0,0,0,0,0
533967_00319_87770_0,526.5,1,2022/10/18 10:30:00,-1.00,-1.00,0.0,0,0,0,0,0,0,0,0,0,0,0,0
533967_00319_87770_0,526.5,1,2022/10/18 10:45:00,-1.00,-1.00,0.0,0,0,0,0,0,0,0,0,0,0,0,0
533967_00319_87770_0,526.5,1,2022/10/18 11:00:00,-1.00,-1.00,0.0,0,0,0,0,0,0,0,0,0,0,0,0
533967_00319_87770_0,526.5,1,2022/10/18 11:15:00,-1.00,-1.00,0.0,0,0,0,0,0,0,0,0,0,0,0,0
533967_00319_87770_0,526.5,1,2022/10/18 11:30:00,-1.00,-1.00,0.0,0,0,0,0,0,0,0,0,0,0,0,0
533967_00319_87770_0,526.5,1,2022/10/18 11:45:00,-1.00,-1.00,0.0,0,0,0,0,0,0,0,0,0,0,0,0
533967_00319_87770_0,526.5,1,2022/10/18 12:00:00,-1.00,-1.00,0.0,0,0,0,0,0,0,0,0,0,0,0,0
533967_00319_87770_0,526.5,1,2022/10/18 12:15:00,-1.00,-1.00,0.0,0,0,0,0,0,0,0,0,0,0,0,0
533967_00319_87770_0,526.5,1,2022/10/18 12:30:00,-1.00,-1.00,0.0,0,0,0,0,0,0,0,0,0,0,0,0
533967_00319_87770_0,526.5,1,2022/10/18 12:45:00,-1.00,-1.00,0.0,0,0,0,0,0,0,0,0,0,0,0,0
533967_00319_87770_0,526.5,1,2022/10/18 13:00:00,-1.00,-1.00,0.0,0,0,0,0,0,0,0,0,0,0,0,0
533967_00319_87770_0,526.5,1,2022/10/18 13:15:00,-1.00,-1.00,0.0,0,0,0,0,0,0,0,0,0,0,0,0
533967_00319_87770_0,526.5,1,2022/10/18 13:30:00,-1.00,-1.00,0.0,0,0,0,0,0,0,0,0,0,0,0,0
533967_00319_87770_0,526.5,1,2022/10/18 13:45:00,-1.00,-1.00,0.0,0,0,0,0,0,0,0,0,0,0,0,0
533967_00319_87770_0,526.5,1,2022/10/18 14:00:00,-1.00,-1.00,0.0,0,0,0,0,0,0,0,0,0,0,0,0
533967_00319_87770_0,526.5,1,2022/10/18 14:15:00,-1.00,-1.00,0.0,0,0,0,0,0,0,0,0,0,0,0,0
533967_00319_87770_0,526.5,1,2022/10/18 14:30:00,-1.00,-1.00,0.0,0,0,0,0,0,0,0,0,0,0,0,0
533967_00319_87770_0,526.5,1,2022/10/18 14:45:00,-1.00,-1.00,0.0,0,0,0,0,0,0,0,0,0,0,0,0
533967_00319_87770_0,526.5,1,2022/10/18 15:00:00,-1.00,-1.00,0.0,0,0,0,0,0,0,0,0,0,0,0,0
533967_00319_87770_0,526.5,1,2022/10/18 15:15:00,-1.00,-1.00,0.0,0,0,0,0,0,0,0,0,0,0,0,0
533967_00319_87770_0,526.5,1,2022/10/18 15:30:00,-1.00,-1.00,0.0,0,0,0,0,0,0,0,0,0,0,0,0
533967_00319_87770_0,526.5,1,2022/10/18 15:45:00,-1.00,-1.00,0.0,0,0,0,0,0,0,0,0,0,0,0,0
533967_00319_87770_0,526.5,1,2022/10/18 16:00:00,-1.00,-1.00,0.0,0,0,0,0,0,0,0,0,0,0,0,0
533967_00319_87770_0,526.5,1,2022/10/18 16:15:00,-1.00,-1.00,0.0,0,0,0,0,0,0,0,0,0,0,0,0
533967_00319_87770_0,526.5,1,2022/10/18 16:30:00,-1.00,-1.00,0.0,0,0,0,0,0,0,0,0,0,0,0,0
533967_00319_87770_0,526.5,1,2022/10/18 16:45:00,-1.00,-1.00,0.0,0,0,0,0,0,0,0,0,0,0,0,0
533967_00319_87770_0,526.5,1,2022/10/18 17:00:00,-1.00,-1.00,0.0,0,0,0,0,0,0,0,0,0,0,0,0
533967_00319_87770_0,526.5,1,2022/10/18 17:15:00,-1.00,-1.00,0.0,0,0,0,0,0,0,0,0,0,0,0,0
533967_00319_87770_0,526.5,1,2022/10/18 17:30:00,-1.00,-1.00,0.0,0,0,0,0,0,0,0,0,0,0,0,0
533967_00319_87770_0,526.5,1,2022/10/18 17:45:00,-1.00,-1.00,0.0,0,0,0,0,0,0,0,0,0,0,0,0
533967_00319_87770_0,526.5,1,2022/10/18 18:00:00,-1.00,-1.00,0.0,0,0,0,0,0,0,0,0,0,0,0,0
533967_00319_87770_0,526.5,1,2022/10/18 18:15:00,-1.00,-1.00,0.0,0,0,0,0,0,0,0,0,0,0,0,0
533967_00319_87770_0,526.5,1,2022/10/18 18:30:00,-1.00,-1.00,0.0,0,0,0,0,0,0,0,0,0,0,0,0
533967_00319_87770_0,526.5,1,2022/10/18 18:45:00,-1.00,-1.00,0.0,0,0,0,0,0,0,0,0,0,0,0,0
533967_00319_87770_1,526.3,1,2022/10/18 06:30:00,-1.00,-1.00,0.0,0,0,0,0,0,0,0,0,0,0,0,0
533967_00319_87770_1,526.3,1,2022/10/18 06:45:00,-1.00,-1.00,0.0,0,0,0,0,0,0,0,0,0,0,0,0
533967_00319_87770_1,526.3,1,2022/10/18 07:00:00,-1.00,-1.00,0.0,0,0,0,0,0,0,0,0,0,0,0,0
533967_00319_87770_1,526.3,1,2022/10/18 07:15:00,-1.00,-1.00,0.0,0,0,0,0,0,0,0,0,0,0,0,0
533967_00319_87770_1,526.3,1,2022/10/18 07:30:00,-1.00,-1.00,0.0,0,0,0,0,0,0,0,0,0,0,0,0
533967_00319_87770_1,526.3,1,2022/10/18 07:45:00,-1.00,-1.00,0.0,0,0,0,0,0,0,0,0,0,0,0,0
533967_00319_87770_1,526.3,1,2022/10/18 08:00:00,-1.00,-1.00,0.0,0,0,0,0,0,0,0,0,0,0,0,0
533967_00319_87770_1,526.3,1,2022/10/18 08:15:00,-1.00,-1.00,0.0,0,0,0,0,0,0,0,0,0,0,0,0
533967_00319_87770_1,526.3,1,2022/10/18 08:30:00,-1.00,-1.00,0.0,0,0,0,0,0,0,0,0,0,0,0,0
533967_00319_87770_1,526.3,1,2022/10/18 08:45:00,-1.00,-1.00,0.0,0,0,0,0,0,0,0,0,0,0,0,0
533967_00319_87770_1,526.3,1,2022/10/18 09:00:00,-1.00,-1.00,0.0,0,0,0,0,0,0,0,0,0,0,0,0
533967_00319_87770_1,526.3,1,2022/10/18 09:15:00,-1.00,-1.00,0.0,0,0,0,0,0,0,0,0,0,0,0,0
533967_00319_87770_1,526.3,1,2022/10/18 09:30:00,-1.00,-1.00,0.0,0,0,0,0,0,0,0,0,0,0,0,0
533967_00319_87770_1,526.3,1,2022/10/18 09:45:00,-1.00,-1.00,0.0,0,0,0,0,0,0,0,0,0,0,0,0
533967_00319_87770_1,526.3,1,2022/10/18 10:00:00,-1.00,-1.00,0.0,0,0,0,0,0,0,0,0,0,0,0,0
533967_00319_87770_1,526.3,1,2022/10/18 10:15:00,-1.00,-1.00,0.0,0,0,0,0,0,0,0,0,0,0,0,0
533967_00319_87770_1,526.3,1,2022/10/18 10:30:00,-1.00,-1.00,0.0,0,0,0,0,0,0,0,0,0,0,0,0
533967_00319_87770_1,526.3,1,2022/10/18 10:45:00,-1.00,-1.00,0.0,0,0,0,0,0,0,0,0,0,0,0,0
533967_00319_87770_1,526.3,1,2022/10/18 11:00:00,-1.00,-1.00,0.0,0,0,0,0,0,0,0,0,0,0,0,0
533967_00319_87770_1,526.3,1,2022/10/18 11:15:00,-1.00,-1.00,0.0,0,0,0,0,0,0,0,0,0,0,0,0
533967_00319_87770_1,526.3,1,2022/10/18 11:30:00,-1.00,-1.00,0.0,0,0,0,0,0,0,0,0,0,0,0,0
533967_00319_87770_1,526.3,1,2022/10/18 11:45:00,-1.00,-1.00,0.0,0,0,0,0,0,0,0,0,0,0,0,0
533967_00319_87770_1,526.3,1,2022/10/18 12:00:00,-1.00,-1.00,0.0,0,0,0,0,0,0,0,0,0,0,0,0
533967_00319_87770_1,526.3,1,2022/10/18 12:15:00,-1.00,-1.00,0.0,0,0,0,0,0,0,0,0,0,0,0,0
533967_00319_87770_1,526.3,1,2022/10/18 12:30:00,-1.00,-1.00,0.0,0,0,0,0,0,0,0,0,0,0,0,0
533967_00319_87770_1,526.3,1,2022/10/18 12:45:00,-1.00,-1.00,0.0,0,0,0,0,0,0,0,0,0,0,0,0
533967_00319_87770_1,526.3,1,2022/10/18 13:00:00,-1.00,-1.00,0.0,0,0,0,0,0,0,0,0,0,0,0,0
533967_00319_87770_1,526.3,1,2022/10/18 13:15:00,-1.00,-1.00,0.0,0,0,0,0,0,0,0,0,0,0,0,0
533967_00319_87770_1,526.3,1,2022/10/18 13:30:00,-1.00,-1.00,0.0,0,0,0,0,0,0,0,0,0,0,0,0
533967_00319_87770_1,526.3,1,2022/10/18 13:45:00,-1.00,-1.00,0.0,0,0,0,0,0,0,0,0,0,0,0,0
533967_00319_87770_1,526.3,1,2022/10/18 14:00:00,-1.00,-1.00,0.0,0,0,0,0,0,0,0,0,0,0,0,0
533967_00319_87770_1,526.3,1,2022/10/18 14:15:00,-1.00,-1.00,0.0,0,0,0,0,0,0,0,0,0,0,0,0
533967_00319_87770_1,526.3,1,2022/10/18 14:30:00,-1.00,-1.00,0.0,0,0,0,0,0,0,0,0,0,0,0,0
533967_00319_87770_1,526.3,1,2022/10/18 14:45:00,-1.00,-1.00,0.0,0,0,0,0,0,0,0,0,0,0,0,0
533967_00319_87770_1,526.3,1,2022/10/18 15:00:00,-1.00,-1.00,0.0,0,0,0,0,0,0,0,0,0,0,0,0
533967_00319_87770_1,526.3,1,2022/10/18 15:15:00,-1.00,-1.00,0.0,0,0,0,0,0,0,0,0,0,0,0,0
533967_00319_87770_1,526.3,1,2022/10/18 15:30:00,-1.00,-1.00,0.0,0,0,0,0,0,0,0,0,0,0,0,0
533967_00319_87770_1,526.3,1,2022/10/18 15:45:00,-1.00,-1.00,0.0,0,0,0,0,0,0,0,0,0,0,0,0
533967_00319_87770_1,526.3,1,2022/10/18 16:00:00,-1.00,-1.00,0.0,0,0,0,0,0,0,0,0,0,0,0,0
533967_00319_87770_1,526.3,1,2022/10/18 16:15:00,-1.00,-1.00,0.0,0,0,0,0,0,0,0,0,0,0,0,0
533967_00319_87770_1,526.3,1,2022/10/18 16:30:00,-1.00,-1.00,0.0,0,0,0,0,0,0,0,0,0,0,0,0
533967_00319_87770_1,526.3,1,2022/10/18 16:45:00,-1.00,-1.00,0.0,0,0,0,0,0,0,0,0,0,0,0,0
533967_00319_87770_1,526.3,1,2022/10/18 17:00:00,-1.00,-1.00,0.0,0,0,0,0,0,0,0,0,0,0,0,0
533967_00319_87770_1,526.3,1,2022/10/18 17:15:00,-1.00,-1.00,0.0,0,0,0,0,0,0,0,0,0,0,0,0
533967_00319_87770_1,526.3,1,2022/10/18 17:30:00,-1.00,-1.00,0.0,0,0,0,0,0,0,0,0,0,0,0,0
533967_00319_87770_1,526.3,1,2022/10/18 17:45:00,-1.00,-1.00,0.0,0,0,0,0,0,0,0,0,0,0,0,0
533967_00319_87770_1,526.3,1,2022/10/18 18:00:00,-1.00,-1.00,0.0,0,0,0,0,0,0,0,0,0,0,0,0
533967_00319_87770_1,526.3,1,2022/10/18 18:15:00,-1.00,-1.00,0.0,0,0,0,0,0,0,0,0,0,0,0,0
533967_00319_87770_1,526.3,1,2022/10/18 18:30:00,-1.00,-1.00,0.0,0,0,0,0,0,0,0,0,0,0,0,0
533967_00319_87770_1,526.3,1,2022/10/18 18:45:00,-1.00,-1.00,0.0,0,0,0,0,0,0,0,0,0,0,0,0
533967_00532_00534_0,270.4,1,2022/10/18 06:30:00,32.00,30.42,138.0,121,0,104,11,6,0,0,0,0,0,0,0
533967_00532_00534_0,270.4,1,2022/10/18 06:45:00,34.16,28.49,101.0,95,0,89,1,5,0,0,0,0,0,0,0
533967_00532_00534_0,270.4,1,2022/10/18 07:00:00,28.93,33.64,124.0,114,0,104,7,3,0,0,0,0,0,0,0
533967_00532_00534_0,270.4,1,2022/10/18 07:15:00,26.59,36.60,149.0,134,0,119,10,5,0,0,0,0,0,0,0
533967_00532_00534_0,270.4,1,2022/10/18 07:30:00,33.20,29.32,132.0,119,0,106,10,3,0,0,0,0,0,0,0
533967_00532_00534_0,270.4,1,2022/10/18 07:45:00,24.66,39.47,126.0,118,0,110,4,4,0,0,0,0,0,0,0
533967_00532_00534_0,270.4,1,2022/10/18 08:00:00,28.11,34.63,134.0,122,0,110,10,2,0,0,0,0,0,0,0
533967_00532_00534_0,270.4,1,2022/10/18 08:15:00,30.03,32.41,132.0,119,0,106,8,5,0,0,0,0,0,0,0
533967_00532_00534_0,270.4,1,2022/10/18 08:30:00,24.97,38.99,153.0,139,0,125,11,3,0,0,0,0,0,0,0
533967_00532_00534_0,270.4,1,2022/10/18 08:45:00,17.44,55.81,185.0,163,0,141,15,7,0,0,0,0,0,0,0
533967_00532_00534_0,270.4,1,2022/10/18 09:00:00,27.48,35.42,135.0,120,0,105,14,1,0,0,0,0,0,0,0
533967_00532_00534_0,270.4,1,2022/10/18 09:15:00,26.86,36.24,157.0,137,0,117,19,1,0,0,0,0,0,0,0
533967_00532_00534_0,270.4,1,2022/10/18 09:30:00,30.76,31.64,175.0,150,0,125,21,4,0,0,0,0,0,0,0
533967_00532_00534_0,270.4,1,2022/10/18 09:45:00,33.79,28.80,116.0,97,0,78,18,1,0,0,0,0,0,0,0
533967_00532_00534_0,270.4,1,2022/10/18 10:00:00,25.89,37.59,106.0,86,0,66,17,3,0,0,0,0,0,0,0
533967_00532_00534_0,270.4,1,2022/10/18 10:15:00,33.09,29.41,126.0,102,0,78,24,0,0,0,0,0,0,0,0
533967_00532_00534_0,270.4,1,2022/10/18 10:30:00,25.02,38.90,135.0,115,0,95,17,3,0,0,0,0,0,0,0
533967_00532_00534_0,270.4,1,2022/10/18 10:45:00,32.67,29.80,107.0,88,0,69,14,5,0,0,0,0,0,0,0
533967_00532_00534_0,270.4,1,2022/10/18 11:00:00,30.72,31.69,118.0,105,0,92,13,0,0,0,0,0,0,0,0
533967_00532_00534_0,270.4,1,2022/10/18 11:15:00,23.94,40.65,129.0,118,0,107,11,0,0,0,0,0,0,0,0
533967_00532_00534_0,270.4,1,2022/10/18 11:30:00,27.29,35.67,142.0,126,0,110,15,1,0,0,0,0,0,0,0
533967_00532_00534_0,270.4,1,2022/10/18 11:45:00,33.39,29.15,121.0,104,0,87,13,4,0,0,0,0,0,0,0
533967_00532_00534_0,270.4,1,2022/10/18 12:00:00,32.92,29.57,116.0,109,0,102,7,0,0,0,0,0,0,0,0
533967_00532_00534_0,270.4,1,2022/10/18 12:15:00,28.64,33.99,129.0,119,0,109,8,2,0,0,0,0,0,0,0
533967_00532_00534_0,270.4,1,2022/10/18 12:30:00,30.97,31.43,140.0,125,0,110,12,3,0,0,0,0,0,0,0
533967_00532_00534_0,270.4,1,2022/10/18 12:45:00,31.24,31.16,112.0,105,0,98,7,0,0,0,0,0,0,0,0
533967_00532_00534_0,270.4,1,2022/10/18 13:00:00,31.89,30.52,122.0,117,0,112,2,3,0,0,0,0,0,0,0
533967_00532_00534_0,270.4,1,2022/10/18 13:15:00,30.30,32.12,112.0,98,0,84,14,0,0,0,0,0,0,0,0
533967_00532_00534_0,270.4,1,2022/10/18 13:30:00,32.48,29.97,157.0,132,0,107,22,3,0,0,0,0,0,0,0
533967_00532_00534_0,270.4,1,2022/10/18 13:45:00,29.76,32.71,132.0,117,0,102,11,4,0,0,0,0,0,0,0
533967_00532_00534_0,270.4,1,2022/10/18 14:00:00,29.34,33.18,150.0,139,0,128,10,1,0,0,0,0,0,0,0
533967_00532_00534_0,270.4,1,2022/10/18 14:15:00,16.74,58.15,158.0,145,0,132,8,5,0,0,0,0,0,0,0
533967_00532_00534_0,270.4,1,2022/10/18 14:30:00,30.43,31.98,132.0,113,0,94,19,0,0,0,0,0,0,0,0
533967_00532_00534_0,270.4,1,2022/10/18 14:45:00,16.67,58.41,118.0,106,0,94,9,3,0,0,0,0,0,0,0
533967_00532_00534_0,270.4,1,2022/10/18 15:00:00,11.91,81.71,139.0,122,0,105,12,5,0,0,0,0,0,0,0
533967_00532_00534_0,270.4,1,2022/10/18 15:15:00,33.48,29.07,130.0,112,0,94,13,5,0,0,0,0,0,0,0
533967_00532_00534_0,270.4,1,2022/10/18 15:30:00,26.08,37.33,143.0,125,0,107,18,0,0,0,0,0,0,0,0
533967_00532_00534_0,270.4,1,2022/10/18 15:45:00,27.08,35.94,119.0,102,0,85,13,4,0,0,0,0,0,0,0
533967_00532_00534_0,270.4,1,2022/10/18 16:00:00,30.83,31.57,122.0,107,0,92,12,3,0,0,0,0,0,0,0
533967_00532_00534_0,270.4,1,2022/10/18 16:15:00,26.65,36.52,125.0,117,0,109,6,2,0,0,0,0,0,0,0
533967_00532_00534_0,270.4,1,2022/10/18 16:30:00,24.71,39.39,110.0,101,0,92,7,2,0,0,0,0,0,0,0
533967_00532_00534_0,270.4,1,2022/10/18 16:45:00,29.75,32.71,138.0,126,0,114,10,2,0,0,0,0,0,0,0
533967_00532_00534_0,270.4,1,2022/10/18 17:00:00,27.66,35.19,134.0,124,0,114,6,4,0,0,0,0,0,0,0
533967_00532_00534_0,270.4,1,2022/10/18 17:15:00,29.84,32.62,108.0,99,0,90,7,2,0,0,0,0,0,0,0
533967_00532_00534_0,270.4,1,2022/10/18 17:30:00,29.71,32.76,107.0,103,0,99,4,0,0,0,0,0,0,0,0
533967_00532_00534_0,270.4,1,2022/10/18 17:45:00,25.84,37.67,120.0,116,0,112,4,0,0,0,0,0,0,0,0
533967_00532_00534_0,270.4,1,2022/10/18 18:00:00,25.31,38.45,124.0,117,0,110,4,3,0,0,0,0,0,0,0
533967_00532_00534_0,270.4,1,2022/10/18 18:15:00,21.45,45.38,128.0,128,0,128,0,0,0,0,0,0,0,0,0
533967_00532_00534_0,270.4,1,2022/10/18 18:30:00,22.92,42.46,115.0,114,0,113,1,0,0,0,0,0,0,0,0
533967_00532_00534_0,270.4,1,2022/10/18 18:45:00,28.31,34.38,95.0,90,0,85,1,4,0,0,0,0,0,0,0
533967_00532_00534_1,270.7,1,2022/10/18 06:30:00,27.07,36.00,82.0,72,0,62,9,1,0,0,0,0,0,0,0
533967_00532_00534_1,270.7,1,2022/10/18 06:45:00,28.80,33.84,72.0,61,0,50,7,4,0,0,0,0,0,0,0
533967_00532_00534_1,270.7,1,2022/10/18 07:00:00,23.89,40.80,104.0,89,0,74,10,5,0,0,0,0,0,0,0
533967_00532_00534_1,270.7,1,2022/10/18 07:15:00,22.06,44.18,107.0,88,0,69,14,5,0,0,0,0,0,0,0
533967_00532_00534_1,270.7,1,2022/10/18 07:30:00,24.20,40.26,137.0,121,0,105,10,6,0,0,0,0,0,0,0
533967_00532_00534_1,270.7,1,2022/10/18 07:45:00,25.39,38.38,138.0,126,0,114,7,5,0,0,0,0,0,0,0
533967_00532_00534_1,270.7,1,2022/10/18 08:00:00,21.35,45.65,156.0,138,0,120,10,8,0,0,0,0,0,0,0
533967_00532_00534_1,270.7,1,2022/10/18 08:15:00,21.46,45.40,133.0,124,0,115,8,1,0,0,0,0,0,0,0
533967_00532_00534_1,270.7,1,2022/10/18 08:30:00,24.17,40.31,139.0,115,0,91,21,3,0,0,0,0,0,0,0
533967_00532_00534_1,270.7,1,2022/10/18 08:45:00,21.28,45.78,144.0,125,0,106,14,5,0,0,0,0,0,0,0
533967_00532_00534_1,270.7,1,2022/10/18 09:00:00,23.09,42.20,149.0,123,0,97,20,6,0,0,0,0,0,0,0
533967_00532_00534_1,270.7,1,2022/10/18 09:15:00,26.36,36.96,127.0,109,0,91,13,5,0,0,0,0,0,0,0
533967_00532_00534_1,270.7,1,2022/10/18 09:30:00,25.03,38.93,146.0,121,0,96,21,4,0,0,0,0,0,0,0
533967_00532_00534_1,270.7,1,2022/10/18 09:45:00,22.71,42.91,103.0,86,0,69,15,2,0,0,0,0,0,0,0
533967_00532_00534_1,270.7,1,2022/10/18 10:00:00,25.49,38.23,147.0,119,0,91,21,7,0,0,0,0,0,0,0
533967_00532_00534_1,270.7,1,2022/10/18 10:15:00,24.37,39.99,151.0,134,0,117,14,3,0,0,0,0,0,0,0
533967_00532_00534_1,270.7,1,2022/10/18 10:30:00,27.62,35.28,132.0,104,0,76,21,7,0,0,0,0,0,0,0
533967_00532_00534_1,270.7,1,2022/10/18 10:45:00,24.71,39.44,105.0,79,0,53,20,6,0,0,0,0,0,0,0
533967_00532_00534_1,270.7,1,2022/10/18 11:00:00,26.91,36.21,124.0,103,0,82,18,3,0,0,0,0,0,0,0
533967_00532_00534_1,270.7,1,2022/10/18 11:15:00,28.17,34.59,124.0,98,0,72,22,4,0,0,0,0,0,0,0
533967_00532_00534_1,270.7,1,2022/10/18 11:30:00,29.62,32.90,151.0,118,0,85,28,5,0,0,0,0,0,0,0
533967_00532_00534_1,270.7,1,2022/10/18 11:45:00,26.92,36.19,100.0,83,0,66,13,4,0,0,0,0,0,0,0
533967_00532_00534_1,270.7,1,2022/10/18 12:00:00,31.00,31.44,139.0,128,0,117,8,3,0,0,0,0,0,0,0
533967_00532_00534_1,270.7,1,2022/10/18 12:15:00,21.66,45.00,147.0,125,0,103,15,7,0,0,0,0,0,0,0
533967_00532_00534_1,270.7,1,2022/10/18 12:30:00,28.02,34.78,113.0,95,0,77,15,3,0,0,0,0,0,0,0
533967_00532_00534_1,270.7,1,2022/10/18 12:45:00,28.65,34.01,108.0,92,0,76,7,9,0,0,0,0,0,0,0
533967_00532_00534_1,270.7,1,2022/10/18 13:00:00,31.87,30.58,141.0,117,0,93,21,3,0,0,0,0,0,0,0
533967_00532_00534_1,270.7,1,2022/10/18 13:15:00,30.78,31.66,115.0,92,0,69,21,2,0,0,0,0,0,0,0
533967_00532_00534_1,270.7,1,2022/10/18 13:30:00,23.82,40.91,120.0,107,0,94,9,4,0,0,0,0,0,0,0
533967_00532_00534_1,270.7,1,2022/10/18 13:45:00,34.93,27.90,88.0,71,0,54,14,3,0,0,0,0,0,0,0
533967_00532_00534_1,270.7,1,2022/10/18 14:00:00,30.25,32.22,101.0,79,0,57,16,6,0,0,0,0,0,0,0
533967_00532_00534_1,270.7,1,2022/10/18 14:15:00,29.98,32.50,114.0,105,0,96,8,1,0,0,0,0,0,0,0
533967_00532_00534_1,270.7,1,2022/10/18 14:30:00,33.33,29.24,129.0,112,0,95,13,4,0,0,0,0,0,0,0
533967_00532_00534_1,270.7,1,2022/10/18 14:45:00,27.03,36.06,125.0,108,0,91,13,4,0,0,0,0,0,0,0
533967_00532_00534_1,270.7,1,2022/10/18 15:00:00,29.44,33.10,105.0,92,0,79,8,5,0,0,0,0,0,0,0
533967_00532_00534_1,270.7,1,2022/10/18 15:15:00,29.16,33.42,108.0,95,0,82,10,3,0,0,0,0,0,0,0
533967_00532_00534_1,270.7,1,2022/10/18 15:30:00,30.26,32.20,144.0,121,0,98,14,9,0,0,0,0,0,0,0
533967_00532_00534_1,270.7,1,2022/10/18 15:45:00,29.10,33.49,123.0,112,0,101,8,3,0,0,0,0,0,0,0
533967_00532_00534_1,270.7,1,2022/10/18 16:00:00,27.05,36.02,169.0,139,0,109,26,4,0,0,0,0,0,0,0
533967_00532_00534_1,270.7,1,2022/10/18 16:15:00,24.04,40.54,133.0,116,0,99,13,4,0,0,0,0,0,0,0
533967_00532_00534_1,270.7,1,2022/10/18 16:30:00,19.85,49.08,170.0,155,0,140,6,9,0,0,0,0,0,0,0
533967_00532_00534_1,270.7,1,2022/10/18 16:45:00,27.74,35.13,151.0,138,0,125,10,3,0,0,0,0,0,0,0
533967_00532_00534_1,270.7,1,2022/10/18 17:00:00,23.90,40.77,195.0,177,0,159,16,2,0,0,0,0,0,0,0
533967_00532_00534_1,270.7,1,2022/10/18 17:15:00,22.90,42.55,163.0,150,0,137,7,6,0,0,0,0,0,0,0
533967_00532_00534_1,270.7,1,2022/10/18 17:30:00,27.98,34.83,145.0,130,0,115,9,6,0,0,0,0,0,0,0
533967_00532_00534_1,270.7,1,2022/10/18 17:45:00,27.05,36.03,111.0,103,0,95,6,2,0,0,0,0,0,0,0
533967_00532_00534_1,270.7,1,2022/10/18 18:00:00,23.77,41.00,154.0,146,0,138,4,4,0,0,0,0,0,0,0
533967_00532_00534_1,270.7,1,2022/10/18 18:15:00,27.47,35.48,154.0,145,0,136,2,7,0,0,0,0,0,0,0
533967_00532_00534_1,270.7,1,2022/10/18 18:30:00,30.22,32.24,134.0,119,0,104,10,5,0,0,0,0,0,0,0
533967_00532_00534_1,270.7,1,2022/10/18 18:45:00,23.88,40.80,131.0,121,0,111,4,6,0,0,0,0,0,0,0
533967_00532_01530_0,145.8,1,2022/10/18 06:30:00,48.24,10.88,42.0,41,0,40,0,1,0,0,0,0,0,0,0
533967_00532_01530_0,145.8,1,2022/10/18 06:45:00,47.09,11.15,58.0,55,0,52,2,1,0,0,0,0,0,0,0
533967_00532_01530_0,145.8,1,2022/10/18 07:00:00,47.38,11.08,42.0,39,0,36,1,2,0,0,0,0,0,0,0
533967_00532_01530_0,145.8,1,2022/10/18 07:15:00,48.95,10.72,19.0,18,0,17,0,1,0,0,0,0,0,0,0
533967_00532_01530_0,145.8,1,2022/10/18 07:30:00,47.50,11.05,44.0,42,0,40,1,1,0,0,0,0,0,0,0
533967_00532_01530_0,145.8,1,2022/10/18 07:45:00,48.30,10.86,37.0,37,0,37,0,0,0,0,0,0,0,0,0
533967_00532_01530_0,145.8,1,2022/10/18 08:00:00,46.75,11.23,56.0,53,0,50,0,3,0,0,0,0,0,0,0
533967_00532_01530_0,145.8,1,2022/10/18 08:15:00,44.23,11.87,80.0,75,0,70,3,2,0,0,0,0,0,0,0
533967_00532_01530_0,145.8,1,2022/10/18 08:30:00,45.36,11.57,62.0,58,0,54,3,1,0,0,0,0,0,0,0
533967_00532_01530_0,145.8,1,2022/10/18 08:45:00,47.59,11.03,78.0,70,0,62,8,0,0,0,0,0,0,0,0
533967_00532_01530_0,145.8,1,2022/10/18 09:00:00,47.20,11.12,54.0,51,0,48,1,2,0,0,0,0,0,0,0
533967_00532_01530_0,145.8,1,2022/10/18 09:15:00,47.27,11.10,30.0,29,0,28,0,1,0,0,0,0,0,0,0
533967_00532_01530_0,145.8,1,2022/10/18 09:30:00,47.03,11.16,41.0,38,0,35,2,1,0,0,0,0,0,0,0
533967_00532_01530_0,145.8,1,2022/10/18 09:45:00,46.75,11.23,34.0,31,0,28,3,0,0,0,0,0,0,0,0
533967_00532_01530_0,145.8,1,2022/10/18 10:00:00,47.57,11.03,68.0,60,0,52,7,1,0,0,0,0,0,0,0
533967_00532_01530_0,145.8,1,2022/10/18 10:15:00,47.59,11.03,77.0,71,0,65,5,1,0,0,0,0,0,0,0
533967_00532_01530_0,145.8,1,2022/10/18 10:30:00,48.31,10.86,54.0,51,0,48,0,3,0,0,0,0,0,0,0
533967_00532_01530_0,145.8,1,2022/10/18 10:45:00,48.91,10.73,47.0,37,0,27,8,2,0,0,0,0,0,0,0
533967_00532_01530_0,145.8,1,2022/10/18 11:00:00,45.54,11.52,50.0,42,0,34,6,2,0,0,0,0,0,0,0
533967_00532_01530_0,145.8,1,2022/10/18 11:15:00,49.51,10.60,28.0,25,0,22,2,1,0,0,0,0,0,0,0
533967_00532_01530_0,145.8,1,2022/10/18 11:30:00,47.37,11.08,44.0,38,0,32,4,2,0,0,0,0,0,0,0
533967_00532_01530_0,145.8,1,2022/10/18 11:45:00,48.88,10.74,40.0,38,0,36,1,1,0,0,0,0,0,0,0
533967_00532_01530_0,145.8,1,2022/10/18 12:00:00,48.15,10.90,57.0,50,0,43,5,2,0,0,0,0,0,0,0
533967_00532_01530_0,145.8,1,2022/10/18 12:15:00,46.65,11.25,41.0,40,0,39,1,0,0,0,0,0,0,0,0
533967_00532_01530_0,145.8,1,2022/10/18 12:30:00,47.93,10.95,47.0,39,0,31,7,1,0,0,0,0,0,0,0
533967_00532_01530_0,145.8,1,2022/10/18 12:45:00,47.71,11.00,52.0,46,0,40,4,2,0,0,0,0,0,0,0
533967_00532_01530_0,145.8,1,2022/10/18 13:00:00,47.91,10.95,76.0,66,0,56,8,2,0,0,0,0,0,0,0
533967_00532_01530_0,145.8,1,2022/10/18 13:15:00,47.85,10.97,37.0,31,0,25,4,2,0,0,0,0,0,0,0
533967_00532_01530_0,145.8,1,2022/10/18 13:30:00,48.09,10.91,25.0,23,0,21,0,2,0,0,0,0,0,0,0
533967_00532_01530_0,145.8,1,2022/10/18 13:45:00,48.44,10.83,22.0,18,0,14,4,0,0,0,0,0,0,0,0
533967_00532_01530_0,145.8,1,2022/10/18 14:00:00,46.56,11.27,44.0,33,0,22,6,5,0,0,0,0,0,0,0
533967_00532_01530_0,145.8,1,2022/10/18 14:15:00,48.02,10.93,58.0,57,0,56,0,1,0,0,0,0,0,0,0
533967_00532_01530_0,145.8,1,2022/10/18 14:30:00,47.42,11.07,64.0,60,0,56,2,2,0,0,0,0,0,0,0
533967_00532_01530_0,145.8,1,2022/10/18 14:45:00,47.94,10.95,39.0,38,0,37,0,1,0,0,0,0,0,0,0
533967_00532_01530_0,145.8,1,2022/10/18 15:00:00,46.69,11.24,27.0,25,0,23,1,1,0,0,0,0,0,0,0
533967_00532_01530_0,145.8,1,2022/10/18 15:15:00,48.47,10.83,31.0,29,0,27,2,0,0,0,0,0,0,0,0
533967_00532_01530_0,145.8,1,2022/10/18 15:30:00,47.20,11.12,52.0,51,0,50,0,1,0,0,0,0,0,0,0
533967_00532_01530_0,145.8,1,2022/10/18 15:45:00,47.60,11.03,40.0,39,0,38,0,1,0,0,0,0,0,0,0
533967_00532_01530_0,145.8,1,2022/10/18 16:00:00,47.49,11.05,63.0,59,0,55,0,4,0,0,0,0,0,0,0
533967_00532_01530_0,145.8,1,2022/10/18 16:15:00,48.17,10.89,38.0,38,0,38,0,0,0,0,0,0,0,0,0
533967_00532_01530_0,145.8,1,2022/10/18 16:30:00,47.24,11.11,64.0,64,0,64,0,0,0,0,0,0,0,0,0
533967_00532_01530_0,145.8,1,2022/10/18 16:45:00,48.47,10.83,64.0,64,0,64,0,0,0,0,0,0,0,0,0
533967_00532_01530_0,145.8,1,2022/10/18 17:00:00,47.15,11.13,69.0,69,0,69,0,0,0,0,0,0,0,0,0
533967_00532_01530_0,145.8,1,2022/10/18 17:15:00,46.66,11.25,81.0,81,0,81,0,0,0,0,0,0,0,0,0
533967_00532_01530_0,145.8,1,2022/10/18 17:30:00,47.00,11.17,56.0,54,0,52,0,2,0,0,0,0,0,0,0
533967_00532_01530_0,145.8,1,2022/10/18 17:45:00,47.13,11.14,67.0,66,0,65,0,1,0,0,0,0,0,0,0
533967_00532_01530_0,145.8,1,2022/10/18 18:00:00,44.91,11.69,75.0,70,0,65,0,5,0,0,0,0,0,0,0
533967_00532_01530_0,145.8,1,2022/10/18 18:15:00,48.38,10.85,37.0,33,0,29,0,4,0,0,0,0,0,0,0
533967_00532_01530_0,145.8,1,2022/10/18 18:30:00,48.21,10.89,35.0,35,0,35,0,0,0,0,0,0,0,0,0
533967_00532_01530_0,145.8,1,2022/10/18 18:45:00,47.49,11.05,39.0,39,0,39,0,0,0,0,0,0,0,0,0
533967_00532_01530_1,145.6,1,2022/10/18 06:30:00,10.50,49.93,14.0,14,0,14,0,0,0,0,0,0,0,0,0
533967_00532_01530_1,145.6,1,2022/10/18 06:45:00,10.73,48.84,19.0,19,0,19,0,0,0,0,0,0,0,0,0
533967_00532_01530_1,145.6,1,2022/10/18 07:00:00,15.11,34.69,16.0,16,0,16,0,0,0,0,0,0,0,0,0
533967_00532_01530_1,145.6,1,2022/10/18 07:15:00,21.37,24.53,38.0,38,0,38,0,0,0,0,0,0,0,0,0
533967_00532_01530_1,145.6,1,2022/10/18 07:30:00,10.96,47.83,51.0,46,0,41,5,0,0,0,0,0,0,0,0
533967_00532_01530_1,145.6,1,2022/10/18 07:45:00,11.21,46.74,57.0,54,0,51,1,2,0,0,0,0,0,0,0
533967_00532_01530_1,145.6,1,2022/10/18 08:00:00,11.29,46.41,50.0,44,0,38,5,1,0,0,0,0,0,0,0
533967_00532_01530_1,145.6,1,2022/10/18 08:15:00,5.97,87.74,55.0,53,0,51,2,0,0,0,0,0,0,0,0
533967_00532_01530_1,145.6,1,2022/10/18 08:30:00,8.90,58.86,49.0,42,0,35,5,2,0,0,0,0,0,0,0
533967_00532_01530_1,145.6,1,2022/10/18 08:45:00,10.25,51.12,55.0,49,0,43,2,4,0,0,0,0,0,0,0
533967_00532_01530_1,145.6,1,2022/10/18 09:00:00,14.10,37.16,48.0,44,0,40,4,0,0,0,0,0,0,0,0
533967_00532_01530_1,145.6,1,2022/10/18 09:15:00,15.46,33.89,38.0,37,0,36,1,0,0,0,0,0,0,0,0
533967_00532_01530_1,145.6,1,2022/10/18 09:30:00,17.23,30.42,33.0,31,0,29,2,0,0,0,0,0,0,0,0
533967_00532_01530_1,145.6,1,2022/10/18 09:45:00,12.73,41.18,46.0,38,0,30,6,2,0,0,0,0,0,0,0
533967_00532_01530_1,145.6,1,2022/10/18 10:00:00,14.35,36.53,35.0,32,0,29,2,1,0,0,0,0,0,0,0
533967_00532_01530_1,145.6,1,2022/10/18 10:15:00,12.40,42.27,53.0,45,0,37,8,0,0,0,0,0,0,0,0
533967_00532_01530_1,145.6,1,2022/10/18 10:30:00,10.30,50.90,40.0,39,0,38,0,1,0,0,0,0,0,0,0
533967_00532_01530_1,145.6,1,2022/10/18 10:45:00,13.07,40.10,50.0,50,0,50,0,0,0,0,0,0,0,0,0
533967_00532_01530_1,145.6,1,2022/10/18 11:00:00,11.81,44.38,40.0,40,0,40,0,0,0,0,0,0,0,0,0
533967_00532_01530_1,145.6,1,2022/10/18 11:15:00,6.96,75.27,79.0,77,0,75,0,2,0,0,0,0,0,0,0
533967_00532_01530_1,145.6,1,2022/10/18 11:30:00,7.87,66.55,44.0,40,0,36,3,1,0,0,0,0,0,0,0
533967_00532_01530_1,145.6,1,2022/10/18 11:45:00,8.16,64.20,56.0,51,0,46,5,0,0,0,0,0,0,0,0
533967_00532_01530_1,145.6,1,2022/10/18 12:00:00,11.84,44.27,56.0,55,0,54,0,1,0,0,0,0,0,0,0
533967_00532_01530_1,145.6,1,2022/10/18 12:15:00,8.08,64.88,71.0,69,0,67,2,0,0,0,0,0,0,0,0
533967_00532_01530_1,145.6,1,2022/10/18 12:30:00,9.07,57.79,71.0,67,0,63,3,1,0,0,0,0,0,0,0
533967_00532_01530_1,145.6,1,2022/10/18 12:45:00,8.65,60.62,71.0,65,0,59,5,1,0,0,0,0,0,0,0
533967_00532_01530_1,145.6,1,2022/10/18 13:00:00,7.19,72.88,59.0,58,0,57,0,1,0,0,0,0,0,0,0
533967_00532_01530_1,145.6,1,2022/10/18 13:15:00,7.15,73.30,42.0,40,0,38,2,0,0,0,0,0,0,0,0
533967_00532_01530_1,145.6,1,2022/10/18 13:30:00,7.28,72.02,58.0,57,0,56,0,1,0,0,0,0,0,0,0
533967_00532_01530_1,145.6,1,2022/10/18 13:45:00,6.69,78.29,52.0,52,0,52,0,0,0,0,0,0,0,0,0
533967_00532_01530_1,145.6,1,2022/10/18 14:00:00,7.39,70.92,63.0,62,0,61,0,1,0,0,0,0,0,0,0
533967_00532_01530_1,145.6,1,2022/10/18 14:15:00,8.36,62.69,48.0,48,0,48,0,0,0,0,0,0,0,0,0
533967_00532_01530_1,145.6,1,2022/10/18 14:30:00,11.95,43.86,46.0,43,0,40,2,1,0,0,0,0,0,0,0
533967_00532_01530_1,145.6,1,2022/10/18 14:45:00,10.93,47.93,46.0,44,0,42,0,2,0,0,0,0,0,0,0
533967_00532_01530_1,145.6,1,2022/10/18 15:00:00,9.30,56.38,51.0,48,0,45,2,1,0,0,0,0,0,0,0
533967_00532_01530_1,145.6,1,2022/10/18 15:15:00,9.37,55.94,37.0,35,0,33,0,2,0,0,0,0,0,0,0
533967_00532_01530_1,145.6,1,2022/10/18 15:30:00,8.04,65.20,32.0,30,0,28,1,1,0,0,0,0,0,0,0
533967_00532_01530_1,145.6,1,2022/10/18 15:45:00,8.11,64.63,39.0,38,0,37,1,0,0,0,0,0,0,0,0
533967_00532_01530_1,145.6,1,2022/10/18 16:00:00,9.27,56.52,58.0,54,0,50,0,4,0,0,0,0,0,0,0
533967_00532_01530_1,145.6,1,2022/10/18 16:15:00,8.14,64.39,61.0,61,0,61,0,0,0,0,0,0,0,0,0
533967_00532_01530_1,145.6,1,2022/10/18 16:30:00,8.16,64.22,55.0,55,0,55,0,0,0,0,0,0,0,0,0
533967_00532_01530_1,145.6,1,2022/10/18 16:45:00,8.76,59.82,61.0,60,0,59,0,1,0,0,0,0,0,0,0
533967_00532_01530_1,145.6,1,2022/10/18 17:00:00,10.22,51.29,52.0,52,0,52,0,0,0,0,0,0,0,0,0
533967_00532_01530_1,145.6,1,2022/10/18 17:15:00,10.75,48.73,56.0,56,0,56,0,0,0,0,0,0,0,0,0
533967_00532_01530_1,145.6,1,2022/10/18 17:30:00,9.83,53.33,67.0,66,0,65,0,1,0,0,0,0,0,0,0
533967_00532_01530_1,145.6,1,2022/10/18 17:45:00,10.63,49.30,69.0,69,0,69,0,0,0,0,0,0,0,0,0
533967_00532_01530_1,145.6,1,2022/10/18 18:00:00,14.08,37.23,71.0,70,0,69,0,1,0,0,0,0,0,0,0
533967_00532_01530_1,145.6,1,2022/10/18 18:15:00,22.47,23.33,67.0,67,0,67,0,0,0,0,0,0,0,0,0
533967_00532_01530_1,145.6,1,2022/10/18 18:30:00,10.42,50.31,71.0,71,0,71,0,0,0,0,0,0,0,0,0
533967_00532_01530_1,145.6,1,2022/10/18 18:45:00,8.12,64.54,49.0,48,0,47,0,1,0,0,0,0,0,0,0
533967_00532_11490_0,284.1,1,2022/10/18 06:30:00,48.13,21.25,86.0,76,0,66,9,1,0,0,0,0,0,0,0
533967_00532_11490_0,284.1,1,2022/10/18 06:45:00,48.15,21.24,74.0,63,0,52,7,4,0,0,0,0,0,0,0
533967_00532_11490_0,284.1,1,2022/10/18 07:00:00,48.52,21.08,94.0,79,0,64,10,5,0,0,0,0,0,0,0
533967_00532_11490_0,284.1,1,2022/10/18 07:15:00,48.07,21.28,128.0,109,0,90,14,5,0,0,0,0,0,0,0
533967_00532_11490_0,284.1,1,2022/10/18 07:30:00,48.16,21.24,133.0,123,0,113,4,6,0,0,0,0,0,0,0
533967_00532_11490_0,284.1,1,2022/10/18 07:45:00,48.49,21.09,154.0,142,0,130,5,7,0,0,0,0,0,0,0
533967_00532_11490_0,284.1,1,2022/10/18 08:00:00,48.01,21.30,154.0,132,0,110,15,7,0,0,0,0,0,0,0
533967_00532_11490_0,284.1,1,2022/10/18 08:15:00,47.34,21.60,135.0,126,0,117,9,0,0,0,0,0,0,0,0
533967_00532_11490_0,284.1,1,2022/10/18 08:30:00,47.14,21.69,168.0,140,0,112,24,4,0,0,0,0,0,0,0
533967_00532_11490_0,284.1,1,2022/10/18 08:45:00,48.53,21.08,143.0,120,0,97,16,7,0,0,0,0,0,0,0
533967_00532_11490_0,284.1,1,2022/10/18 09:00:00,48.26,21.19,164.0,135,0,106,24,5,0,0,0,0,0,0,0
533967_00532_11490_0,284.1,1,2022/10/18 09:15:00,48.62,21.04,129.0,111,0,93,13,5,0,0,0,0,0,0,0
533967_00532_11490_0,284.1,1,2022/10/18 09:30:00,48.33,21.16,144.0,123,0,102,17,4,0,0,0,0,0,0,0
533967_00532_11490_0,284.1,1,2022/10/18 09:45:00,47.71,21.44,138.0,110,0,82,24,4,0,0,0,0,0,0,0
533967_00532_11490_0,284.1,1,2022/10/18 10:00:00,47.95,21.33,151.0,121,0,91,22,8,0,0,0,0,0,0,0
533967_00532_11490_0,284.1,1,2022/10/18 10:15:00,49.02,20.86,121.0,101,0,81,17,3,0,0,0,0,0,0,0
533967_00532_11490_0,284.1,1,2022/10/18 10:30:00,48.46,21.11,141.0,114,0,87,21,6,0,0,0,0,0,0,0
533967_00532_11490_0,284.1,1,2022/10/18 10:45:00,48.03,21.29,134.0,110,0,86,20,4,0,0,0,0,0,0,0
533967_00532_11490_0,284.1,1,2022/10/18 11:00:00,47.91,21.34,140.0,119,0,98,18,3,0,0,0,0,0,0,0
533967_00532_11490_0,284.1,1,2022/10/18 11:15:00,48.28,21.18,115.0,88,0,61,22,5,0,0,0,0,0,0,0
533967_00532_11490_0,284.1,1,2022/10/18 11:30:00,48.72,20.99,162.0,130,0,98,28,4,0,0,0,0,0,0,0
533967_00532_11490_0,284.1,1,2022/10/18 11:45:00,48.26,21.19,129.0,104,0,79,21,4,0,0,0,0,0,0,0
533967_00532_11490_0,284.1,1,2022/10/18 12:00:00,48.42,21.12,153.0,141,0,129,8,4,0,0,0,0,0,0,0
533967_00532_11490_0,284.1,1,2022/10/18 12:15:00,48.58,21.05,160.0,138,0,116,15,7,0,0,0,0,0,0,0
533967_00532_11490_0,284.1,1,2022/10/18 12:30:00,48.21,21.21,139.0,118,0,97,17,4,0,0,0,0,0,0,0
533967_00532_11490_0,284.1,1,2022/10/18 12:45:00,48.26,21.19,115.0,95,0,75,10,10,0,0,0,0,0,0,0
533967_00532_11490_0,284.1,1,2022/10/18 13:00:00,48.44,21.11,156.0,133,0,110,19,4,0,0,0,0,0,0,0
533967_00532_11490_0,284.1,1,2022/10/18 13:15:00,47.74,21.42,129.0,102,0,75,25,2,0,0,0,0,0,0,0
533967_00532_11490_0,284.1,1,2022/10/18 13:30:00,48.38,21.14,122.0,108,0,94,9,5,0,0,0,0,0,0,0
533967_00532_11490_0,284.1,1,2022/10/18 13:45:00,48.57,21.05,90.0,73,0,56,14,3,0,0,0,0,0,0,0
533967_00532_11490_0,284.1,1,2022/10/18 14:00:00,48.36,21.15,121.0,102,0,83,16,3,0,0,0,0,0,0,0
533967_00532_11490_0,284.1,1,2022/10/18 14:15:00,47.89,21.36,120.0,112,0,104,8,0,0,0,0,0,0,0,0
533967_00532_11490_0,284.1,1,2022/10/18 14:30:00,48.12,21.25,142.0,122,0,102,15,5,0,0,0,0,0,0,0
533967_00532_11490_0,284.1,1,2022/10/18 14:45:00,48.37,21.14,106.0,97,0,88,4,5,0,0,0,0,0,0,0
533967_00532_11490_0,284.1,1,2022/10/18 15:00:00,48.44,21.11,118.0,106,0,94,6,6,0,0,0,0,0,0,0
533967_00532_11490_0,284.1,1,2022/10/18 15:15:00,48.30,21.17,111.0,99,0,87,7,5,0,0,0,0,0,0,0
533967_00532_11490_0,284.1,1,2022/10/18 15:30:00,48.89,20.92,132.0,109,0,86,11,12,0,0,0,0,0,0,0
533967_00532_11490_0,284.1,1,2022/10/18 15:45:00,48.99,20.88,116.0,105,0,94,8,3,0,0,0,0,0,0,0
533967_00532_11490_0,284.1,1,2022/10/18 16:00:00,48.47,21.10,157.0,139,0,121,15,3,0,0,0,0,0,0,0
533967_00532_11490_0,284.1,1,2022/10/18 16:15:00,48.09,21.27,151.0,135,0,119,12,4,0,0,0,0,0,0,0
533967_00532_11490_0,284.1,1,2022/10/18 16:30:00,48.67,21.02,148.0,133,0,118,6,9,0,0,0,0,0,0,0
533967_00532_11490_0,284.1,1,2022/10/18 16:45:00,48.04,21.29,149.0,136,0,123,9,4,0,0,0,0,0,0,0
533967_00532_11490_0,284.1,1,2022/10/18 17:00:00,48.30,21.17,170.0,151,0,132,17,2,0,0,0,0,0,0,0
533967_00532_11490_0,284.1,1,2022/10/18 17:15:00,47.82,21.39,151.0,139,0,127,6,6,0,0,0,0,0,0,0
533967_00532_11490_0,284.1,1,2022/10/18 17:30:00,48.76,20.98,135.0,120,0,105,10,5,0,0,0,0,0,0,0
533967_00532_11490_0,284.1,1,2022/10/18 17:45:00,48.81,20.95,96.0,88,0,80,6,2,0,0,0,0,0,0,0
533967_00532_11490_0,284.1,1,2022/10/18 18:00:00,48.68,21.01,128.0,123,0,118,4,1,0,0,0,0,0,0,0
533967_00532_11490_0,284.1,1,2022/10/18 18:15:00,49.00,20.87,140.0,134,0,128,2,4,0,0,0,0,0,0,0
533967_00532_11490_0,284.1,1,2022/10/18 18:30:00,48.68,21.01,119.0,104,0,89,10,5,0,0,0,0,0,0,0
533967_00532_11490_0,284.1,1,2022/10/18 18:45:00,48.65,21.02,113.0,102,0,91,4,7,0,0,0,0,0,0,0
533967_00532_11490_1,283.1,1,2022/10/18 06:30:00,25.50,39.96,154.0,136,0,118,11,7,0,0,0,0,0,0,0
533967_00532_11490_1,283.1,1,2022/10/18 06:45:00,24.76,41.17,121.0,112,0,103,3,6,0,0,0,0,0,0,0
533967_00532_11490_1,283.1,1,2022/10/18 07:00:00,30.38,33.55,145.0,132,0,119,8,5,0,0,0,0,0,0,0
533967_00532_11490_1,283.1,1,2022/10/18 07:15:00,29.58,34.46,145.0,129,0,113,10,6,0,0,0,0,0,0,0
533967_00532_11490_1,283.1,1,2022/10/18 07:30:00,25.97,39.25,138.0,126,0,114,8,4,0,0,0,0,0,0,0
533967_00532_11490_1,283.1,1,2022/10/18 07:45:00,26.67,38.21,150.0,142,0,134,4,4,0,0,0,0,0,0,0
533967_00532_11490_1,283.1,1,2022/10/18 08:00:00,25.79,39.52,153.0,132,0,111,18,3,0,0,0,0,0,0,0
533967_00532_11490_1,283.1,1,2022/10/18 08:15:00,25.35,40.20,156.0,142,0,128,8,6,0,0,0,0,0,0,0
533967_00532_11490_1,283.1,1,2022/10/18 08:30:00,26.54,38.40,154.0,136,0,118,15,3,0,0,0,0,0,0,0
533967_00532_11490_1,283.1,1,2022/10/18 08:45:00,23.14,44.04,177.0,153,0,129,18,6,0,0,0,0,0,0,0
533967_00532_11490_1,283.1,1,2022/10/18 09:00:00,26.43,38.57,122.0,106,0,90,16,0,0,0,0,0,0,0,0
533967_00532_11490_1,283.1,1,2022/10/18 09:15:00,25.57,39.86,144.0,123,0,102,18,3,0,0,0,0,0,0,0
533967_00532_11490_1,283.1,1,2022/10/18 09:30:00,24.02,42.43,195.0,167,0,139,24,4,0,0,0,0,0,0,0
533967_00532_11490_1,283.1,1,2022/10/18 09:45:00,25.36,40.19,124.0,101,0,78,21,2,0,0,0,0,0,0,0
533967_00532_11490_1,283.1,1,2022/10/18 10:00:00,24.52,41.56,123.0,98,0,73,20,5,0,0,0,0,0,0,0
533967_00532_11490_1,283.1,1,2022/10/18 10:15:00,25.49,39.99,112.0,88,0,64,23,1,0,0,0,0,0,0,0
533967_00532_11490_1,283.1,1,2022/10/18 10:30:00,31.04,32.83,117.0,96,0,75,17,4,0,0,0,0,0,0,0
533967_00532_11490_1,283.1,1,2022/10/18 10:45:00,25.74,39.59,128.0,100,0,72,23,5,0,0,0,0,0,0,0
533967_00532_11490_1,283.1,1,2022/10/18 11:00:00,27.18,37.50,120.0,101,0,82,17,2,0,0,0,0,0,0,0
533967_00532_11490_1,283.1,1,2022/10/18 11:15:00,27.70,36.80,118.0,104,0,90,14,0,0,0,0,0,0,0,0
533967_00532_11490_1,283.1,1,2022/10/18 11:30:00,27.91,36.52,134.0,114,0,94,18,2,0,0,0,0,0,0,0
533967_00532_11490_1,283.1,1,2022/10/18 11:45:00,27.75,36.72,113.0,97,0,81,12,4,0,0,0,0,0,0,0
533967_00532_11490_1,283.1,1,2022/10/18 12:00:00,28.95,35.21,112.0,101,0,90,9,2,0,0,0,0,0,0,0
533967_00532_11490_1,283.1,1,2022/10/18 12:15:00,24.18,42.14,109.0,97,0,85,10,2,0,0,0,0,0,0,0
533967_00532_11490_1,283.1,1,2022/10/18 12:30:00,27.82,36.64,129.0,110,0,91,15,4,0,0,0,0,0,0,0
533967_00532_11490_1,283.1,1,2022/10/18 12:45:00,30.46,33.46,109.0,99,0,89,8,2,0,0,0,0,0,0,0
533967_00532_11490_1,283.1,1,2022/10/18 13:00:00,24.14,42.22,144.0,129,0,114,10,5,0,0,0,0,0,0,0
533967_00532_11490_1,283.1,1,2022/10/18 13:15:00,26.94,37.83,113.0,92,0,71,19,2,0,0,0,0,0,0,0
533967_00532_11490_1,283.1,1,2022/10/18 13:30:00,24.54,41.53,155.0,129,0,103,21,5,0,0,0,0,0,0,0
533967_00532_11490_1,283.1,1,2022/10/18 13:45:00,24.79,41.11,122.0,103,0,84,15,4,0,0,0,0,0,0,0
533967_00532_11490_1,283.1,1,2022/10/18 14:00:00,27.17,37.51,152.0,133,0,114,16,3,0,0,0,0,0,0,0
533967_00532_11490_1,283.1,1,2022/10/18 14:15:00,22.59,45.13,162.0,151,0,140,7,4,0,0,0,0,0,0,0
533967_00532_11490_1,283.1,1,2022/10/18 14:30:00,29.16,34.95,123.0,101,0,79,20,2,0,0,0,0,0,0,0
533967_00532_11490_1,283.1,1,2022/10/18 14:45:00,22.57,45.15,120.0,104,0,88,10,6,0,0,0,0,0,0,0
533967_00532_11490_1,283.1,1,2022/10/18 15:00:00,21.60,47.18,105.0,93,0,81,10,2,0,0,0,0,0,0,0
533967_00532_11490_1,283.1,1,2022/10/18 15:15:00,24.88,40.97,136.0,115,0,94,16,5,0,0,0,0,0,0,0
533967_00532_11490_1,283.1,1,2022/10/18 15:30:00,25.19,40.46,132.0,114,0,96,17,1,0,0,0,0,0,0,0
533967_00532_11490_1,283.1,1,2022/10/18 15:45:00,26.60,38.31,115.0,97,0,79,13,5,0,0,0,0,0,0,0
533967_00532_11490_1,283.1,1,2022/10/18 16:00:00,25.70,39.66,117.0,103,0,89,12,2,0,0,0,0,0,0,0
533967_00532_11490_1,283.1,1,2022/10/18 16:15:00,26.79,38.05,112.0,104,0,96,6,2,0,0,0,0,0,0,0
533967_00532_11490_1,283.1,1,2022/10/18 16:30:00,29.01,35.14,83.0,73,0,63,8,2,0,0,0,0,0,0,0
533967_00532_11490_1,283.1,1,2022/10/18 16:45:00,26.49,38.48,122.0,108,0,94,9,5,0,0,0,0,0,0,0
533967_00532_11490_1,283.1,1,2022/10/18 17:00:00,26.50,38.46,104.0,93,0,82,6,5,0,0,0,0,0,0,0
533967_00532_11490_1,283.1,1,2022/10/18 17:15:00,26.95,37.82,123.0,113,0,103,8,2,0,0,0,0,0,0,0
533967_00532_11490_1,283.1,1,2022/10/18 17:30:00,29.34,34.74,111.0,108,0,105,3,0,0,0,0,0,0,0,0
533967_00532_11490_1,283.1,1,2022/10/18 17:45:00,27.73,36.75,114.0,109,0,104,4,1,0,0,0,0,0,0,0
533967_00532_11490_1,283.1,1,2022/10/18 18:00:00,28.50,35.76,87.0,79,0,71,4,4,0,0,0,0,0,0,0
533967_00532_11490_1,283.1,1,2022/10/18 18:15:00,28.89,35.28,91.0,90,0,89,0,1,0,0,0,0,0,0,0
533967_00532_11490_1,283.1,1,2022/10/18 18:30:00,29.58,34.46,66.0,65,0,64,1,0,0,0,0,0,0,0,0
533967_00532_11490_1,283.1,1,2022/10/18 18:45:00,25.77,39.55,92.0,84,0,76,4,4,0,0,0,0,0,0,0
533967_00532_11497_0,89.2,1,2022/10/18 06:30:00,43.49,7.38,13.0,13,0,13,0,0,0,0,0,0,0,0,0
533967_00532_11497_0,89.2,1,2022/10/18 06:45:00,41.98,7.65,20.0,20,0,20,0,0,0,0,0,0,0,0,0
533967_00532_11497_0,89.2,1,2022/10/18 07:00:00,44.84,7.16,37.0,37,0,37,0,0,0,0,0,0,0,0,0
533967_00532_11497_0,89.2,1,2022/10/18 07:15:00,47.90,6.70,27.0,27,0,27,0,0,0,0,0,0,0,0,0
533967_00532_11497_0,89.2,1,2022/10/18 07:30:00,45.26,7.10,53.0,42,0,31,11,0,0,0,0,0,0,0,0
533967_00532_11497_0,89.2,1,2022/10/18 07:45:00,44.72,7.18,58.0,55,0,52,3,0,0,0,0,0,0,0,0
533967_00532_11497_0,89.2,1,2022/10/18 08:00:00,45.88,7.00,51.0,43,0,35,8,0,0,0,0,0,0,0,0
533967_00532_11497_0,89.2,1,2022/10/18 08:15:00,44.77,7.17,53.0,52,0,51,1,0,0,0,0,0,0,0,0
533967_00532_11497_0,89.2,1,2022/10/18 08:30:00,40.14,8.00,9.0,7,0,5,2,0,0,0,0,0,0,0,0
533967_00532_11497_0,89.2,1,2022/10/18 08:45:00,-1.00,-1.00,0.0,0,0,0,0,0,0,0,0,0,0,0,0
533967_00532_11497_0,89.2,1,2022/10/18 09:00:00,45.88,7.00,3.0,3,0,3,0,0,0,0,0,0,0,0,0
533967_00532_11497_0,89.2,1,2022/10/18 09:15:00,47.23,6.80,10.0,10,0,10,0,0,0,0,0,0,0,0,0
533967_00532_11497_0,89.2,1,2022/10/18 09:30:00,45.72,7.02,44.0,41,0,38,3,0,0,0,0,0,0,0,0
533967_00532_11497_0,89.2,1,2022/10/18 09:45:00,45.41,7.07,15.0,14,0,13,1,0,0,0,0,0,0,0,0
533967_00532_11497_0,89.2,1,2022/10/18 10:00:00,45.02,7.13,32.0,30,0,28,0,2,0,0,0,0,0,0,0
533967_00532_11497_0,89.2,1,2022/10/18 10:15:00,47.58,6.75,12.0,12,0,12,0,0,0,0,0,0,0,0,0
533967_00532_11497_0,89.2,1,2022/10/18 10:30:00,-1.00,-1.00,0.0,0,0,0,0,0,0,0,0,0,0,0,0
533967_00532_11497_0,89.2,1,2022/10/18 10:45:00,44.47,7.22,9.0,9,0,9,0,0,0,0,0,0,0,0,0
533967_00532_11497_0,89.2,1,2022/10/18 11:00:00,44.29,7.25,4.0,4,0,4,0,0,0,0,0,0,0,0,0
533967_00532_11497_0,89.2,1,2022/10/18 11:15:00,44.93,7.15,61.0,61,0,61,0,0,0,0,0,0,0,0,0
533967_00532_11497_0,89.2,1,2022/10/18 11:30:00,47.10,6.82,11.0,11,0,11,0,0,0,0,0,0,0,0,0
533967_00532_11497_0,89.2,1,2022/10/18 11:45:00,47.00,6.83,6.0,6,0,6,0,0,0,0,0,0,0,0,0
533967_00532_11497_0,89.2,1,2022/10/18 12:00:00,45.88,7.00,10.0,10,0,10,0,0,0,0,0,0,0,0,0
533967_00532_11497_0,89.2,1,2022/10/18 12:15:00,45.88,7.00,4.0,2,0,0,2,0,0,0,0,0,0,0,0
533967_00532_11497_0,89.2,1,2022/10/18 12:30:00,46.21,6.95,20.0,20,0,20,0,0,0,0,0,0,0,0,0
533967_00532_11497_0,89.2,1,2022/10/18 12:45:00,47.00,6.83,18.0,18,0,18,0,0,0,0,0,0,0,0,0
533967_00532_11497_0,89.2,1,2022/10/18 13:00:00,46.43,6.92,12.0,12,0,12,0,0,0,0,0,0,0,0,0
533967_00532_11497_0,89.2,1,2022/10/18 13:15:00,43.79,7.33,3.0,3,0,3,0,0,0,0,0,0,0,0,0
533967_00532_11497_0,89.2,1,2022/10/18 13:30:00,44.81,7.17,48.0,48,0,48,0,0,0,0,0,0,0,0,0
533967_00532_11497_0,89.2,1,2022/10/18 13:45:00,44.74,7.18,28.0,28,0,28,0,0,0,0,0,0,0,0,0
533967_00532_11497_0,89.2,1,2022/10/18 14:00:00,44.60,7.20,20.0,20,0,20,0,0,0,0,0,0,0,0,0
533967_00532_11497_0,89.2,1,2022/10/18 14:15:00,45.88,7.00,1.0,1,0,1,0,0,0,0,0,0,0,0,0
533967_00532_11497_0,89.2,1,2022/10/18 14:30:00,-1.00,-1.00,0.0,0,0,0,0,0,0,0,0,0,0,0,0
533967_00532_11497_0,89.2,1,2022/10/18 14:45:00,48.17,6.67,18.0,9,0,0,9,0,0,0,0,0,0,0,0
533967_00532_11497_0,89.2,1,2022/10/18 15:00:00,46.77,6.87,17.0,15,0,13,2,0,0,0,0,0,0,0,0
533967_00532_11497_0,89.2,1,2022/10/18 15:15:00,49.41,6.50,11.0,8,0,5,3,0,0,0,0,0,0,0,0
533967_00532_11497_0,89.2,1,2022/10/18 15:30:00,51.38,6.25,8.0,4,0,0,4,0,0,0,0,0,0,0,0
533967_00532_11497_0,89.2,1,2022/10/18 15:45:00,46.83,6.86,15.0,14,0,13,1,0,0,0,0,0,0,0,0
533967_00532_11497_0,89.2,1,2022/10/18 16:00:00,45.58,7.05,32.0,22,0,12,10,0,0,0,0,0,0,0,0
533967_00532_11497_0,89.2,1,2022/10/18 16:15:00,42.82,7.50,14.0,12,0,10,2,0,0,0,0,0,0,0,0
533967_00532_11497_0,89.2,1,2022/10/18 16:30:00,47.89,6.71,17.0,17,0,17,0,0,0,0,0,0,0,0,0
533967_00532_11497_0,89.2,1,2022/10/18 16:45:00,47.23,6.80,8.0,5,0,2,0,3,0,0,0,0,0,0,0
533967_00532_11497_0,89.2,1,2022/10/18 17:00:00,44.81,7.17,19.0,18,0,17,0,1,0,0,0,0,0,0,0
533967_00532_11497_0,89.2,1,2022/10/18 17:15:00,44.43,7.23,22.0,22,0,22,0,0,0,0,0,0,0,0,0
533967_00532_11497_0,89.2,1,2022/10/18 17:30:00,45.24,7.10,51.0,51,0,51,0,0,0,0,0,0,0,0,0
533967_00532_11497_0,89.2,1,2022/10/18 17:45:00,44.89,7.15,26.0,26,0,26,0,0,0,0,0,0,0,0,0
533967_00532_11497_0,89.2,1,2022/10/18 18:00:00,44.81,7.17,18.0,18,0,18,0,0,0,0,0,0,0,0,0
533967_00532_11497_0,89.2,1,2022/10/18 18:15:00,48.17,6.67,15.0,15,0,15,0,0,0,0,0,0,0,0,0
533967_00532_11497_0,89.2,1,2022/10/18 18:30:00,46.09,6.97,31.0,31,0,31,0,0,0,0,0,0,0,0,0
533967_00532_11497_0,89.2,1,2022/10/18 18:45:00,43.21,7.43,37.0,37,0,37,0,0,0,0,0,0,0,0,0
533967_00532_11497_1,90.0,1,2022/10/18 06:30:00,9.06,35.76,37.0,37,0,37,0,0,0,0,0,0,0,0,0
533967_00532_11497_1,90.0,1,2022/10/18 06:45:00,8.03,40.36,36.0,36,0,36,0,0,0,0,0,0,0,0,0
533967_00532_11497_1,90.0,1,2022/10/18 07:00:00,11.31,28.65,34.0,34,0,34,0,0,0,0,0,0,0,0,0
533967_00532_11497_1,90.0,1,2022/10/18 07:15:00,6.81,47.59,34.0,34,0,34,0,0,0,0,0,0,0,0,0
533967_00532_11497_1,90.0,1,2022/10/18 07:30:00,11.15,29.06,34.0,31,0,28,3,0,0,0,0,0,0,0,0
533967_00532_11497_1,90.0,1,2022/10/18 07:45:00,6.00,54.00,30.0,30,0,30,0,0,0,0,0,0,0,0,0
533967_00532_11497_1,90.0,1,2022/10/18 08:00:00,7.27,44.58,36.0,36,0,36,0,0,0,0,0,0,0,0,0
533967_00532_11497_1,90.0,1,2022/10/18 08:15:00,8.58,37.75,58.0,55,0,52,3,0,0,0,0,0,0,0,0
533967_00532_11497_1,90.0,1,2022/10/18 08:30:00,6.77,47.88,50.0,50,0,50,0,0,0,0,0,0,0,0,0
533967_00532_11497_1,90.0,1,2022/10/18 08:45:00,9.70,33.39,35.0,31,0,27,4,0,0,0,0,0,0,0,0
533967_00532_11497_1,90.0,1,2022/10/18 09:00:00,7.94,40.81,32.0,31,0,30,0,1,0,0,0,0,0,0,0
533967_00532_11497_1,90.0,1,2022/10/18 09:15:00,7.86,41.21,24.0,24,0,24,0,0,0,0,0,0,0,0,0
533967_00532_11497_1,90.0,1,2022/10/18 09:30:00,6.69,48.40,30.0,30,0,30,0,0,0,0,0,0,0,0,0
533967_00532_11497_1,90.0,1,2022/10/18 09:45:00,7.73,41.91,32.0,32,0,32,0,0,0,0,0,0,0,0,0
533967_00532_11497_1,90.0,1,2022/10/18 10:00:00,8.10,40.00,40.0,37,0,34,3,0,0,0,0,0,0,0,0
533967_00532_11497_1,90.0,1,2022/10/18 10:15:00,7.15,45.31,30.0,29,0,28,1,0,0,0,0,0,0,0,0
533967_00532_11497_1,90.0,1,2022/10/18 10:30:00,12.85,25.22,32.0,32,0,32,0,0,0,0,0,0,0,0,0
533967_00532_11497_1,90.0,1,2022/10/18 10:45:00,12.86,25.20,20.0,20,0,20,0,0,0,0,0,0,0,0,0
533967_00532_11497_1,90.0,1,2022/10/18 11:00:00,9.64,33.60,20.0,20,0,20,0,0,0,0,0,0,0,0,0
533967_00532_11497_1,90.0,1,2022/10/18 11:15:00,9.99,32.44,25.0,25,0,25,0,0,0,0,0,0,0,0,0
533967_00532_11497_1,90.0,1,2022/10/18 11:30:00,8.53,38.00,28.0,28,0,28,0,0,0,0,0,0,0,0,0
533967_00532_11497_1,90.0,1,2022/10/18 11:45:00,11.24,28.82,27.0,22,0,17,5,0,0,0,0,0,0,0,0
533967_00532_11497_1,90.0,1,2022/10/18 12:00:00,11.57,28.00,19.0,19,0,19,0,0,0,0,0,0,0,0,0
533967_00532_11497_1,90.0,1,2022/10/18 12:15:00,10.15,31.91,22.0,22,0,22,0,0,0,0,0,0,0,0,0
533967_00532_11497_1,90.0,1,2022/10/18 12:30:00,8.73,37.12,20.0,17,0,14,3,0,0,0,0,0,0,0,0
533967_00532_11497_1,90.0,1,2022/10/18 12:45:00,9.51,34.07,14.0,14,0,14,0,0,0,0,0,0,0,0,0
533967_00532_11497_1,90.0,1,2022/10/18 13:00:00,9.18,35.28,18.0,18,0,18,0,0,0,0,0,0,0,0,0
533967_00532_11497_1,90.0,1,2022/10/18 13:15:00,10.68,30.33,12.0,12,0,12,0,0,0,0,0,0,0,0,0
533967_00532_11497_1,90.0,1,2022/10/18 13:30:00,10.12,32.00,13.0,13,0,13,0,0,0,0,0,0,0,0,0
533967_00532_11497_1,90.0,1,2022/10/18 13:45:00,10.05,32.25,16.0,16,0,16,0,0,0,0,0,0,0,0,0
533967_00532_11497_1,90.0,1,2022/10/18 14:00:00,11.48,28.21,14.0,14,0,14,0,0,0,0,0,0,0,0,0
533967_00532_11497_1,90.0,1,2022/10/18 14:15:00,8.32,38.96,25.0,23,0,21,2,0,0,0,0,0,0,0,0
533967_00532_11497_1,90.0,1,2022/10/18 14:30:00,9.13,35.50,26.0,26,0,26,0,0,0,0,0,0,0,0,0
533967_00532_11497_1,90.0,1,2022/10/18 14:45:00,14.89,21.75,17.0,16,0,15,0,1,0,0,0,0,0,0,0
533967_00532_11497_1,90.0,1,2022/10/18 15:00:00,7.62,42.50,18.0,18,0,18,0,0,0,0,0,0,0,0,0
533967_00532_11497_1,90.0,1,2022/10/18 15:15:00,9.46,34.25,12.0,12,0,12,0,0,0,0,0,0,0,0,0
533967_00532_11497_1,90.0,1,2022/10/18 15:30:00,9.44,34.33,17.0,15,0,13,0,2,0,0,0,0,0,0,0
533967_00532_11497_1,90.0,1,2022/10/18 15:45:00,8.05,40.22,18.0,18,0,18,0,0,0,0,0,0,0,0,0
533967_00532_11497_1,90.0,1,2022/10/18 16:00:00,8.94,36.22,27.0,27,0,27,0,0,0,0,0,0,0,0,0
533967_00532_11497_1,90.0,1,2022/10/18 16:15:00,9.05,35.78,23.0,23,0,23,0,0,0,0,0,0,0,0,0
533967_00532_11497_1,90.0,1,2022/10/18 16:30:00,8.92,36.30,33.0,33,0,33,0,0,0,0,0,0,0,0,0
533967_00532_11497_1,90.0,1,2022/10/18 16:45:00,9.14,35.46,24.0,24,0,24,0,0,0,0,0,0,0,0,0
533967_00532_11497_1,90.0,1,2022/10/18 17:00:00,8.50,38.12,34.0,34,0,34,0,0,0,0,0,0,0,0,0
533967_00532_11497_1,90.0,1,2022/10/18 17:15:00,7.78,41.66,29.0,29,0,29,0,0,0,0,0,0,0,0,0
533967_00532_11497_1,90.0,1,2022/10/18 17:30:00,7.53,43.05,21.0,21,0,21,0,0,0,0,0,0,0,0,0
533967_00532_11497_1,90.0,1,2022/10/18 17:45:00,8.02,40.41,22.0,22,0,22,0,0,0,0,0,0,0,0,0
533967_00532_11497_1,90.0,1,2022/10/18 18:00:00,7.79,41.58,24.0,24,0,24,0,0,0,0,0,0,0,0,0
533967_00532_11497_1,90.0,1,2022/10/18 18:15:00,7.51,43.16,19.0,19,0,19,0,0,0,0,0,0,0,0,0
533967_00532_11497_1,90.0,1,2022/10/18 18:30:00,12.88,25.14,14.0,14,0,14,0,0,0,0,0,0,0,0,0
533967_00532_11497_1,90.0,1,2022/10/18 18:45:00,8.92,36.32,22.0,22,0,22,0,0,0,0,0,0,0,0,0
533967_00533_11502_0,55.6,1,2022/10/18 06:30:00,30.77,6.50,2.0,2,0,2,0,0,0,0,0,0,0,0,0
533967_00533_11502_0,55.6,1,2022/10/18 06:45:00,32.88,6.08,12.0,12,0,12,0,0,0,0,0,0,0,0,0
533967_00533_11502_0,55.6,1,2022/10/18 07:00:00,32.97,6.07,15.0,15,0,15,0,0,0,0,0,0,0,0,0
533967_00533_11502_0,55.6,1,2022/10/18 07:15:00,32.54,6.15,45.0,41,0,37,0,4,0,0,0,0,0,0,0
533967_00533_11502_0,55.6,1,2022/10/18 07:30:00,32.91,6.08,15.0,13,0,11,0,2,0,0,0,0,0,0,0
533967_00533_11502_0,55.6,1,2022/10/18 07:45:00,30.00,6.67,6.0,3,0,0,0,3,0,0,0,0,0,0,0
533967_00533_11502_0,55.6,1,2022/10/18 08:00:00,32.14,6.22,20.0,18,0,16,0,2,0,0,0,0,0,0,0
533967_00533_11502_0,55.6,1,2022/10/18 08:15:00,33.01,6.06,37.0,34,0,31,0,3,0,0,0,0,0,0,0
533967_00533_11502_0,55.6,1,2022/10/18 08:30:00,32.79,6.10,55.0,50,0,45,3,2,0,0,0,0,0,0,0
533967_00533_11502_0,55.6,1,2022/10/18 08:45:00,32.65,6.12,83.0,80,0,77,0,3,0,0,0,0,0,0,0
533967_00533_11502_0,55.6,1,2022/10/18 09:00:00,32.08,6.24,34.0,34,0,34,0,0,0,0,0,0,0,0,0
533967_00533_11502_0,55.6,1,2022/10/18 09:15:00,32.79,6.10,66.0,60,0,54,6,0,0,0,0,0,0,0,0
533967_00533_11502_0,55.6,1,2022/10/18 09:30:00,32.72,6.11,57.0,53,0,49,1,3,0,0,0,0,0,0,0
533967_00533_11502_0,55.6,1,2022/10/18 09:45:00,32.79,6.10,32.0,30,0,28,0,2,0,0,0,0,0,0,0
533967_00533_11502_0,55.6,1,2022/10/18 10:00:00,32.30,6.19,30.0,26,0,22,3,1,0,0,0,0,0,0,0
533967_00533_11502_0,55.6,1,2022/10/18 10:15:00,32.71,6.11,36.0,35,0,34,1,0,0,0,0,0,0,0,0
533967_00533_11502_0,55.6,1,2022/10/18 10:30:00,32.68,6.12,61.0,58,0,55,0,3,0,0,0,0,0,0,0
533967_00533_11502_0,55.6,1,2022/10/18 10:45:00,32.73,6.11,32.0,27,0,22,0,5,0,0,0,0,0,0,0
533967_00533_11502_0,55.6,1,2022/10/18 11:00:00,33.08,6.05,43.0,43,0,43,0,0,0,0,0,0,0,0,0
533967_00533_11502_0,55.6,1,2022/10/18 11:15:00,33.00,6.06,50.0,50,0,50,0,0,0,0,0,0,0,0,0
533967_00533_11502_0,55.6,1,2022/10/18 11:30:00,32.66,6.12,82.0,81,0,80,0,1,0,0,0,0,0,0,0
533967_00533_11502_0,55.6,1,2022/10/18 11:45:00,32.32,6.19,36.0,32,0,28,0,4,0,0,0,0,0,0,0
533967_00533_11502_0,55.6,1,2022/10/18 12:00:00,32.59,6.14,77.0,73,0,69,4,0,0,0,0,0,0,0,0
533967_00533_11502_0,55.6,1,2022/10/18 12:15:00,33.03,6.06,55.0,54,0,53,1,0,0,0,0,0,0,0,0
533967_00533_11502_0,55.6,1,2022/10/18 12:30:00,32.95,6.07,73.0,71,0,69,0,2,0,0,0,0,0,0,0
533967_00533_11502_0,55.6,1,2022/10/18 12:45:00,33.01,6.06,34.0,34,0,34,0,0,0,0,0,0,0,0,0
533967_00533_11502_0,55.6,1,2022/10/18 13:00:00,32.90,6.08,54.0,51,0,48,0,3,0,0,0,0,0,0,0
533967_00533_11502_0,55.6,1,2022/10/18 13:15:00,32.94,6.07,60.0,56,0,52,4,0,0,0,0,0,0,0,0
533967_00533_11502_0,55.6,1,2022/10/18 13:30:00,32.61,6.13,45.0,45,0,45,0,0,0,0,0,0,0,0,0
533967_00533_11502_0,55.6,1,2022/10/18 13:45:00,32.58,6.14,82.0,72,0,62,6,4,0,0,0,0,0,0,0
533967_00533_11502_0,55.6,1,2022/10/18 14:00:00,32.63,6.13,66.0,62,0,58,3,1,0,0,0,0,0,0,0
533967_00533_11502_0,55.6,1,2022/10/18 14:15:00,32.87,6.08,88.0,83,0,78,0,5,0,0,0,0,0,0,0
533967_00533_11502_0,55.6,1,2022/10/18 14:30:00,32.28,6.20,44.0,41,0,38,3,0,0,0,0,0,0,0,0
533967_00533_11502_0,55.6,1,2022/10/18 14:45:00,32.82,6.09,80.0,75,0,70,2,3,0,0,0,0,0,0,0
533967_00533_11502_0,55.6,1,2022/10/18 15:00:00,32.92,6.08,85.0,80,0,75,0,5,0,0,0,0,0,0,0
533967_00533_11502_0,55.6,1,2022/10/18 15:15:00,33.09,6.04,72.0,67,0,62,0,5,0,0,0,0,0,0,0
533967_00533_11502_0,55.6,1,2022/10/18 15:30:00,33.23,6.02,53.0,53,0,53,0,0,0,0,0,0,0,0,0
533967_00533_11502_0,55.6,1,2022/10/18 15:45:00,32.53,6.15,50.0,47,0,44,0,3,0,0,0,0,0,0,0
533967_00533_11502_0,55.6,1,2022/10/18 16:00:00,32.59,6.14,52.0,51,0,50,0,1,0,0,0,0,0,0,0
533967_00533_11502_0,55.6,1,2022/10/18 16:15:00,32.72,6.11,64.0,62,0,60,0,2,0,0,0,0,0,0,0
533967_00533_11502_0,55.6,1,2022/10/18 16:30:00,32.97,6.07,48.0,46,0,44,0,2,0,0,0,0,0,0,0
533967_00533_11502_0,55.6,1,2022/10/18 16:45:00,32.69,6.12,70.0,68,0,66,0,2,0,0,0,0,0,0,0
533967_00533_11502_0,55.6,1,2022/10/18 17:00:00,32.54,6.15,59.0,55,0,51,0,4,0,0,0,0,0,0,0
533967_00533_11502_0,55.6,1,2022/10/18 17:15:00,32.84,6.09,24.0,22,0,20,0,2,0,0,0,0,0,0,0
533967_00533_11502_0,55.6,1,2022/10/18 17:30:00,32.83,6.09,54.0,54,0,54,0,0,0,0,0,0,0,0,0
533967_00533_11502_0,55.6,1,2022/10/18 17:45:00,32.84,6.09,66.0,66,0,66,0,0,0,0,0,0,0,0,0
533967_00533_11502_0,55.6,1,2022/10/18 18:00:00,32.60,6.14,61.0,59,0,57,0,2,0,0,0,0,0,0,0
533967_00533_11502_0,55.6,1,2022/10/18 18:15:00,32.78,6.10,90.0,89,0,88,0,1,0,0,0,0,0,0,0
533967_00533_11502_0,55.6,1,2022/10/18 18:30:00,32.52,6.15,64.0,60,0,56,4,0,0,0,0,0,0,0,0
533967_00533_11502_0,55.6,1,2022/10/18 18:45:00,32.66,6.12,61.0,57,0,53,0,4,0,0,0,0,0,0,0
533967_00533_11502_1,76.1,1,2022/10/18 06:30:00,44.93,6.10,63.0,59,0,55,3,1,0,0,0,0,0,0,0
533967_00533_11502_1,76.1,1,2022/10/18 06:45:00,45.08,6.08,42.0,37,0,32,2,3,0,0,0,0,0,0,0
533967_00533_11502_1,76.1,1,2022/10/18 07:00:00,43.66,6.28,66.0,61,0,56,3,2,0,0,0,0,0,0,0
533967_00533_11502_1,76.1,1,2022/10/18 07:15:00,43.86,6.25,80.0,72,0,64,5,3,0,0,0,0,0,0,0
533967_00533_11502_1,76.1,1,2022/10/18 07:30:00,44.41,6.17,75.0,75,0,75,0,0,0,0,0,0,0,0,0
533967_00533_11502_1,76.1,1,2022/10/18 07:45:00,44.13,6.21,55.0,52,0,49,0,3,0,0,0,0,0,0,0
533967_00533_11502_1,76.1,1,2022/10/18 08:00:00,41.82,6.55,101.0,92,0,83,6,3,0,0,0,0,0,0,0
533967_00533_11502_1,76.1,1,2022/10/18 08:15:00,44.74,6.13,81.0,79,0,77,0,2,0,0,0,0,0,0,0
533967_00533_11502_1,76.1,1,2022/10/18 08:30:00,42.11,6.51,106.0,96,0,86,5,5,0,0,0,0,0,0,0
533967_00533_11502_1,76.1,1,2022/10/18 08:45:00,44.47,6.16,67.0,67,0,67,0,0,0,0,0,0,0,0,0
533967_00533_11502_1,76.1,1,2022/10/18 09:00:00,44.03,6.23,79.0,71,0,63,4,4,0,0,0,0,0,0,0
533967_00533_11502_1,76.1,1,2022/10/18 09:15:00,45.69,6.00,61.0,58,0,55,0,3,0,0,0,0,0,0,0
533967_00533_11502_1,76.1,1,2022/10/18 09:30:00,44.51,6.16,75.0,69,0,63,4,2,0,0,0,0,0,0,0
533967_00533_11502_1,76.1,1,2022/10/18 09:45:00,44.70,6.13,64.0,60,0,56,4,0,0,0,0,0,0,0,0
533967_00533_11502_1,76.1,1,2022/10/18 10:00:00,45.30,6.05,80.0,77,0,74,0,3,0,0,0,0,0,0,0
533967_00533_11502_1,76.1,1,2022/10/18 10:15:00,45.02,6.09,67.0,67,0,67,0,0,0,0,0,0,0,0,0
533967_00533_11502_1,76.1,1,2022/10/18 10:30:00,47.74,5.74,71.0,66,0,61,2,3,0,0,0,0,0,0,0
533967_00533_11502_1,76.1,1,2022/10/18 10:45:00,44.61,6.15,64.0,55,0,46,5,4,0,0,0,0,0,0,0
533967_00533_11502_1,76.1,1,2022/10/18 11:00:00,46.56,5.89,74.0,71,0,68,1,2,0,0,0,0,0,0,0
533967_00533_11502_1,76.1,1,2022/10/18 11:15:00,43.89,6.25,72.0,61,0,50,10,1,0,0,0,0,0,0,0
533967_00533_11502_1,76.1,1,2022/10/18 11:30:00,47.85,5.73,62.0,59,0,56,0,3,0,0,0,0,0,0,0
533967_00533_11502_1,76.1,1,2022/10/18 11:45:00,45.36,6.04,50.0,46,0,42,4,0,0,0,0,0,0,0,0
533967_00533_11502_1,76.1,1,2022/10/18 12:00:00,46.94,5.84,82.0,81,0,80,0,1,0,0,0,0,0,0,0
533967_00533_11502_1,76.1,1,2022/10/18 12:15:00,44.21,6.20,65.0,60,0,55,5,0,0,0,0,0,0,0,0
533967_00533_11502_1,76.1,1,2022/10/18 12:30:00,45.57,6.02,64.0,62,0,60,2,0,0,0,0,0,0,0,0
533967_00533_11502_1,76.1,1,2022/10/18 12:45:00,44.42,6.17,39.0,35,0,31,0,4,0,0,0,0,0,0,0
533967_00533_11502_1,76.1,1,2022/10/18 13:00:00,45.87,5.98,47.0,42,0,37,5,0,0,0,0,0,0,0,0
533967_00533_11502_1,76.1,1,2022/10/18 13:15:00,46.48,5.90,43.0,39,0,35,4,0,0,0,0,0,0,0,0
533967_00533_11502_1,76.1,1,2022/10/18 13:30:00,43.54,6.30,77.0,71,0,65,3,3,0,0,0,0,0,0,0
533967_00533_11502_1,76.1,1,2022/10/18 13:45:00,48.58,5.64,36.0,28,0,20,7,1,0,0,0,0,0,0,0
533967_00533_11502_1,76.1,1,2022/10/18 14:00:00,44.71,6.13,38.0,38,0,38,0,0,0,0,0,0,0,0,0
533967_00533_11502_1,76.1,1,2022/10/18 14:15:00,43.86,6.25,50.0,44,0,38,2,4,0,0,0,0,0,0,0
533967_00533_11502_1,76.1,1,2022/10/18 14:30:00,44.86,6.11,54.0,54,0,54,0,0,0,0,0,0,0,0,0
533967_00533_11502_1,76.1,1,2022/10/18 14:45:00,45.54,6.02,52.0,51,0,50,0,1,0,0,0,0,0,0,0
533967_00533_11502_1,76.1,1,2022/10/18 15:00:00,47.10,5.82,54.0,50,0,46,0,4,0,0,0,0,0,0,0
533967_00533_11502_1,76.1,1,2022/10/18 15:15:00,44.53,6.16,34.0,32,0,30,0,2,0,0,0,0,0,0,0
533967_00533_11502_1,76.1,1,2022/10/18 15:30:00,45.21,6.06,47.0,47,0,47,0,0,0,0,0,0,0,0,0
533967_00533_11502_1,76.1,1,2022/10/18 15:45:00,45.12,6.08,42.0,40,0,38,0,2,0,0,0,0,0,0,0
533967_00533_11502_1,76.1,1,2022/10/18 16:00:00,44.47,6.16,79.0,73,0,67,5,1,0,0,0,0,0,0,0
533967_00533_11502_1,76.1,1,2022/10/18 16:15:00,45.81,5.98,65.0,65,0,65,0,0,0,0,0,0,0,0,0
533967_00533_11502_1,76.1,1,2022/10/18 16:30:00,43.08,6.36,99.0,91,0,83,5,3,0,0,0,0,0,0,0
533967_00533_11502_1,76.1,1,2022/10/18 16:45:00,45.48,6.03,74.0,73,0,72,0,1,0,0,0,0,0,0,0
533967_00533_11502_1,76.1,1,2022/10/18 17:00:00,42.50,6.45,92.0,89,0,86,3,0,0,0,0,0,0,0,0
533967_00533_11502_1,76.1,1,2022/10/18 17:15:00,44.91,6.10,61.0,58,0,55,0,3,0,0,0,0,0,0,0
533967_00533_11502_1,76.1,1,2022/10/18 17:30:00,45.80,5.98,67.0,66,0,65,1,0,0,0,0,0,0,0,0
533967_00533_11502_1,76.1,1,2022/10/18 17:45:00,46.50,5.89,57.0,57,0,57,0,0,0,0,0,0,0,0,0
533967_00533_11502_1,76.1,1,2022/10/18 18:00:00,44.55,6.15,65.0,65,0,65,0,0,0,0,0,0,0,0,0
533967_00533_11502_1,76.1,1,2022/10/18 18:15:00,45.81,5.98,62.0,61,0,60,0,1,0,0,0,0,0,0,0
533967_00533_11502_1,76.1,1,2022/10/18 18:30:00,44.74,6.13,54.0,47,0,40,5,2,0,0,0,0,0,0,0
533967_00533_11502_1,76.1,1,2022/10/18 18:45:00,47.72,5.75,51.0,51,0,51,0,0,0,0,0,0,0,0,0
533967_00533_11503_0,186.6,1,2022/10/18 06:30:00,30.45,22.06,57.0,53,0,49,3,1,0,0,0,0,0,0,0
533967_00533_11503_0,186.6,1,2022/10/18 06:45:00,30.53,22.00,40.0,36,0,32,2,2,0,0,0,0,0,0,0
533967_00533_11503_0,186.6,1,2022/10/18 07:00:00,30.44,22.06,68.0,62,0,56,3,3,0,0,0,0,0,0,0
533967_00533_11503_0,186.6,1,2022/10/18 07:15:00,30.45,22.06,79.0,71,0,63,5,3,0,0,0,0,0,0,0
533967_00533_11503_0,186.6,1,2022/10/18 07:30:00,30.42,22.08,76.0,76,0,76,0,0,0,0,0,0,0,0,0
533967_00533_11503_0,186.6,1,2022/10/18 07:45:00,29.99,22.40,89.0,86,0,83,0,3,0,0,0,0,0,0,0
533967_00533_11503_0,186.6,1,2022/10/18 08:00:00,30.08,22.33,126.0,115,0,104,5,6,0,0,0,0,0,0,0
533967_00533_11503_0,186.6,1,2022/10/18 08:15:00,30.34,22.14,88.0,86,0,84,1,1,0,0,0,0,0,0,0
533967_00533_11503_0,186.6,1,2022/10/18 08:30:00,30.11,22.31,121.0,110,0,99,5,6,0,0,0,0,0,0,0
533967_00533_11503_0,186.6,1,2022/10/18 08:45:00,30.32,22.15,74.0,74,0,74,0,0,0,0,0,0,0,0,0
533967_00533_11503_0,186.6,1,2022/10/18 09:00:00,30.28,22.18,88.0,78,0,68,4,6,0,0,0,0,0,0,0
533967_00533_11503_0,186.6,1,2022/10/18 09:15:00,30.50,22.02,53.0,50,0,47,0,3,0,0,0,0,0,0,0
533967_00533_11503_0,186.6,1,2022/10/18 09:30:00,30.47,22.04,74.0,68,0,62,4,2,0,0,0,0,0,0,0
533967_00533_11503_0,186.6,1,2022/10/18 09:45:00,30.13,22.29,90.0,86,0,82,4,0,0,0,0,0,0,0,0
533967_00533_11503_0,186.6,1,2022/10/18 10:00:00,30.34,22.14,69.0,64,0,59,0,5,0,0,0,0,0,0,0
533967_00533_11503_0,186.6,1,2022/10/18 10:15:00,30.47,22.04,70.0,69,0,68,0,1,0,0,0,0,0,0,0
533967_00533_11503_0,186.6,1,2022/10/18 10:30:00,30.40,22.09,52.0,43,0,34,2,7,0,0,0,0,0,0,0
533967_00533_11503_0,186.6,1,2022/10/18 10:45:00,30.50,22.02,64.0,55,0,46,5,4,0,0,0,0,0,0,0
533967_00533_11503_0,186.6,1,2022/10/18 11:00:00,30.40,22.09,56.0,53,0,50,1,2,0,0,0,0,0,0,0
533967_00533_11503_0,186.6,1,2022/10/18 11:15:00,30.39,22.10,70.0,59,0,48,10,1,0,0,0,0,0,0,0
533967_00533_11503_0,186.6,1,2022/10/18 11:30:00,30.53,22.00,37.0,34,0,31,0,3,0,0,0,0,0,0,0
533967_00533_11503_0,186.6,1,2022/10/18 11:45:00,30.44,22.06,52.0,48,0,44,3,1,0,0,0,0,0,0,0
533967_00533_11503_0,186.6,1,2022/10/18 12:00:00,30.39,22.10,59.0,58,0,57,0,1,0,0,0,0,0,0,0
533967_00533_11503_0,186.6,1,2022/10/18 12:15:00,30.28,22.18,71.0,62,0,53,5,4,0,0,0,0,0,0,0
533967_00533_11503_0,186.6,1,2022/10/18 12:30:00,30.53,22.00,57.0,55,0,53,2,0,0,0,0,0,0,0,0
533967_00533_11503_0,186.6,1,2022/10/18 12:45:00,30.37,22.11,39.0,35,0,31,0,4,0,0,0,0,0,0,0
533967_00533_11503_0,186.6,1,2022/10/18 13:00:00,30.45,22.06,42.0,36,0,30,5,1,0,0,0,0,0,0,0
533967_00533_11503_0,186.6,1,2022/10/18 13:15:00,30.53,22.00,35.0,31,0,27,4,0,0,0,0,0,0,0,0
533967_00533_11503_0,186.6,1,2022/10/18 13:30:00,30.43,22.07,76.0,70,0,64,3,3,0,0,0,0,0,0,0
533967_00533_11503_0,186.6,1,2022/10/18 13:45:00,30.53,22.00,25.0,17,0,9,7,1,0,0,0,0,0,0,0
533967_00533_11503_0,186.6,1,2022/10/18 14:00:00,30.39,22.10,43.0,41,0,39,0,2,0,0,0,0,0,0,0
533967_00533_11503_0,186.6,1,2022/10/18 14:15:00,30.40,22.09,50.0,44,0,38,2,4,0,0,0,0,0,0,0
533967_00533_11503_0,186.6,1,2022/10/18 14:30:00,30.36,22.12,57.0,57,0,57,0,0,0,0,0,0,0,0,0
533967_00533_11503_0,186.6,1,2022/10/18 14:45:00,30.48,22.04,54.0,53,0,52,0,1,0,0,0,0,0,0,0
533967_00533_11503_0,186.6,1,2022/10/18 15:00:00,30.49,22.03,43.0,39,0,35,0,4,0,0,0,0,0,0,0
533967_00533_11503_0,186.6,1,2022/10/18 15:15:00,30.53,22.00,34.0,32,0,30,0,2,0,0,0,0,0,0,0
533967_00533_11503_0,186.6,1,2022/10/18 15:30:00,30.47,22.04,46.0,46,0,46,0,0,0,0,0,0,0,0,0
533967_00533_11503_0,186.6,1,2022/10/18 15:45:00,30.46,22.05,42.0,40,0,38,0,2,0,0,0,0,0,0,0
533967_00533_11503_0,186.6,1,2022/10/18 16:00:00,30.39,22.10,79.0,71,0,63,5,3,0,0,0,0,0,0,0
533967_00533_11503_0,186.6,1,2022/10/18 16:15:00,30.46,22.05,58.0,58,0,58,0,0,0,0,0,0,0,0,0
533967_00533_11503_0,186.6,1,2022/10/18 16:30:00,30.42,22.08,94.0,88,0,82,3,3,0,0,0,0,0,0,0
533967_00533_11503_0,186.6,1,2022/10/18 16:45:00,30.37,22.11,65.0,61,0,57,2,2,0,0,0,0,0,0,0
533967_00533_11503_0,186.6,1,2022/10/18 17:00:00,30.27,22.19,104.0,100,0,96,3,1,0,0,0,0,0,0,0
533967_00533_11503_0,186.6,1,2022/10/18 17:15:00,30.48,22.03,64.0,61,0,58,0,3,0,0,0,0,0,0,0
533967_00533_11503_0,186.6,1,2022/10/18 17:30:00,30.36,22.12,60.0,57,0,54,1,2,0,0,0,0,0,0,0
533967_00533_11503_0,186.6,1,2022/10/18 17:45:00,30.46,22.05,39.0,39,0,39,0,0,0,0,0,0,0,0,0
533967_00533_11503_0,186.6,1,2022/10/18 18:00:00,30.29,22.17,73.0,69,0,65,0,4,0,0,0,0,0,0,0
533967_00533_11503_0,186.6,1,2022/10/18 18:15:00,30.50,22.02,57.0,56,0,55,0,1,0,0,0,0,0,0,0
533967_00533_11503_0,186.6,1,2022/10/18 18:30:00,30.53,22.00,51.0,45,0,39,4,2,0,0,0,0,0,0,0
533967_00533_11503_0,186.6,1,2022/10/18 18:45:00,30.19,22.25,49.0,44,0,39,1,4,0,0,0,0,0,0,0
533967_00533_11503_1,186.7,1,2022/10/18 06:30:00,32.00,21.00,2.0,2,0,2,0,0,0,0,0,0,0,0,0
533967_00533_11503_1,186.7,1,2022/10/18 06:45:00,32.00,21.00,12.0,12,0,12,0,0,0,0,0,0,0,0,0
533967_00533_11503_1,186.7,1,2022/10/18 07:00:00,31.90,21.07,15.0,15,0,15,0,0,0,0,0,0,0,0,0
533967_00533_11503_1,186.7,1,2022/10/18 07:15:00,31.94,21.04,31.0,27,0,23,0,4,0,0,0,0,0,0,0
533967_00533_11503_1,186.7,1,2022/10/18 07:30:00,31.81,21.13,10.0,8,0,6,0,2,0,0,0,0,0,0,0
533967_00533_11503_1,186.7,1,2022/10/18 07:45:00,30.41,22.10,13.0,10,0,7,0,3,0,0,0,0,0,0,0
533967_00533_11503_1,186.7,1,2022/10/18 08:00:00,31.02,21.67,17.0,15,0,13,0,2,0,0,0,0,0,0,0
533967_00533_11503_1,186.7,1,2022/10/18 08:15:00,31.49,21.34,38.0,35,0,32,0,3,0,0,0,0,0,0,0
533967_00533_11503_1,186.7,1,2022/10/18 08:30:00,31.54,21.31,71.0,62,0,53,7,2,0,0,0,0,0,0,0
533967_00533_11503_1,186.7,1,2022/10/18 08:45:00,31.57,21.28,77.0,74,0,71,0,3,0,0,0,0,0,0,0
533967_00533_11503_1,186.7,1,2022/10/18 09:00:00,31.74,21.17,29.0,29,0,29,0,0,0,0,0,0,0,0,0
533967_00533_11503_1,186.7,1,2022/10/18 09:15:00,31.73,21.18,74.0,68,0,62,6,0,0,0,0,0,0,0,0
533967_00533_11503_1,186.7,1,2022/10/18 09:30:00,31.80,21.13,58.0,54,0,50,1,3,0,0,0,0,0,0,0
533967_00533_11503_1,186.7,1,2022/10/18 09:45:00,31.85,21.10,32.0,30,0,28,0,2,0,0,0,0,0,0,0
533967_00533_11503_1,186.7,1,2022/10/18 10:00:00,32.00,21.00,26.0,24,0,22,1,1,0,0,0,0,0,0,0
533967_00533_11503_1,186.7,1,2022/10/18 10:15:00,31.80,21.13,38.0,38,0,38,0,0,0,0,0,0,0,0,0
533967_00533_11503_1,186.7,1,2022/10/18 10:30:00,31.74,21.17,66.0,63,0,60,0,3,0,0,0,0,0,0,0
533967_00533_11503_1,186.7,1,2022/10/18 10:45:00,31.03,21.65,60.0,55,0,50,0,5,0,0,0,0,0,0,0
533967_00533_11503_1,186.7,1,2022/10/18 11:00:00,31.78,21.14,42.0,42,0,42,0,0,0,0,0,0,0,0,0
533967_00533_11503_1,186.7,1,2022/10/18 11:15:00,31.88,21.08,50.0,50,0,50,0,0,0,0,0,0,0,0,0
533967_00533_11503_1,186.7,1,2022/10/18 11:30:00,31.91,21.06,82.0,81,0,80,0,1,0,0,0,0,0,0,0
533967_00533_11503_1,186.7,1,2022/10/18 11:45:00,31.13,21.58,57.0,53,0,49,0,4,0,0,0,0,0,0,0
533967_00533_11503_1,186.7,1,2022/10/18 12:00:00,31.79,21.14,73.0,73,0,73,0,0,0,0,0,0,0,0,0
533967_00533_11503_1,186.7,1,2022/10/18 12:15:00,31.74,21.17,59.0,59,0,59,0,0,0,0,0,0,0,0,0
533967_00533_11503_1,186.7,1,2022/10/18 12:30:00,31.90,21.07,74.0,72,0,70,0,2,0,0,0,0,0,0,0
533967_00533_11503_1,186.7,1,2022/10/18 12:45:00,31.63,21.24,41.0,41,0,41,0,0,0,0,0,0,0,0,0
533967_00533_11503_1,186.7,1,2022/10/18 13:00:00,31.65,21.23,63.0,60,0,57,0,3,0,0,0,0,0,0,0
533967_00533_11503_1,186.7,1,2022/10/18 13:15:00,31.60,21.27,67.0,64,0,61,3,0,0,0,0,0,0,0,0
533967_00533_11503_1,186.7,1,2022/10/18 13:30:00,31.62,21.25,51.0,51,0,51,0,0,0,0,0,0,0,0,0
533967_00533_11503_1,186.7,1,2022/10/18 13:45:00,31.58,21.28,87.0,82,0,77,1,4,0,0,0,0,0,0,0
533967_00533_11503_1,186.7,1,2022/10/18 14:00:00,31.74,21.17,67.0,64,0,61,2,1,0,0,0,0,0,0,0
533967_00533_11503_1,186.7,1,2022/10/18 14:15:00,31.82,21.12,89.0,84,0,79,0,5,0,0,0,0,0,0,0
533967_00533_11503_1,186.7,1,2022/10/18 14:30:00,31.58,21.28,51.0,50,0,49,1,0,0,0,0,0,0,0,0
533967_00533_11503_1,186.7,1,2022/10/18 14:45:00,31.79,21.14,82.0,79,0,76,0,3,0,0,0,0,0,0,0
533967_00533_11503_1,186.7,1,2022/10/18 15:00:00,31.79,21.14,83.0,78,0,73,0,5,0,0,0,0,0,0,0
533967_00533_11503_1,186.7,1,2022/10/18 15:15:00,31.89,21.08,71.0,66,0,61,0,5,0,0,0,0,0,0,0
533967_00533_11503_1,186.7,1,2022/10/18 15:30:00,31.83,21.11,53.0,53,0,53,0,0,0,0,0,0,0,0,0
533967_00533_11503_1,186.7,1,2022/10/18 15:45:00,31.76,21.16,53.0,50,0,47,0,3,0,0,0,0,0,0,0
533967_00533_11503_1,186.7,1,2022/10/18 16:00:00,31.47,21.35,69.0,68,0,67,0,1,0,0,0,0,0,0,0
533967_00533_11503_1,186.7,1,2022/10/18 16:15:00,31.32,21.46,94.0,92,0,90,0,2,0,0,0,0,0,0,0
533967_00533_11503_1,186.7,1,2022/10/18 16:30:00,31.10,21.61,81.0,79,0,77,0,2,0,0,0,0,0,0,0
533967_00533_11503_1,186.7,1,2022/10/18 16:45:00,31.29,21.47,99.0,97,0,95,0,2,0,0,0,0,0,0,0
533967_00533_11503_1,186.7,1,2022/10/18 17:00:00,31.25,21.51,89.0,85,0,81,0,4,0,0,0,0,0,0,0
533967_00533_11503_1,186.7,1,2022/10/18 17:15:00,31.52,21.32,33.0,31,0,29,0,2,0,0,0,0,0,0,0
533967_00533_11503_1,186.7,1,2022/10/18 17:30:00,31.86,21.09,54.0,54,0,54,0,0,0,0,0,0,0,0,0
533967_00533_11503_1,186.7,1,2022/10/18 17:45:00,31.88,21.08,65.0,65,0,65,0,0,0,0,0,0,0,0,0
533967_00533_11503_1,186.7,1,2022/10/18 18:00:00,31.60,21.26,70.0,68,0,66,0,2,0,0,0,0,0,0,0
533967_00533_11503_1,186.7,1,2022/10/18 18:15:00,31.60,21.26,103.0,102,0,101,0,1,0,0,0,0,0,0,0
533967_00533_11503_1,186.7,1,2022/10/18 18:30:00,31.15,21.58,79.0,78,0,77,1,0,0,0,0,0,0,0,0
533967_00533_11503_1,186.7,1,2022/10/18 18:45:00,31.37,21.42,80.0,76,0,72,0,4,0,0,0,0,0,0,0
533967_00533_11505_0,220.0,1,2022/10/18 06:30:00,30.46,26.00,6.0,6,0,6,0,0,0,0,0,0,0,0,0
533967_00533_11505_0,220.0,1,2022/10/18 06:45:00,29.33,27.00,1.0,1,0,1,0,0,0,0,0,0,0,0,0
533967_00533_11505_0,220.0,1,2022/10/18 07:00:00,-1.00,-1.00,0.0,0,0,0,0,0,0,0,0,0,0,0,0
533967_00533_11505_0,220.0,1,2022/10/18 07:15:00,-1.00,-1.00,0.0,0,0,0,0,0,0,0,0,0,0,0,0
533967_00533_11505_0,220.0,1,2022/10/18 07:30:00,-1.00,-1.00,0.0,0,0,0,0,0,0,0,0,0,0,0,0
533967_00533_11505_0,220.0,1,2022/10/18 07:45:00,30.26,26.17,6.0,6,0,6,0,0,0,0,0,0,0,0,0
533967_00533_11505_0,220.0,1,2022/10/18 08:00:00,30.03,26.38,8.0,8,0,8,0,0,0,0,0,0,0,0,0
533967_00533_11505_0,220.0,1,2022/10/18 08:15:00,30.03,26.38,8.0,8,0,8,0,0,0,0,0,0,0,0,0
533967_00533_11505_0,220.0,1,2022/10/18 08:30:00,30.03,26.37,23.0,19,0,15,4,0,0,0,0,0,0,0,0
533967_00533_11505_0,220.0,1,2022/10/18 08:45:00,29.88,26.50,4.0,4,0,4,0,0,0,0,0,0,0,0,0
533967_00533_11505_0,220.0,1,2022/10/18 09:00:00,-1.00,-1.00,0.0,0,0,0,0,0,0,0,0,0,0,0,0
533967_00533_11505_0,220.0,1,2022/10/18 09:15:00,30.01,26.39,18.0,18,0,18,0,0,0,0,0,0,0,0,0
533967_00533_11505_0,220.0,1,2022/10/18 09:30:00,30.46,26.00,2.0,2,0,2,0,0,0,0,0,0,0,0,0
533967_00533_11505_0,220.0,1,2022/10/18 09:45:00,-1.00,-1.00,0.0,0,0,0,0,0,0,0,0,0,0,0,0
533967_00533_11505_0,220.0,1,2022/10/18 10:00:00,29.88,26.50,18.0,18,0,18,0,0,0,0,0,0,0,0,0
533967_00533_11505_0,220.0,1,2022/10/18 10:15:00,29.88,26.50,2.0,2,0,2,0,0,0,0,0,0,0,0,0
533967_00533_11505_0,220.0,1,2022/10/18 10:30:00,30.12,26.29,34.0,34,0,34,0,0,0,0,0,0,0,0,0
533967_00533_11505_0,220.0,1,2022/10/18 10:45:00,29.77,26.60,25.0,25,0,25,0,0,0,0,0,0,0,0,0
533967_00533_11505_0,220.0,1,2022/10/18 11:00:00,30.21,26.22,23.0,23,0,23,0,0,0,0,0,0,0,0,0
533967_00533_11505_0,220.0,1,2022/10/18 11:15:00,-1.00,-1.00,0.0,0,0,0,0,0,0,0,0,0,0,0,0
533967_00533_11505_0,220.0,1,2022/10/18 11:30:00,30.27,26.16,25.0,25,0,25,0,0,0,0,0,0,0,0,0
533967_00533_11505_0,220.0,1,2022/10/18 11:45:00,29.91,26.48,22.0,21,0,20,1,0,0,0,0,0,0,0,0
533967_00533_11505_0,220.0,1,2022/10/18 12:00:00,30.07,26.33,30.0,30,0,30,0,0,0,0,0,0,0,0,0
533967_00533_11505_0,220.0,1,2022/10/18 12:15:00,29.96,26.43,7.0,7,0,7,0,0,0,0,0,0,0,0,0
533967_00533_11505_0,220.0,1,2022/10/18 12:30:00,30.11,26.30,10.0,10,0,10,0,0,0,0,0,0,0,0,0
533967_00533_11505_0,220.0,1,2022/10/18 12:45:00,29.96,26.43,7.0,7,0,7,0,0,0,0,0,0,0,0,0
533967_00533_11505_0,220.0,1,2022/10/18 13:00:00,29.88,26.50,16.0,16,0,16,0,0,0,0,0,0,0,0,0
533967_00533_11505_0,220.0,1,2022/10/18 13:15:00,30.19,26.24,17.0,17,0,17,0,0,0,0,0,0,0,0,0
533967_00533_11505_0,220.0,1,2022/10/18 13:30:00,29.95,26.44,9.0,9,0,9,0,0,0,0,0,0,0,0,0
533967_00533_11505_0,220.0,1,2022/10/18 13:45:00,30.09,26.32,25.0,25,0,25,0,0,0,0,0,0,0,0,0
533967_00533_11505_0,220.0,1,2022/10/18 14:00:00,30.23,26.20,5.0,5,0,5,0,0,0,0,0,0,0,0,0
533967_00533_11505_0,220.0,1,2022/10/18 14:15:00,29.33,27.00,1.0,1,0,1,0,0,0,0,0,0,0,0,0
533967_00533_11505_0,220.0,1,2022/10/18 14:30:00,29.63,26.73,11.0,11,0,11,0,0,0,0,0,0,0,0,0
533967_00533_11505_0,220.0,1,2022/10/18 14:45:00,30.23,26.20,5.0,5,0,5,0,0,0,0,0,0,0,0,0
533967_00533_11505_0,220.0,1,2022/10/18 15:00:00,30.35,26.09,11.0,11,0,11,0,0,0,0,0,0,0,0,0
533967_00533_11505_0,220.0,1,2022/10/18 15:15:00,29.88,26.50,2.0,2,0,2,0,0,0,0,0,0,0,0,0
533967_00533_11505_0,220.0,1,2022/10/18 15:30:00,30.46,26.00,1.0,1,0,1,0,0,0,0,0,0,0,0,0
533967_00533_11505_0,220.0,1,2022/10/18 15:45:00,30.46,26.00,2.0,2,0,2,0,0,0,0,0,0,0,0,0
533967_00533_11505_0,220.0,1,2022/10/18 16:00:00,29.96,26.43,21.0,21,0,21,0,0,0,0,0,0,0,0,0
533967_00533_11505_0,220.0,1,2022/10/18 16:15:00,30.05,26.35,37.0,37,0,37,0,0,0,0,0,0,0,0,0
533967_00533_11505_0,220.0,1,2022/10/18 16:30:00,29.98,26.41,34.0,34,0,34,0,0,0,0,0,0,0,0,0
533967_00533_11505_0,220.0,1,2022/10/18 16:45:00,30.08,26.33,43.0,43,0,43,0,0,0,0,0,0,0,0,0
533967_00533_11505_0,220.0,1,2022/10/18 17:00:00,29.83,26.55,31.0,31,0,31,0,0,0,0,0,0,0,0,0
533967_00533_11505_0,220.0,1,2022/10/18 17:15:00,29.70,26.67,9.0,9,0,9,0,0,0,0,0,0,0,0,0
533967_00533_11505_0,220.0,1,2022/10/18 17:30:00,30.46,26.00,11.0,11,0,11,0,0,0,0,0,0,0,0,0
533967_00533_11505_0,220.0,1,2022/10/18 17:45:00,30.34,26.11,19.0,19,0,19,0,0,0,0,0,0,0,0,0
533967_00533_11505_0,220.0,1,2022/10/18 18:00:00,29.95,26.44,9.0,9,0,9,0,0,0,0,0,0,0,0,0
533967_00533_11505_0,220.0,1,2022/10/18 18:15:00,29.98,26.41,17.0,17,0,17,0,0,0,0,0,0,0,0,0
533967_00533_11505_0,220.0,1,2022/10/18 18:30:00,29.93,26.46,24.0,24,0,24,0,0,0,0,0,0,0,0,0
533967_00533_11505_0,220.0,1,2022/10/18 18:45:00,30.12,26.29,38.0,38,0,38,0,0,0,0,0,0,0,0,0
533967_00533_11505_1,220.7,1,2022/10/18 06:30:00,30.56,26.00,1.0,1,0,1,0,0,0,0,0,0,0,0,0
533967_00533_11505_1,220.7,1,2022/10/18 06:45:00,-1.00,-1.00,0.0,0,0,0,0,0,0,0,0,0,0,0,0
533967_00533_11505_1,220.7,1,2022/10/18 07:00:00,-1.00,-1.00,0.0,0,0,0,0,0,0,0,0,0,0,0,0
533967_00533_11505_1,220.7,1,2022/10/18 07:15:00,30.03,26.47,15.0,15,0,15,0,0,0,0,0,0,0,0,0
533967_00533_11505_1,220.7,1,2022/10/18 07:30:00,30.18,26.33,6.0,6,0,6,0,0,0,0,0,0,0,0,0
533967_00533_11505_1,220.7,1,2022/10/18 07:45:00,30.43,26.11,35.0,35,0,35,0,0,0,0,0,0,0,0,0
533967_00533_11505_1,220.7,1,2022/10/18 08:00:00,30.23,26.29,38.0,35,0,32,0,3,0,0,0,0,0,0,0
533967_00533_11505_1,220.7,1,2022/10/18 08:15:00,29.87,26.60,10.0,10,0,10,0,0,0,0,0,0,0,0,0
533967_00533_11505_1,220.7,1,2022/10/18 08:30:00,30.21,26.30,23.0,23,0,23,0,0,0,0,0,0,0,0,0
533967_00533_11505_1,220.7,1,2022/10/18 08:45:00,30.33,26.20,15.0,15,0,15,0,0,0,0,0,0,0,0,0
533967_00533_11505_1,220.7,1,2022/10/18 09:00:00,30.15,26.36,16.0,14,0,12,0,2,0,0,0,0,0,0,0
533967_00533_11505_1,220.7,1,2022/10/18 09:15:00,-1.00,-1.00,0.0,0,0,0,0,0,0,0,0,0,0,0,0
533967_00533_11505_1,220.7,1,2022/10/18 09:30:00,-1.00,-1.00,0.0,0,0,0,0,0,0,0,0,0,0,0,0
533967_00533_11505_1,220.7,1,2022/10/18 09:45:00,30.03,26.46,28.0,28,0,28,0,0,0,0,0,0,0,0,0
533967_00533_11505_1,220.7,1,2022/10/18 10:00:00,30.10,26.40,9.0,5,0,1,2,2,0,0,0,0,0,0,0
533967_00533_11505_1,220.7,1,2022/10/18 10:15:00,30.56,26.00,4.0,2,0,0,1,1,0,0,0,0,0,0,0
533967_00533_11505_1,220.7,1,2022/10/18 10:30:00,30.56,26.00,8.0,4,0,0,0,4,0,0,0,0,0,0,0
533967_00533_11505_1,220.7,1,2022/10/18 10:45:00,-1.00,-1.00,0.0,0,0,0,0,0,0,0,0,0,0,0,0
533967_00533_11505_1,220.7,1,2022/10/18 11:00:00,29.43,27.00,3.0,3,0,3,0,0,0,0,0,0,0,0,0
533967_00533_11505_1,220.7,1,2022/10/18 11:15:00,-1.00,-1.00,0.0,0,0,0,0,0,0,0,0,0,0,0,0
533967_00533_11505_1,220.7,1,2022/10/18 11:30:00,-1.00,-1.00,0.0,0,0,0,0,0,0,0,0,0,0,0,0
533967_00533_11505_1,220.7,1,2022/10/18 11:45:00,30.18,26.33,4.0,3,0,2,0,1,0,0,0,0,0,0,0
533967_00533_11505_1,220.7,1,2022/10/18 12:00:00,29.22,27.20,9.0,5,0,1,4,0,0,0,0,0,0,0,0
533967_00533_11505_1,220.7,1,2022/10/18 12:15:00,30.33,26.20,10.0,5,0,0,1,4,0,0,0,0,0,0,0
533967_00533_11505_1,220.7,1,2022/10/18 12:30:00,-1.00,-1.00,0.0,0,0,0,0,0,0,0,0,0,0,0,0
533967_00533_11505_1,220.7,1,2022/10/18 12:45:00,30.56,26.00,3.0,3,0,3,0,0,0,0,0,0,0,0,0
533967_00533_11505_1,220.7,1,2022/10/18 13:00:00,30.56,26.00,2.0,1,0,0,0,1,0,0,0,0,0,0,0
533967_00533_11505_1,220.7,1,2022/10/18 13:15:00,30.56,26.00,2.0,1,0,0,1,0,0,0,0,0,0,0,0
533967_00533_11505_1,220.7,1,2022/10/18 13:30:00,-1.00,-1.00,0.0,0,0,0,0,0,0,0,0,0,0,0,0
533967_00533_11505_1,220.7,1,2022/10/18 13:45:00,30.10,26.40,10.0,5,0,0,5,0,0,0,0,0,0,0,0
533967_00533_11505_1,220.7,1,2022/10/18 14:00:00,30.27,26.25,7.0,4,0,1,1,2,0,0,0,0,0,0,0
533967_00533_11505_1,220.7,1,2022/10/18 14:15:00,-1.00,-1.00,0.0,0,0,0,0,0,0,0,0,0,0,0,0
533967_00533_11505_1,220.7,1,2022/10/18 14:30:00,30.56,26.00,9.0,7,0,5,2,0,0,0,0,0,0,0,0
533967_00533_11505_1,220.7,1,2022/10/18 14:45:00,29.43,27.00,5.0,3,0,1,2,0,0,0,0,0,0,0,0
533967_00533_11505_1,220.7,1,2022/10/18 15:00:00,29.43,27.00,2.0,2,0,2,0,0,0,0,0,0,0,0,0
533967_00533_11505_1,220.7,1,2022/10/18 15:15:00,29.43,27.00,2.0,2,0,2,0,0,0,0,0,0,0,0,0
533967_00533_11505_1,220.7,1,2022/10/18 15:30:00,-1.00,-1.00,0.0,0,0,0,0,0,0,0,0,0,0,0,0
533967_00533_11505_1,220.7,1,2022/10/18 15:45:00,-1.00,-1.00,0.0,0,0,0,0,0,0,0,0,0,0,0,0
533967_00533_11505_1,220.7,1,2022/10/18 16:00:00,30.56,26.00,4.0,2,0,0,0,2,0,0,0,0,0,0,0
533967_00533_11505_1,220.7,1,2022/10/18 16:15:00,-1.00,-1.00,0.0,0,0,0,0,0,0,0,0,0,0,0,0
533967_00533_11505_1,220.7,1,2022/10/18 16:30:00,-1.00,-1.00,0.0,0,0,0,0,0,0,0,0,0,0,0,0
533967_00533_11505_1,220.7,1,2022/10/18 16:45:00,30.56,26.00,2.0,1,0,0,0,1,0,0,0,0,0,0,0
533967_00533_11505_1,220.7,1,2022/10/18 17:00:00,30.12,26.38,14.0,13,0,12,0,1,0,0,0,0,0,0,0
533967_00533_11505_1,220.7,1,2022/10/18 17:15:00,-1.00,-1.00,0.0,0,0,0,0,0,0,0,0,0,0,0,0
533967_00533_11505_1,220.7,1,2022/10/18 17:30:00,28.38,28.00,4.0,2,0,0,0,2,0,0,0,0,0,0,0
533967_00533_11505_1,220.7,1,2022/10/18 17:45:00,29.43,27.00,1.0,1,0,1,0,0,0,0,0,0,0,0,0
533967_00533_11505_1,220.7,1,2022/10/18 18:00:00,30.56,26.00,10.0,6,0,2,0,4,0,0,0,0,0,0,0
533967_00533_11505_1,220.7,1,2022/10/18 18:15:00,-1.00,-1.00,0.0,0,0,0,0,0,0,0,0,0,0,0,0
533967_00533_11505_1,220.7,1,2022/10/18 18:30:00,30.18,26.33,6.0,3,0,0,3,0,0,0,0,0,0,0,0
533967_00533_11505_1,220.7,1,2022/10/18 18:45:00,30.56,26.00,14.0,10,0,6,0,4,0,0,0,0,0,0,0
533967_00534_00766_0,409.9,1,2022/10/18 06:30:00,27.22,54.21,129.0,115,0,101,8,6,0,0,0,0,0,0,0
533967_00534_00766_0,409.9,1,2022/10/18 06:45:00,33.13,44.55,117.0,108,0,99,4,5,0,0,0,0,0,0,0
533967_00534_00766_0,409.9,1,2022/10/18 07:00:00,31.25,47.21,112.0,103,0,94,7,2,0,0,0,0,0,0,0
533967_00534_00766_0,409.9,1,2022/10/18 07:15:00,29.22,50.50,153.0,141,0,129,10,2,0,0,0,0,0,0,0
533967_00534_00766_0,409.9,1,2022/10/18 07:30:00,33.85,43.60,112.0,104,0,96,8,0,0,0,0,0,0,0,0
533967_00534_00766_0,409.9,1,2022/10/18 07:45:00,33.25,44.38,125.0,118,0,111,6,1,0,0,0,0,0,0,0
533967_00534_00766_0,409.9,1,2022/10/18 08:00:00,31.99,46.13,133.0,122,0,111,10,1,0,0,0,0,0,0,0
533967_00534_00766_0,409.9,1,2022/10/18 08:15:00,33.01,44.70,135.0,126,0,117,8,1,0,0,0,0,0,0,0
533967_00534_00766_0,409.9,1,2022/10/18 08:30:00,34.08,43.30,106.0,98,0,90,4,4,0,0,0,0,0,0,0
533967_00534_00766_0,409.9,1,2022/10/18 08:45:00,28.21,52.30,164.0,146,0,128,14,4,0,0,0,0,0,0,0
533967_00534_00766_0,409.9,1,2022/10/18 09:00:00,31.96,46.17,110.0,96,0,82,13,1,0,0,0,0,0,0,0
533967_00534_00766_0,409.9,1,2022/10/18 09:15:00,30.91,47.74,98.0,82,0,66,15,1,0,0,0,0,0,0,0
533967_00534_00766_0,409.9,1,2022/10/18 09:30:00,34.07,43.31,101.0,84,0,67,17,0,0,0,0,0,0,0,0
533967_00534_00766_0,409.9,1,2022/10/18 09:45:00,34.24,43.10,113.0,92,0,71,21,0,0,0,0,0,0,0,0
533967_00534_00766_0,409.9,1,2022/10/18 10:00:00,29.37,50.24,85.0,66,0,47,17,2,0,0,0,0,0,0,0
533967_00534_00766_0,409.9,1,2022/10/18 10:15:00,30.79,47.93,91.0,67,0,43,24,0,0,0,0,0,0,0,0
533967_00534_00766_0,409.9,1,2022/10/18 10:30:00,37.74,39.09,70.0,53,0,36,17,0,0,0,0,0,0,0,0
533967_00534_00766_0,409.9,1,2022/10/18 10:45:00,34.23,43.11,52.0,38,0,24,14,0,0,0,0,0,0,0,0
533967_00534_00766_0,409.9,1,2022/10/18 11:00:00,37.34,39.52,71.0,58,0,45,13,0,0,0,0,0,0,0,0
533967_00534_00766_0,409.9,1,2022/10/18 11:15:00,32.85,44.92,86.0,75,0,64,11,0,0,0,0,0,0,0,0
533967_00534_00766_0,409.9,1,2022/10/18 11:30:00,31.00,47.59,52.0,37,0,22,15,0,0,0,0,0,0,0,0
533967_00534_00766_0,409.9,1,2022/10/18 11:45:00,30.86,47.82,81.0,66,0,51,15,0,0,0,0,0,0,0,0
533967_00534_00766_0,409.9,1,2022/10/18 12:00:00,29.05,50.79,45.0,38,0,31,7,0,0,0,0,0,0,0,0
533967_00534_00766_0,409.9,1,2022/10/18 12:15:00,34.04,43.35,83.0,72,0,61,9,2,0,0,0,0,0,0,0
533967_00534_00766_0,409.9,1,2022/10/18 12:30:00,38.57,38.26,67.0,54,0,41,12,1,0,0,0,0,0,0,0
533967_00534_00766_0,409.9,1,2022/10/18 12:45:00,35.37,41.72,79.0,72,0,65,7,0,0,0,0,0,0,0,0
533967_00534_00766_0,409.9,1,2022/10/18 13:00:00,31.92,46.22,47.0,45,0,43,2,0,0,0,0,0,0,0,0
533967_00534_00766_0,409.9,1,2022/10/18 13:15:00,32.25,45.76,64.0,50,0,36,14,0,0,0,0,0,0,0,0
533967_00534_00766_0,409.9,1,2022/10/18 13:30:00,32.94,44.79,97.0,72,0,47,22,3,0,0,0,0,0,0,0
533967_00534_00766_0,409.9,1,2022/10/18 13:45:00,30.46,48.44,62.0,48,0,34,14,0,0,0,0,0,0,0,0
533967_00534_00766_0,409.9,1,2022/10/18 14:00:00,31.91,46.25,73.0,64,0,55,9,0,0,0,0,0,0,0,0
533967_00534_00766_0,409.9,1,2022/10/18 14:15:00,31.46,46.91,90.0,78,0,66,9,3,0,0,0,0,0,0,0
533967_00534_00766_0,409.9,1,2022/10/18 14:30:00,33.15,44.51,93.0,73,0,53,19,1,0,0,0,0,0,0,0
533967_00534_00766_0,409.9,1,2022/10/18 14:45:00,32.12,45.94,78.0,69,0,60,9,0,0,0,0,0,0,0,0
533967_00534_00766_0,409.9,1,2022/10/18 15:00:00,36.98,39.90,72.0,60,0,48,12,0,0,0,0,0,0,0,0
533967_00534_00766_0,409.9,1,2022/10/18 15:15:00,35.22,41.89,70.0,57,0,44,13,0,0,0,0,0,0,0,0
533967_00534_00766_0,409.9,1,2022/10/18 15:30:00,35.52,41.54,81.0,67,0,53,14,0,0,0,0,0,0,0,0
533967_00534_00766_0,409.9,1,2022/10/18 15:45:00,34.47,42.81,91.0,74,0,57,17,0,0,0,0,0,0,0,0
533967_00534_00766_0,409.9,1,2022/10/18 16:00:00,34.59,42.66,58.0,44,0,30,11,3,0,0,0,0,0,0,0
533967_00534_00766_0,409.9,1,2022/10/18 16:15:00,37.84,39.00,41.0,34,0,27,7,0,0,0,0,0,0,0,0
533967_00534_00766_0,409.9,1,2022/10/18 16:30:00,33.37,44.22,25.0,18,0,11,7,0,0,0,0,0,0,0,0
533967_00534_00766_0,409.9,1,2022/10/18 16:45:00,34.87,42.31,45.0,35,0,25,10,0,0,0,0,0,0,0,0
533967_00534_00766_0,409.9,1,2022/10/18 17:00:00,33.14,44.52,54.0,48,0,42,6,0,0,0,0,0,0,0,0
533967_00534_00766_0,409.9,1,2022/10/18 17:15:00,34.07,43.32,86.0,79,0,72,7,0,0,0,0,0,0,0,0
533967_00534_00766_0,409.9,1,2022/10/18 17:30:00,33.38,44.21,56.0,53,0,50,3,0,0,0,0,0,0,0,0
533967_00534_00766_0,409.9,1,2022/10/18 17:45:00,35.81,41.20,74.0,69,0,64,5,0,0,0,0,0,0,0,0
533967_00534_00766_0,409.9,1,2022/10/18 18:00:00,41.01,35.98,59.0,55,0,51,4,0,0,0,0,0,0,0,0
533967_00534_00766_0,409.9,1,2022/10/18 18:15:00,35.57,41.49,43.0,43,0,43,0,0,0,0,0,0,0,0,0
533967_00534_00766_0,409.9,1,2022/10/18 18:30:00,36.14,40.83,37.0,36,0,35,1,0,0,0,0,0,0,0,0
533967_00534_00766_0,409.9,1,2022/10/18 18:45:00,36.86,40.03,31.0,30,0,29,1,0,0,0,0,0,0,0,0
533967_00534_00766_1,409.7,1,2022/10/18 06:30:00,29.07,50.73,39.0,33,0,27,6,0,0,0,0,0,0,0,0
533967_00534_00766_1,409.7,1,2022/10/18 06:45:00,32.01,46.08,46.0,38,0,30,6,2,0,0,0,0,0,0,0
533967_00534_00766_1,409.7,1,2022/10/18 07:00:00,35.19,41.91,55.0,45,0,35,8,2,0,0,0,0,0,0,0
533967_00534_00766_1,409.7,1,2022/10/18 07:15:00,32.49,45.40,58.0,48,0,38,8,2,0,0,0,0,0,0,0
533967_00534_00766_1,409.7,1,2022/10/18 07:30:00,30.64,48.13,61.0,46,0,31,9,6,0,0,0,0,0,0,0
533967_00534_00766_1,409.7,1,2022/10/18 07:45:00,33.07,44.60,61.0,52,0,43,7,2,0,0,0,0,0,0,0
533967_00534_00766_1,409.7,1,2022/10/18 08:00:00,32.57,45.28,55.0,46,0,37,6,3,0,0,0,0,0,0,0
533967_00534_00766_1,409.7,1,2022/10/18 08:15:00,32.05,46.02,70.0,64,0,58,6,0,0,0,0,0,0,0,0
533967_00534_00766_1,409.7,1,2022/10/18 08:30:00,30.61,48.18,70.0,51,0,32,18,1,0,0,0,0,0,0,0
533967_00534_00766_1,409.7,1,2022/10/18 08:45:00,28.35,52.02,95.0,81,0,67,12,2,0,0,0,0,0,0,0
533967_00534_00766_1,409.7,1,2022/10/18 09:00:00,30.19,48.85,71.0,54,0,37,16,1,0,0,0,0,0,0,0
533967_00534_00766_1,409.7,1,2022/10/18 09:15:00,32.82,44.93,75.0,59,0,43,14,2,0,0,0,0,0,0,0
533967_00534_00766_1,409.7,1,2022/10/18 09:30:00,29.49,50.02,78.0,57,0,36,19,2,0,0,0,0,0,0,0
533967_00534_00766_1,409.7,1,2022/10/18 09:45:00,35.21,41.89,29.0,18,0,7,10,1,0,0,0,0,0,0,0
533967_00534_00766_1,409.7,1,2022/10/18 10:00:00,30.62,48.17,82.0,58,0,34,22,2,0,0,0,0,0,0,0
533967_00534_00766_1,409.7,1,2022/10/18 10:15:00,30.37,48.56,77.0,63,0,49,12,2,0,0,0,0,0,0,0
533967_00534_00766_1,409.7,1,2022/10/18 10:30:00,29.94,49.25,84.0,63,0,42,19,2,0,0,0,0,0,0,0
533967_00534_00766_1,409.7,1,2022/10/18 10:45:00,32.97,44.73,38.0,22,0,6,15,1,0,0,0,0,0,0,0
533967_00534_00766_1,409.7,1,2022/10/18 11:00:00,32.77,45.00,69.0,52,0,35,17,0,0,0,0,0,0,0,0
533967_00534_00766_1,409.7,1,2022/10/18 11:15:00,30.52,48.33,68.0,49,0,30,16,3,0,0,0,0,0,0,0
533967_00534_00766_1,409.7,1,2022/10/18 11:30:00,27.88,52.91,114.0,85,0,56,25,4,0,0,0,0,0,0,0
533967_00534_00766_1,409.7,1,2022/10/18 11:45:00,29.59,49.84,51.0,38,0,25,12,1,0,0,0,0,0,0,0
533967_00534_00766_1,409.7,1,2022/10/18 12:00:00,31.29,47.14,83.0,73,0,63,8,2,0,0,0,0,0,0,0
533967_00534_00766_1,409.7,1,2022/10/18 12:15:00,28.74,51.31,90.0,74,0,58,12,4,0,0,0,0,0,0,0
533967_00534_00766_1,409.7,1,2022/10/18 12:30:00,31.54,46.77,56.0,43,0,30,11,2,0,0,0,0,0,0,0
533967_00534_00766_1,409.7,1,2022/10/18 12:45:00,28.34,52.04,67.0,55,0,43,7,5,0,0,0,0,0,0,0
533967_00534_00766_1,409.7,1,2022/10/18 13:00:00,32.98,44.72,106.0,86,0,66,18,2,0,0,0,0,0,0,0
533967_00534_00766_1,409.7,1,2022/10/18 13:15:00,32.17,45.85,86.0,65,0,44,19,2,0,0,0,0,0,0,0
533967_00534_00766_1,409.7,1,2022/10/18 13:30:00,38.00,38.81,53.0,43,0,33,9,1,0,0,0,0,0,0,0
533967_00534_00766_1,409.7,1,2022/10/18 13:45:00,29.60,49.83,55.0,46,0,37,7,2,0,0,0,0,0,0,0
533967_00534_00766_1,409.7,1,2022/10/18 14:00:00,29.08,50.72,69.0,47,0,25,18,4,0,0,0,0,0,0,0
533967_00534_00766_1,409.7,1,2022/10/18 14:15:00,27.60,53.44,71.0,64,0,57,6,1,0,0,0,0,0,0,0
533967_00534_00766_1,409.7,1,2022/10/18 14:30:00,29.90,49.33,94.0,76,0,58,14,4,0,0,0,0,0,0,0
533967_00534_00766_1,409.7,1,2022/10/18 14:45:00,28.43,51.87,109.0,93,0,77,13,3,0,0,0,0,0,0,0
533967_00534_00766_1,409.7,1,2022/10/18 15:00:00,28.13,52.43,79.0,69,0,59,8,2,0,0,0,0,0,0,0
533967_00534_00766_1,409.7,1,2022/10/18 15:15:00,26.62,55.40,79.0,68,0,57,11,0,0,0,0,0,0,0,0
533967_00534_00766_1,409.7,1,2022/10/18 15:30:00,27.98,52.72,111.0,89,0,67,13,9,0,0,0,0,0,0,0
533967_00534_00766_1,409.7,1,2022/10/18 15:45:00,28.98,50.89,83.0,73,0,63,9,1,0,0,0,0,0,0,0
533967_00534_00766_1,409.7,1,2022/10/18 16:00:00,27.06,54.49,109.0,87,0,65,21,1,0,0,0,0,0,0,0
533967_00534_00766_1,409.7,1,2022/10/18 16:15:00,33.49,44.03,76.0,58,0,40,12,6,0,0,0,0,0,0,0
533967_00534_00766_1,409.7,1,2022/10/18 16:30:00,30.92,47.70,79.0,70,0,61,4,5,0,0,0,0,0,0,0
533967_00534_00766_1,409.7,1,2022/10/18 16:45:00,30.81,47.88,89.0,81,0,73,7,1,0,0,0,0,0,0,0
533967_00534_00766_1,409.7,1,2022/10/18 17:00:00,28.93,50.98,105.0,92,0,79,13,0,0,0,0,0,0,0,0
533967_00534_00766_1,409.7,1,2022/10/18 17:15:00,26.45,55.77,107.0,96,0,85,8,3,0,0,0,0,0,0,0
533967_00534_00766_1,409.7,1,2022/10/18 17:30:00,32.31,45.65,85.0,74,0,63,7,4,0,0,0,0,0,0,0
533967_00534_00766_1,409.7,1,2022/10/18 17:45:00,30.26,48.73,87.0,79,0,71,6,2,0,0,0,0,0,0,0
533967_00534_00766_1,409.7,1,2022/10/18 18:00:00,31.57,46.72,92.0,87,0,82,5,0,0,0,0,0,0,0,0
533967_00534_00766_1,409.7,1,2022/10/18 18:15:00,28.64,51.50,107.0,100,0,93,1,6,0,0,0,0,0,0,0
533967_00534_00766_1,409.7,1,2022/10/18 18:30:00,31.37,47.01,95.0,84,0,73,8,3,0,0,0,0,0,0,0
533967_00534_00766_1,409.7,1,2022/10/18 18:45:00,32.58,45.28,84.0,80,0,76,2,2,0,0,0,0,0,0,0
533967_00534_11504_0,86.9,1,2022/10/18 06:30:00,31.29,10.00,3.0,3,0,3,0,0,0,0,0,0,0,0,0
533967_00534_11504_0,86.9,1,2022/10/18 06:45:00,30.20,10.36,11.0,11,0,11,0,0,0,0,0,0,0,0,0
533967_00534_11504_0,86.9,1,2022/10/18 07:00:00,30.16,10.38,16.0,16,0,16,0,0,0,0,0,0,0,0,0
533967_00534_11504_0,86.9,1,2022/10/18 07:15:00,29.48,10.62,30.0,26,0,22,0,4,0,0,0,0,0,0,0
533967_00534_11504_0,86.9,1,2022/10/18 07:30:00,29.96,10.44,12.0,9,0,6,0,3,0,0,0,0,0,0,0
533967_00534_11504_0,86.9,1,2022/10/18 07:45:00,30.20,10.36,14.0,11,0,8,0,3,0,0,0,0,0,0,0
533967_00534_11504_0,86.9,1,2022/10/18 08:00:00,29.21,10.71,15.0,14,0,13,0,1,0,0,0,0,0,0,0
533967_00534_11504_0,86.9,1,2022/10/18 08:15:00,29.68,10.54,39.0,35,0,31,0,4,0,0,0,0,0,0,0
533967_00534_11504_0,86.9,1,2022/10/18 08:30:00,28.86,10.85,79.0,71,0,63,7,1,0,0,0,0,0,0,0
533967_00534_11504_0,86.9,1,2022/10/18 08:45:00,28.69,10.91,67.0,64,0,61,0,3,0,0,0,0,0,0,0
533967_00534_11504_0,86.9,1,2022/10/18 09:00:00,29.18,10.72,29.0,29,0,29,0,0,0,0,0,0,0,0,0
533967_00534_11504_0,86.9,1,2022/10/18 09:15:00,29.47,10.62,74.0,68,0,62,6,0,0,0,0,0,0,0,0
533967_00534_11504_0,86.9,1,2022/10/18 09:30:00,29.66,10.55,62.0,58,0,54,1,3,0,0,0,0,0,0,0
533967_00534_11504_0,86.9,1,2022/10/18 09:45:00,29.16,10.73,28.0,26,0,24,0,2,0,0,0,0,0,0,0
533967_00534_11504_0,86.9,1,2022/10/18 10:00:00,28.96,10.81,28.0,26,0,24,1,1,0,0,0,0,0,0,0
533967_00534_11504_0,86.9,1,2022/10/18 10:15:00,29.04,10.78,36.0,36,0,36,0,0,0,0,0,0,0,0,0
533967_00534_11504_0,86.9,1,2022/10/18 10:30:00,29.18,10.72,68.0,65,0,62,0,3,0,0,0,0,0,0,0
533967_00534_11504_0,86.9,1,2022/10/18 10:45:00,29.00,10.79,58.0,53,0,48,0,5,0,0,0,0,0,0,0
533967_00534_11504_0,86.9,1,2022/10/18 11:00:00,29.32,10.67,46.0,46,0,46,0,0,0,0,0,0,0,0,0
533967_00534_11504_0,86.9,1,2022/10/18 11:15:00,29.56,10.59,46.0,46,0,46,0,0,0,0,0,0,0,0,0
533967_00534_11504_0,86.9,1,2022/10/18 11:30:00,29.12,10.75,92.0,91,0,90,0,1,0,0,0,0,0,0,0
533967_00534_11504_0,86.9,1,2022/10/18 11:45:00,29.25,10.70,47.0,43,0,39,0,4,0,0,0,0,0,0,0
533967_00534_11504_0,86.9,1,2022/10/18 12:00:00,29.16,10.73,82.0,82,0,82,0,0,0,0,0,0,0,0,0
533967_00534_11504_0,86.9,1,2022/10/18 12:15:00,29.19,10.72,50.0,50,0,50,0,0,0,0,0,0,0,0,0
533967_00534_11504_0,86.9,1,2022/10/18 12:30:00,29.03,10.78,79.0,77,0,75,0,2,0,0,0,0,0,0,0
533967_00534_11504_0,86.9,1,2022/10/18 12:45:00,29.11,10.75,36.0,36,0,36,0,0,0,0,0,0,0,0,0
533967_00534_11504_0,86.9,1,2022/10/18 13:00:00,29.31,10.68,74.0,71,0,68,0,3,0,0,0,0,0,0,0
533967_00534_11504_0,86.9,1,2022/10/18 13:15:00,29.05,10.77,56.0,53,0,50,3,0,0,0,0,0,0,0,0
533967_00534_11504_0,86.9,1,2022/10/18 13:30:00,29.45,10.63,56.0,56,0,56,0,0,0,0,0,0,0,0,0
533967_00534_11504_0,86.9,1,2022/10/18 13:45:00,28.75,10.88,83.0,78,0,73,1,4,0,0,0,0,0,0,0
533967_00534_11504_0,86.9,1,2022/10/18 14:00:00,29.44,10.63,76.0,73,0,70,2,1,0,0,0,0,0,0,0
533967_00534_11504_0,86.9,1,2022/10/18 14:15:00,29.09,10.76,79.0,74,0,69,0,5,0,0,0,0,0,0,0
533967_00534_11504_0,86.9,1,2022/10/18 14:30:00,29.34,10.67,58.0,57,0,56,1,0,0,0,0,0,0,0,0
533967_00534_11504_0,86.9,1,2022/10/18 14:45:00,29.36,10.66,79.0,76,0,73,0,3,0,0,0,0,0,0,0
533967_00534_11504_0,86.9,1,2022/10/18 15:00:00,28.78,10.88,85.0,80,0,75,0,5,0,0,0,0,0,0,0
533967_00534_11504_0,86.9,1,2022/10/18 15:15:00,29.20,10.72,65.0,60,0,55,0,5,0,0,0,0,0,0,0
533967_00534_11504_0,86.9,1,2022/10/18 15:30:00,29.00,10.79,62.0,62,0,62,0,0,0,0,0,0,0,0,0
533967_00534_11504_0,86.9,1,2022/10/18 15:45:00,29.34,10.67,46.0,42,0,38,0,4,0,0,0,0,0,0,0
533967_00534_11504_0,86.9,1,2022/10/18 16:00:00,29.44,10.63,73.0,73,0,73,0,0,0,0,0,0,0,0,0
533967_00534_11504_0,86.9,1,2022/10/18 16:15:00,28.97,10.80,93.0,91,0,89,0,2,0,0,0,0,0,0,0
533967_00534_11504_0,86.9,1,2022/10/18 16:30:00,28.90,10.83,84.0,82,0,80,0,2,0,0,0,0,0,0,0
533967_00534_11504_0,86.9,1,2022/10/18 16:45:00,29.23,10.71,91.0,89,0,87,0,2,0,0,0,0,0,0,0
533967_00534_11504_0,86.9,1,2022/10/18 17:00:00,29.01,10.79,98.0,94,0,90,0,4,0,0,0,0,0,0,0
533967_00534_11504_0,86.9,1,2022/10/18 17:15:00,27.87,11.23,24.0,22,0,20,0,2,0,0,0,0,0,0,0
533967_00534_11504_0,86.9,1,2022/10/18 17:30:00,29.23,10.70,61.0,61,0,61,0,0,0,0,0,0,0,0,0
533967_00534_11504_0,86.9,1,2022/10/18 17:45:00,29.37,10.66,58.0,58,0,58,0,0,0,0,0,0,0,0,0
533967_00534_11504_0,86.9,1,2022/10/18 18:00:00,29.44,10.63,76.0,73,0,70,0,3,0,0,0,0,0,0,0
533967_00534_11504_0,86.9,1,2022/10/18 18:15:00,29.39,10.65,97.0,97,0,97,0,0,0,0,0,0,0,0,0
533967_00534_11504_0,86.9,1,2022/10/18 18:30:00,29.34,10.67,94.0,93,0,92,1,0,0,0,0,0,0,0,0
533967_00534_11504_0,86.9,1,2022/10/18 18:45:00,29.55,10.59,65.0,61,0,57,0,4,0,0,0,0,0,0,0
533967_00534_11504_1,87.2,1,2022/10/18 06:30:00,8.89,35.31,53.0,49,0,45,3,1,0,0,0,0,0,0,0
533967_00534_11504_1,87.2,1,2022/10/18 06:45:00,7.88,39.84,42.0,38,0,34,2,2,0,0,0,0,0,0,0
533967_00534_11504_1,87.2,1,2022/10/18 07:00:00,7.64,41.12,63.0,58,0,53,2,3,0,0,0,0,0,0,0
533967_00534_11504_1,87.2,1,2022/10/18 07:15:00,8.18,38.39,80.0,71,0,62,6,3,0,0,0,0,0,0,0
533967_00534_11504_1,87.2,1,2022/10/18 07:30:00,7.08,44.38,73.0,73,0,73,0,0,0,0,0,0,0,0,0
533967_00534_11504_1,87.2,1,2022/10/18 07:45:00,7.73,40.61,93.0,90,0,87,0,3,0,0,0,0,0,0,0
533967_00534_11504_1,87.2,1,2022/10/18 08:00:00,6.57,47.80,108.0,99,0,90,4,5,0,0,0,0,0,0,0
533967_00534_11504_1,87.2,1,2022/10/18 08:15:00,5.96,52.67,109.0,105,0,101,2,2,0,0,0,0,0,0,0
533967_00534_11504_1,87.2,1,2022/10/18 08:30:00,5.51,56.99,93.0,87,0,81,3,3,0,0,0,0,0,0,0
533967_00534_11504_1,87.2,1,2022/10/18 08:45:00,6.15,51.04,100.0,95,0,90,2,3,0,0,0,0,0,0,0
533967_00534_11504_1,87.2,1,2022/10/18 09:00:00,8.55,36.74,83.0,74,0,65,4,5,0,0,0,0,0,0,0
533967_00534_11504_1,87.2,1,2022/10/18 09:15:00,8.84,35.51,61.0,57,0,53,0,4,0,0,0,0,0,0,0
533967_00534_11504_1,87.2,1,2022/10/18 09:30:00,7.39,42.51,65.0,61,0,57,3,1,0,0,0,0,0,0,0
533967_00534_11504_1,87.2,1,2022/10/18 09:45:00,6.57,47.79,95.0,90,0,85,4,1,0,0,0,0,0,0,0
533967_00534_11504_1,87.2,1,2022/10/18 10:00:00,7.62,41.22,64.0,58,0,52,1,5,0,0,0,0,0,0,0
533967_00534_11504_1,87.2,1,2022/10/18 10:15:00,7.25,43.32,78.0,77,0,76,0,1,0,0,0,0,0,0,0
533967_00534_11504_1,87.2,1,2022/10/18 10:30:00,8.58,36.61,45.0,38,0,31,2,5,0,0,0,0,0,0,0
533967_00534_11504_1,87.2,1,2022/10/18 10:45:00,7.81,40.21,71.0,61,0,51,5,5,0,0,0,0,0,0,0
533967_00534_11504_1,87.2,1,2022/10/18 11:00:00,8.45,37.18,54.0,50,0,46,1,3,0,0,0,0,0,0,0
533967_00534_11504_1,87.2,1,2022/10/18 11:15:00,7.50,41.86,67.0,57,0,47,9,1,0,0,0,0,0,0,0
533967_00534_11504_1,87.2,1,2022/10/18 11:30:00,7.77,40.42,35.0,33,0,31,1,1,0,0,0,0,0,0,0
533967_00534_11504_1,87.2,1,2022/10/18 11:45:00,9.45,33.23,58.0,52,0,46,3,3,0,0,0,0,0,0,0
533967_00534_11504_1,87.2,1,2022/10/18 12:00:00,6.95,45.15,60.0,59,0,58,0,1,0,0,0,0,0,0,0
533967_00534_11504_1,87.2,1,2022/10/18 12:15:00,7.29,43.05,64.0,56,0,48,5,3,0,0,0,0,0,0,0
533967_00534_11504_1,87.2,1,2022/10/18 12:30:00,6.87,45.69,61.0,58,0,55,2,1,0,0,0,0,0,0,0
533967_00534_11504_1,87.2,1,2022/10/18 12:45:00,7.85,40.03,43.0,39,0,35,0,4,0,0,0,0,0,0,0
533967_00534_11504_1,87.2,1,2022/10/18 13:00:00,7.07,44.41,36.0,32,0,28,3,1,0,0,0,0,0,0,0
533967_00534_11504_1,87.2,1,2022/10/18 13:15:00,7.25,43.31,38.0,32,0,26,6,0,0,0,0,0,0,0,0
533967_00534_11504_1,87.2,1,2022/10/18 13:30:00,7.95,39.52,71.0,65,0,59,3,3,0,0,0,0,0,0,0
533967_00534_11504_1,87.2,1,2022/10/18 13:45:00,9.18,34.20,33.0,25,0,17,7,1,0,0,0,0,0,0,0
533967_00534_11504_1,87.2,1,2022/10/18 14:00:00,8.99,34.92,39.0,37,0,35,0,2,0,0,0,0,0,0,0
533967_00534_11504_1,87.2,1,2022/10/18 14:15:00,8.67,36.20,49.0,44,0,39,2,3,0,0,0,0,0,0,0
533967_00534_11504_1,87.2,1,2022/10/18 14:30:00,6.53,48.10,53.0,52,0,51,0,1,0,0,0,0,0,0,0
533967_00534_11504_1,87.2,1,2022/10/18 14:45:00,7.55,41.57,59.0,58,0,57,0,1,0,0,0,0,0,0,0
533967_00534_11504_1,87.2,1,2022/10/18 15:00:00,9.14,34.34,41.0,38,0,35,0,3,0,0,0,0,0,0,0
533967_00534_11504_1,87.2,1,2022/10/18 15:15:00,8.41,37.33,39.0,36,0,33,0,3,0,0,0,0,0,0,0
533967_00534_11504_1,87.2,1,2022/10/18 15:30:00,8.55,36.73,44.0,44,0,44,0,0,0,0,0,0,0,0,0
533967_00534_11504_1,87.2,1,2022/10/18 15:45:00,7.41,42.40,44.0,42,0,40,0,2,0,0,0,0,0,0,0
533967_00534_11504_1,87.2,1,2022/10/18 16:00:00,8.46,37.11,69.0,61,0,53,5,3,0,0,0,0,0,0,0
533967_00534_11504_1,87.2,1,2022/10/18 16:15:00,6.61,47.51,68.0,68,0,68,0,0,0,0,0,0,0,0,0
533967_00534_11504_1,87.2,1,2022/10/18 16:30:00,6.94,45.24,84.0,80,0,76,2,2,0,0,0,0,0,0,0
533967_00534_11504_1,87.2,1,2022/10/18 16:45:00,7.28,43.12,74.0,68,0,62,3,3,0,0,0,0,0,0,0
533967_00534_11504_1,87.2,1,2022/10/18 17:00:00,6.10,51.47,92.0,88,0,84,3,1,0,0,0,0,0,0,0
533967_00534_11504_1,87.2,1,2022/10/18 17:15:00,8.85,35.48,76.0,73,0,70,0,3,0,0,0,0,0,0,0
533967_00534_11504_1,87.2,1,2022/10/18 17:30:00,8.37,37.51,56.0,53,0,50,1,2,0,0,0,0,0,0,0
533967_00534_11504_1,87.2,1,2022/10/18 17:45:00,10.27,30.57,42.0,42,0,42,0,0,0,0,0,0,0,0,0
533967_00534_11504_1,87.2,1,2022/10/18 18:00:00,7.05,44.57,69.0,65,0,61,0,4,0,0,0,0,0,0,0
533967_00534_11504_1,87.2,1,2022/10/18 18:15:00,8.14,38.59,64.0,63,0,62,0,1,0,0,0,0,0,0,0
533967_00534_11504_1,87.2,1,2022/10/18 18:30:00,9.48,33.12,47.0,41,0,35,4,2,0,0,0,0,0,0,0
533967_00534_11504_1,87.2,1,2022/10/18 18:45:00,8.80,35.67,51.0,46,0,41,1,4,0,0,0,0,0,0,0
533967_00535_00538_0,162.0,1,2022/10/18 06:30:00,16.43,35.48,64.0,58,0,52,3,3,0,0,0,0,0,0,0
533967_00535_00538_0,162.0,1,2022/10/18 06:45:00,15.02,38.81,66.0,63,0,60,2,1,0,0,0,0,0,0,0
533967_00535_00538_0,162.0,1,2022/10/18 07:00:00,13.50,43.20,74.0,69,0,64,3,2,0,0,0,0,0,0,0
533967_00535_00538_0,162.0,1,2022/10/18 07:15:00,12.74,45.76,79.0,71,0,63,1,7,0,0,0,0,0,0,0
533967_00535_00538_0,162.0,1,2022/10/18 07:30:00,13.41,43.47,92.0,87,0,82,4,1,0,0,0,0,0,0,0
533967_00535_00538_0,162.0,1,2022/10/18 07:45:00,11.67,49.96,88.0,85,0,82,0,3,0,0,0,0,0,0,0
533967_00535_00538_0,162.0,1,2022/10/18 08:00:00,12.98,44.93,82.0,70,0,58,2,10,0,0,0,0,0,0,0
533967_00535_00538_0,162.0,1,2022/10/18 08:15:00,12.11,48.16,111.0,105,0,99,2,4,0,0,0,0,0,0,0
533967_00535_00538_0,162.0,1,2022/10/18 08:30:00,13.70,42.57,104.0,97,0,90,1,6,0,0,0,0,0,0,0
533967_00535_00538_0,162.0,1,2022/10/18 08:45:00,14.11,41.34,68.0,62,0,56,3,3,0,0,0,0,0,0,0
533967_00535_00538_0,162.0,1,2022/10/18 09:00:00,12.75,45.72,80.0,64,0,48,11,5,0,0,0,0,0,0,0
533967_00535_00538_0,162.0,1,2022/10/18 09:15:00,12.81,45.53,78.0,68,0,58,6,4,0,0,0,0,0,0,0
533967_00535_00538_0,162.0,1,2022/10/18 09:30:00,15.77,36.97,69.0,59,0,49,2,8,0,0,0,0,0,0,0
533967_00535_00538_0,162.0,1,2022/10/18 09:45:00,21.02,27.75,68.0,59,0,50,6,3,0,0,0,0,0,0,0
533967_00535_00538_0,162.0,1,2022/10/18 10:00:00,15.02,38.81,91.0,78,0,65,11,2,0,0,0,0,0,0,0
533967_00535_00538_0,162.0,1,2022/10/18 10:15:00,15.80,36.91,88.0,75,0,62,6,7,0,0,0,0,0,0,0
533967_00535_00538_0,162.0,1,2022/10/18 10:30:00,13.63,42.77,67.0,61,0,55,3,3,0,0,0,0,0,0,0
533967_00535_00538_0,162.0,1,2022/10/18 10:45:00,15.20,38.36,84.0,78,0,72,0,6,0,0,0,0,0,0,0
533967_00535_00538_0,162.0,1,2022/10/18 11:00:00,13.67,42.66,74.0,67,0,60,7,0,0,0,0,0,0,0,0
533967_00535_00538_0,162.0,1,2022/10/18 11:15:00,13.42,43.45,83.0,74,0,65,3,6,0,0,0,0,0,0,0
533967_00535_00538_0,162.0,1,2022/10/18 11:30:00,13.20,44.17,67.0,63,0,59,1,3,0,0,0,0,0,0,0
533967_00535_00538_0,162.0,1,2022/10/18 11:45:00,14.43,40.41,116.0,104,0,92,6,5,1,0,0,0,0,0,0
533967_00535_00538_0,162.0,1,2022/10/18 12:00:00,18.75,31.09,81.0,76,0,71,1,4,0,0,0,0,0,0,0
533967_00535_00538_0,162.0,1,2022/10/18 12:15:00,12.69,45.95,58.0,58,0,58,0,0,0,0,0,0,0,0,0
533967_00535_00538_0,162.0,1,2022/10/18 12:30:00,12.46,46.79,99.0,91,0,83,3,5,0,0,0,0,0,0,0
533967_00535_00538_0,162.0,1,2022/10/18 12:45:00,12.20,47.79,72.0,63,0,54,4,5,0,0,0,0,0,0,0
533967_00535_00538_0,162.0,1,2022/10/18 13:00:00,13.80,42.25,82.0,71,0,60,6,5,0,0,0,0,0,0,0
533967_00535_00538_0,162.0,1,2022/10/18 13:15:00,14.83,39.32,106.0,91,0,76,8,7,0,0,0,0,0,0,0
533967_00535_00538_0,162.0,1,2022/10/18 13:30:00,13.34,43.71,68.0,62,0,56,3,3,0,0,0,0,0,0,0
533967_00535_00538_0,162.0,1,2022/10/18 13:45:00,12.80,45.54,79.0,74,0,69,2,3,0,0,0,0,0,0,0
533967_00535_00538_0,162.0,1,2022/10/18 14:00:00,14.69,39.69,59.0,55,0,51,0,4,0,0,0,0,0,0,0
533967_00535_00538_0,162.0,1,2022/10/18 14:15:00,12.42,46.96,77.0,77,0,77,0,0,0,0,0,0,0,0,0
533967_00535_00538_0,162.0,1,2022/10/18 14:30:00,13.58,42.93,48.0,45,0,42,0,3,0,0,0,0,0,0,0
533967_00535_00538_0,162.0,1,2022/10/18 14:45:00,15.62,37.34,70.0,62,0,54,1,7,0,0,0,0,0,0,0
533967_00535_00538_0,162.0,1,2022/10/18 15:00:00,13.54,43.08,102.0,91,0,80,4,7,0,0,0,0,0,0,0
533967_00535_00538_0,162.0,1,2022/10/18 15:15:00,15.09,38.63,74.0,63,0,52,4,7,0,0,0,0,0,0,0
533967_00535_00538_0,162.0,1,2022/10/18 15:30:00,15.10,38.61,59.0,56,0,53,1,2,0,0,0,0,0,0,0
533967_00535_00538_0,162.0,1,2022/10/18 15:45:00,16.37,35.61,84.0,72,0,60,0,12,0,0,0,0,0,0,0
533967_00535_00538_0,162.0,1,2022/10/18 16:00:00,13.55,43.03,84.0,77,0,70,6,1,0,0,0,0,0,0,0
533967_00535_00538_0,162.0,1,2022/10/18 16:15:00,14.95,39.01,86.0,81,0,76,2,3,0,0,0,0,0,0,0
533967_00535_00538_0,162.0,1,2022/10/18 16:30:00,13.15,44.33,92.0,88,0,84,0,4,0,0,0,0,0,0,0
533967_00535_00538_0,162.0,1,2022/10/18 16:45:00,12.46,46.81,83.0,74,0,65,4,5,0,0,0,0,0,0,0
533967_00535_00538_0,162.0,1,2022/10/18 17:00:00,13.52,43.12,106.0,94,0,82,0,12,0,0,0,0,0,0,0
533967_00535_00538_0,162.0,1,2022/10/18 17:15:00,16.16,36.08,51.0,48,0,45,0,3,0,0,0,0,0,0,0
533967_00535_00538_0,162.0,1,2022/10/18 17:30:00,12.29,47.46,98.0,89,0,80,3,6,0,0,0,0,0,0,0
533967_00535_00538_0,162.0,1,2022/10/18 17:45:00,14.73,39.59,97.0,91,0,85,0,6,0,0,0,0,0,0,0
533967_00535_00538_0,162.0,1,2022/10/18 18:00:00,16.74,34.82,94.0,90,0,86,1,3,0,0,0,0,0,0,0
533967_00535_00538_0,162.0,1,2022/10/18 18:15:00,25.09,23.24,70.0,59,0,48,3,8,0,0,0,0,0,0,0
533967_00535_00538_0,162.0,1,2022/10/18 18:30:00,27.08,21.53,58.0,51,0,44,2,5,0,0,0,0,0,0,0
533967_00535_00538_0,162.0,1,2022/10/18 18:45:00,23.63,24.68,55.0,50,0,45,2,3,0,0,0,0,0,0,0
533967_00535_00538_1,173.6,1,2022/10/18 06:30:00,13.24,47.21,19.0,14,0,9,0,5,0,0,0,0,0,0,0
533967_00535_00538_1,173.6,1,2022/10/18 06:45:00,18.61,33.59,21.0,17,0,13,0,4,0,0,0,0,0,0,0
533967_00535_00538_1,173.6,1,2022/10/18 07:00:00,21.84,28.61,50.0,44,0,38,0,6,0,0,0,0,0,0,0
533967_00535_00538_1,173.6,1,2022/10/18 07:15:00,19.35,32.30,58.0,50,0,42,1,7,0,0,0,0,0,0,0
533967_00535_00538_1,173.6,1,2022/10/18 07:30:00,16.56,37.73,42.0,37,0,32,0,5,0,0,0,0,0,0,0
533967_00535_00538_1,173.6,1,2022/10/18 07:45:00,15.87,39.37,75.0,70,0,65,0,5,0,0,0,0,0,0,0
533967_00535_00538_1,173.6,1,2022/10/18 08:00:00,16.92,36.93,110.0,104,0,98,0,6,0,0,0,0,0,0,0
533967_00535_00538_1,173.6,1,2022/10/18 08:15:00,18.50,33.79,59.0,57,0,55,1,1,0,0,0,0,0,0,0
533967_00535_00538_1,173.6,1,2022/10/18 08:30:00,18.27,34.21,55.0,48,0,41,2,5,0,0,0,0,0,0,0
533967_00535_00538_1,173.6,1,2022/10/18 08:45:00,15.56,40.16,53.0,45,0,37,0,8,0,0,0,0,0,0,0
533967_00535_00538_1,173.6,1,2022/10/18 09:00:00,16.59,37.66,99.0,89,0,79,4,6,0,0,0,0,0,0,0
533967_00535_00538_1,173.6,1,2022/10/18 09:15:00,17.40,35.92,60.0,49,0,38,5,6,0,0,0,0,0,0,0
533967_00535_00538_1,173.6,1,2022/10/18 09:30:00,16.62,37.61,64.0,49,0,34,8,7,0,0,0,0,0,0,0
533967_00535_00538_1,173.6,1,2022/10/18 09:45:00,16.94,36.89,89.0,74,0,59,7,8,0,0,0,0,0,0,0
533967_00535_00538_1,173.6,1,2022/10/18 10:00:00,23.39,26.71,57.0,49,0,41,2,6,0,0,0,0,0,0,0
533967_00535_00538_1,173.6,1,2022/10/18 10:15:00,15.23,41.02,45.0,40,0,35,3,2,0,0,0,0,0,0,0
533967_00535_00538_1,173.6,1,2022/10/18 10:30:00,22.98,27.20,56.0,40,0,24,9,7,0,0,0,0,0,0,0
533967_00535_00538_1,173.6,1,2022/10/18 10:45:00,21.07,29.67,46.0,36,0,26,4,6,0,0,0,0,0,0,0
533967_00535_00538_1,173.6,1,2022/10/18 11:00:00,18.53,33.72,63.0,54,0,45,5,4,0,0,0,0,0,0,0
533967_00535_00538_1,173.6,1,2022/10/18 11:15:00,17.76,35.19,74.0,68,0,62,5,1,0,0,0,0,0,0,0
533967_00535_00538_1,173.6,1,2022/10/18 11:30:00,19.46,32.11,67.0,55,0,43,3,9,0,0,0,0,0,0,0
533967_00535_00538_1,173.6,1,2022/10/18 11:45:00,23.27,26.85,64.0,54,0,44,10,0,0,0,0,0,0,0,0
533967_00535_00538_1,173.6,1,2022/10/18 12:00:00,18.74,33.36,60.0,53,0,46,0,7,0,0,0,0,0,0,0
533967_00535_00538_1,173.6,1,2022/10/18 12:15:00,17.61,35.49,87.0,82,0,77,0,5,0,0,0,0,0,0,0
533967_00535_00538_1,173.6,1,2022/10/18 12:30:00,19.95,31.33,77.0,73,0,69,0,4,0,0,0,0,0,0,0
533967_00535_00538_1,173.6,1,2022/10/18 12:45:00,20.83,30.00,57.0,54,0,51,0,3,0,0,0,0,0,0,0
533967_00535_00538_1,173.6,1,2022/10/18 13:00:00,19.01,32.88,64.0,60,0,56,0,4,0,0,0,0,0,0,0
533967_00535_00538_1,173.6,1,2022/10/18 13:15:00,22.23,28.12,56.0,50,0,44,1,5,0,0,0,0,0,0,0
533967_00535_00538_1,173.6,1,2022/10/18 13:30:00,19.64,31.83,55.0,46,0,37,3,6,0,0,0,0,0,0,0
533967_00535_00538_1,173.6,1,2022/10/18 13:45:00,22.37,27.94,61.0,49,0,37,7,5,0,0,0,0,0,0,0
533967_00535_00538_1,173.6,1,2022/10/18 14:00:00,16.76,37.29,64.0,55,0,46,0,9,0,0,0,0,0,0,0
533967_00535_00538_1,173.6,1,2022/10/18 14:15:00,14.34,43.57,91.0,81,0,71,6,4,0,0,0,0,0,0,0
533967_00535_00538_1,173.6,1,2022/10/18 14:30:00,14.20,44.02,77.0,66,0,55,3,8,0,0,0,0,0,0,0
533967_00535_00538_1,173.6,1,2022/10/18 14:45:00,17.43,35.86,65.0,56,0,47,2,7,0,0,0,0,0,0,0
533967_00535_00538_1,173.6,1,2022/10/18 15:00:00,19.64,31.82,77.0,65,0,53,7,5,0,0,0,0,0,0,0
533967_00535_00538_1,173.6,1,2022/10/18 15:15:00,13.38,46.72,65.0,61,0,57,2,2,0,0,0,0,0,0,0
533967_00535_00538_1,173.6,1,2022/10/18 15:30:00,11.90,52.51,79.0,73,0,67,5,1,0,0,0,0,0,0,0
533967_00535_00538_1,173.6,1,2022/10/18 15:45:00,11.96,52.27,79.0,71,0,63,3,5,0,0,0,0,0,0,0
533967_00535_00538_1,173.6,1,2022/10/18 16:00:00,16.64,37.56,74.0,64,0,54,7,3,0,0,0,0,0,0,0
533967_00535_00538_1,173.6,1,2022/10/18 16:15:00,33.40,18.71,39.0,35,0,31,2,2,0,0,0,0,0,0,0
533967_00535_00538_1,173.6,1,2022/10/18 16:30:00,31.61,19.77,32.0,26,0,20,0,6,0,0,0,0,0,0,0
533967_00535_00538_1,173.6,1,2022/10/18 16:45:00,14.77,42.31,35.0,35,0,35,0,0,0,0,0,0,0,0,0
533967_00535_00538_1,173.6,1,2022/10/18 17:00:00,16.52,37.82,52.0,45,0,38,2,5,0,0,0,0,0,0,0
533967_00535_00538_1,173.6,1,2022/10/18 17:15:00,15.25,40.99,76.0,70,0,64,1,5,0,0,0,0,0,0,0
533967_00535_00538_1,173.6,1,2022/10/18 17:30:00,15.97,39.14,94.0,86,0,78,2,6,0,0,0,0,0,0,0
533967_00535_00538_1,173.6,1,2022/10/18 17:45:00,23.38,26.73,76.0,71,0,66,0,5,0,0,0,0,0,0,0
533967_00535_00538_1,173.6,1,2022/10/18 18:00:00,16.49,37.89,91.0,81,0,71,0,10,0,0,0,0,0,0,0
533967_00535_00538_1,173.6,1,2022/10/18 18:15:00,17.86,35.00,90.0,84,0,78,2,4,0,0,0,0,0,0,0
533967_00535_00538_1,173.6,1,2022/10/18 18:30:00,18.91,33.05,62.0,55,0,48,1,6,0,0,0,0,0,0,0
533967_00535_00538_1,173.6,1,2022/10/18 18:45:00,17.11,36.53,81.0,70,0,59,4,7,0,0,0,0,0,0,0
533967_00535_00609_0,512.4,1,2022/10/18 06:30:00,29.93,61.62,76.0,71,0,66,5,0,0,0,0,0,0,0,0
533967_00535_00609_0,512.4,1,2022/10/18 06:45:00,29.93,61.62,75.0,72,0,69,3,0,0,0,0,0,0,0,0
533967_00535_00609_0,512.4,1,2022/10/18 07:00:00,30.02,61.43,65.0,60,0,55,5,0,0,0,0,0,0,0,0
533967_00535_00609_0,512.4,1,2022/10/18 07:15:00,29.96,61.57,109.0,101,0,93,3,5,0,0,0,0,0,0,0
533967_00535_00609_0,512.4,1,2022/10/18 07:30:00,29.97,61.55,140.0,137,0,134,3,0,0,0,0,0,0,0,0
533967_00535_00609_0,512.4,1,2022/10/18 07:45:00,29.89,61.70,111.0,108,0,105,3,0,0,0,0,0,0,0,0
533967_00535_00609_0,512.4,1,2022/10/18 08:00:00,29.66,62.18,156.0,150,0,144,6,0,0,0,0,0,0,0,0
533967_00535_00609_0,512.4,1,2022/10/18 08:15:00,29.84,61.81,143.0,138,0,133,5,0,0,0,0,0,0,0,0
533967_00535_00609_0,512.4,1,2022/10/18 08:30:00,29.94,61.61,158.0,153,0,148,3,2,0,0,0,0,0,0,0
533967_00535_00609_0,512.4,1,2022/10/18 08:45:00,29.89,61.71,158.0,150,0,142,3,5,0,0,0,0,0,0,0
533967_00535_00609_0,512.4,1,2022/10/18 09:00:00,29.87,61.75,115.0,107,0,99,3,5,0,0,0,0,0,0,0
533967_00535_00609_0,512.4,1,2022/10/18 09:15:00,29.82,61.85,99.0,89,0,79,6,4,0,0,0,0,0,0,0
533967_00535_00609_0,512.4,1,2022/10/18 09:30:00,29.83,61.83,148.0,128,0,108,12,8,0,0,0,0,0,0,0
533967_00535_00609_0,512.4,1,2022/10/18 09:45:00,29.99,61.51,110.0,99,0,88,4,7,0,0,0,0,0,0,0
533967_00535_00609_0,512.4,1,2022/10/18 10:00:00,29.87,61.75,114.0,101,0,88,9,4,0,0,0,0,0,0,0
533967_00535_00609_0,512.4,1,2022/10/18 10:15:00,30.01,61.47,97.0,92,0,87,4,1,0,0,0,0,0,0,0
533967_00535_00609_0,512.4,1,2022/10/18 10:30:00,29.96,61.57,89.0,77,0,65,9,3,0,0,0,0,0,0,0
533967_00535_00609_0,512.4,1,2022/10/18 10:45:00,29.91,61.66,81.0,71,0,61,6,4,0,0,0,0,0,0,0
533967_00535_00609_0,512.4,1,2022/10/18 11:00:00,29.95,61.59,89.0,79,0,69,9,1,0,0,0,0,0,0,0
533967_00535_00609_0,512.4,1,2022/10/18 11:15:00,30.01,61.47,130.0,118,0,106,11,1,0,0,0,0,0,0,0
533967_00535_00609_0,512.4,1,2022/10/18 11:30:00,30.07,61.34,65.0,56,0,47,4,5,0,0,0,0,0,0,0
533967_00535_00609_0,512.4,1,2022/10/18 11:45:00,29.97,61.54,79.0,70,0,61,9,0,0,0,0,0,0,0,0
533967_00535_00609_0,512.4,1,2022/10/18 12:00:00,29.98,61.52,98.0,86,0,74,4,8,0,0,0,0,0,0,0
533967_00535_00609_0,512.4,1,2022/10/18 12:15:00,29.98,61.52,130.0,120,0,110,9,1,0,0,0,0,0,0,0
533967_00535_00609_0,512.4,1,2022/10/18 12:30:00,30.01,61.47,83.0,72,0,61,8,3,0,0,0,0,0,0,0
533967_00535_00609_0,512.4,1,2022/10/18 12:45:00,29.98,61.52,64.0,64,0,64,0,0,0,0,0,0,0,0,0
533967_00535_00609_0,512.4,1,2022/10/18 13:00:00,29.82,61.86,88.0,81,0,74,7,0,0,0,0,0,0,0,0
533967_00535_00609_0,512.4,1,2022/10/18 13:15:00,29.98,61.52,72.0,64,0,56,8,0,0,0,0,0,0,0,0
533967_00535_00609_0,512.4,1,2022/10/18 13:30:00,29.89,61.71,87.0,77,0,67,6,4,0,0,0,0,0,0,0
533967_00535_00609_0,512.4,1,2022/10/18 13:45:00,29.97,61.54,84.0,65,0,46,16,3,0,0,0,0,0,0,0
533967_00535_00609_0,512.4,1,2022/10/18 14:00:00,29.88,61.73,86.0,77,0,68,3,6,0,0,0,0,0,0,0
533967_00535_00609_0,512.4,1,2022/10/18 14:15:00,30.02,61.44,72.0,66,0,60,2,4,0,0,0,0,0,0,0
533967_00535_00609_0,512.4,1,2022/10/18 14:30:00,29.95,61.60,102.0,89,0,76,7,6,0,0,0,0,0,0,0
533967_00535_00609_0,512.4,1,2022/10/18 14:45:00,29.86,61.76,76.0,68,0,60,3,5,0,0,0,0,0,0,0
533967_00535_00609_0,512.4,1,2022/10/18 15:00:00,29.76,61.98,75.0,66,0,57,9,0,0,0,0,0,0,0,0
533967_00535_00609_0,512.4,1,2022/10/18 15:15:00,29.92,61.64,72.0,69,0,66,2,1,0,0,0,0,0,0,0
533967_00535_00609_0,512.4,1,2022/10/18 15:30:00,29.90,61.70,83.0,79,0,75,3,1,0,0,0,0,0,0,0
533967_00535_00609_0,512.4,1,2022/10/18 15:45:00,30.00,61.48,89.0,83,0,77,1,5,0,0,0,0,0,0,0
533967_00535_00609_0,512.4,1,2022/10/18 16:00:00,29.85,61.79,120.0,105,0,90,10,5,0,0,0,0,0,0,0
533967_00535_00609_0,512.4,1,2022/10/18 16:15:00,29.81,61.88,97.0,90,0,83,6,1,0,0,0,0,0,0,0
533967_00535_00609_0,512.4,1,2022/10/18 16:30:00,29.83,61.83,102.0,93,0,84,6,3,0,0,0,0,0,0,0
533967_00535_00609_0,512.4,1,2022/10/18 16:45:00,29.69,62.12,95.0,89,0,83,6,0,0,0,0,0,0,0,0
533967_00535_00609_0,512.4,1,2022/10/18 17:00:00,30.03,61.41,61.0,51,0,41,5,5,0,0,0,0,0,0,0
533967_00535_00609_0,512.4,1,2022/10/18 17:15:00,29.97,61.54,115.0,104,0,93,8,3,0,0,0,0,0,0,0
533967_00535_00609_0,512.4,1,2022/10/18 17:30:00,29.99,61.50,120.0,116,0,112,0,4,0,0,0,0,0,0,0
533967_00535_00609_0,512.4,1,2022/10/18 17:45:00,29.95,61.58,88.0,83,0,78,2,3,0,0,0,0,0,0,0
533967_00535_00609_0,512.4,1,2022/10/18 18:00:00,29.94,61.60,122.0,115,0,108,0,7,0,0,0,0,0,0,0
533967_00535_00609_0,512.4,1,2022/10/18 18:15:00,30.03,61.41,97.0,97,0,97,0,0,0,0,0,0,0,0,0
533967_00535_00609_0,512.4,1,2022/10/18 18:30:00,29.92,61.64,91.0,87,0,83,3,1,0,0,0,0,0,0,0
533967_00535_00609_0,512.4,1,2022/10/18 18:45:00,30.08,61.31,74.0,67,0,60,4,3,0,0,0,0,0,0,0
533967_00535_00609_1,514.6,1,2022/10/18 06:30:00,20.38,90.90,90.0,86,0,82,2,2,0,0,0,0,0,0,0
533967_00535_00609_1,514.6,1,2022/10/18 06:45:00,18.81,98.51,96.0,90,0,84,4,2,0,0,0,0,0,0,0
533967_00535_00609_1,514.6,1,2022/10/18 07:00:00,19.52,94.90,99.0,94,0,89,3,2,0,0,0,0,0,0,0
533967_00535_00609_1,514.6,1,2022/10/18 07:15:00,15.18,122.03,108.0,98,0,88,5,5,0,0,0,0,0,0,0
533967_00535_00609_1,514.6,1,2022/10/18 07:30:00,15.34,120.81,101.0,98,0,95,2,1,0,0,0,0,0,0,0
533967_00535_00609_1,514.6,1,2022/10/18 07:45:00,22.22,83.37,60.0,54,0,48,5,1,0,0,0,0,0,0,0
533967_00535_00609_1,514.6,1,2022/10/18 08:00:00,19.57,94.66,77.0,73,0,69,4,0,0,0,0,0,0,0,0
533967_00535_00609_1,514.6,1,2022/10/18 08:15:00,20.13,92.06,88.0,88,0,88,0,0,0,0,0,0,0,0,0
533967_00535_00609_1,514.6,1,2022/10/18 08:30:00,20.60,89.93,76.0,72,0,68,3,1,0,0,0,0,0,0,0
533967_00535_00609_1,514.6,1,2022/10/18 08:45:00,18.25,101.49,99.0,93,0,87,3,3,0,0,0,0,0,0,0
533967_00535_00609_1,514.6,1,2022/10/18 09:00:00,18.69,99.13,87.0,78,0,69,5,4,0,0,0,0,0,0,0
533967_00535_00609_1,514.6,1,2022/10/18 09:15:00,20.02,92.53,72.0,64,0,56,4,4,0,0,0,0,0,0,0
533967_00535_00609_1,514.6,1,2022/10/18 09:30:00,18.88,98.14,91.0,78,0,65,9,4,0,0,0,0,0,0,0
533967_00535_00609_1,514.6,1,2022/10/18 09:45:00,21.00,88.23,54.0,47,0,40,6,1,0,0,0,0,0,0,0
533967_00535_00609_1,514.6,1,2022/10/18 10:00:00,20.34,91.10,84.0,73,0,62,11,0,0,0,0,0,0,0,0
533967_00535_00609_1,514.6,1,2022/10/18 10:15:00,19.41,95.44,99.0,86,0,73,8,5,0,0,0,0,0,0,0
533967_00535_00609_1,514.6,1,2022/10/18 10:30:00,19.07,97.16,84.0,80,0,76,3,1,0,0,0,0,0,0,0
533967_00535_00609_1,514.6,1,2022/10/18 10:45:00,20.69,89.55,86.0,75,0,64,7,4,0,0,0,0,0,0,0
533967_00535_00609_1,514.6,1,2022/10/18 11:00:00,21.47,86.28,108.0,96,0,84,7,5,0,0,0,0,0,0,0
533967_00535_00609_1,514.6,1,2022/10/18 11:15:00,20.06,92.38,101.0,92,0,83,6,3,0,0,0,0,0,0,0
533967_00535_00609_1,514.6,1,2022/10/18 11:30:00,19.10,97.00,85.0,84,0,83,1,0,0,0,0,0,0,0,0
533967_00535_00609_1,514.6,1,2022/10/18 11:45:00,20.70,89.51,85.0,77,0,69,5,3,0,0,0,0,0,0,0
533967_00535_00609_1,514.6,1,2022/10/18 12:00:00,15.01,123.47,122.0,115,0,108,4,3,0,0,0,0,0,0,0
533967_00535_00609_1,514.6,1,2022/10/18 12:15:00,15.38,120.47,92.0,89,0,86,3,0,0,0,0,0,0,0,0
533967_00535_00609_1,514.6,1,2022/10/18 12:30:00,10.68,173.43,106.0,99,0,92,2,5,0,0,0,0,0,0,0
533967_00535_00609_1,514.6,1,2022/10/18 12:45:00,19.09,97.07,92.0,84,0,76,6,2,0,0,0,0,0,0,0
533967_00535_00609_1,514.6,1,2022/10/18 13:00:00,15.80,117.29,107.0,97,0,87,5,5,0,0,0,0,0,0,0
533967_00535_00609_1,514.6,1,2022/10/18 13:15:00,16.21,114.32,109.0,94,0,79,9,6,0,0,0,0,0,0,0
533967_00535_00609_1,514.6,1,2022/10/18 13:30:00,19.78,93.66,81.0,76,0,71,2,3,0,0,0,0,0,0,0
533967_00535_00609_1,514.6,1,2022/10/18 13:45:00,21.89,84.62,72.0,69,0,66,2,1,0,0,0,0,0,0,0
533967_00535_00609_1,514.6,1,2022/10/18 14:00:00,20.65,89.74,76.0,72,0,68,4,0,0,0,0,0,0,0,0
533967_00535_00609_1,514.6,1,2022/10/18 14:15:00,22.02,84.14,67.0,64,0,61,3,0,0,0,0,0,0,0,0
533967_00535_00609_1,514.6,1,2022/10/18 14:30:00,21.04,88.07,43.0,41,0,39,2,0,0,0,0,0,0,0,0
533967_00535_00609_1,514.6,1,2022/10/18 14:45:00,20.70,89.52,69.0,62,0,55,2,5,0,0,0,0,0,0,0
533967_00535_00609_1,514.6,1,2022/10/18 15:00:00,19.60,94.53,99.0,87,0,75,7,5,0,0,0,0,0,0,0
533967_00535_00609_1,514.6,1,2022/10/18 15:15:00,19.23,96.33,93.0,89,0,85,2,2,0,0,0,0,0,0,0
533967_00535_00609_1,514.6,1,2022/10/18 15:30:00,18.38,100.82,74.0,71,0,68,1,2,0,0,0,0,0,0,0
533967_00535_00609_1,514.6,1,2022/10/18 15:45:00,17.55,105.59,100.0,86,0,72,8,6,0,0,0,0,0,0,0
533967_00535_00609_1,514.6,1,2022/10/18 16:00:00,19.35,95.73,83.0,78,0,73,5,0,0,0,0,0,0,0,0
533967_00535_00609_1,514.6,1,2022/10/18 16:15:00,11.46,161.64,106.0,101,0,96,1,4,0,0,0,0,0,0,0
533967_00535_00609_1,514.6,1,2022/10/18 16:30:00,17.89,103.55,82.0,76,0,70,4,2,0,0,0,0,0,0,0
533967_00535_00609_1,514.6,1,2022/10/18 16:45:00,14.14,131.02,97.0,91,0,85,3,3,0,0,0,0,0,0,0
533967_00535_00609_1,514.6,1,2022/10/18 17:00:00,8.99,206.06,105.0,101,0,97,0,4,0,0,0,0,0,0,0
533967_00535_00609_1,514.6,1,2022/10/18 17:15:00,15.05,123.07,108.0,106,0,104,0,2,0,0,0,0,0,0,0
533967_00535_00609_1,514.6,1,2022/10/18 17:30:00,19.59,94.59,105.0,105,0,105,0,0,0,0,0,0,0,0,0
533967_00535_00609_1,514.6,1,2022/10/18 17:45:00,15.49,119.64,117.0,113,0,109,1,3,0,0,0,0,0,0,0
533967_00535_00609_1,514.6,1,2022/10/18 18:00:00,19.42,95.41,82.0,81,0,80,1,0,0,0,0,0,0,0,0
533967_00535_00609_1,514.6,1,2022/10/18 18:15:00,20.01,92.60,101.0,95,0,89,3,3,0,0,0,0,0,0,0
533967_00535_00609_1,514.6,1,2022/10/18 18:30:00,13.32,139.09,106.0,105,0,104,1,0,0,0,0,0,0,0,0
533967_00535_00609_1,514.6,1,2022/10/18 18:45:00,17.07,108.54,101.0,99,0,97,2,0,0,0,0,0,0,0,0
533967_00535_11512_0,144.9,1,2022/10/18 06:30:00,44.04,11.85,27.0,26,0,25,1,0,0,0,0,0,0,0,0
533967_00535_11512_0,144.9,1,2022/10/18 06:45:00,45.05,11.58,32.0,31,0,30,1,0,0,0,0,0,0,0,0
533967_00535_11512_0,144.9,1,2022/10/18 07:00:00,43.99,11.86,53.0,50,0,47,1,2,0,0,0,0,0,0,0
533967_00535_11512_0,144.9,1,2022/10/18 07:15:00,44.67,11.68,62.0,53,0,44,3,6,0,0,0,0,0,0,0
533967_00535_11512_0,144.9,1,2022/10/18 07:30:00,44.38,11.76,51.0,49,0,47,1,1,0,0,0,0,0,0,0
533967_00535_11512_0,144.9,1,2022/10/18 07:45:00,44.73,11.66,88.0,77,0,66,6,5,0,0,0,0,0,0,0
533967_00535_11512_0,144.9,1,2022/10/18 08:00:00,45.39,11.49,94.0,83,0,72,3,8,0,0,0,0,0,0,0
533967_00535_11512_0,144.9,1,2022/10/18 08:15:00,42.48,12.28,78.0,71,0,64,4,3,0,0,0,0,0,0,0
533967_00535_11512_0,144.9,1,2022/10/18 08:30:00,46.08,11.32,58.0,50,0,42,4,4,0,0,0,0,0,0,0
533967_00535_11512_0,144.9,1,2022/10/18 08:45:00,45.28,11.52,82.0,75,0,68,3,4,0,0,0,0,0,0,0
533967_00535_11512_0,144.9,1,2022/10/18 09:00:00,45.66,11.42,102.0,99,0,96,0,3,0,0,0,0,0,0,0
533967_00535_11512_0,144.9,1,2022/10/18 09:15:00,43.22,12.07,76.0,71,0,66,0,5,0,0,0,0,0,0,0
533967_00535_11512_0,144.9,1,2022/10/18 09:30:00,44.25,11.79,89.0,76,0,63,13,0,0,0,0,0,0,0,0
533967_00535_11512_0,144.9,1,2022/10/18 09:45:00,45.48,11.47,92.0,83,0,74,7,2,0,0,0,0,0,0,0
533967_00535_11512_0,144.9,1,2022/10/18 10:00:00,45.48,11.47,71.0,70,0,69,0,1,0,0,0,0,0,0,0
533967_00535_11512_0,144.9,1,2022/10/18 10:15:00,43.71,11.94,92.0,78,0,64,14,0,0,0,0,0,0,0,0
533967_00535_11512_0,144.9,1,2022/10/18 10:30:00,43.21,12.07,88.0,81,0,74,6,1,0,0,0,0,0,0,0
533967_00535_11512_0,144.9,1,2022/10/18 10:45:00,44.08,11.83,58.0,54,0,50,1,3,0,0,0,0,0,0,0
533967_00535_11512_0,144.9,1,2022/10/18 11:00:00,44.44,11.74,122.0,111,0,100,7,4,0,0,0,0,0,0,0
533967_00535_11512_0,144.9,1,2022/10/18 11:15:00,45.29,11.52,122.0,116,0,110,6,0,0,0,0,0,0,0,0
533967_00535_11512_0,144.9,1,2022/10/18 11:30:00,44.25,11.79,105.0,100,0,95,4,1,0,0,0,0,0,0,0
533967_00535_11512_0,144.9,1,2022/10/18 11:45:00,44.32,11.77,76.0,74,0,72,1,1,0,0,0,0,0,0,0
533967_00535_11512_0,144.9,1,2022/10/18 12:00:00,43.88,11.89,90.0,89,0,88,1,0,0,0,0,0,0,0,0
533967_00535_11512_0,144.9,1,2022/10/18 12:15:00,43.87,11.89,127.0,120,0,113,1,6,0,0,0,0,0,0,0
533967_00535_11512_0,144.9,1,2022/10/18 12:30:00,44.43,11.74,130.0,124,0,118,0,6,0,0,0,0,0,0,0
533967_00535_11512_0,144.9,1,2022/10/18 12:45:00,45.27,11.52,86.0,84,0,82,2,0,0,0,0,0,0,0,0
533967_00535_11512_0,144.9,1,2022/10/18 13:00:00,43.90,11.88,106.0,103,0,100,0,3,0,0,0,0,0,0,0
533967_00535_11512_0,144.9,1,2022/10/18 13:15:00,44.22,11.80,110.0,98,0,86,5,7,0,0,0,0,0,0,0
533967_00535_11512_0,144.9,1,2022/10/18 13:30:00,44.47,11.73,67.0,67,0,67,0,0,0,0,0,0,0,0,0
533967_00535_11512_0,144.9,1,2022/10/18 13:45:00,44.37,11.76,77.0,74,0,71,1,2,0,0,0,0,0,0,0
533967_00535_11512_0,144.9,1,2022/10/18 14:00:00,44.24,11.79,73.0,72,0,71,1,0,0,0,0,0,0,0,0
533967_00535_11512_0,144.9,1,2022/10/18 14:15:00,45.90,11.37,94.0,93,0,92,0,1,0,0,0,0,0,0,0
533967_00535_11512_0,144.9,1,2022/10/18 14:30:00,45.41,11.49,84.0,78,0,72,3,3,0,0,0,0,0,0,0
533967_00535_11512_0,144.9,1,2022/10/18 14:45:00,44.10,11.83,98.0,94,0,90,0,4,0,0,0,0,0,0,0
533967_00535_11512_0,144.9,1,2022/10/18 15:00:00,43.89,11.89,108.0,96,0,84,7,5,0,0,0,0,0,0,0
533967_00535_11512_0,144.9,1,2022/10/18 15:15:00,44.81,11.64,96.0,95,0,94,0,1,0,0,0,0,0,0,0
533967_00535_11512_0,144.9,1,2022/10/18 15:30:00,45.45,11.48,115.0,111,0,107,4,0,0,0,0,0,0,0,0
533967_00535_11512_0,144.9,1,2022/10/18 15:45:00,44.53,11.72,113.0,109,0,105,3,1,0,0,0,0,0,0,0
533967_00535_11512_0,144.9,1,2022/10/18 16:00:00,44.22,11.80,81.0,74,0,67,7,0,0,0,0,0,0,0,0
533967_00535_11512_0,144.9,1,2022/10/18 16:15:00,42.84,12.18,70.0,68,0,66,2,0,0,0,0,0,0,0,0
533967_00535_11512_0,144.9,1,2022/10/18 16:30:00,43.61,11.96,60.0,54,0,48,0,6,0,0,0,0,0,0,0
533967_00535_11512_0,144.9,1,2022/10/18 16:45:00,43.62,11.96,72.0,72,0,72,0,0,0,0,0,0,0,0,0
533967_00535_11512_0,144.9,1,2022/10/18 17:00:00,43.91,11.88,87.0,83,0,79,4,0,0,0,0,0,0,0,0
533967_00535_11512_0,144.9,1,2022/10/18 17:15:00,44.91,11.62,109.0,107,0,105,1,1,0,0,0,0,0,0,0
533967_00535_11512_0,144.9,1,2022/10/18 17:30:00,45.16,11.55,112.0,109,0,106,2,1,0,0,0,0,0,0,0
533967_00535_11512_0,144.9,1,2022/10/18 17:45:00,44.35,11.76,88.0,88,0,88,0,0,0,0,0,0,0,0,0
533967_00535_11512_0,144.9,1,2022/10/18 18:00:00,45.72,11.41,114.0,112,0,110,1,1,0,0,0,0,0,0,0
533967_00535_11512_0,144.9,1,2022/10/18 18:15:00,45.66,11.42,118.0,113,0,108,5,0,0,0,0,0,0,0,0
533967_00535_11512_0,144.9,1,2022/10/18 18:30:00,44.92,11.61,97.0,93,0,89,0,4,0,0,0,0,0,0,0
533967_00535_11512_0,144.9,1,2022/10/18 18:45:00,45.25,11.53,114.0,110,0,106,0,4,0,0,0,0,0,0,0
533967_00535_11512_1,145.9,1,2022/10/18 06:30:00,13.51,38.89,118.0,112,0,106,5,1,0,0,0,0,0,0,0
533967_00535_11512_1,145.9,1,2022/10/18 06:45:00,14.99,35.03,125.0,119,0,113,5,1,0,0,0,0,0,0,0
533967_00535_11512_1,145.9,1,2022/10/18 07:00:00,13.73,38.26,87.0,81,0,75,5,1,0,0,0,0,0,0,0
533967_00535_11512_1,145.9,1,2022/10/18 07:15:00,13.80,38.07,129.0,125,0,121,3,1,0,0,0,0,0,0,0
533967_00535_11512_1,145.9,1,2022/10/18 07:30:00,13.32,39.44,164.0,154,0,144,8,2,0,0,0,0,0,0,0
533967_00535_11512_1,145.9,1,2022/10/18 07:45:00,11.07,47.43,126.0,122,0,118,0,4,0,0,0,0,0,0,0
533967_00535_11512_1,145.9,1,2022/10/18 08:00:00,11.51,45.63,171.0,156,0,141,4,11,0,0,0,0,0,0,0
533967_00535_11512_1,145.9,1,2022/10/18 08:15:00,10.55,49.80,192.0,181,0,170,7,4,0,0,0,0,0,0,0
533967_00535_11512_1,145.9,1,2022/10/18 08:30:00,12.89,40.75,172.0,169,0,166,2,1,0,0,0,0,0,0,0
533967_00535_11512_1,145.9,1,2022/10/18 08:45:00,13.62,38.58,106.0,104,0,102,2,0,0,0,0,0,0,0,0
533967_00535_11512_1,145.9,1,2022/10/18 09:00:00,17.33,30.31,100.0,96,0,92,4,0,0,0,0,0,0,0,0
533967_00535_11512_1,145.9,1,2022/10/18 09:15:00,15.30,34.34,102.0,98,0,94,2,2,0,0,0,0,0,0,0
533967_00535_11512_1,145.9,1,2022/10/18 09:30:00,14.59,36.01,106.0,97,0,88,7,2,0,0,0,0,0,0,0
533967_00535_11512_1,145.9,1,2022/10/18 09:45:00,16.38,32.07,118.0,108,0,98,8,2,0,0,0,0,0,0,0
533967_00535_11512_1,145.9,1,2022/10/18 10:00:00,14.36,36.59,119.0,114,0,109,5,0,0,0,0,0,0,0,0
533967_00535_11512_1,145.9,1,2022/10/18 10:15:00,17.35,30.28,116.0,106,0,96,10,0,0,0,0,0,0,0,0
533967_00535_11512_1,145.9,1,2022/10/18 10:30:00,14.53,36.15,101.0,92,0,83,9,0,0,0,0,0,0,0,0
533967_00535_11512_1,145.9,1,2022/10/18 10:45:00,15.16,34.65,97.0,89,0,81,7,1,0,0,0,0,0,0,0
533967_00535_11512_1,145.9,1,2022/10/18 11:00:00,13.50,38.90,102.0,93,0,84,8,1,0,0,0,0,0,0,0
533967_00535_11512_1,145.9,1,2022/10/18 11:15:00,15.07,34.86,154.0,144,0,134,10,0,0,0,0,0,0,0,0
533967_00535_11512_1,145.9,1,2022/10/18 11:30:00,13.87,37.88,87.0,81,0,75,1,5,0,0,0,0,0,0,0
533967_00535_11512_1,145.9,1,2022/10/18 11:45:00,14.10,37.27,128.0,116,0,104,9,3,0,0,0,0,0,0,0
533967_00535_11512_1,145.9,1,2022/10/18 12:00:00,15.81,33.23,93.0,88,0,83,4,1,0,0,0,0,0,0,0
533967_00535_11512_1,145.9,1,2022/10/18 12:15:00,13.91,37.77,122.0,116,0,110,6,0,0,0,0,0,0,0,0
533967_00535_11512_1,145.9,1,2022/10/18 12:30:00,12.85,40.88,113.0,106,0,99,3,4,0,0,0,0,0,0,0
533967_00535_11512_1,145.9,1,2022/10/18 12:45:00,15.89,33.07,92.0,88,0,84,4,0,0,0,0,0,0,0,0
533967_00535_11512_1,145.9,1,2022/10/18 13:00:00,13.65,38.49,110.0,102,0,94,7,1,0,0,0,0,0,0,0
533967_00535_11512_1,145.9,1,2022/10/18 13:15:00,13.23,39.71,127.0,116,0,105,10,1,0,0,0,0,0,0,0
533967_00535_11512_1,145.9,1,2022/10/18 13:30:00,15.90,33.04,102.0,97,0,92,5,0,0,0,0,0,0,0,0
533967_00535_11512_1,145.9,1,2022/10/18 13:45:00,15.86,33.12,97.0,90,0,83,5,2,0,0,0,0,0,0,0
533967_00535_11512_1,145.9,1,2022/10/18 14:00:00,16.38,32.06,67.0,66,0,65,0,1,0,0,0,0,0,0,0
533967_00535_11512_1,145.9,1,2022/10/18 14:15:00,13.39,39.23,93.0,90,0,87,3,0,0,0,0,0,0,0,0
533967_00535_11512_1,145.9,1,2022/10/18 14:30:00,14.17,37.08,109.0,99,0,89,5,5,0,0,0,0,0,0,0
533967_00535_11512_1,145.9,1,2022/10/18 14:45:00,14.72,35.68,77.0,73,0,69,4,0,0,0,0,0,0,0,0
533967_00535_11512_1,145.9,1,2022/10/18 15:00:00,12.76,41.17,101.0,95,0,89,4,2,0,0,0,0,0,0,0
533967_00535_11512_1,145.9,1,2022/10/18 15:15:00,11.83,44.41,93.0,80,0,67,9,4,0,0,0,0,0,0,0
533967_00535_11512_1,145.9,1,2022/10/18 15:30:00,14.85,35.38,82.0,80,0,78,1,1,0,0,0,0,0,0,0
533967_00535_11512_1,145.9,1,2022/10/18 15:45:00,14.80,35.48,96.0,87,0,78,7,2,0,0,0,0,0,0,0
533967_00535_11512_1,145.9,1,2022/10/18 16:00:00,14.75,35.62,121.0,110,0,99,8,3,0,0,0,0,0,0,0
533967_00535_11512_1,145.9,1,2022/10/18 16:15:00,12.91,40.69,75.0,74,0,73,0,1,0,0,0,0,0,0,0
533967_00535_11512_1,145.9,1,2022/10/18 16:30:00,13.22,39.75,111.0,102,0,93,6,3,0,0,0,0,0,0,0
533967_00535_11512_1,145.9,1,2022/10/18 16:45:00,16.78,31.31,94.0,91,0,88,2,1,0,0,0,0,0,0,0
533967_00535_11512_1,145.9,1,2022/10/18 17:00:00,11.31,46.45,89.0,84,0,79,4,1,0,0,0,0,0,0,0
533967_00535_11512_1,145.9,1,2022/10/18 17:15:00,16.34,32.15,104.0,96,0,88,5,3,0,0,0,0,0,0,0
533967_00535_11512_1,145.9,1,2022/10/18 17:30:00,14.70,35.74,91.0,87,0,83,3,1,0,0,0,0,0,0,0
533967_00535_11512_1,145.9,1,2022/10/18 17:45:00,12.86,40.84,80.0,77,0,74,0,3,0,0,0,0,0,0,0
533967_00535_11512_1,145.9,1,2022/10/18 18:00:00,16.39,32.04,101.0,95,0,89,1,5,0,0,0,0,0,0,0
533967_00535_11512_1,145.9,1,2022/10/18 18:15:00,16.01,32.80,98.0,92,0,86,3,3,0,0,0,0,0,0,0
533967_00535_11512_1,145.9,1,2022/10/18 18:30:00,15.66,33.54,82.0,76,0,70,2,4,0,0,0,0,0,0,0
533967_00535_11512_1,145.9,1,2022/10/18 18:45:00,16.98,30.93,62.0,59,0,56,2,1,0,0,0,0,0,0,0
533967_00535_14018_0,131.1,1,2022/10/18 06:30:00,42.76,11.04,90.0,83,0,76,1,6,0,0,0,0,0,0,0
533967_00535_14018_0,131.1,1,2022/10/18 06:45:00,42.82,11.02,103.0,96,0,89,3,4,0,0,0,0,0,0,0
533967_00535_14018_0,131.1,1,2022/10/18 07:00:00,42.73,11.04,102.0,93,0,84,2,7,0,0,0,0,0,0,0
533967_00535_14018_0,131.1,1,2022/10/18 07:15:00,43.17,10.93,110.0,103,0,96,6,1,0,0,0,0,0,0,0
533967_00535_14018_0,131.1,1,2022/10/18 07:30:00,42.27,11.16,108.0,97,0,86,5,6,0,0,0,0,0,0,0
533967_00535_14018_0,131.1,1,2022/10/18 07:45:00,40.93,11.53,72.0,64,0,56,2,6,0,0,0,0,0,0,0
533967_00535_14018_0,131.1,1,2022/10/18 08:00:00,42.76,11.04,117.0,111,0,105,1,5,0,0,0,0,0,0,0
533967_00535_14018_0,131.1,1,2022/10/18 08:15:00,43.67,10.81,103.0,98,0,93,2,3,0,0,0,0,0,0,0
533967_00535_14018_0,131.1,1,2022/10/18 08:30:00,42.70,11.05,102.0,97,0,92,3,2,0,0,0,0,0,0,0
533967_00535_14018_0,131.1,1,2022/10/18 08:45:00,43.84,10.76,77.0,72,0,67,3,2,0,0,0,0,0,0,0
533967_00535_14018_0,131.1,1,2022/10/18 09:00:00,43.95,10.74,64.0,57,0,50,7,0,0,0,0,0,0,0,0
533967_00535_14018_0,131.1,1,2022/10/18 09:15:00,44.02,10.72,59.0,50,0,41,9,0,0,0,0,0,0,0,0
533967_00535_14018_0,131.1,1,2022/10/18 09:30:00,42.64,11.07,53.0,45,0,37,8,0,0,0,0,0,0,0,0
533967_00535_14018_0,131.1,1,2022/10/18 09:45:00,43.20,10.92,60.0,53,0,46,6,1,0,0,0,0,0,0,0
533967_00535_14018_0,131.1,1,2022/10/18 10:00:00,43.44,10.86,52.0,44,0,36,7,1,0,0,0,0,0,0,0
533967_00535_14018_0,131.1,1,2022/10/18 10:15:00,43.56,10.83,53.0,48,0,43,4,1,0,0,0,0,0,0,0
533967_00535_14018_0,131.1,1,2022/10/18 10:30:00,42.43,11.12,66.0,49,0,32,14,3,0,0,0,0,0,0,0
533967_00535_14018_0,131.1,1,2022/10/18 10:45:00,43.40,10.87,70.0,55,0,40,15,0,0,0,0,0,0,0,0
533967_00535_14018_0,131.1,1,2022/10/18 11:00:00,43.60,10.82,53.0,40,0,27,9,4,0,0,0,0,0,0,0
533967_00535_14018_0,131.1,1,2022/10/18 11:15:00,43.19,10.93,46.0,41,0,36,5,0,0,0,0,0,0,0,0
533967_00535_14018_0,131.1,1,2022/10/18 11:30:00,43.61,10.82,47.0,39,0,31,1,7,0,0,0,0,0,0,0
533967_00535_14018_0,131.1,1,2022/10/18 11:45:00,41.47,11.38,67.0,50,0,33,15,2,0,0,0,0,0,0,0
533967_00535_14018_0,131.1,1,2022/10/18 12:00:00,42.40,11.13,68.0,61,0,54,7,0,0,0,0,0,0,0,0
533967_00535_14018_0,131.1,1,2022/10/18 12:15:00,41.95,11.25,65.0,60,0,55,5,0,0,0,0,0,0,0,0
533967_00535_14018_0,131.1,1,2022/10/18 12:30:00,42.42,11.12,60.0,56,0,52,2,2,0,0,0,0,0,0,0
533967_00535_14018_0,131.1,1,2022/10/18 12:45:00,43.94,10.74,66.0,58,0,50,4,4,0,0,0,0,0,0,0
533967_00535_14018_0,131.1,1,2022/10/18 13:00:00,43.96,10.73,55.0,49,0,43,5,1,0,0,0,0,0,0,0
533967_00535_14018_0,131.1,1,2022/10/18 13:15:00,42.48,11.11,77.0,64,0,51,9,4,0,0,0,0,0,0,0
533967_00535_14018_0,131.1,1,2022/10/18 13:30:00,42.36,11.14,49.0,43,0,37,4,2,0,0,0,0,0,0,0
533967_00535_14018_0,131.1,1,2022/10/18 13:45:00,44.43,10.62,44.0,37,0,30,4,3,0,0,0,0,0,0,0
533967_00535_14018_0,131.1,1,2022/10/18 14:00:00,42.65,11.06,35.0,31,0,27,3,1,0,0,0,0,0,0,0
533967_00535_14018_0,131.1,1,2022/10/18 14:15:00,43.55,10.84,55.0,43,0,31,12,0,0,0,0,0,0,0,0
533967_00535_14018_0,131.1,1,2022/10/18 14:30:00,41.35,11.41,40.0,34,0,28,5,1,0,0,0,0,0,0,0
533967_00535_14018_0,131.1,1,2022/10/18 14:45:00,41.91,11.26,33.0,27,0,21,6,0,0,0,0,0,0,0,0
533967_00535_14018_0,131.1,1,2022/10/18 15:00:00,44.19,10.68,32.0,28,0,24,4,0,0,0,0,0,0,0,0
533967_00535_14018_0,131.1,1,2022/10/18 15:15:00,41.04,11.50,63.0,54,0,45,8,1,0,0,0,0,0,0,0
533967_00535_14018_0,131.1,1,2022/10/18 15:30:00,40.40,11.68,31.0,25,0,19,6,0,0,0,0,0,0,0,0
533967_00535_14018_0,131.1,1,2022/10/18 15:45:00,41.08,11.49,60.0,45,0,30,14,1,0,0,0,0,0,0,0
533967_00535_14018_0,131.1,1,2022/10/18 16:00:00,43.22,10.92,55.0,50,0,45,4,1,0,0,0,0,0,0,0
533967_00535_14018_0,131.1,1,2022/10/18 16:15:00,43.83,10.77,45.0,43,0,41,0,2,0,0,0,0,0,0,0
533967_00535_14018_0,131.1,1,2022/10/18 16:30:00,43.90,10.75,46.0,40,0,34,6,0,0,0,0,0,0,0,0
533967_00535_14018_0,131.1,1,2022/10/18 16:45:00,43.15,10.94,52.0,48,0,44,4,0,0,0,0,0,0,0,0
533967_00535_14018_0,131.1,1,2022/10/18 17:00:00,42.36,11.14,79.0,78,0,77,1,0,0,0,0,0,0,0,0
533967_00535_14018_0,131.1,1,2022/10/18 17:15:00,42.58,11.08,79.0,71,0,63,3,5,0,0,0,0,0,0,0
533967_00535_14018_0,131.1,1,2022/10/18 17:30:00,44.32,10.65,53.0,51,0,49,0,2,0,0,0,0,0,0,0
533967_00535_14018_0,131.1,1,2022/10/18 17:45:00,44.52,10.60,69.0,65,0,61,1,3,0,0,0,0,0,0,0
533967_00535_14018_0,131.1,1,2022/10/18 18:00:00,41.93,11.26,50.0,43,0,36,0,7,0,0,0,0,0,0,0
533967_00535_14018_0,131.1,1,2022/10/18 18:15:00,44.22,10.67,68.0,64,0,60,0,4,0,0,0,0,0,0,0
533967_00535_14018_0,131.1,1,2022/10/18 18:30:00,42.84,11.02,68.0,65,0,62,1,2,0,0,0,0,0,0,0
533967_00535_14018_0,131.1,1,2022/10/18 18:45:00,44.03,10.72,59.0,57,0,55,2,0,0,0,0,0,0,0,0
533967_00535_14018_1,131.7,1,2022/10/18 06:30:00,12.80,37.05,47.0,43,0,39,3,1,0,0,0,0,0,0,0
533967_00535_14018_1,131.7,1,2022/10/18 06:45:00,12.55,37.78,38.0,37,0,36,1,0,0,0,0,0,0,0,0
533967_00535_14018_1,131.7,1,2022/10/18 07:00:00,11.17,42.45,52.0,49,0,46,3,0,0,0,0,0,0,0,0
533967_00535_14018_1,131.7,1,2022/10/18 07:15:00,12.36,38.36,76.0,67,0,58,3,6,0,0,0,0,0,0,0
533967_00535_14018_1,131.7,1,2022/10/18 07:30:00,11.80,40.17,87.0,83,0,79,3,1,0,0,0,0,0,0,0
533967_00535_14018_1,131.7,1,2022/10/18 07:45:00,8.06,58.81,101.0,90,0,79,6,5,0,0,0,0,0,0,0
533967_00535_14018_1,131.7,1,2022/10/18 08:00:00,13.61,34.83,80.0,71,0,62,4,5,0,0,0,0,0,0,0
533967_00535_14018_1,131.7,1,2022/10/18 08:15:00,6.41,73.99,108.0,98,0,88,6,4,0,0,0,0,0,0,0
533967_00535_14018_1,131.7,1,2022/10/18 08:30:00,5.02,94.35,108.0,101,0,94,4,3,0,0,0,0,0,0,0
533967_00535_14018_1,131.7,1,2022/10/18 08:45:00,5.89,80.49,111.0,102,0,93,7,2,0,0,0,0,0,0,0
533967_00535_14018_1,131.7,1,2022/10/18 09:00:00,15.43,30.72,77.0,68,0,59,8,1,0,0,0,0,0,0,0
533967_00535_14018_1,131.7,1,2022/10/18 09:15:00,10.57,44.85,80.0,68,0,56,12,0,0,0,0,0,0,0,0
533967_00535_14018_1,131.7,1,2022/10/18 09:30:00,9.12,52.00,76.0,68,0,60,8,0,0,0,0,0,0,0,0
533967_00535_14018_1,131.7,1,2022/10/18 09:45:00,12.92,36.68,70.0,66,0,62,4,0,0,0,0,0,0,0,0
533967_00535_14018_1,131.7,1,2022/10/18 10:00:00,10.47,45.29,66.0,59,0,52,7,0,0,0,0,0,0,0,0
533967_00535_14018_1,131.7,1,2022/10/18 10:15:00,10.30,46.00,75.0,65,0,55,9,1,0,0,0,0,0,0,0
533967_00535_14018_1,131.7,1,2022/10/18 10:30:00,12.96,36.58,62.0,52,0,42,10,0,0,0,0,0,0,0,0
533967_00535_14018_1,131.7,1,2022/10/18 10:45:00,11.96,39.63,59.0,54,0,49,5,0,0,0,0,0,0,0,0
533967_00535_14018_1,131.7,1,2022/10/18 11:00:00,11.74,40.37,62.0,52,0,42,10,0,0,0,0,0,0,0,0
533967_00535_14018_1,131.7,1,2022/10/18 11:15:00,12.25,38.69,56.0,49,0,42,4,3,0,0,0,0,0,0,0
533967_00535_14018_1,131.7,1,2022/10/18 11:30:00,15.41,30.76,50.0,42,0,34,7,1,0,0,0,0,0,0,0
533967_00535_14018_1,131.7,1,2022/10/18 11:45:00,10.95,43.30,50.0,44,0,38,6,0,0,0,0,0,0,0,0
533967_00535_14018_1,131.7,1,2022/10/18 12:00:00,12.79,37.06,57.0,53,0,49,4,0,0,0,0,0,0,0,0
533967_00535_14018_1,131.7,1,2022/10/18 12:15:00,12.27,38.62,83.0,74,0,65,6,3,0,0,0,0,0,0,0
533967_00535_14018_1,131.7,1,2022/10/18 12:30:00,11.75,40.34,79.0,67,0,55,8,4,0,0,0,0,0,0,0
533967_00535_14018_1,131.7,1,2022/10/18 12:45:00,14.03,33.78,32.0,32,0,32,0,0,0,0,0,0,0,0,0
533967_00535_14018_1,131.7,1,2022/10/18 13:00:00,12.12,39.12,60.0,50,0,40,8,2,0,0,0,0,0,0,0
533967_00535_14018_1,131.7,1,2022/10/18 13:15:00,16.32,29.04,58.0,49,0,40,8,1,0,0,0,0,0,0,0
533967_00535_14018_1,131.7,1,2022/10/18 13:30:00,11.04,42.94,43.0,36,0,29,7,0,0,0,0,0,0,0,0
533967_00535_14018_1,131.7,1,2022/10/18 13:45:00,13.39,35.39,45.0,38,0,31,6,1,0,0,0,0,0,0,0
533967_00535_14018_1,131.7,1,2022/10/18 14:00:00,13.41,35.36,44.0,39,0,34,2,3,0,0,0,0,0,0,0
533967_00535_14018_1,131.7,1,2022/10/18 14:15:00,12.25,38.69,53.0,51,0,49,2,0,0,0,0,0,0,0,0
533967_00535_14018_1,131.7,1,2022/10/18 14:30:00,13.05,36.31,47.0,42,0,37,5,0,0,0,0,0,0,0,0
533967_00535_14018_1,131.7,1,2022/10/18 14:45:00,10.18,46.55,52.0,47,0,42,4,1,0,0,0,0,0,0,0
533967_00535_14018_1,131.7,1,2022/10/18 15:00:00,11.05,42.91,50.0,43,0,36,7,0,0,0,0,0,0,0,0
533967_00535_14018_1,131.7,1,2022/10/18 15:15:00,14.03,33.79,43.0,42,0,41,0,1,0,0,0,0,0,0,0
533967_00535_14018_1,131.7,1,2022/10/18 15:30:00,4.29,110.59,61.0,56,0,51,5,0,0,0,0,0,0,0,0
533967_00535_14018_1,131.7,1,2022/10/18 15:45:00,10.70,44.30,58.0,54,0,50,1,3,0,0,0,0,0,0,0
533967_00535_14018_1,131.7,1,2022/10/18 16:00:00,9.31,50.91,77.0,70,0,63,7,0,0,0,0,0,0,0,0
533967_00535_14018_1,131.7,1,2022/10/18 16:15:00,11.65,40.67,64.0,58,0,52,6,0,0,0,0,0,0,0,0
533967_00535_14018_1,131.7,1,2022/10/18 16:30:00,8.76,54.14,75.0,72,0,69,3,0,0,0,0,0,0,0,0
533967_00535_14018_1,131.7,1,2022/10/18 16:45:00,9.81,48.31,77.0,68,0,59,9,0,0,0,0,0,0,0,0
533967_00535_14018_1,131.7,1,2022/10/18 17:00:00,11.45,41.39,69.0,61,0,53,4,4,0,0,0,0,0,0,0
533967_00535_14018_1,131.7,1,2022/10/18 17:15:00,9.98,47.51,79.0,73,0,67,5,1,0,0,0,0,0,0,0
533967_00535_14018_1,131.7,1,2022/10/18 17:30:00,11.26,42.10,83.0,80,0,77,0,3,0,0,0,0,0,0,0
533967_00535_14018_1,131.7,1,2022/10/18 17:45:00,9.84,48.18,77.0,74,0,71,2,1,0,0,0,0,0,0,0
533967_00535_14018_1,131.7,1,2022/10/18 18:00:00,13.08,36.23,79.0,79,0,79,0,0,0,0,0,0,0,0,0
533967_00535_14018_1,131.7,1,2022/10/18 18:15:00,13.13,36.11,69.0,66,0,63,2,1,0,0,0,0,0,0,0
533967_00535_14018_1,131.7,1,2022/10/18 18:30:00,12.32,38.48,56.0,56,0,56,0,0,0,0,0,0,0,0,0
533967_00535_14018_1,131.7,1,2022/10/18 18:45:00,13.13,36.10,52.0,51,0,50,0,1,0,0,0,0,0,0,0
533967_00536_11512_0,117.7,1,2022/10/18 06:30:00,30.18,14.03,125.0,119,0,113,5,1,0,0,0,0,0,0,0
533967_00536_11512_0,117.7,1,2022/10/18 06:45:00,29.43,14.39,119.0,113,0,107,5,1,0,0,0,0,0,0,0
533967_00536_11512_0,117.7,1,2022/10/18 07:00:00,30.10,14.07,88.0,82,0,76,5,1,0,0,0,0,0,0,0
533967_00536_11512_0,117.7,1,2022/10/18 07:15:00,29.32,14.44,130.0,126,0,122,3,1,0,0,0,0,0,0,0
533967_00536_11512_0,117.7,1,2022/10/18 07:30:00,27.58,15.35,165.0,155,0,145,8,2,0,0,0,0,0,0,0
533967_00536_11512_0,117.7,1,2022/10/18 07:45:00,29.27,14.47,133.0,127,0,121,0,6,0,0,0,0,0,0,0
533967_00536_11512_0,117.7,1,2022/10/18 08:00:00,29.73,14.25,172.0,157,0,142,6,9,0,0,0,0,0,0,0
533967_00536_11512_0,117.7,1,2022/10/18 08:15:00,22.76,18.61,182.0,173,0,164,5,4,0,0,0,0,0,0,0
533967_00536_11512_0,117.7,1,2022/10/18 08:30:00,29.83,14.20,170.0,167,0,164,2,1,0,0,0,0,0,0,0
533967_00536_11512_0,117.7,1,2022/10/18 08:45:00,30.19,14.03,110.0,107,0,104,3,0,0,0,0,0,0,0,0
533967_00536_11512_0,117.7,1,2022/10/18 09:00:00,30.14,14.05,100.0,96,0,92,3,1,0,0,0,0,0,0,0
533967_00536_11512_0,117.7,1,2022/10/18 09:15:00,30.25,14.00,100.0,97,0,94,2,1,0,0,0,0,0,0,0
533967_00536_11512_0,117.7,1,2022/10/18 09:30:00,29.99,14.12,107.0,98,0,89,7,2,0,0,0,0,0,0,0
533967_00536_11512_0,117.7,1,2022/10/18 09:45:00,29.91,14.16,116.0,106,0,96,8,2,0,0,0,0,0,0,0
533967_00536_11512_0,117.7,1,2022/10/18 10:00:00,30.10,14.07,120.0,115,0,110,5,0,0,0,0,0,0,0,0
533967_00536_11512_0,117.7,1,2022/10/18 10:15:00,30.05,14.10,114.0,104,0,94,10,0,0,0,0,0,0,0,0
533967_00536_11512_0,117.7,1,2022/10/18 10:30:00,30.16,14.04,102.0,93,0,84,9,0,0,0,0,0,0,0,0
533967_00536_11512_0,117.7,1,2022/10/18 10:45:00,30.06,14.09,99.0,90,0,81,8,1,0,0,0,0,0,0,0
533967_00536_11512_0,117.7,1,2022/10/18 11:00:00,30.16,14.04,103.0,95,0,87,7,1,0,0,0,0,0,0,0
533967_00536_11512_0,117.7,1,2022/10/18 11:15:00,30.09,14.08,154.0,144,0,134,10,0,0,0,0,0,0,0,0
533967_00536_11512_0,117.7,1,2022/10/18 11:30:00,30.17,14.04,85.0,79,0,73,1,5,0,0,0,0,0,0,0
533967_00536_11512_0,117.7,1,2022/10/18 11:45:00,29.97,14.13,132.0,120,0,108,9,3,0,0,0,0,0,0,0
533967_00536_11512_0,117.7,1,2022/10/18 12:00:00,30.15,14.05,87.0,82,0,77,4,1,0,0,0,0,0,0,0
533967_00536_11512_0,117.7,1,2022/10/18 12:15:00,30.04,14.10,128.0,122,0,116,6,0,0,0,0,0,0,0,0
533967_00536_11512_0,117.7,1,2022/10/18 12:30:00,30.23,14.01,107.0,100,0,93,3,4,0,0,0,0,0,0,0
533967_00536_11512_0,117.7,1,2022/10/18 12:45:00,30.21,14.02,93.0,89,0,85,4,0,0,0,0,0,0,0,0
533967_00536_11512_0,117.7,1,2022/10/18 13:00:00,30.09,14.08,113.0,105,0,97,7,1,0,0,0,0,0,0,0
533967_00536_11512_0,117.7,1,2022/10/18 13:15:00,28.05,15.10,123.0,112,0,101,10,1,0,0,0,0,0,0,0
533967_00536_11512_0,117.7,1,2022/10/18 13:30:00,30.21,14.02,103.0,98,0,93,5,0,0,0,0,0,0,0,0
533967_00536_11512_0,117.7,1,2022/10/18 13:45:00,30.13,14.06,96.0,89,0,82,5,2,0,0,0,0,0,0,0
533967_00536_11512_0,117.7,1,2022/10/18 14:00:00,30.25,14.00,69.0,68,0,67,0,1,0,0,0,0,0,0,0
533967_00536_11512_0,117.7,1,2022/10/18 14:15:00,30.23,14.01,93.0,90,0,87,3,0,0,0,0,0,0,0,0
533967_00536_11512_0,117.7,1,2022/10/18 14:30:00,30.12,14.06,109.0,99,0,89,5,5,0,0,0,0,0,0,0
533967_00536_11512_0,117.7,1,2022/10/18 14:45:00,30.19,14.03,77.0,73,0,69,4,0,0,0,0,0,0,0,0
533967_00536_11512_0,117.7,1,2022/10/18 15:00:00,30.16,14.04,99.0,93,0,87,4,2,0,0,0,0,0,0,0
533967_00536_11512_0,117.7,1,2022/10/18 15:15:00,30.10,14.07,96.0,83,0,70,9,4,0,0,0,0,0,0,0
533967_00536_11512_0,117.7,1,2022/10/18 15:30:00,30.25,14.00,84.0,82,0,80,1,1,0,0,0,0,0,0,0
533967_00536_11512_0,117.7,1,2022/10/18 15:45:00,30.05,14.10,93.0,83,0,73,8,2,0,0,0,0,0,0,0
533967_00536_11512_0,117.7,1,2022/10/18 16:00:00,30.08,14.08,120.0,110,0,100,7,3,0,0,0,0,0,0,0
533967_00536_11512_0,117.7,1,2022/10/18 16:15:00,30.25,14.00,75.0,74,0,73,0,1,0,0,0,0,0,0,0
533967_00536_11512_0,117.7,1,2022/10/18 16:30:00,30.11,14.07,111.0,102,0,93,6,3,0,0,0,0,0,0,0
533967_00536_11512_0,117.7,1,2022/10/18 16:45:00,30.18,14.03,93.0,90,0,87,2,1,0,0,0,0,0,0,0
533967_00536_11512_0,117.7,1,2022/10/18 17:00:00,30.08,14.08,90.0,85,0,80,4,1,0,0,0,0,0,0,0
533967_00536_11512_0,117.7,1,2022/10/18 17:15:00,30.16,14.04,104.0,96,0,88,5,3,0,0,0,0,0,0,0
533967_00536_11512_0,117.7,1,2022/10/18 17:30:00,30.23,14.01,91.0,87,0,83,3,1,0,0,0,0,0,0,0
533967_00536_11512_0,117.7,1,2022/10/18 17:45:00,30.20,14.02,84.0,81,0,78,0,3,0,0,0,0,0,0,0
533967_00536_11512_0,117.7,1,2022/10/18 18:00:00,30.16,14.04,99.0,92,0,85,2,5,0,0,0,0,0,0,0
533967_00536_11512_0,117.7,1,2022/10/18 18:15:00,30.21,14.02,97.0,92,0,87,2,3,0,0,0,0,0,0,0
533967_00536_11512_0,117.7,1,2022/10/18 18:30:00,30.17,14.04,80.0,74,0,68,2,4,0,0,0,0,0,0,0
533967_00536_11512_0,117.7,1,2022/10/18 18:45:00,30.22,14.02,63.0,60,0,57,2,1,0,0,0,0,0,0,0
533967_00536_11512_1,97.2,1,2022/10/18 06:30:00,43.10,8.12,25.0,25,0,25,0,0,0,0,0,0,0,0,0
533967_00536_11512_1,97.2,1,2022/10/18 06:45:00,42.91,8.16,34.0,32,0,30,2,0,0,0,0,0,0,0,0
533967_00536_11512_1,97.2,1,2022/10/18 07:00:00,43.20,8.10,52.0,49,0,46,1,2,0,0,0,0,0,0,0
533967_00536_11512_1,97.2,1,2022/10/18 07:15:00,43.54,8.04,62.0,53,0,44,3,6,0,0,0,0,0,0,0
533967_00536_11512_1,97.2,1,2022/10/18 07:30:00,43.42,8.06,51.0,49,0,47,1,1,0,0,0,0,0,0,0
533967_00536_11512_1,97.2,1,2022/10/18 07:45:00,43.19,8.10,88.0,77,0,66,6,5,0,0,0,0,0,0,0
533967_00536_11512_1,97.2,1,2022/10/18 08:00:00,43.05,8.13,95.0,84,0,73,3,8,0,0,0,0,0,0,0
533967_00536_11512_1,97.2,1,2022/10/18 08:15:00,43.36,8.07,77.0,70,0,63,4,3,0,0,0,0,0,0,0
533967_00536_11512_1,97.2,1,2022/10/18 08:30:00,43.20,8.10,57.0,49,0,41,4,4,0,0,0,0,0,0,0
533967_00536_11512_1,97.2,1,2022/10/18 08:45:00,43.32,8.08,83.0,76,0,69,3,4,0,0,0,0,0,0,0
533967_00536_11512_1,97.2,1,2022/10/18 09:00:00,43.36,8.07,100.0,97,0,94,0,3,0,0,0,0,0,0,0
533967_00536_11512_1,97.2,1,2022/10/18 09:15:00,43.09,8.12,78.0,73,0,68,0,5,0,0,0,0,0,0,0
533967_00536_11512_1,97.2,1,2022/10/18 09:30:00,43.32,8.08,88.0,76,0,64,12,0,0,0,0,0,0,0,0
533967_00536_11512_1,97.2,1,2022/10/18 09:45:00,43.16,8.11,91.0,82,0,73,7,2,0,0,0,0,0,0,0
533967_00536_11512_1,97.2,1,2022/10/18 10:00:00,43.37,8.07,74.0,72,0,70,1,1,0,0,0,0,0,0,0
533967_00536_11512_1,97.2,1,2022/10/18 10:15:00,43.11,8.12,90.0,76,0,62,14,0,0,0,0,0,0,0,0
533967_00536_11512_1,97.2,1,2022/10/18 10:30:00,43.29,8.08,90.0,83,0,76,6,1,0,0,0,0,0,0,0
533967_00536_11512_1,97.2,1,2022/10/18 10:45:00,43.34,8.08,57.0,53,0,49,1,3,0,0,0,0,0,0,0
533967_00536_11512_1,97.2,1,2022/10/18 11:00:00,43.25,8.09,120.0,109,0,98,7,4,0,0,0,0,0,0,0
533967_00536_11512_1,97.2,1,2022/10/18 11:15:00,43.15,8.11,122.0,116,0,110,6,0,0,0,0,0,0,0,0
533967_00536_11512_1,97.2,1,2022/10/18 11:30:00,43.17,8.11,108.0,103,0,98,4,1,0,0,0,0,0,0,0
533967_00536_11512_1,97.2,1,2022/10/18 11:45:00,43.29,8.08,73.0,71,0,69,1,1,0,0,0,0,0,0,0
533967_00536_11512_1,97.2,1,2022/10/18 12:00:00,43.38,8.07,89.0,88,0,87,1,0,0,0,0,0,0,0,0
533967_00536_11512_1,97.2,1,2022/10/18 12:15:00,43.21,8.10,128.0,121,0,114,1,6,0,0,0,0,0,0,0
533967_00536_11512_1,97.2,1,2022/10/18 12:30:00,42.98,8.14,131.0,125,0,119,0,6,0,0,0,0,0,0,0
533967_00536_11512_1,97.2,1,2022/10/18 12:45:00,43.31,8.08,88.0,86,0,84,2,0,0,0,0,0,0,0,0
533967_00536_11512_1,97.2,1,2022/10/18 13:00:00,43.22,8.10,104.0,101,0,98,0,3,0,0,0,0,0,0,0
533967_00536_11512_1,97.2,1,2022/10/18 13:15:00,43.30,8.08,109.0,97,0,85,5,7,0,0,0,0,0,0,0
533967_00536_11512_1,97.2,1,2022/10/18 13:30:00,43.19,8.10,68.0,68,0,68,0,0,0,0,0,0,0,0,0
533967_00536_11512_1,97.2,1,2022/10/18 13:45:00,43.31,8.08,77.0,74,0,71,1,2,0,0,0,0,0,0,0
533967_00536_11512_1,97.2,1,2022/10/18 14:00:00,43.16,8.11,74.0,73,0,72,1,0,0,0,0,0,0,0,0
533967_00536_11512_1,97.2,1,2022/10/18 14:15:00,43.22,8.10,92.0,91,0,90,0,1,0,0,0,0,0,0,0
533967_00536_11512_1,97.2,1,2022/10/18 14:30:00,43.13,8.12,84.0,78,0,72,3,3,0,0,0,0,0,0,0
533967_00536_11512_1,97.2,1,2022/10/18 14:45:00,43.01,8.14,98.0,94,0,90,0,4,0,0,0,0,0,0,0
533967_00536_11512_1,97.2,1,2022/10/18 15:00:00,43.53,8.04,111.0,99,0,87,7,5,0,0,0,0,0,0,0
533967_00536_11512_1,97.2,1,2022/10/18 15:15:00,43.16,8.11,93.0,92,0,91,0,1,0,0,0,0,0,0,0
533967_00536_11512_1,97.2,1,2022/10/18 15:30:00,42.94,8.15,117.0,113,0,109,4,0,0,0,0,0,0,0,0
533967_00536_11512_1,97.2,1,2022/10/18 15:45:00,43.35,8.07,112.0,108,0,104,3,1,0,0,0,0,0,0,0
533967_00536_11512_1,97.2,1,2022/10/18 16:00:00,43.17,8.11,81.0,75,0,69,6,0,0,0,0,0,0,0,0
533967_00536_11512_1,97.2,1,2022/10/18 16:15:00,43.36,8.07,72.0,69,0,66,3,0,0,0,0,0,0,0,0
533967_00536_11512_1,97.2,1,2022/10/18 16:30:00,43.54,8.04,58.0,53,0,48,0,5,0,0,0,0,0,0,0
533967_00536_11512_1,97.2,1,2022/10/18 16:45:00,43.21,8.10,71.0,70,0,69,0,1,0,0,0,0,0,0,0
533967_00536_11512_1,97.2,1,2022/10/18 17:00:00,42.99,8.14,89.0,85,0,81,4,0,0,0,0,0,0,0,0
533967_00536_11512_1,97.2,1,2022/10/18 17:15:00,43.38,8.07,106.0,104,0,102,1,1,0,0,0,0,0,0,0
533967_00536_11512_1,97.2,1,2022/10/18 17:30:00,43.08,8.12,116.0,113,0,110,2,1,0,0,0,0,0,0,0
533967_00536_11512_1,97.2,1,2022/10/18 17:45:00,43.50,8.05,88.0,88,0,88,0,0,0,0,0,0,0,0,0
533967_00536_11512_1,97.2,1,2022/10/18 18:00:00,43.17,8.11,114.0,112,0,110,1,1,0,0,0,0,0,0,0
533967_00536_11512_1,97.2,1,2022/10/18 18:15:00,43.36,8.07,116.0,111,0,106,5,0,0,0,0,0,0,0,0
533967_00536_11512_1,97.2,1,2022/10/18 18:30:00,43.29,8.08,99.0,95,0,91,0,4,0,0,0,0,0,0,0
533967_00536_11512_1,97.2,1,2022/10/18 18:45:00,43.16,8.11,113.0,109,0,105,0,4,0,0,0,0,0,0,0
533967_00538_00539_0,270.7,1,2022/10/18 06:30:00,22.58,43.15,134.0,119,0,104,8,7,0,0,0,0,0,0,0
533967_00538_00539_0,270.7,1,2022/10/18 06:45:00,22.19,43.92,186.0,172,0,158,7,7,0,0,0,0,0,0,0
533967_00538_00539_0,270.7,1,2022/10/18 07:00:00,24.61,39.59,161.0,147,0,133,8,6,0,0,0,0,0,0,0
533967_00538_00539_0,270.7,1,2022/10/18 07:15:00,24.70,39.46,139.0,122,0,105,14,3,0,0,0,0,0,0,0
533967_00538_00539_0,270.7,1,2022/10/18 07:30:00,23.80,40.94,180.0,162,0,144,14,4,0,0,0,0,0,0,0
533967_00538_00539_0,270.7,1,2022/10/18 07:45:00,18.18,53.61,152.0,143,0,134,5,4,0,0,0,0,0,0,0
533967_00538_00539_0,270.7,1,2022/10/18 08:00:00,24.24,40.20,136.0,120,0,104,14,2,0,0,0,0,0,0,0
533967_00538_00539_0,270.7,1,2022/10/18 08:15:00,22.82,42.71,156.0,145,0,134,8,3,0,0,0,0,0,0,0
533967_00538_00539_0,270.7,1,2022/10/18 08:30:00,21.73,44.84,150.0,141,0,132,5,4,0,0,0,0,0,0,0
533967_00538_00539_0,270.7,1,2022/10/18 08:45:00,24.63,39.57,132.0,110,0,88,15,7,0,0,0,0,0,0,0
533967_00538_00539_0,270.7,1,2022/10/18 09:00:00,23.68,41.15,148.0,123,0,98,22,3,0,0,0,0,0,0,0
533967_00538_00539_0,270.7,1,2022/10/18 09:15:00,23.03,42.31,140.0,120,0,100,19,1,0,0,0,0,0,0,0
533967_00538_00539_0,270.7,1,2022/10/18 09:30:00,25.23,38.63,140.0,111,0,82,24,5,0,0,0,0,0,0,0
533967_00538_00539_0,270.7,1,2022/10/18 09:45:00,27.45,35.50,111.0,90,0,69,20,1,0,0,0,0,0,0,0
533967_00538_00539_0,270.7,1,2022/10/18 10:00:00,23.61,41.27,123.0,96,0,69,25,2,0,0,0,0,0,0,0
533967_00538_00539_0,270.7,1,2022/10/18 10:15:00,23.02,42.34,126.0,92,0,58,29,5,0,0,0,0,0,0,0
533967_00538_00539_0,270.7,1,2022/10/18 10:30:00,25.11,38.81,111.0,88,0,65,22,1,0,0,0,0,0,0,0
533967_00538_00539_0,270.7,1,2022/10/18 10:45:00,23.99,40.61,112.0,93,0,74,15,4,0,0,0,0,0,0,0
533967_00538_00539_0,270.7,1,2022/10/18 11:00:00,27.84,35.00,60.0,48,0,36,11,1,0,0,0,0,0,0,0
533967_00538_00539_0,270.7,1,2022/10/18 11:15:00,25.94,37.57,105.0,82,0,59,18,5,0,0,0,0,0,0,0
533967_00538_00539_0,270.7,1,2022/10/18 11:30:00,23.97,40.65,98.0,81,0,64,14,3,0,0,0,0,0,0,0
533967_00538_00539_0,270.7,1,2022/10/18 11:45:00,23.26,41.90,103.0,88,0,73,14,1,0,0,0,0,0,0,0
533967_00538_00539_0,270.7,1,2022/10/18 12:00:00,21.16,46.06,106.0,96,0,86,6,4,0,0,0,0,0,0,0
533967_00538_00539_0,270.7,1,2022/10/18 12:15:00,23.66,41.18,67.0,61,0,55,4,2,0,0,0,0,0,0,0
533967_00538_00539_0,270.7,1,2022/10/18 12:30:00,23.99,40.61,94.0,75,0,56,16,3,0,0,0,0,0,0,0
533967_00538_00539_0,270.7,1,2022/10/18 12:45:00,22.94,42.48,114.0,97,0,80,12,5,0,0,0,0,0,0,0
533967_00538_00539_0,270.7,1,2022/10/18 13:00:00,23.52,41.43,97.0,77,0,57,14,6,0,0,0,0,0,0,0
533967_00538_00539_0,270.7,1,2022/10/18 13:15:00,24.47,39.82,100.0,87,0,74,10,3,0,0,0,0,0,0,0
533967_00538_00539_0,270.7,1,2022/10/18 13:30:00,25.86,37.69,120.0,96,0,72,21,3,0,0,0,0,0,0,0
533967_00538_00539_0,270.7,1,2022/10/18 13:45:00,27.49,35.45,93.0,73,0,53,16,4,0,0,0,0,0,0,0
533967_00538_00539_0,270.7,1,2022/10/18 14:00:00,27.46,35.48,90.0,81,0,72,9,0,0,0,0,0,0,0,0
533967_00538_00539_0,270.7,1,2022/10/18 14:15:00,22.51,43.30,94.0,80,0,66,11,3,0,0,0,0,0,0,0
533967_00538_00539_0,270.7,1,2022/10/18 14:30:00,26.50,36.78,76.0,58,0,40,16,2,0,0,0,0,0,0,0
533967_00538_00539_0,270.7,1,2022/10/18 14:45:00,24.69,39.47,70.0,60,0,50,7,3,0,0,0,0,0,0,0
533967_00538_00539_0,270.7,1,2022/10/18 15:00:00,26.56,36.69,114.0,91,0,68,17,6,0,0,0,0,0,0,0
533967_00538_00539_0,270.7,1,2022/10/18 15:15:00,25.00,38.97,93.0,76,0,59,13,4,0,0,0,0,0,0,0
533967_00538_00539_0,270.7,1,2022/10/18 15:30:00,26.12,37.31,68.0,54,0,40,13,1,0,0,0,0,0,0,0
533967_00538_00539_0,270.7,1,2022/10/18 15:45:00,23.86,40.85,82.0,60,0,38,15,7,0,0,0,0,0,0,0
533967_00538_00539_0,270.7,1,2022/10/18 16:00:00,22.20,43.89,87.0,72,0,57,14,1,0,0,0,0,0,0,0
533967_00538_00539_0,270.7,1,2022/10/18 16:15:00,23.93,40.72,104.0,92,0,80,7,5,0,0,0,0,0,0,0
533967_00538_00539_0,270.7,1,2022/10/18 16:30:00,22.59,43.14,83.0,72,0,61,7,4,0,0,0,0,0,0,0
533967_00538_00539_0,270.7,1,2022/10/18 16:45:00,22.16,43.97,96.0,77,0,58,15,4,0,0,0,0,0,0,0
533967_00538_00539_0,270.7,1,2022/10/18 17:00:00,25.00,38.98,76.0,66,0,56,6,4,0,0,0,0,0,0,0
533967_00538_00539_0,270.7,1,2022/10/18 17:15:00,25.11,38.80,71.0,66,0,61,3,2,0,0,0,0,0,0,0
533967_00538_00539_0,270.7,1,2022/10/18 17:30:00,23.56,41.36,88.0,80,0,72,7,1,0,0,0,0,0,0,0
533967_00538_00539_0,270.7,1,2022/10/18 17:45:00,24.33,40.06,90.0,82,0,74,4,4,0,0,0,0,0,0,0
533967_00538_00539_0,270.7,1,2022/10/18 18:00:00,24.95,39.06,55.0,49,0,43,6,0,0,0,0,0,0,0,0
533967_00538_00539_0,270.7,1,2022/10/18 18:15:00,18.54,52.55,65.0,56,0,47,3,6,0,0,0,0,0,0,0
533967_00538_00539_0,270.7,1,2022/10/18 18:30:00,18.73,52.04,55.0,52,0,49,2,1,0,0,0,0,0,0,0
533967_00538_00539_0,270.7,1,2022/10/18 18:45:00,20.78,46.89,48.0,45,0,42,2,1,0,0,0,0,0,0,0
533967_00538_00539_1,271.1,1,2022/10/18 06:30:00,23.53,41.48,56.0,44,0,32,7,5,0,0,0,0,0,0,0
533967_00538_00539_1,271.1,1,2022/10/18 06:45:00,22.11,44.15,73.0,61,0,49,5,7,0,0,0,0,0,0,0
533967_00538_00539_1,271.1,1,2022/10/18 07:00:00,27.27,35.79,72.0,58,0,44,9,5,0,0,0,0,0,0,0
533967_00538_00539_1,271.1,1,2022/10/18 07:15:00,19.51,50.03,80.0,61,0,42,9,10,0,0,0,0,0,0,0
533967_00538_00539_1,271.1,1,2022/10/18 07:30:00,19.90,49.05,95.0,74,0,53,8,13,0,0,0,0,0,0,0
533967_00538_00539_1,271.1,1,2022/10/18 07:45:00,22.10,44.16,74.0,61,0,48,8,5,0,0,0,0,0,0,0
533967_00538_00539_1,271.1,1,2022/10/18 08:00:00,13.96,69.95,122.0,110,0,98,3,9,0,0,0,0,0,0,0
533967_00538_00539_1,271.1,1,2022/10/18 08:15:00,15.62,62.51,72.0,59,0,46,10,3,0,0,0,0,0,0,0
533967_00538_00539_1,271.1,1,2022/10/18 08:30:00,11.56,84.42,100.0,74,0,48,17,9,0,0,0,0,0,0,0
533967_00538_00539_1,271.1,1,2022/10/18 08:45:00,11.17,87.36,111.0,89,0,67,15,7,0,0,0,0,0,0,0
533967_00538_00539_1,271.1,1,2022/10/18 09:00:00,17.25,56.57,114.0,87,0,60,19,8,0,0,0,0,0,0,0
533967_00538_00539_1,271.1,1,2022/10/18 09:15:00,21.69,45.01,98.0,76,0,54,16,6,0,0,0,0,0,0,0
533967_00538_00539_1,271.1,1,2022/10/18 09:30:00,19.43,50.23,125.0,90,0,55,26,9,0,0,0,0,0,0,0
533967_00538_00539_1,271.1,1,2022/10/18 09:45:00,15.34,63.64,122.0,100,0,78,14,8,0,0,0,0,0,0,0
533967_00538_00539_1,271.1,1,2022/10/18 10:00:00,18.90,51.65,123.0,97,0,71,20,6,0,0,0,0,0,0,0
533967_00538_00539_1,271.1,1,2022/10/18 10:15:00,20.40,47.85,99.0,75,0,51,20,4,0,0,0,0,0,0,0
533967_00538_00539_1,271.1,1,2022/10/18 10:30:00,22.20,43.96,136.0,102,0,68,25,9,0,0,0,0,0,0,0
533967_00538_00539_1,271.1,1,2022/10/18 10:45:00,28.33,34.46,126.0,101,0,76,18,7,0,0,0,0,0,0,0
533967_00538_00539_1,271.1,1,2022/10/18 11:00:00,25.36,38.49,117.0,97,0,77,16,4,0,0,0,0,0,0,0
533967_00538_00539_1,271.1,1,2022/10/18 11:15:00,19.96,48.90,121.0,94,0,67,23,4,0,0,0,0,0,0,0
533967_00538_00539_1,271.1,1,2022/10/18 11:30:00,9.88,98.80,148.0,114,0,80,23,11,0,0,0,0,0,0,0
533967_00538_00539_1,271.1,1,2022/10/18 11:45:00,14.96,65.23,106.0,91,0,76,13,2,0,0,0,0,0,0,0
533967_00538_00539_1,271.1,1,2022/10/18 12:00:00,24.35,40.09,134.0,117,0,100,8,9,0,0,0,0,0,0,0
533967_00538_00539_1,271.1,1,2022/10/18 12:15:00,25.65,38.05,120.0,101,0,82,11,8,0,0,0,0,0,0,0
533967_00538_00539_1,271.1,1,2022/10/18 12:30:00,17.27,56.53,97.0,81,0,65,9,7,0,0,0,0,0,0,0
533967_00538_00539_1,271.1,1,2022/10/18 12:45:00,23.34,41.82,90.0,74,0,58,9,7,0,0,0,0,0,0,0
533967_00538_00539_1,271.1,1,2022/10/18 13:00:00,21.70,44.98,127.0,101,0,75,18,8,0,0,0,0,0,0,0
533967_00538_00539_1,271.1,1,2022/10/18 13:15:00,22.12,44.13,110.0,94,0,78,11,5,0,0,0,0,0,0,0
533967_00538_00539_1,271.1,1,2022/10/18 13:30:00,25.53,38.23,87.0,69,0,51,10,8,0,0,0,0,0,0,0
533967_00538_00539_1,271.1,1,2022/10/18 13:45:00,20.17,48.40,106.0,90,0,74,12,4,0,0,0,0,0,0,0
533967_00538_00539_1,271.1,1,2022/10/18 14:00:00,20.36,47.95,142.0,113,0,84,18,11,0,0,0,0,0,0,0
533967_00538_00539_1,271.1,1,2022/10/18 14:15:00,18.56,52.59,96.0,80,0,64,13,3,0,0,0,0,0,0,0
533967_00538_00539_1,271.1,1,2022/10/18 14:30:00,24.17,40.38,132.0,107,0,82,16,9,0,0,0,0,0,0,0
533967_00538_00539_1,271.1,1,2022/10/18 14:45:00,20.33,48.02,116.0,92,0,68,16,8,0,0,0,0,0,0,0
533967_00538_00539_1,271.1,1,2022/10/18 15:00:00,17.56,55.58,134.0,113,0,92,14,7,0,0,0,0,0,0,0
533967_00538_00539_1,271.1,1,2022/10/18 15:15:00,22.54,43.30,149.0,136,0,123,12,1,0,0,0,0,0,0,0
533967_00538_00539_1,271.1,1,2022/10/18 15:30:00,21.55,45.30,141.0,115,0,89,16,10,0,0,0,0,0,0,0
533967_00538_00539_1,271.1,1,2022/10/18 15:45:00,25.60,38.13,113.0,92,0,71,15,6,0,0,0,0,0,0,0
533967_00538_00539_1,271.1,1,2022/10/18 16:00:00,14.43,67.63,143.0,116,0,89,22,5,0,0,0,0,0,0,0
533967_00538_00539_1,271.1,1,2022/10/18 16:15:00,19.08,51.15,153.0,133,0,113,12,8,0,0,0,0,0,0,0
533967_00538_00539_1,271.1,1,2022/10/18 16:30:00,24.43,39.96,119.0,108,0,97,3,8,0,0,0,0,0,0,0
533967_00538_00539_1,271.1,1,2022/10/18 16:45:00,25.89,37.70,114.0,105,0,96,7,2,0,0,0,0,0,0,0
533967_00538_00539_1,271.1,1,2022/10/18 17:00:00,10.39,93.92,124.0,104,0,84,15,5,0,0,0,0,0,0,0
533967_00538_00539_1,271.1,1,2022/10/18 17:15:00,14.93,65.40,147.0,133,0,119,7,7,0,0,0,0,0,0,0
533967_00538_00539_1,271.1,1,2022/10/18 17:30:00,11.91,81.95,131.0,118,0,105,6,7,0,0,0,0,0,0,0
533967_00538_00539_1,271.1,1,2022/10/18 17:45:00,6.26,156.00,142.0,128,0,114,6,8,0,0,0,0,0,0,0
533967_00538_00539_1,271.1,1,2022/10/18 18:00:00,6.91,141.19,141.0,127,0,113,5,9,0,0,0,0,0,0,0
533967_00538_00539_1,271.1,1,2022/10/18 18:15:00,9.39,103.96,182.0,167,0,152,6,9,0,0,0,0,0,0,0
533967_00538_00539_1,271.1,1,2022/10/18 18:30:00,28.15,34.68,140.0,127,0,114,6,7,0,0,0,0,0,0,0
533967_00538_00539_1,271.1,1,2022/10/18 18:45:00,29.10,33.54,145.0,131,0,117,6,8,0,0,0,0,0,0,0
533967_00538_11513_0,256.6,1,2022/10/18 06:30:00,47.13,19.60,53.0,45,0,37,7,1,0,0,0,0,0,0,0
533967_00538_11513_0,256.6,1,2022/10/18 06:45:00,46.55,19.85,68.0,59,0,50,5,4,0,0,0,0,0,0,0
533967_00538_11513_0,256.6,1,2022/10/18 07:00:00,47.46,19.47,70.0,60,0,50,9,1,0,0,0,0,0,0,0
533967_00538_11513_0,256.6,1,2022/10/18 07:15:00,46.68,19.79,94.0,76,0,58,8,10,0,0,0,0,0,0,0
533967_00538_11513_0,256.6,1,2022/10/18 07:30:00,45.35,20.37,100.0,84,0,68,8,8,0,0,0,0,0,0,0
533967_00538_11513_0,256.6,1,2022/10/18 07:45:00,45.49,20.31,81.0,68,0,55,8,5,0,0,0,0,0,0,0
533967_00538_11513_0,256.6,1,2022/10/18 08:00:00,46.31,19.95,77.0,59,0,41,3,15,0,0,0,0,0,0,0
533967_00538_11513_0,256.6,1,2022/10/18 08:15:00,46.22,19.99,98.0,83,0,68,9,6,0,0,0,0,0,0,0
533967_00538_11513_0,256.6,1,2022/10/18 08:30:00,44.85,20.60,109.0,85,0,61,15,9,0,0,0,0,0,0,0
533967_00538_11513_0,256.6,1,2022/10/18 08:45:00,44.51,20.75,119.0,102,0,85,15,2,0,0,0,0,0,0,0
533967_00538_11513_0,256.6,1,2022/10/18 09:00:00,46.35,19.93,92.0,72,0,52,15,5,0,0,0,0,0,0,0
533967_00538_11513_0,256.6,1,2022/10/18 09:15:00,45.87,20.14,114.0,92,0,70,16,6,0,0,0,0,0,0,0
533967_00538_11513_0,256.6,1,2022/10/18 09:30:00,46.32,19.95,116.0,92,0,68,20,4,0,0,0,0,0,0,0
533967_00538_11513_0,256.6,1,2022/10/18 09:45:00,46.46,19.88,108.0,95,0,82,9,4,0,0,0,0,0,0,0
533967_00538_11513_0,256.6,1,2022/10/18 10:00:00,46.56,19.84,132.0,108,0,84,20,4,0,0,0,0,0,0,0
533967_00538_11513_0,256.6,1,2022/10/18 10:15:00,46.36,19.93,119.0,97,0,75,17,5,0,0,0,0,0,0,0
533967_00538_11513_0,256.6,1,2022/10/18 10:30:00,46.87,19.71,116.0,96,0,76,15,5,0,0,0,0,0,0,0
533967_00538_11513_0,256.6,1,2022/10/18 10:45:00,46.83,19.73,106.0,88,0,70,15,3,0,0,0,0,0,0,0
533967_00538_11513_0,256.6,1,2022/10/18 11:00:00,46.97,19.67,116.0,99,0,82,15,2,0,0,0,0,0,0,0
533967_00538_11513_0,256.6,1,2022/10/18 11:15:00,46.11,20.03,113.0,90,0,67,18,5,0,0,0,0,0,0,0
533967_00538_11513_0,256.6,1,2022/10/18 11:30:00,46.31,19.95,126.0,101,0,76,20,5,0,0,0,0,0,0,0
533967_00538_11513_0,256.6,1,2022/10/18 11:45:00,45.02,20.52,127.0,113,0,99,8,5,1,0,0,0,0,0,0
533967_00538_11513_0,256.6,1,2022/10/18 12:00:00,47.85,19.31,97.0,85,0,73,9,3,0,0,0,0,0,0,0
533967_00538_11513_0,256.6,1,2022/10/18 12:15:00,47.13,19.60,90.0,75,0,60,11,4,0,0,0,0,0,0,0
533967_00538_11513_0,256.6,1,2022/10/18 12:30:00,45.97,20.10,96.0,82,0,68,9,5,0,0,0,0,0,0,0
533967_00538_11513_0,256.6,1,2022/10/18 12:45:00,47.12,19.61,87.0,71,0,55,9,7,0,0,0,0,0,0,0
533967_00538_11513_0,256.6,1,2022/10/18 13:00:00,47.33,19.52,113.0,91,0,69,18,4,0,0,0,0,0,0,0
533967_00538_11513_0,256.6,1,2022/10/18 13:15:00,45.47,20.32,126.0,104,0,82,17,5,0,0,0,0,0,0,0
533967_00538_11513_0,256.6,1,2022/10/18 13:30:00,48.18,19.18,69.0,57,0,45,10,2,0,0,0,0,0,0,0
533967_00538_11513_0,256.6,1,2022/10/18 13:45:00,44.43,20.79,116.0,105,0,94,7,4,0,0,0,0,0,0,0
533967_00538_11513_0,256.6,1,2022/10/18 14:00:00,47.03,19.64,117.0,92,0,67,18,7,0,0,0,0,0,0,0
533967_00538_11513_0,256.6,1,2022/10/18 14:15:00,46.37,19.92,84.0,77,0,70,7,0,0,0,0,0,0,0,0
533967_00538_11513_0,256.6,1,2022/10/18 14:30:00,46.58,19.83,113.0,95,0,77,12,6,0,0,0,0,0,0,0
533967_00538_11513_0,256.6,1,2022/10/18 14:45:00,46.83,19.73,116.0,95,0,74,15,6,0,0,0,0,0,0,0
533967_00538_11513_0,256.6,1,2022/10/18 15:00:00,46.05,20.06,124.0,114,0,104,7,3,0,0,0,0,0,0,0
533967_00538_11513_0,256.6,1,2022/10/18 15:15:00,47.68,19.37,146.0,131,0,116,12,3,0,0,0,0,0,0,0
533967_00538_11513_0,256.6,1,2022/10/18 15:30:00,47.73,19.35,124.0,102,0,80,12,10,0,0,0,0,0,0,0
533967_00538_11513_0,256.6,1,2022/10/18 15:45:00,46.90,19.70,127.0,109,0,91,12,6,0,0,0,0,0,0,0
533967_00538_11513_0,256.6,1,2022/10/18 16:00:00,46.77,19.75,130.0,109,0,88,18,3,0,0,0,0,0,0,0
533967_00538_11513_0,256.6,1,2022/10/18 16:15:00,47.47,19.46,144.0,124,0,104,12,8,0,0,0,0,0,0,0
533967_00538_11513_0,256.6,1,2022/10/18 16:30:00,46.37,19.92,125.0,118,0,111,3,4,0,0,0,0,0,0,0
533967_00538_11513_0,256.6,1,2022/10/18 16:45:00,47.29,19.53,118.0,105,0,92,9,4,0,0,0,0,0,0,0
533967_00538_11513_0,256.6,1,2022/10/18 17:00:00,44.50,20.76,150.0,129,0,108,13,8,0,0,0,0,0,0,0
533967_00538_11513_0,256.6,1,2022/10/18 17:15:00,47.05,19.63,135.0,123,0,111,6,6,0,0,0,0,0,0,0
533967_00538_11513_0,256.6,1,2022/10/18 17:30:00,44.61,20.71,139.0,124,0,109,7,8,0,0,0,0,0,0,0
533967_00538_11513_0,256.6,1,2022/10/18 17:45:00,44.42,20.80,134.0,122,0,110,6,6,0,0,0,0,0,0,0
533967_00538_11513_0,256.6,1,2022/10/18 18:00:00,44.56,20.73,149.0,139,0,129,5,5,0,0,0,0,0,0,0
533967_00538_11513_0,256.6,1,2022/10/18 18:15:00,47.35,19.51,145.0,133,0,121,4,8,0,0,0,0,0,0,0
533967_00538_11513_0,256.6,1,2022/10/18 18:30:00,47.74,19.35,115.0,103,0,91,5,7,0,0,0,0,0,0,0
533967_00538_11513_0,256.6,1,2022/10/18 18:45:00,47.72,19.36,116.0,109,0,102,2,5,0,0,0,0,0,0,0
533967_00538_11513_1,257.1,1,2022/10/18 06:30:00,10.10,91.60,104.0,92,0,80,6,6,0,0,0,0,0,0,0
533967_00538_11513_1,257.1,1,2022/10/18 06:45:00,5.50,168.19,134.0,124,0,114,4,6,0,0,0,0,0,0,0
533967_00538_11513_1,257.1,1,2022/10/18 07:00:00,7.79,118.75,136.0,124,0,112,6,6,0,0,0,0,0,0,0
533967_00538_11513_1,257.1,1,2022/10/18 07:15:00,6.03,153.49,132.0,115,0,98,12,5,0,0,0,0,0,0,0
533967_00538_11513_1,257.1,1,2022/10/18 07:30:00,5.58,165.97,133.0,121,0,109,10,2,0,0,0,0,0,0,0
533967_00538_11513_1,257.1,1,2022/10/18 07:45:00,7.69,120.30,154.0,141,0,128,7,6,0,0,0,0,0,0,0
533967_00538_11513_1,257.1,1,2022/10/18 08:00:00,13.69,67.60,115.0,99,0,83,10,6,0,0,0,0,0,0,0
533967_00538_11513_1,257.1,1,2022/10/18 08:15:00,8.70,106.36,133.0,122,0,111,7,4,0,0,0,0,0,0,0
533967_00538_11513_1,257.1,1,2022/10/18 08:30:00,12.43,74.48,114.0,104,0,94,5,5,0,0,0,0,0,0,0
533967_00538_11513_1,257.1,1,2022/10/18 08:45:00,8.05,114.92,139.0,120,0,101,10,9,0,0,0,0,0,0,0
533967_00538_11513_1,257.1,1,2022/10/18 09:00:00,5.98,154.73,149.0,131,0,113,13,5,0,0,0,0,0,0,0
533967_00538_11513_1,257.1,1,2022/10/18 09:15:00,9.96,92.92,127.0,105,0,83,19,3,0,0,0,0,0,0,0
533967_00538_11513_1,257.1,1,2022/10/18 09:30:00,9.49,97.55,140.0,114,0,88,23,3,0,0,0,0,0,0,0
533967_00538_11513_1,257.1,1,2022/10/18 09:45:00,15.27,60.62,111.0,94,0,77,14,3,0,0,0,0,0,0,0
533967_00538_11513_1,257.1,1,2022/10/18 10:00:00,18.22,50.79,112.0,86,0,60,19,7,0,0,0,0,0,0,0
533967_00538_11513_1,257.1,1,2022/10/18 10:15:00,18.53,49.95,103.0,78,0,53,24,1,0,0,0,0,0,0,0
533967_00538_11513_1,257.1,1,2022/10/18 10:30:00,20.63,44.86,77.0,58,0,39,15,4,0,0,0,0,0,0,0
533967_00538_11513_1,257.1,1,2022/10/18 10:45:00,15.97,57.95,54.0,37,0,20,15,2,0,0,0,0,0,0,0
533967_00538_11513_1,257.1,1,2022/10/18 11:00:00,18.17,50.92,52.0,39,0,26,11,2,0,0,0,0,0,0,0
533967_00538_11513_1,257.1,1,2022/10/18 11:15:00,20.60,44.93,97.0,84,0,71,12,1,0,0,0,0,0,0,0
533967_00538_11513_1,257.1,1,2022/10/18 11:30:00,19.67,47.04,68.0,48,0,28,15,4,1,0,0,0,0,0,0
533967_00538_11513_1,257.1,1,2022/10/18 11:45:00,19.04,48.61,80.0,67,0,54,13,0,0,0,0,0,0,0,0
533967_00538_11513_1,257.1,1,2022/10/18 12:00:00,17.73,52.18,43.0,38,0,33,4,1,0,0,0,0,0,0,0
533967_00538_11513_1,257.1,1,2022/10/18 12:15:00,22.90,40.41,67.0,59,0,51,4,4,0,0,0,0,0,0,0
533967_00538_11513_1,257.1,1,2022/10/18 12:30:00,18.00,51.40,81.0,65,0,49,13,3,0,0,0,0,0,0,0
533967_00538_11513_1,257.1,1,2022/10/18 12:45:00,22.49,41.15,97.0,85,0,73,11,1,0,0,0,0,0,0,0
533967_00538_11513_1,257.1,1,2022/10/18 13:00:00,21.33,43.38,59.0,52,0,45,5,2,0,0,0,0,0,0,0
533967_00538_11513_1,257.1,1,2022/10/18 13:15:00,22.23,41.63,61.0,51,0,41,9,1,0,0,0,0,0,0,0
533967_00538_11513_1,257.1,1,2022/10/18 13:30:00,17.81,51.98,110.0,81,0,52,23,6,0,0,0,0,0,0,0
533967_00538_11513_1,257.1,1,2022/10/18 13:45:00,17.62,52.53,72.0,55,0,38,15,2,0,0,0,0,0,0,0
533967_00538_11513_1,257.1,1,2022/10/18 14:00:00,17.07,54.23,77.0,66,0,55,9,2,0,0,0,0,0,0,0
533967_00538_11513_1,257.1,1,2022/10/18 14:15:00,20.29,45.60,95.0,80,0,65,10,5,0,0,0,0,0,0,0
533967_00538_11513_1,257.1,1,2022/10/18 14:30:00,20.03,46.19,88.0,67,0,46,17,4,0,0,0,0,0,0,0
533967_00538_11513_1,257.1,1,2022/10/18 14:45:00,22.18,41.72,70.0,61,0,52,7,2,0,0,0,0,0,0,0
533967_00538_11513_1,257.1,1,2022/10/18 15:00:00,18.22,50.80,83.0,70,0,57,12,1,0,0,0,0,0,0,0
533967_00538_11513_1,257.1,1,2022/10/18 15:15:00,17.59,52.61,74.0,62,0,50,10,2,0,0,0,0,0,0,0
533967_00538_11513_1,257.1,1,2022/10/18 15:30:00,19.43,47.62,72.0,58,0,44,13,1,0,0,0,0,0,0,0
533967_00538_11513_1,257.1,1,2022/10/18 15:45:00,19.99,46.30,104.0,86,0,68,17,1,0,0,0,0,0,0,0
533967_00538_11513_1,257.1,1,2022/10/18 16:00:00,17.85,51.85,62.0,47,0,32,12,3,0,0,0,0,0,0,0
533967_00538_11513_1,257.1,1,2022/10/18 16:15:00,20.07,46.11,45.0,35,0,25,7,3,0,0,0,0,0,0,0
533967_00538_11513_1,257.1,1,2022/10/18 16:30:00,18.04,51.29,31.0,21,0,11,6,4,0,0,0,0,0,0,0
533967_00538_11513_1,257.1,1,2022/10/18 16:45:00,24.39,37.94,47.0,35,0,23,11,1,0,0,0,0,0,0,0
533967_00538_11513_1,257.1,1,2022/10/18 17:00:00,22.49,41.15,55.0,48,0,41,6,1,0,0,0,0,0,0,0
533967_00538_11513_1,257.1,1,2022/10/18 17:15:00,20.00,46.27,93.0,84,0,75,4,5,0,0,0,0,0,0,0
533967_00538_11513_1,257.1,1,2022/10/18 17:30:00,20.02,46.23,91.0,80,0,69,6,5,0,0,0,0,0,0,0
533967_00538_11513_1,257.1,1,2022/10/18 17:45:00,19.39,47.73,66.0,60,0,54,4,2,0,0,0,0,0,0,0
533967_00538_11513_1,257.1,1,2022/10/18 18:00:00,17.50,52.88,67.0,57,0,47,5,5,0,0,0,0,0,0,0
533967_00538_11513_1,257.1,1,2022/10/18 18:15:00,23.50,39.38,48.0,45,0,42,0,3,0,0,0,0,0,0,0
533967_00538_11513_1,257.1,1,2022/10/18 18:30:00,22.50,41.12,35.0,32,0,29,0,3,0,0,0,0,0,0,0
533967_00538_11513_1,257.1,1,2022/10/18 18:45:00,21.34,43.36,48.0,44,0,40,1,3,0,0,0,0,0,0,0
533967_00539_11517_0,283.3,1,2022/10/18 06:30:00,-1.00,-1.00,0.0,0,0,0,0,0,0,0,0,0,0,0,0
533967_00539_11517_0,283.3,1,2022/10/18 06:45:00,-1.00,-1.00,0.0,0,0,0,0,0,0,0,0,0,0,0,0
533967_00539_11517_0,283.3,1,2022/10/18 07:00:00,-1.00,-1.00,0.0,0,0,0,0,0,0,0,0,0,0,0,0
533967_00539_11517_0,283.3,1,2022/10/18 07:15:00,-1.00,-1.00,0.0,0,0,0,0,0,0,0,0,0,0,0,0
533967_00539_11517_0,283.3,1,2022/10/18 07:30:00,-1.00,-1.00,0.0,0,0,0,0,0,0,0,0,0,0,0,0
533967_00539_11517_0,283.3,1,2022/10/18 07:45:00,-1.00,-1.00,0.0,0,0,0,0,0,0,0,0,0,0,0,0
533967_00539_11517_0,283.3,1,2022/10/18 08:00:00,-1.00,-1.00,0.0,0,0,0,0,0,0,0,0,0,0,0,0
533967_00539_11517_0,283.3,1,2022/10/18 08:15:00,19.49,52.33,3.0,3,0,3,0,0,0,0,0,0,0,0,0
533967_00539_11517_0,283.3,1,2022/10/18 08:30:00,19.38,52.62,13.0,8,0,3,5,0,0,0,0,0,0,0,0
533967_00539_11517_0,283.3,1,2022/10/18 08:45:00,19.50,52.31,21.0,13,0,5,8,0,0,0,0,0,0,0,0
533967_00539_11517_0,283.3,1,2022/10/18 09:00:00,19.54,52.21,24.0,24,0,24,0,0,0,0,0,0,0,0,0
533967_00539_11517_0,283.3,1,2022/10/18 09:15:00,-1.00,-1.00,0.0,0,0,0,0,0,0,0,0,0,0,0,0
533967_00539_11517_0,283.3,1,2022/10/18 09:30:00,19.62,52.00,4.0,4,0,4,0,0,0,0,0,0,0,0,0
533967_00539_11517_0,283.3,1,2022/10/18 09:45:00,19.62,52.00,1.0,1,0,1,0,0,0,0,0,0,0,0,0
533967_00539_11517_0,283.3,1,2022/10/18 10:00:00,19.62,52.00,1.0,1,0,1,0,0,0,0,0,0,0,0,0
533967_00539_11517_0,283.3,1,2022/10/18 10:15:00,-1.00,-1.00,0.0,0,0,0,0,0,0,0,0,0,0,0,0
533967_00539_11517_0,283.3,1,2022/10/18 10:30:00,-1.00,-1.00,0.0,0,0,0,0,0,0,0,0,0,0,0,0
533967_00539_11517_0,283.3,1,2022/10/18 10:45:00,19.49,52.33,3.0,3,0,3,0,0,0,0,0,0,0,0,0
533967_00539_11517_0,283.3,1,2022/10/18 11:00:00,19.62,52.00,5.0,5,0,5,0,0,0,0,0,0,0,0,0
533967_00539_11517_0,283.3,1,2022/10/18 11:15:00,-1.00,-1.00,0.0,0,0,0,0,0,0,0,0,0,0,0,0
533967_00539_11517_0,283.3,1,2022/10/18 11:30:00,19.43,52.50,4.0,4,0,4,0,0,0,0,0,0,0,0,0
533967_00539_11517_0,283.3,1,2022/10/18 11:45:00,19.62,52.00,2.0,2,0,2,0,0,0,0,0,0,0,0,0
533967_00539_11517_0,283.3,1,2022/10/18 12:00:00,-1.00,-1.00,0.0,0,0,0,0,0,0,0,0,0,0,0,0
533967_00539_11517_0,283.3,1,2022/10/18 12:15:00,-1.00,-1.00,0.0,0,0,0,0,0,0,0,0,0,0,0,0
533967_00539_11517_0,283.3,1,2022/10/18 12:30:00,19.46,52.42,14.0,12,0,10,2,0,0,0,0,0,0,0,0
533967_00539_11517_0,283.3,1,2022/10/18 12:45:00,19.46,52.42,12.0,12,0,12,0,0,0,0,0,0,0,0,0
533967_00539_11517_0,283.3,1,2022/10/18 13:00:00,-1.00,-1.00,0.0,0,0,0,0,0,0,0,0,0,0,0,0
533967_00539_11517_0,283.3,1,2022/10/18 13:15:00,19.25,53.00,1.0,1,0,1,0,0,0,0,0,0,0,0,0
533967_00539_11517_0,283.3,1,2022/10/18 13:30:00,19.25,53.00,2.0,2,0,2,0,0,0,0,0,0,0,0,0
533967_00539_11517_0,283.3,1,2022/10/18 13:45:00,-1.00,-1.00,0.0,0,0,0,0,0,0,0,0,0,0,0,0
533967_00539_11517_0,283.3,1,2022/10/18 14:00:00,-1.00,-1.00,0.0,0,0,0,0,0,0,0,0,0,0,0,0
533967_00539_11517_0,283.3,1,2022/10/18 14:15:00,-1.00,-1.00,0.0,0,0,0,0,0,0,0,0,0,0,0,0
533967_00539_11517_0,283.3,1,2022/10/18 14:30:00,19.49,52.33,9.0,9,0,9,0,0,0,0,0,0,0,0,0
533967_00539_11517_0,283.3,1,2022/10/18 14:45:00,19.53,52.21,14.0,14,0,14,0,0,0,0,0,0,0,0,0
533967_00539_11517_0,283.3,1,2022/10/18 15:00:00,19.51,52.29,7.0,7,0,7,0,0,0,0,0,0,0,0,0
533967_00539_11517_0,283.3,1,2022/10/18 15:15:00,19.62,52.00,3.0,3,0,3,0,0,0,0,0,0,0,0,0
533967_00539_11517_0,283.3,1,2022/10/18 15:30:00,19.43,52.50,10.0,10,0,10,0,0,0,0,0,0,0,0,0
533967_00539_11517_0,283.3,1,2022/10/18 15:45:00,19.56,52.14,7.0,7,0,7,0,0,0,0,0,0,0,0,0
533967_00539_11517_0,283.3,1,2022/10/18 16:00:00,19.38,52.64,22.0,22,0,22,0,0,0,0,0,0,0,0,0
533967_00539_11517_0,283.3,1,2022/10/18 16:15:00,19.62,52.00,6.0,6,0,6,0,0,0,0,0,0,0,0,0
533967_00539_11517_0,283.3,1,2022/10/18 16:30:00,19.44,52.48,23.0,23,0,23,0,0,0,0,0,0,0,0,0
533967_00539_11517_0,283.3,1,2022/10/18 16:45:00,19.43,52.50,6.0,6,0,6,0,0,0,0,0,0,0,0,0
533967_00539_11517_0,283.3,1,2022/10/18 17:00:00,19.58,52.10,10.0,10,0,10,0,0,0,0,0,0,0,0,0
533967_00539_11517_0,283.3,1,2022/10/18 17:15:00,19.37,52.67,3.0,3,0,3,0,0,0,0,0,0,0,0,0
533967_00539_11517_0,283.3,1,2022/10/18 17:30:00,-1.00,-1.00,0.0,0,0,0,0,0,0,0,0,0,0,0,0
533967_00539_11517_0,283.3,1,2022/10/18 17:45:00,19.62,52.00,4.0,4,0,4,0,0,0,0,0,0,0,0,0
533967_00539_11517_0,283.3,1,2022/10/18 18:00:00,19.47,52.38,16.0,16,0,16,0,0,0,0,0,0,0,0,0
533967_00539_11517_0,283.3,1,2022/10/18 18:15:00,19.49,52.33,15.0,15,0,15,0,0,0,0,0,0,0,0,0
533967_00539_11517_0,283.3,1,2022/10/18 18:30:00,19.52,52.27,15.0,15,0,15,0,0,0,0,0,0,0,0,0
533967_00539_11517_0,283.3,1,2022/10/18 18:45:00,19.51,52.29,7.0,7,0,7,0,0,0,0,0,0,0,0,0
533967_00539_11517_1,303.8,1,2022/10/18 06:30:00,-1.00,-1.00,0.0,0,0,0,0,0,0,0,0,0,0,0,0
533967_00539_11517_1,303.8,1,2022/10/18 06:45:00,-1.00,-1.00,0.0,0,0,0,0,0,0,0,0,0,0,0,0
533967_00539_11517_1,303.8,1,2022/10/18 07:00:00,-1.00,-1.00,0.0,0,0,0,0,0,0,0,0,0,0,0,0
533967_00539_11517_1,303.8,1,2022/10/18 07:15:00,-1.00,-1.00,0.0,0,0,0,0,0,0,0,0,0,0,0,0
533967_00539_11517_1,303.8,1,2022/10/18 07:30:00,17.45,62.67,3.0,3,0,3,0,0,0,0,0,0,0,0,0
533967_00539_11517_1,303.8,1,2022/10/18 07:45:00,10.34,105.75,4.0,4,0,4,0,0,0,0,0,0,0,0,0
533967_00539_11517_1,303.8,1,2022/10/18 08:00:00,13.78,79.40,10.0,10,0,10,0,0,0,0,0,0,0,0,0
533967_00539_11517_1,303.8,1,2022/10/18 08:15:00,12.00,91.14,7.0,7,0,7,0,0,0,0,0,0,0,0,0
533967_00539_11517_1,303.8,1,2022/10/18 08:30:00,14.68,74.50,4.0,4,0,4,0,0,0,0,0,0,0,0,0
533967_00539_11517_1,303.8,1,2022/10/18 08:45:00,19.71,55.50,4.0,4,0,4,0,0,0,0,0,0,0,0,0
533967_00539_11517_1,303.8,1,2022/10/18 09:00:00,11.76,93.00,11.0,8,0,5,3,0,0,0,0,0,0,0,0
533967_00539_11517_1,303.8,1,2022/10/18 09:15:00,11.70,93.50,15.0,12,0,9,3,0,0,0,0,0,0,0,0
533967_00539_11517_1,303.8,1,2022/10/18 09:30:00,12.15,90.00,2.0,2,0,2,0,0,0,0,0,0,0,0,0
533967_00539_11517_1,303.8,1,2022/10/18 09:45:00,11.39,96.00,11.0,10,0,9,1,0,0,0,0,0,0,0,0
533967_00539_11517_1,303.8,1,2022/10/18 10:00:00,20.77,52.67,3.0,3,0,3,0,0,0,0,0,0,0,0,0
533967_00539_11517_1,303.8,1,2022/10/18 10:15:00,13.82,79.12,8.0,8,0,8,0,0,0,0,0,0,0,0,0
533967_00539_11517_1,303.8,1,2022/10/18 10:30:00,13.55,80.75,11.0,8,0,5,3,0,0,0,0,0,0,0,0
533967_00539_11517_1,303.8,1,2022/10/18 10:45:00,11.97,91.40,5.0,5,0,5,0,0,0,0,0,0,0,0,0
533967_00539_11517_1,303.8,1,2022/10/18 11:00:00,12.22,89.50,4.0,2,0,0,2,0,0,0,0,0,0,0,0
533967_00539_11517_1,303.8,1,2022/10/18 11:15:00,15.41,71.00,11.0,10,0,9,1,0,0,0,0,0,0,0,0
533967_00539_11517_1,303.8,1,2022/10/18 11:30:00,10.78,101.50,2.0,2,0,2,0,0,0,0,0,0,0,0,0
533967_00539_11517_1,303.8,1,2022/10/18 11:45:00,14.36,76.18,12.0,11,0,10,1,0,0,0,0,0,0,0,0
533967_00539_11517_1,303.8,1,2022/10/18 12:00:00,12.70,86.14,7.0,7,0,7,0,0,0,0,0,0,0,0,0
533967_00539_11517_1,303.8,1,2022/10/18 12:15:00,12.67,86.33,6.0,6,0,6,0,0,0,0,0,0,0,0,0
533967_00539_11517_1,303.8,1,2022/10/18 12:30:00,-1.00,-1.00,0.0,0,0,0,0,0,0,0,0,0,0,0,0
533967_00539_11517_1,303.8,1,2022/10/18 12:45:00,-1.00,-1.00,0.0,0,0,0,0,0,0,0,0,0,0,0,0
533967_00539_11517_1,303.8,1,2022/10/18 13:00:00,12.06,90.67,6.0,6,0,6,0,0,0,0,0,0,0,0,0
533967_00539_11517_1,303.8,1,2022/10/18 13:15:00,14.54,75.25,4.0,4,0,4,0,0,0,0,0,0,0,0,0
533967_00539_11517_1,303.8,1,2022/10/18 13:30:00,10.32,106.00,2.0,2,0,2,0,0,0,0,0,0,0,0,0
533967_00539_11517_1,303.8,1,2022/10/18 13:45:00,11.97,91.38,9.0,8,0,7,1,0,0,0,0,0,0,0,0
533967_00539_11517_1,303.8,1,2022/10/18 14:00:00,11.64,94.00,11.0,11,0,11,0,0,0,0,0,0,0,0,0
533967_00539_11517_1,303.8,1,2022/10/18 14:15:00,11.93,91.67,6.0,6,0,6,0,0,0,0,0,0,0,0,0
533967_00539_11517_1,303.8,1,2022/10/18 14:30:00,10.55,103.67,3.0,3,0,3,0,0,0,0,0,0,0,0,0
533967_00539_11517_1,303.8,1,2022/10/18 14:45:00,13.27,82.40,10.0,10,0,10,0,0,0,0,0,0,0,0,0
533967_00539_11517_1,303.8,1,2022/10/18 15:00:00,11.62,94.10,10.0,10,0,10,0,0,0,0,0,0,0,0,0
533967_00539_11517_1,303.8,1,2022/10/18 15:15:00,13.39,81.67,12.0,12,0,12,0,0,0,0,0,0,0,0,0
533967_00539_11517_1,303.8,1,2022/10/18 15:30:00,11.55,94.67,13.0,12,0,11,1,0,0,0,0,0,0,0,0
533967_00539_11517_1,303.8,1,2022/10/18 15:45:00,12.43,88.00,2.0,1,0,0,1,0,0,0,0,0,0,0,0
533967_00539_11517_1,303.8,1,2022/10/18 16:00:00,12.19,89.71,7.0,7,0,7,0,0,0,0,0,0,0,0,0
533967_00539_11517_1,303.8,1,2022/10/18 16:15:00,8.55,128.00,1.0,1,0,1,0,0,0,0,0,0,0,0,0
533967_00539_11517_1,303.8,1,2022/10/18 16:30:00,13.78,79.40,5.0,5,0,5,0,0,0,0,0,0,0,0,0
533967_00539_11517_1,303.8,1,2022/10/18 16:45:00,15.72,69.60,5.0,5,0,5,0,0,0,0,0,0,0,0,0
533967_00539_11517_1,303.8,1,2022/10/18 17:00:00,11.74,93.16,19.0,19,0,19,0,0,0,0,0,0,0,0,0
533967_00539_11517_1,303.8,1,2022/10/18 17:15:00,12.33,88.70,10.0,10,0,10,0,0,0,0,0,0,0,0,0
533967_00539_11517_1,303.8,1,2022/10/18 17:30:00,12.75,85.80,15.0,15,0,15,0,0,0,0,0,0,0,0,0
533967_00539_11517_1,303.8,1,2022/10/18 17:45:00,12.15,90.00,12.0,12,0,12,0,0,0,0,0,0,0,0,0
533967_00539_11517_1,303.8,1,2022/10/18 18:00:00,10.34,105.83,12.0,12,0,12,0,0,0,0,0,0,0,0,0
533967_00539_11517_1,303.8,1,2022/10/18 18:15:00,10.21,107.18,17.0,17,0,17,0,0,0,0,0,0,0,0,0
533967_00539_11517_1,303.8,1,2022/10/18 18:30:00,-1.00,-1.00,0.0,0,0,0,0,0,0,0,0,0,0,0,0
533967_00539_11517_1,303.8,1,2022/10/18 18:45:00,12.17,89.89,9.0,9,0,9,0,0,0,0,0,0,0,0,0
533967_00605_01530_0,176.3,1,2022/10/18 06:30:00,-1.00,-1.00,0.0,0,0,0,0,0,0,0,0,0,0,0,0
533967_00605_01530_0,176.3,1,2022/10/18 06:45:00,-1.00,-1.00,0.0,0,0,0,0,0,0,0,0,0,0,0,0
533967_00605_01530_0,176.3,1,2022/10/18 07:00:00,-1.00,-1.00,0.0,0,0,0,0,0,0,0,0,0,0,0,0
533967_00605_01530_0,176.3,1,2022/10/18 07:15:00,-1.00,-1.00,0.0,0,0,0,0,0,0,0,0,0,0,0,0
533967_00605_01530_0,176.3,1,2022/10/18 07:30:00,-1.00,-1.00,0.0,0,0,0,0,0,0,0,0,0,0,0,0
533967_00605_01530_0,176.3,1,2022/10/18 07:45:00,-1.00,-1.00,0.0,0,0,0,0,0,0,0,0,0,0,0,0
533967_00605_01530_0,176.3,1,2022/10/18 08:00:00,-1.00,-1.00,0.0,0,0,0,0,0,0,0,0,0,0,0,0
533967_00605_01530_0,176.3,1,2022/10/18 08:15:00,-1.00,-1.00,0.0,0,0,0,0,0,0,0,0,0,0,0,0
533967_00605_01530_0,176.3,1,2022/10/18 08:30:00,-1.00,-1.00,0.0,0,0,0,0,0,0,0,0,0,0,0,0
533967_00605_01530_0,176.3,1,2022/10/18 08:45:00,-1.00,-1.00,0.0,0,0,0,0,0,0,0,0,0,0,0,0
533967_00605_01530_0,176.3,1,2022/10/18 09:00:00,-1.00,-1.00,0.0,0,0,0,0,0,0,0,0,0,0,0,0
533967_00605_01530_0,176.3,1,2022/10/18 09:15:00,-1.00,-1.00,0.0,0,0,0,0,0,0,0,0,0,0,0,0
533967_00605_01530_0,176.3,1,2022/10/18 09:30:00,-1.00,-1.00,0.0,0,0,0,0,0,0,0,0,0,0,0,0
533967_00605_01530_0,176.3,1,2022/10/18 09:45:00,-1.00,-1.00,0.0,0,0,0,0,0,0,0,0,0,0,0,0
533967_00605_01530_0,176.3,1,2022/10/18 10:00:00,-1.00,-1.00,0.0,0,0,0,0,0,0,0,0,0,0,0,0
533967_00605_01530_0,176.3,1,2022/10/18 10:15:00,-1.00,-1.00,0.0,0,0,0,0,0,0,0,0,0,0,0,0
533967_00605_01530_0,176.3,1,2022/10/18 10:30:00,-1.00,-1.00,0.0,0,0,0,0,0,0,0,0,0,0,0,0
533967_00605_01530_0,176.3,1,2022/10/18 10:45:00,-1.00,-1.00,0.0,0,0,0,0,0,0,0,0,0,0,0,0
533967_00605_01530_0,176.3,1,2022/10/18 11:00:00,-1.00,-1.00,0.0,0,0,0,0,0,0,0,0,0,0,0,0
533967_00605_01530_0,176.3,1,2022/10/18 11:15:00,-1.00,-1.00,0.0,0,0,0,0,0,0,0,0,0,0,0,0
533967_00605_01530_0,176.3,1,2022/10/18 11:30:00,-1.00,-1.00,0.0,0,0,0,0,0,0,0,0,0,0,0,0
533967_00605_01530_0,176.3,1,2022/10/18 11:45:00,-1.00,-1.00,0.0,0,0,0,0,0,0,0,0,0,0,0,0
533967_00605_01530_0,176.3,1,2022/10/18 12:00:00,-1.00,-1.00,0.0,0,0,0,0,0,0,0,0,0,0,0,0
533967_00605_01530_0,176.3,1,2022/10/18 12:15:00,-1.00,-1.00,0.0,0,0,0,0,0,0,0,0,0,0,0,0
533967_00605_01530_0,176.3,1,2022/10/18 12:30:00,-1.00,-1.00,0.0,0,0,0,0,0,0,0,0,0,0,0,0
533967_00605_01530_0,176.3,1,2022/10/18 12:45:00,-1.00,-1.00,0.0,0,0,0,0,0,0,0,0,0,0,0,0
533967_00605_01530_0,176.3,1,2022/10/18 13:00:00,-1.00,-1.00,0.0,0,0,0,0,0,0,0,0,0,0,0,0
533967_00605_01530_0,176.3,1,2022/10/18 13:15:00,-1.00,-1.00,0.0,0,0,0,0,0,0,0,0,0,0,0,0
533967_00605_01530_0,176.3,1,2022/10/18 13:30:00,-1.00,-1.00,0.0,0,0,0,0,0,0,0,0,0,0,0,0
533967_00605_01530_0,176.3,1,2022/10/18 13:45:00,-1.00,-1.00,0.0,0,0,0,0,0,0,0,0,0,0,0,0
533967_00605_01530_0,176.3,1,2022/10/18 14:00:00,-1.00,-1.00,0.0,0,0,0,0,0,0,0,0,0,0,0,0
533967_00605_01530_0,176.3,1,2022/10/18 14:15:00,-1.00,-1.00,0.0,0,0,0,0,0,0,0,0,0,0,0,0
533967_00605_01530_0,176.3,1,2022/10/18 14:30:00,-1.00,-1.00,0.0,0,0,0,0,0,0,0,0,0,0,0,0
533967_00605_01530_0,176.3,1,2022/10/18 14:45:00,-1.00,-1.00,0.0,0,0,0,0,0,0,0,0,0,0,0,0
533967_00605_01530_0,176.3,1,2022/10/18 15:00:00,-1.00,-1.00,0.0,0,0,0,0,0,0,0,0,0,0,0,0
533967_00605_01530_0,176.3,1,2022/10/18 15:15:00,-1.00,-1.00,0.0,0,0,0,0,0,0,0,0,0,0,0,0
533967_00605_01530_0,176.3,1,2022/10/18 15:30:00,-1.00,-1.00,0.0,0,0,0,0,0,0,0,0,0,0,0,0
533967_00605_01530_0,176.3,1,2022/10/18 15:45:00,-1.00,-1.00,0.0,0,0,0,0,0,0,0,0,0,0,0,0
533967_00605_01530_0,176.3,1,2022/10/18 16:00:00,-1.00,-1.00,0.0,0,0,0,0,0,0,0,0,0,0,0,0
533967_00605_01530_0,176.3,1,2022/10/18 16:15:00,-1.00,-1.00,0.0,0,0,0,0,0,0,0,0,0,0,0,0
533967_00605_01530_0,176.3,1,2022/10/18 16:30:00,-1.00,-1.00,0.0,0,0,0,0,0,0,0,0,0,0,0,0
533967_00605_01530_0,176.3,1,2022/10/18 16:45:00,-1.00,-1.00,0.0,0,0,0,0,0,0,0,0,0,0,0,0
533967_00605_01530_0,176.3,1,2022/10/18 17:00:00,-1.00,-1.00,0.0,0,0,0,0,0,0,0,0,0,0,0,0
533967_00605_01530_0,176.3,1,2022/10/18 17:15:00,-1.00,-1.00,0.0,0,0,0,0,0,0,0,0,0,0,0,0
533967_00605_01530_0,176.3,1,2022/10/18 17:30:00,-1.00,-1.00,0.0,0,0,0,0,0,0,0,0,0,0,0,0
533967_00605_01530_0,176.3,1,2022/10/18 17:45:00,-1.00,-1.00,0.0,0,0,0,0,0,0,0,0,0,0,0,0
533967_00605_01530_0,176.3,1,2022/10/18 18:00:00,-1.00,-1.00,0.0,0,0,0,0,0,0,0,0,0,0,0,0
533967_00605_01530_0,176.3,1,2022/10/18 18:15:00,-1.00,-1.00,0.0,0,0,0,0,0,0,0,0,0,0,0,0
533967_00605_01530_0,176.3,1,2022/10/18 18:30:00,-1.00,-1.00,0.0,0,0,0,0,0,0,0,0,0,0,0,0
533967_00605_01530_0,176.3,1,2022/10/18 18:45:00,-1.00,-1.00,0.0,0,0,0,0,0,0,0,0,0,0,0,0
533967_00605_01530_1,174.8,1,2022/10/18 06:30:00,-1.00,-1.00,0.0,0,0,0,0,0,0,0,0,0,0,0,0
533967_00605_01530_1,174.8,1,2022/10/18 06:45:00,-1.00,-1.00,0.0,0,0,0,0,0,0,0,0,0,0,0,0
533967_00605_01530_1,174.8,1,2022/10/18 07:00:00,-1.00,-1.00,0.0,0,0,0,0,0,0,0,0,0,0,0,0
533967_00605_01530_1,174.8,1,2022/10/18 07:15:00,-1.00,-1.00,0.0,0,0,0,0,0,0,0,0,0,0,0,0
533967_00605_01530_1,174.8,1,2022/10/18 07:30:00,-1.00,-1.00,0.0,0,0,0,0,0,0,0,0,0,0,0,0
533967_00605_01530_1,174.8,1,2022/10/18 07:45:00,-1.00,-1.00,0.0,0,0,0,0,0,0,0,0,0,0,0,0
533967_00605_01530_1,174.8,1,2022/10/18 08:00:00,-1.00,-1.00,0.0,0,0,0,0,0,0,0,0,0,0,0,0
533967_00605_01530_1,174.8,1,2022/10/18 08:15:00,-1.00,-1.00,0.0,0,0,0,0,0,0,0,0,0,0,0,0
533967_00605_01530_1,174.8,1,2022/10/18 08:30:00,-1.00,-1.00,0.0,0,0,0,0,0,0,0,0,0,0,0,0
533967_00605_01530_1,174.8,1,2022/10/18 08:45:00,-1.00,-1.00,0.0,0,0,0,0,0,0,0,0,0,0,0,0
533967_00605_01530_1,174.8,1,2022/10/18 09:00:00,-1.00,-1.00,0.0,0,0,0,0,0,0,0,0,0,0,0,0
533967_00605_01530_1,174.8,1,2022/10/18 09:15:00,-1.00,-1.00,0.0,0,0,0,0,0,0,0,0,0,0,0,0
533967_00605_01530_1,174.8,1,2022/10/18 09:30:00,-1.00,-1.00,0.0,0,0,0,0,0,0,0,0,0,0,0,0
533967_00605_01530_1,174.8,1,2022/10/18 09:45:00,-1.00,-1.00,0.0,0,0,0,0,0,0,0,0,0,0,0,0
533967_00605_01530_1,174.8,1,2022/10/18 10:00:00,-1.00,-1.00,0.0,0,0,0,0,0,0,0,0,0,0,0,0
533967_00605_01530_1,174.8,1,2022/10/18 10:15:00,-1.00,-1.00,0.0,0,0,0,0,0,0,0,0,0,0,0,0
533967_00605_01530_1,174.8,1,2022/10/18 10:30:00,-1.00,-1.00,0.0,0,0,0,0,0,0,0,0,0,0,0,0
533967_00605_01530_1,174.8,1,2022/10/18 10:45:00,-1.00,-1.00,0.0,0,0,0,0,0,0,0,0,0,0,0,0
533967_00605_01530_1,174.8,1,2022/10/18 11:00:00,-1.00,-1.00,0.0,0,0,0,0,0,0,0,0,0,0,0,0
533967_00605_01530_1,174.8,1,2022/10/18 11:15:00,-1.00,-1.00,0.0,0,0,0,0,0,0,0,0,0,0,0,0
533967_00605_01530_1,174.8,1,2022/10/18 11:30:00,-1.00,-1.00,0.0,0,0,0,0,0,0,0,0,0,0,0,0
533967_00605_01530_1,174.8,1,2022/10/18 11:45:00,-1.00,-1.00,0.0,0,0,0,0,0,0,0,0,0,0,0,0
533967_00605_01530_1,174.8,1,2022/10/18 12:00:00,-1.00,-1.00,0.0,0,0,0,0,0,0,0,0,0,0,0,0
533967_00605_01530_1,174.8,1,2022/10/18 12:15:00,-1.00,-1.00,0.0,0,0,0,0,0,0,0,0,0,0,0,0
533967_00605_01530_1,174.8,1,2022/10/18 12:30:00,-1.00,-1.00,0.0,0,0,0,0,0,0,0,0,0,0,0,0
533967_00605_01530_1,174.8,1,2022/10/18 12:45:00,-1.00,-1.00,0.0,0,0,0,0,0,0,0,0,0,0,0,0
533967_00605_01530_1,174.8,1,2022/10/18 13:00:00,-1.00,-1.00,0.0,0,0,0,0,0,0,0,0,0,0,0,0
533967_00605_01530_1,174.8,1,2022/10/18 13:15:00,-1.00,-1.00,0.0,0,0,0,0,0,0,0,0,0,0,0,0
533967_00605_01530_1,174.8,1,2022/10/18 13:30:00,-1.00,-1.00,0.0,0,0,0,0,0,0,0,0,0,0,0,0
533967_00605_01530_1,174.8,1,2022/10/18 13:45:00,-1.00,-1.00,0.0,0,0,0,0,0,0,0,0,0,0,0,0
533967_00605_01530_1,174.8,1,2022/10/18 14:00:00,-1.00,-1.00,0.0,0,0,0,0,0,0,0,0,0,0,0,0
533967_00605_01530_1,174.8,1,2022/10/18 14:15:00,-1.00,-1.00,0.0,0,0,0,0,0,0,0,0,0,0,0,0
533967_00605_01530_1,174.8,1,2022/10/18 14:30:00,-1.00,-1.00,0.0,0,0,0,0,0,0,0,0,0,0,0,0
533967_00605_01530_1,174.8,1,2022/10/18 14:45:00,-1.00,-1.00,0.0,0,0,0,0,0,0,0,0,0,0,0,0
533967_00605_01530_1,174.8,1,2022/10/18 15:00:00,-1.00,-1.00,0.0,0,0,0,0,0,0,0,0,0,0,0,0
533967_00605_01530_1,174.8,1,2022/10/18 15:15:00,-1.00,-1.00,0.0,0,0,0,0,0,0,0,0,0,0,0,0
533967_00605_01530_1,174.8,1,2022/10/18 15:30:00,-1.00,-1.00,0.0,0,0,0,0,0,0,0,0,0,0,0,0
533967_00605_01530_1,174.8,1,2022/10/18 15:45:00,-1.00,-1.00,0.0,0,0,0,0,0,0,0,0,0,0,0,0
533967_00605_01530_1,174.8,1,2022/10/18 16:00:00,-1.00,-1.00,0.0,0,0,0,0,0,0,0,0,0,0,0,0
533967_00605_01530_1,174.8,1,2022/10/18 16:15:00,-1.00,-1.00,0.0,0,0,0,0,0,0,0,0,0,0,0,0
533967_00605_01530_1,174.8,1,2022/10/18 16:30:00,-1.00,-1.00,0.0,0,0,0,0,0,0,0,0,0,0,0,0
533967_00605_01530_1,174.8,1,2022/10/18 16:45:00,-1.00,-1.00,0.0,0,0,0,0,0,0,0,0,0,0,0,0
533967_00605_01530_1,174.8,1,2022/10/18 17:00:00,-1.00,-1.00,0.0,0,0,0,0,0,0,0,0,0,0,0,0
533967_00605_01530_1,174.8,1,2022/10/18 17:15:00,-1.00,-1.00,0.0,0,0,0,0,0,0,0,0,0,0,0,0
533967_00605_01530_1,174.8,1,2022/10/18 17:30:00,-1.00,-1.00,0.0,0,0,0,0,0,0,0,0,0,0,0,0
533967_00605_01530_1,174.8,1,2022/10/18 17:45:00,-1.00,-1.00,0.0,0,0,0,0,0,0,0,0,0,0,0,0
533967_00605_01530_1,174.8,1,2022/10/18 18:00:00,-1.00,-1.00,0.0,0,0,0,0,0,0,0,0,0,0,0,0
533967_00605_01530_1,174.8,1,2022/10/18 18:15:00,-1.00,-1.00,0.0,0,0,0,0,0,0,0,0,0,0,0,0
533967_00605_01530_1,174.8,1,2022/10/18 18:30:00,-1.00,-1.00,0.0,0,0,0,0,0,0,0,0,0,0,0,0
533967_00605_01530_1,174.8,1,2022/10/18 18:45:00,-1.00,-1.00,0.0,0,0,0,0,0,0,0,0,0,0,0,0
533967_00605_72276_0,92.4,1,2022/10/18 06:30:00,-1.00,-1.00,0.0,0,0,0,0,0,0,0,0,0,0,0,0
533967_00605_72276_0,92.4,1,2022/10/18 06:45:00,-1.00,-1.00,0.0,0,0,0,0,0,0,0,0,0,0,0,0
533967_00605_72276_0,92.4,1,2022/10/18 07:00:00,-1.00,-1.00,0.0,0,0,0,0,0,0,0,0,0,0,0,0
533967_00605_72276_0,92.4,1,2022/10/18 07:15:00,-1.00,-1.00,0.0,0,0,0,0,0,0,0,0,0,0,0,0
533967_00605_72276_0,92.4,1,2022/10/18 07:30:00,-1.00,-1.00,0.0,0,0,0,0,0,0,0,0,0,0,0,0
533967_00605_72276_0,92.4,1,2022/10/18 07:45:00,-1.00,-1.00,0.0,0,0,0,0,0,0,0,0,0,0,0,0
533967_00605_72276_0,92.4,1,2022/10/18 08:00:00,-1.00,-1.00,0.0,0,0,0,0,0,0,0,0,0,0,0,0
533967_00605_72276_0,92.4,1,2022/10/18 08:15:00,-1.00,-1.00,0.0,0,0,0,0,0,0,0,0,0,0,0,0
533967_00605_72276_0,92.4,1,2022/10/18 08:30:00,-1.00,-1.00,0.0,0,0,0,0,0,0,0,0,0,0,0,0
533967_00605_72276_0,92.4,1,2022/10/18 08:45:00,-1.00,-1.00,0.0,0,0,0,0,0,0,0,0,0,0,0,0
533967_00605_72276_0,92.4,1,2022/10/18 09:00:00,-1.00,-1.00,0.0,0,0,0,0,0,0,0,0,0,0,0,0
533967_00605_72276_0,92.4,1,2022/10/18 09:15:00,-1.00,-1.00,0.0,0,0,0,0,0,0,0,0,0,0,0,0
533967_00605_72276_0,92.4,1,2022/10/18 09:30:00,-1.00,-1.00,0.0,0,0,0,0,0,0,0,0,0,0,0,0
533967_00605_72276_0,92.4,1,2022/10/18 09:45:00,-1.00,-1.00,0.0,0,0,0,0,0,0,0,0,0,0,0,0
533967_00605_72276_0,92.4,1,2022/10/18 10:00:00,-1.00,-1.00,0.0,0,0,0,0,0,0,0,0,0,0,0,0
533967_00605_72276_0,92.4,1,2022/10/18 10:15:00,-1.00,-1.00,0.0,0,0,0,0,0,0,0,0,0,0,0,0
533967_00605_72276_0,92.4,1,2022/10/18 10:30:00,-1.00,-1.00,0.0,0,0,0,0,0,0,0,0,0,0,0,0
533967_00605_72276_0,92.4,1,2022/10/18 10:45:00,-1.00,-1.00,0.0,0,0,0,0,0,0,0,0,0,0,0,0
533967_00605_72276_0,92.4,1,2022/10/18 11:00:00,-1.00,-1.00,0.0,0,0,0,0,0,0,0,0,0,0,0,0
533967_00605_72276_0,92.4,1,2022/10/18 11:15:00,-1.00,-1.00,0.0,0,0,0,0,0,0,0,0,0,0,0,0
533967_00605_72276_0,92.4,1,2022/10/18 11:30:00,-1.00,-1.00,0.0,0,0,0,0,0,0,0,0,0,0,0,0
533967_00605_72276_0,92.4,1,2022/10/18 11:45:00,-1.00,-1.00,0.0,0,0,0,0,0,0,0,0,0,0,0,0
533967_00605_72276_0,92.4,1,2022/10/18 12:00:00,-1.00,-1.00,0.0,0,0,0,0,0,0,0,0,0,0,0,0
533967_00605_72276_0,92.4,1,2022/10/18 12:15:00,-1.00,-1.00,0.0,0,0,0,0,0,0,0,0,0,0,0,0
533967_00605_72276_0,92.4,1,2022/10/18 12:30:00,-1.00,-1.00,0.0,0,0,0,0,0,0,0,0,0,0,0,0
533967_00605_72276_0,92.4,1,2022/10/18 12:45:00,-1.00,-1.00,0.0,0,0,0,0,0,0,0,0,0,0,0,0
533967_00605_72276_0,92.4,1,2022/10/18 13:00:00,-1.00,-1.00,0.0,0,0,0,0,0,0,0,0,0,0,0,0
533967_00605_72276_0,92.4,1,2022/10/18 13:15:00,-1.00,-1.00,0.0,0,0,0,0,0,0,0,0,0,0,0,0
533967_00605_72276_0,92.4,1,2022/10/18 13:30:00,-1.00,-1.00,0.0,0,0,0,0,0,0,0,0,0,0,0,0
533967_00605_72276_0,92.4,1,2022/10/18 13:45:00,-1.00,-1.00,0.0,0,0,0,0,0,0,0,0,0,0,0,0
533967_00605_72276_0,92.4,1,2022/10/18 14:00:00,-1.00,-1.00,0.0,0,0,0,0,0,0,0,0,0,0,0,0
533967_00605_72276_0,92.4,1,2022/10/18 14:15:00,-1.00,-1.00,0.0,0,0,0,0,0,0,0,0,0,0,0,0
533967_00605_72276_0,92.4,1,2022/10/18 14:30:00,-1.00,-1.00,0.0,0,0,0,0,0,0,0,0,0,0,0,0
533967_00605_72276_0,92.4,1,2022/10/18 14:45:00,-1.00,-1.00,0.0,0,0,0,0,0,0,0,0,0,0,0,0
533967_00605_72276_0,92.4,1,2022/10/18 15:00:00,-1.00,-1.00,0.0,0,0,0,0,0,0,0,0,0,0,0,0
533967_00605_72276_0,92.4,1,2022/10/18 15:15:00,-1.00,-1.00,0.0,0,0,0,0,0,0,0,0,0,0,0,0
533967_00605_72276_0,92.4,1,2022/10/18 15:30:00,-1.00,-1.00,0.0,0,0,0,0,0,0,0,0,0,0,0,0
533967_00605_72276_0,92.4,1,2022/10/18 15:45:00,-1.00,-1.00,0.0,0,0,0,0,0,0,0,0,0,0,0,0
533967_00605_72276_0,92.4,1,2022/10/18 16:00:00,-1.00,-1.00,0.0,0,0,0,0,0,0,0,0,0,0,0,0
533967_00605_72276_0,92.4,1,2022/10/18 16:15:00,-1.00,-1.00,0.0,0,0,0,0,0,0,0,0,0,0,0,0
533967_00605_72276_0,92.4,1,2022/10/18 16:30:00,-1.00,-1.00,0.0,0,0,0,0,0,0,0,0,0,0,0,0
533967_00605_72276_0,92.4,1,2022/10/18 16:45:00,-1.00,-1.00,0.0,0,0,0,0,0,0,0,0,0,0,0,0
533967_00605_72276_0,92.4,1,2022/10/18 17:00:00,-1.00,-1.00,0.0,0,0,0,0,0,0,0,0,0,0,0,0
533967_00605_72276_0,92.4,1,2022/10/18 17:15:00,-1.00,-1.00,0.0,0,0,0,0,0,0,0,0,0,0,0,0
533967_00605_72276_0,92.4,1,2022/10/18 17:30:00,-1.00,-1.00,0.0,0,0,0,0,0,0,0,0,0,0,0,0
533967_00605_72276_0,92.4,1,2022/10/18 17:45:00,-1.00,-1.00,0.0,0,0,0,0,0,0,0,0,0,0,0,0
533967_00605_72276_0,92.4,1,2022/10/18 18:00:00,-1.00,-1.00,0.0,0,0,0,0,0,0,0,0,0,0,0,0
533967_00605_72276_0,92.4,1,2022/10/18 18:15:00,-1.00,-1.00,0.0,0,0,0,0,0,0,0,0,0,0,0,0
533967_00605_72276_0,92.4,1,2022/10/18 18:30:00,-1.00,-1.00,0.0,0,0,0,0,0,0,0,0,0,0,0,0
533967_00605_72276_0,92.4,1,2022/10/18 18:45:00,-1.00,-1.00,0.0,0,0,0,0,0,0,0,0,0,0,0,0
533967_00605_72276_1,92.9,1,2022/10/18 06:30:00,-1.00,-1.00,0.0,0,0,0,0,0,0,0,0,0,0,0,0
533967_00605_72276_1,92.9,1,2022/10/18 06:45:00,-1.00,-1.00,0.0,0,0,0,0,0,0,0,0,0,0,0,0
533967_00605_72276_1,92.9,1,2022/10/18 07:00:00,-1.00,-1.00,0.0,0,0,0,0,0,0,0,0,0,0,0,0
533967_00605_72276_1,92.9,1,2022/10/18 07:15:00,-1.00,-1.00,0.0,0,0,0,0,0,0,0,0,0,0,0,0
533967_00605_72276_1,92.9,1,2022/10/18 07:30:00,-1.00,-1.00,0.0,0,0,0,0,0,0,0,0,0,0,0,0
533967_00605_72276_1,92.9,1,2022/10/18 07:45:00,-1.00,-1.00,0.0,0,0,0,0,0,0,0,0,0,0,0,0
533967_00605_72276_1,92.9,1,2022/10/18 08:00:00,-1.00,-1.00,0.0,0,0,0,0,0,0,0,0,0,0,0,0
533967_00605_72276_1,92.9,1,2022/10/18 08:15:00,-1.00,-1.00,0.0,0,0,0,0,0,0,0,0,0,0,0,0
533967_00605_72276_1,92.9,1,2022/10/18 08:30:00,-1.00,-1.00,0.0,0,0,0,0,0,0,0,0,0,0,0,0
533967_00605_72276_1,92.9,1,2022/10/18 08:45:00,-1.00,-1.00,0.0,0,0,0,0,0,0,0,0,0,0,0,0
533967_00605_72276_1,92.9,1,2022/10/18 09:00:00,-1.00,-1.00,0.0,0,0,0,0,0,0,0,0,0,0,0,0
533967_00605_72276_1,92.9,1,2022/10/18 09:15:00,-1.00,-1.00,0.0,0,0,0,0,0,0,0,0,0,0,0,0
533967_00605_72276_1,92.9,1,2022/10/18 09:30:00,-1.00,-1.00,0.0,0,0,0,0,0,0,0,0,0,0,0,0
533967_00605_72276_1,92.9,1,2022/10/18 09:45:00,-1.00,-1.00,0.0,0,0,0,0,0,0,0,0,0,0,0,0
533967_00605_72276_1,92.9,1,2022/10/18 10:00:00,-1.00,-1.00,0.0,0,0,0,0,0,0,0,0,0,0,0,0
533967_00605_72276_1,92.9,1,2022/10/18 10:15:00,-1.00,-1.00,0.0,0,0,0,0,0,0,0,0,0,0,0,0
533967_00605_72276_1,92.9,1,2022/10/18 10:30:00,-1.00,-1.00,0.0,0,0,0,0,0,0,0,0,0,0,0,0
533967_00605_72276_1,92.9,1,2022/10/18 10:45:00,-1.00,-1.00,0.0,0,0,0,0,0,0,0,0,0,0,0,0
533967_00605_72276_1,92.9,1,2022/10/18 11:00:00,-1.00,-1.00,0.0,0,0,0,0,0,0,0,0,0,0,0,0
533967_00605_72276_1,92.9,1,2022/10/18 11:15:00,-1.00,-1.00,0.0,0,0,0,0,0,0,0,0,0,0,0,0
533967_00605_72276_1,92.9,1,2022/10/18 11:30:00,-1.00,-1.00,0.0,0,0,0,0,0,0,0,0,0,0,0,0
533967_00605_72276_1,92.9,1,2022/10/18 11:45:00,-1.00,-1.00,0.0,0,0,0,0,0,0,0,0,0,0,0,0
533967_00605_72276_1,92.9,1,2022/10/18 12:00:00,-1.00,-1.00,0.0,0,0,0,0,0,0,0,0,0,0,0,0
533967_00605_72276_1,92.9,1,2022/10/18 12:15:00,-1.00,-1.00,0.0,0,0,0,0,0,0,0,0,0,0,0,0
533967_00605_72276_1,92.9,1,2022/10/18 12:30:00,-1.00,-1.00,0.0,0,0,0,0,0,0,0,0,0,0,0,0
533967_00605_72276_1,92.9,1,2022/10/18 12:45:00,-1.00,-1.00,0.0,0,0,0,0,0,0,0,0,0,0,0,0
533967_00605_72276_1,92.9,1,2022/10/18 13:00:00,-1.00,-1.00,0.0,0,0,0,0,0,0,0,0,0,0,0,0
533967_00605_72276_1,92.9,1,2022/10/18 13:15:00,-1.00,-1.00,0.0,0,0,0,0,0,0,0,0,0,0,0,0
533967_00605_72276_1,92.9,1,2022/10/18 13:30:00,-1.00,-1.00,0.0,0,0,0,0,0,0,0,0,0,0,0,0
533967_00605_72276_1,92.9,1,2022/10/18 13:45:00,-1.00,-1.00,0.0,0,0,0,0,0,0,0,0,0,0,0,0
533967_00605_72276_1,92.9,1,2022/10/18 14:00:00,-1.00,-1.00,0.0,0,0,0,0,0,0,0,0,0,0,0,0
533967_00605_72276_1,92.9,1,2022/10/18 14:15:00,-1.00,-1.00,0.0,0,0,0,0,0,0,0,0,0,0,0,0
533967_00605_72276_1,92.9,1,2022/10/18 14:30:00,-1.00,-1.00,0.0,0,0,0,0,0,0,0,0,0,0,0,0
533967_00605_72276_1,92.9,1,2022/10/18 14:45:00,-1.00,-1.00,0.0,0,0,0,0,0,0,0,0,0,0,0,0
533967_00605_72276_1,92.9,1,2022/10/18 15:00:00,-1.00,-1.00,0.0,0,0,0,0,0,0,0,0,0,0,0,0
533967_00605_72276_1,92.9,1,2022/10/18 15:15:00,-1.00,-1.00,0.0,0,0,0,0,0,0,0,0,0,0,0,0
533967_00605_72276_1,92.9,1,2022/10/18 15:30:00,-1.00,-1.00,0.0,0,0,0,0,0,0,0,0,0,0,0,0
533967_00605_72276_1,92.9,1,2022/10/18 15:45:00,-1.00,-1.00,0.0,0,0,0,0,0,0,0,0,0,0,0,0
533967_00605_72276_1,92.9,1,2022/10/18 16:00:00,-1.00,-1.00,0.0,0,0,0,0,0,0,0,0,0,0,0,0
533967_00605_72276_1,92.9,1,2022/10/18 16:15:00,-1.00,-1.00,0.0,0,0,0,0,0,0,0,0,0,0,0,0
533967_00605_72276_1,92.9,1,2022/10/18 16:30:00,-1.00,-1.00,0.0,0,0,0,0,0,0,0,0,0,0,0,0
533967_00605_72276_1,92.9,1,2022/10/18 16:45:00,-1.00,-1.00,0.0,0,0,0,0,0,0,0,0,0,0,0,0
533967_00605_72276_1,92.9,1,2022/10/18 17:00:00,-1.00,-1.00,0.0,0,0,0,0,0,0,0,0,0,0,0,0
533967_00605_72276_1,92.9,1,2022/10/18 17:15:00,-1.00,-1.00,0.0,0,0,0,0,0,0,0,0,0,0,0,0
533967_00605_72276_1,92.9,1,2022/10/18 17:30:00,-1.00,-1.00,0.0,0,0,0,0,0,0,0,0,0,0,0,0
533967_00605_72276_1,92.9,1,2022/10/18 17:45:00,-1.00,-1.00,0.0,0,0,0,0,0,0,0,0,0,0,0,0
533967_00605_72276_1,92.9,1,2022/10/18 18:00:00,-1.00,-1.00,0.0,0,0,0,0,0,0,0,0,0,0,0,0
533967_00605_72276_1,92.9,1,2022/10/18 18:15:00,-1.00,-1.00,0.0,0,0,0,0,0,0,0,0,0,0,0,0
533967_00605_72276_1,92.9,1,2022/10/18 18:30:00,-1.00,-1.00,0.0,0,0,0,0,0,0,0,0,0,0,0,0
533967_00605_72276_1,92.9,1,2022/10/18 18:45:00,-1.00,-1.00,0.0,0,0,0,0,0,0,0,0,0,0,0,0
533967_00608_00609_0,62.4,1,2022/10/18 06:30:00,67.87,3.31,96.0,91,0,86,3,2,0,0,0,0,0,0,0
533967_00608_00609_0,62.4,1,2022/10/18 06:45:00,64.45,3.48,94.0,89,0,84,3,2,0,0,0,0,0,0,0
533967_00608_00609_0,62.4,1,2022/10/18 07:00:00,68.62,3.27,97.0,92,0,87,3,2,0,0,0,0,0,0,0
533967_00608_00609_0,62.4,1,2022/10/18 07:15:00,64.81,3.46,124.0,112,0,100,6,6,0,0,0,0,0,0,0
533967_00608_00609_0,62.4,1,2022/10/18 07:30:00,67.93,3.30,83.0,82,0,81,1,0,0,0,0,0,0,0,0
533967_00608_00609_0,62.4,1,2022/10/18 07:45:00,59.59,3.77,92.0,86,0,80,5,1,0,0,0,0,0,0,0
533967_00608_00609_0,62.4,1,2022/10/18 08:00:00,61.17,3.67,95.0,88,0,81,4,3,0,0,0,0,0,0,0
533967_00608_00609_0,62.4,1,2022/10/18 08:15:00,64.57,3.48,86.0,86,0,86,0,0,0,0,0,0,0,0,0
533967_00608_00609_0,62.4,1,2022/10/18 08:30:00,62.95,3.57,87.0,83,0,79,3,1,0,0,0,0,0,0,0
533967_00608_00609_0,62.4,1,2022/10/18 08:45:00,67.64,3.32,102.0,94,0,86,4,4,0,0,0,0,0,0,0
533967_00608_00609_0,62.4,1,2022/10/18 09:00:00,62.28,3.60,96.0,86,0,76,5,5,0,0,0,0,0,0,0
533967_00608_00609_0,62.4,1,2022/10/18 09:15:00,68.11,3.30,61.0,54,0,47,3,4,0,0,0,0,0,0,0
533967_00608_00609_0,62.4,1,2022/10/18 09:30:00,68.14,3.29,91.0,78,0,65,9,4,0,0,0,0,0,0,0
533967_00608_00609_0,62.4,1,2022/10/18 09:45:00,60.79,3.69,84.0,75,0,66,8,1,0,0,0,0,0,0,0
533967_00608_00609_0,62.4,1,2022/10/18 10:00:00,64.57,3.48,79.0,65,0,51,11,3,0,0,0,0,0,0,0
533967_00608_00609_0,62.4,1,2022/10/18 10:15:00,68.37,3.28,85.0,74,0,63,6,5,0,0,0,0,0,0,0
533967_00608_00609_0,62.4,1,2022/10/18 10:30:00,62.25,3.61,70.0,61,0,52,4,5,0,0,0,0,0,0,0
533967_00608_00609_0,62.4,1,2022/10/18 10:45:00,68.57,3.27,83.0,73,0,63,6,4,0,0,0,0,0,0,0
533967_00608_00609_0,62.4,1,2022/10/18 11:00:00,62.80,3.58,92.0,80,0,68,7,5,0,0,0,0,0,0,0
533967_00608_00609_0,62.4,1,2022/10/18 11:15:00,66.20,3.39,102.0,92,0,82,7,3,0,0,0,0,0,0,0
533967_00608_00609_0,62.4,1,2022/10/18 11:30:00,69.71,3.22,59.0,59,0,59,0,0,0,0,0,0,0,0,0
533967_00608_00609_0,62.4,1,2022/10/18 11:45:00,68.71,3.27,80.0,71,0,62,4,5,0,0,0,0,0,0,0
533967_00608_00609_0,62.4,1,2022/10/18 12:00:00,63.43,3.54,111.0,102,0,93,7,2,0,0,0,0,0,0,0
533967_00608_00609_0,62.4,1,2022/10/18 12:15:00,64.50,3.48,81.0,77,0,73,0,4,0,0,0,0,0,0,0
533967_00608_00609_0,62.4,1,2022/10/18 12:30:00,64.25,3.49,97.0,89,0,81,3,5,0,0,0,0,0,0,0
533967_00608_00609_0,62.4,1,2022/10/18 12:45:00,66.21,3.39,95.0,87,0,79,5,3,0,0,0,0,0,0,0
533967_00608_00609_0,62.4,1,2022/10/18 13:00:00,65.94,3.40,94.0,84,0,74,5,5,0,0,0,0,0,0,0
533967_00608_00609_0,62.4,1,2022/10/18 13:15:00,61.38,3.66,91.0,76,0,61,9,6,0,0,0,0,0,0,0
533967_00608_00609_0,62.4,1,2022/10/18 13:30:00,66.74,3.36,72.0,66,0,60,3,3,0,0,0,0,0,0,0
533967_00608_00609_0,62.4,1,2022/10/18 13:45:00,68.98,3.25,57.0,55,0,53,1,1,0,0,0,0,0,0,0
533967_00608_00609_0,62.4,1,2022/10/18 14:00:00,65.93,3.41,82.0,74,0,66,6,2,0,0,0,0,0,0,0
533967_00608_00609_0,62.4,1,2022/10/18 14:15:00,73.50,3.05,56.0,55,0,54,1,0,0,0,0,0,0,0,0
533967_00608_00609_0,62.4,1,2022/10/18 14:30:00,68.45,3.28,52.0,50,0,48,2,0,0,0,0,0,0,0,0
533967_00608_00609_0,62.4,1,2022/10/18 14:45:00,70.56,3.18,62.0,55,0,48,2,5,0,0,0,0,0,0,0
533967_00608_00609_0,62.4,1,2022/10/18 15:00:00,62.45,3.59,92.0,79,0,66,7,6,0,0,0,0,0,0,0
533967_00608_00609_0,62.4,1,2022/10/18 15:15:00,67.11,3.35,87.0,84,0,81,2,1,0,0,0,0,0,0,0
533967_00608_00609_0,62.4,1,2022/10/18 15:30:00,69.71,3.22,84.0,77,0,70,2,5,0,0,0,0,0,0,0
533967_00608_00609_0,62.4,1,2022/10/18 15:45:00,65.01,3.45,85.0,75,0,65,7,3,0,0,0,0,0,0,0
533967_00608_00609_0,62.4,1,2022/10/18 16:00:00,66.79,3.36,91.0,83,0,75,6,2,0,0,0,0,0,0,0
533967_00608_00609_0,62.4,1,2022/10/18 16:15:00,64.14,3.50,99.0,94,0,89,0,5,0,0,0,0,0,0,0
533967_00608_00609_0,62.4,1,2022/10/18 16:30:00,71.63,3.13,72.0,67,0,62,4,1,0,0,0,0,0,0,0
533967_00608_00609_0,62.4,1,2022/10/18 16:45:00,62.28,3.60,93.0,86,0,79,3,4,0,0,0,0,0,0,0
533967_00608_00609_0,62.4,1,2022/10/18 17:00:00,62.16,3.61,108.0,103,0,98,0,5,0,0,0,0,0,0,0
533967_00608_00609_0,62.4,1,2022/10/18 17:15:00,65.73,3.42,91.0,89,0,87,0,2,0,0,0,0,0,0,0
533967_00608_00609_0,62.4,1,2022/10/18 17:30:00,68.64,3.27,99.0,96,0,93,1,2,0,0,0,0,0,0,0
533967_00608_00609_0,62.4,1,2022/10/18 17:45:00,62.18,3.61,98.0,95,0,92,0,3,0,0,0,0,0,0,0
533967_00608_00609_0,62.4,1,2022/10/18 18:00:00,66.83,3.36,94.0,89,0,84,1,4,0,0,0,0,0,0,0
533967_00608_00609_0,62.4,1,2022/10/18 18:15:00,66.12,3.40,97.0,91,0,85,3,3,0,0,0,0,0,0,0
533967_00608_00609_0,62.4,1,2022/10/18 18:30:00,66.03,3.40,92.0,90,0,88,2,0,0,0,0,0,0,0,0
533967_00608_00609_0,62.4,1,2022/10/18 18:45:00,60.59,3.71,84.0,78,0,72,2,4,0,0,0,0,0,0,0
533967_00608_00609_1,41.7,1,2022/10/18 06:30:00,30.00,5.00,76.0,71,0,66,5,0,0,0,0,0,0,0,0
533967_00608_00609_1,41.7,1,2022/10/18 06:45:00,30.00,5.00,74.0,71,0,68,3,0,0,0,0,0,0,0,0
533967_00608_00609_1,41.7,1,2022/10/18 07:00:00,30.00,5.00,66.0,61,0,56,5,0,0,0,0,0,0,0,0
533967_00608_00609_1,41.7,1,2022/10/18 07:15:00,30.00,5.00,90.0,82,0,74,3,5,0,0,0,0,0,0,0
533967_00608_00609_1,41.7,1,2022/10/18 07:30:00,30.00,5.00,139.0,136,0,133,3,0,0,0,0,0,0,0,0
533967_00608_00609_1,41.7,1,2022/10/18 07:45:00,30.00,5.00,112.0,109,0,106,3,0,0,0,0,0,0,0,0
533967_00608_00609_1,41.7,1,2022/10/18 08:00:00,30.00,5.00,145.0,139,0,133,6,0,0,0,0,0,0,0,0
533967_00608_00609_1,41.7,1,2022/10/18 08:15:00,30.00,5.00,135.0,130,0,125,5,0,0,0,0,0,0,0,0
533967_00608_00609_1,41.7,1,2022/10/18 08:30:00,29.85,5.02,170.0,161,0,152,7,2,0,0,0,0,0,0,0
533967_00608_00609_1,41.7,1,2022/10/18 08:45:00,30.00,5.00,151.0,143,0,135,3,5,0,0,0,0,0,0,0
533967_00608_00609_1,41.7,1,2022/10/18 09:00:00,30.00,5.00,110.0,102,0,94,3,5,0,0,0,0,0,0,0
533967_00608_00609_1,41.7,1,2022/10/18 09:15:00,29.75,5.04,105.0,95,0,85,6,4,0,0,0,0,0,0,0
533967_00608_00609_1,41.7,1,2022/10/18 09:30:00,30.00,5.00,149.0,129,0,109,12,8,0,0,0,0,0,0,0
533967_00608_00609_1,41.7,1,2022/10/18 09:45:00,30.00,5.00,110.0,99,0,88,4,7,0,0,0,0,0,0,0
533967_00608_00609_1,41.7,1,2022/10/18 10:00:00,30.00,5.00,109.0,98,0,87,7,4,0,0,0,0,0,0,0
533967_00608_00609_1,41.7,1,2022/10/18 10:15:00,30.00,5.00,96.0,92,0,88,3,1,0,0,0,0,0,0,0
533967_00608_00609_1,41.7,1,2022/10/18 10:30:00,29.85,5.02,94.0,82,0,70,9,3,0,0,0,0,0,0,0
533967_00608_00609_1,41.7,1,2022/10/18 10:45:00,29.57,5.07,107.0,97,0,87,6,4,0,0,0,0,0,0,0
533967_00608_00609_1,41.7,1,2022/10/18 11:00:00,29.93,5.01,91.0,81,0,71,9,1,0,0,0,0,0,0,0
533967_00608_00609_1,41.7,1,2022/10/18 11:15:00,30.00,5.00,130.0,118,0,106,11,1,0,0,0,0,0,0,0
533967_00608_00609_1,41.7,1,2022/10/18 11:30:00,30.00,5.00,65.0,56,0,47,4,5,0,0,0,0,0,0,0
533967_00608_00609_1,41.7,1,2022/10/18 11:45:00,29.86,5.02,92.0,83,0,74,9,0,0,0,0,0,0,0,0
533967_00608_00609_1,41.7,1,2022/10/18 12:00:00,30.00,5.00,96.0,88,0,80,0,8,0,0,0,0,0,0,0
533967_00608_00609_1,41.7,1,2022/10/18 12:15:00,30.00,5.00,127.0,118,0,109,8,1,0,0,0,0,0,0,0
533967_00608_00609_1,41.7,1,2022/10/18 12:30:00,30.00,5.00,83.0,72,0,61,8,3,0,0,0,0,0,0,0
533967_00608_00609_1,41.7,1,2022/10/18 12:45:00,30.00,5.00,65.0,65,0,65,0,0,0,0,0,0,0,0,0
533967_00608_00609_1,41.7,1,2022/10/18 13:00:00,30.00,5.00,93.0,86,0,79,7,0,0,0,0,0,0,0,0
533967_00608_00609_1,41.7,1,2022/10/18 13:15:00,29.73,5.04,74.0,67,0,60,7,0,0,0,0,0,0,0,0
533967_00608_00609_1,41.7,1,2022/10/18 13:30:00,30.00,5.00,87.0,77,0,67,6,4,0,0,0,0,0,0,0
533967_00608_00609_1,41.7,1,2022/10/18 13:45:00,30.00,5.00,81.0,68,0,55,10,3,0,0,0,0,0,0,0
533967_00608_00609_1,41.7,1,2022/10/18 14:00:00,29.92,5.01,88.0,79,0,70,3,6,0,0,0,0,0,0,0
533967_00608_00609_1,41.7,1,2022/10/18 14:15:00,30.00,5.00,72.0,66,0,60,2,4,0,0,0,0,0,0,0
533967_00608_00609_1,41.7,1,2022/10/18 14:30:00,29.94,5.01,104.0,94,0,84,4,6,0,0,0,0,0,0,0
533967_00608_00609_1,41.7,1,2022/10/18 14:45:00,30.00,5.00,75.0,68,0,61,2,5,0,0,0,0,0,0,0
533967_00608_00609_1,41.7,1,2022/10/18 15:00:00,30.00,5.00,71.0,63,0,55,8,0,0,0,0,0,0,0,0
533967_00608_00609_1,41.7,1,2022/10/18 15:15:00,30.00,5.00,71.0,67,0,63,3,1,0,0,0,0,0,0,0
533967_00608_00609_1,41.7,1,2022/10/18 15:30:00,30.00,5.00,85.0,81,0,77,3,1,0,0,0,0,0,0,0
533967_00608_00609_1,41.7,1,2022/10/18 15:45:00,30.00,5.00,87.0,81,0,75,1,5,0,0,0,0,0,0,0
533967_00608_00609_1,41.7,1,2022/10/18 16:00:00,29.71,5.05,137.0,122,0,107,10,5,0,0,0,0,0,0,0
533967_00608_00609_1,41.7,1,2022/10/18 16:15:00,29.50,5.09,124.0,117,0,110,6,1,0,0,0,0,0,0,0
533967_00608_00609_1,41.7,1,2022/10/18 16:30:00,29.91,5.02,139.0,130,0,121,6,3,0,0,0,0,0,0,0
533967_00608_00609_1,41.7,1,2022/10/18 16:45:00,29.55,5.08,111.0,105,0,99,6,0,0,0,0,0,0,0,0
533967_00608_00609_1,41.7,1,2022/10/18 17:00:00,29.76,5.04,84.0,74,0,64,5,5,0,0,0,0,0,0,0
533967_00608_00609_1,41.7,1,2022/10/18 17:15:00,30.00,5.00,117.0,106,0,95,8,3,0,0,0,0,0,0,0
533967_00608_00609_1,41.7,1,2022/10/18 17:30:00,30.00,5.00,120.0,116,0,112,0,4,0,0,0,0,0,0,0
533967_00608_00609_1,41.7,1,2022/10/18 17:45:00,30.00,5.00,88.0,83,0,78,2,3,0,0,0,0,0,0,0
533967_00608_00609_1,41.7,1,2022/10/18 18:00:00,29.71,5.05,131.0,124,0,117,0,7,0,0,0,0,0,0,0
533967_00608_00609_1,41.7,1,2022/10/18 18:15:00,30.00,5.00,99.0,99,0,99,0,0,0,0,0,0,0,0,0
533967_00608_00609_1,41.7,1,2022/10/18 18:30:00,29.76,5.04,101.0,100,0,99,0,1,0,0,0,0,0,0,0
533967_00608_00609_1,41.7,1,2022/10/18 18:45:00,29.85,5.02,89.0,82,0,75,4,3,0,0,0,0,0,0,0
533967_00609_11505_0,262.2,1,2022/10/18 06:30:00,29.50,32.00,1.0,1,0,1,0,0,0,0,0,0,0,0,0
533967_00609_11505_0,262.2,1,2022/10/18 06:45:00,-1.00,-1.00,0.0,0,0,0,0,0,0,0,0,0,0,0,0
533967_00609_11505_0,262.2,1,2022/10/18 07:00:00,-1.00,-1.00,0.0,0,0,0,0,0,0,0,0,0,0,0,0
533967_00609_11505_0,262.2,1,2022/10/18 07:15:00,29.94,31.53,17.0,17,0,17,0,0,0,0,0,0,0,0,0
533967_00609_11505_0,262.2,1,2022/10/18 07:30:00,29.73,31.75,4.0,4,0,4,0,0,0,0,0,0,0,0,0
533967_00609_11505_0,262.2,1,2022/10/18 07:45:00,29.55,31.95,37.0,37,0,37,0,0,0,0,0,0,0,0,0
533967_00609_11505_0,262.2,1,2022/10/18 08:00:00,29.76,31.71,38.0,35,0,32,0,3,0,0,0,0,0,0,0
533967_00609_11505_0,262.2,1,2022/10/18 08:15:00,30.09,31.38,8.0,8,0,8,0,0,0,0,0,0,0,0,0
533967_00609_11505_0,262.2,1,2022/10/18 08:30:00,29.62,31.87,23.0,23,0,23,0,0,0,0,0,0,0,0,0
533967_00609_11505_0,262.2,1,2022/10/18 08:45:00,29.73,31.75,16.0,16,0,16,0,0,0,0,0,0,0,0,0
533967_00609_11505_0,262.2,1,2022/10/18 09:00:00,29.57,31.92,15.0,13,0,11,0,2,0,0,0,0,0,0,0
533967_00609_11505_0,262.2,1,2022/10/18 09:15:00,-1.00,-1.00,0.0,0,0,0,0,0,0,0,0,0,0,0,0
533967_00609_11505_0,262.2,1,2022/10/18 09:30:00,-1.00,-1.00,0.0,0,0,0,0,0,0,0,0,0,0,0,0
533967_00609_11505_0,262.2,1,2022/10/18 09:45:00,29.66,31.83,29.0,29,0,29,0,0,0,0,0,0,0,0,0
533967_00609_11505_0,262.2,1,2022/10/18 10:00:00,29.87,31.60,10.0,5,0,0,2,3,0,0,0,0,0,0,0
533967_00609_11505_0,262.2,1,2022/10/18 10:15:00,29.50,32.00,2.0,1,0,0,1,0,0,0,0,0,0,0,0
533967_00609_11505_0,262.2,1,2022/10/18 10:30:00,29.50,32.00,8.0,4,0,0,0,4,0,0,0,0,0,0,0
533967_00609_11505_0,262.2,1,2022/10/18 10:45:00,-1.00,-1.00,0.0,0,0,0,0,0,0,0,0,0,0,0,0
533967_00609_11505_0,262.2,1,2022/10/18 11:00:00,30.45,31.00,3.0,3,0,3,0,0,0,0,0,0,0,0,0
533967_00609_11505_0,262.2,1,2022/10/18 11:15:00,-1.00,-1.00,0.0,0,0,0,0,0,0,0,0,0,0,0,0
533967_00609_11505_0,262.2,1,2022/10/18 11:30:00,-1.00,-1.00,0.0,0,0,0,0,0,0,0,0,0,0,0,0
533967_00609_11505_0,262.2,1,2022/10/18 11:45:00,29.50,32.00,5.0,4,0,3,0,1,0,0,0,0,0,0,0
533967_00609_11505_0,262.2,1,2022/10/18 12:00:00,30.21,31.25,8.0,4,0,0,4,0,0,0,0,0,0,0,0
533967_00609_11505_0,262.2,1,2022/10/18 12:15:00,29.68,31.80,10.0,5,0,0,1,4,0,0,0,0,0,0,0
533967_00609_11505_0,262.2,1,2022/10/18 12:30:00,-1.00,-1.00,0.0,0,0,0,0,0,0,0,0,0,0,0,0
533967_00609_11505_0,262.2,1,2022/10/18 12:45:00,29.50,32.00,3.0,3,0,3,0,0,0,0,0,0,0,0,0
533967_00609_11505_0,262.2,1,2022/10/18 13:00:00,29.50,32.00,2.0,1,0,0,0,1,0,0,0,0,0,0,0
533967_00609_11505_0,262.2,1,2022/10/18 13:15:00,29.50,32.00,2.0,1,0,0,1,0,0,0,0,0,0,0,0
533967_00609_11505_0,262.2,1,2022/10/18 13:30:00,-1.00,-1.00,0.0,0,0,0,0,0,0,0,0,0,0,0,0
533967_00609_11505_0,262.2,1,2022/10/18 13:45:00,29.81,31.67,12.0,6,0,0,6,0,0,0,0,0,0,0,0
533967_00609_11505_0,262.2,1,2022/10/18 14:00:00,29.81,31.67,5.0,3,0,1,0,2,0,0,0,0,0,0,0
533967_00609_11505_0,262.2,1,2022/10/18 14:15:00,-1.00,-1.00,0.0,0,0,0,0,0,0,0,0,0,0,0,0
533967_00609_11505_0,262.2,1,2022/10/18 14:30:00,29.50,32.00,9.0,7,0,5,2,0,0,0,0,0,0,0,0
533967_00609_11505_0,262.2,1,2022/10/18 14:45:00,29.81,31.67,5.0,3,0,1,2,0,0,0,0,0,0,0,0
533967_00609_11505_0,262.2,1,2022/10/18 15:00:00,30.45,31.00,3.0,3,0,3,0,0,0,0,0,0,0,0,0
533967_00609_11505_0,262.2,1,2022/10/18 15:15:00,30.45,31.00,1.0,1,0,1,0,0,0,0,0,0,0,0,0
533967_00609_11505_0,262.2,1,2022/10/18 15:30:00,-1.00,-1.00,0.0,0,0,0,0,0,0,0,0,0,0,0,0
533967_00609_11505_0,262.2,1,2022/10/18 15:45:00,-1.00,-1.00,0.0,0,0,0,0,0,0,0,0,0,0,0,0
533967_00609_11505_0,262.2,1,2022/10/18 16:00:00,29.50,32.00,4.0,2,0,0,0,2,0,0,0,0,0,0,0
533967_00609_11505_0,262.2,1,2022/10/18 16:15:00,-1.00,-1.00,0.0,0,0,0,0,0,0,0,0,0,0,0,0
533967_00609_11505_0,262.2,1,2022/10/18 16:30:00,-1.00,-1.00,0.0,0,0,0,0,0,0,0,0,0,0,0,0
533967_00609_11505_0,262.2,1,2022/10/18 16:45:00,29.50,32.00,3.0,2,0,1,0,1,0,0,0,0,0,0,0
533967_00609_11505_0,262.2,1,2022/10/18 17:00:00,29.50,32.00,13.0,12,0,11,0,1,0,0,0,0,0,0,0
533967_00609_11505_0,262.2,1,2022/10/18 17:15:00,-1.00,-1.00,0.0,0,0,0,0,0,0,0,0,0,0,0,0
533967_00609_11505_0,262.2,1,2022/10/18 17:30:00,29.50,32.00,4.0,2,0,0,0,2,0,0,0,0,0,0,0
533967_00609_11505_0,262.2,1,2022/10/18 17:45:00,30.45,31.00,1.0,1,0,1,0,0,0,0,0,0,0,0,0
533967_00609_11505_0,262.2,1,2022/10/18 18:00:00,29.50,32.00,10.0,6,0,2,0,4,0,0,0,0,0,0,0
533967_00609_11505_0,262.2,1,2022/10/18 18:15:00,-1.00,-1.00,0.0,0,0,0,0,0,0,0,0,0,0,0,0
533967_00609_11505_0,262.2,1,2022/10/18 18:30:00,29.81,31.67,6.0,3,0,0,3,0,0,0,0,0,0,0,0
533967_00609_11505_0,262.2,1,2022/10/18 18:45:00,29.59,31.90,14.0,10,0,6,0,4,0,0,0,0,0,0,0
533967_00609_11505_1,261.8,1,2022/10/18 06:30:00,29.45,32.00,5.0,5,0,5,0,0,0,0,0,0,0,0,0
533967_00609_11505_1,261.8,1,2022/10/18 06:45:00,29.91,31.50,2.0,2,0,2,0,0,0,0,0,0,0,0,0
533967_00609_11505_1,261.8,1,2022/10/18 07:00:00,-1.00,-1.00,0.0,0,0,0,0,0,0,0,0,0,0,0,0
533967_00609_11505_1,261.8,1,2022/10/18 07:15:00,-1.00,-1.00,0.0,0,0,0,0,0,0,0,0,0,0,0,0
533967_00609_11505_1,261.8,1,2022/10/18 07:30:00,-1.00,-1.00,0.0,0,0,0,0,0,0,0,0,0,0,0,0
533967_00609_11505_1,261.8,1,2022/10/18 07:45:00,30.01,31.40,5.0,5,0,5,0,0,0,0,0,0,0,0,0
533967_00609_11505_1,261.8,1,2022/10/18 08:00:00,29.86,31.56,9.0,9,0,9,0,0,0,0,0,0,0,0,0
533967_00609_11505_1,261.8,1,2022/10/18 08:15:00,29.22,32.25,8.0,8,0,8,0,0,0,0,0,0,0,0,0
533967_00609_11505_1,261.8,1,2022/10/18 08:30:00,30.18,31.22,22.0,18,0,14,4,0,0,0,0,0,0,0,0
533967_00609_11505_1,261.8,1,2022/10/18 08:45:00,30.20,31.20,5.0,5,0,5,0,0,0,0,0,0,0,0,0
533967_00609_11505_1,261.8,1,2022/10/18 09:00:00,-1.00,-1.00,0.0,0,0,0,0,0,0,0,0,0,0,0,0
533967_00609_11505_1,261.8,1,2022/10/18 09:15:00,30.13,31.28,18.0,18,0,18,0,0,0,0,0,0,0,0,0
533967_00609_11505_1,261.8,1,2022/10/18 09:30:00,30.40,31.00,2.0,2,0,2,0,0,0,0,0,0,0,0,0
533967_00609_11505_1,261.8,1,2022/10/18 09:45:00,-1.00,-1.00,0.0,0,0,0,0,0,0,0,0,0,0,0,0
533967_00609_11505_1,261.8,1,2022/10/18 10:00:00,29.86,31.56,18.0,18,0,18,0,0,0,0,0,0,0,0,0
533967_00609_11505_1,261.8,1,2022/10/18 10:15:00,30.40,31.00,2.0,2,0,2,0,0,0,0,0,0,0,0,0
533967_00609_11505_1,261.8,1,2022/10/18 10:30:00,29.78,31.65,34.0,34,0,34,0,0,0,0,0,0,0,0,0
533967_00609_11505_1,261.8,1,2022/10/18 10:45:00,29.97,31.44,25.0,25,0,25,0,0,0,0,0,0,0,0,0
533967_00609_11505_1,261.8,1,2022/10/18 11:00:00,29.85,31.57,23.0,23,0,23,0,0,0,0,0,0,0,0,0
533967_00609_11505_1,261.8,1,2022/10/18 11:15:00,-1.00,-1.00,0.0,0,0,0,0,0,0,0,0,0,0,0,0
533967_00609_11505_1,261.8,1,2022/10/18 11:30:00,29.60,31.83,24.0,24,0,24,0,0,0,0,0,0,0,0,0
533967_00609_11505_1,261.8,1,2022/10/18 11:45:00,30.73,30.67,22.0,21,0,20,1,0,0,0,0,0,0,0,0
533967_00609_11505_1,261.8,1,2022/10/18 12:00:00,29.96,31.45,31.0,31,0,31,0,0,0,0,0,0,0,0,0
533967_00609_11505_1,261.8,1,2022/10/18 12:15:00,29.71,31.71,7.0,7,0,7,0,0,0,0,0,0,0,0,0
533967_00609_11505_1,261.8,1,2022/10/18 12:30:00,29.73,31.70,10.0,10,0,10,0,0,0,0,0,0,0,0,0
533967_00609_11505_1,261.8,1,2022/10/18 12:45:00,29.91,31.50,6.0,6,0,6,0,0,0,0,0,0,0,0,0
533967_00609_11505_1,261.8,1,2022/10/18 13:00:00,30.33,31.07,15.0,15,0,15,0,0,0,0,0,0,0,0,0
533967_00609_11505_1,261.8,1,2022/10/18 13:15:00,29.84,31.58,19.0,19,0,19,0,0,0,0,0,0,0,0,0
533967_00609_11505_1,261.8,1,2022/10/18 13:30:00,29.97,31.44,9.0,9,0,9,0,0,0,0,0,0,0,0,0
533967_00609_11505_1,261.8,1,2022/10/18 13:45:00,30.28,31.13,24.0,24,0,24,0,0,0,0,0,0,0,0,0
533967_00609_11505_1,261.8,1,2022/10/18 14:00:00,30.40,31.00,6.0,6,0,6,0,0,0,0,0,0,0,0,0
533967_00609_11505_1,261.8,1,2022/10/18 14:15:00,30.40,31.00,1.0,1,0,1,0,0,0,0,0,0,0,0,0
533967_00609_11505_1,261.8,1,2022/10/18 14:30:00,31.10,30.30,10.0,10,0,10,0,0,0,0,0,0,0,0,0
533967_00609_11505_1,261.8,1,2022/10/18 14:45:00,30.01,31.40,5.0,5,0,5,0,0,0,0,0,0,0,0,0
533967_00609_11505_1,261.8,1,2022/10/18 15:00:00,29.45,32.00,12.0,12,0,12,0,0,0,0,0,0,0,0,0
533967_00609_11505_1,261.8,1,2022/10/18 15:15:00,29.91,31.50,2.0,2,0,2,0,0,0,0,0,0,0,0,0
533967_00609_11505_1,261.8,1,2022/10/18 15:30:00,29.45,32.00,1.0,1,0,1,0,0,0,0,0,0,0,0,0
533967_00609_11505_1,261.8,1,2022/10/18 15:45:00,29.91,31.50,2.0,2,0,2,0,0,0,0,0,0,0,0,0
533967_00609_11505_1,261.8,1,2022/10/18 16:00:00,30.82,30.57,21.0,21,0,21,0,0,0,0,0,0,0,0,0
533967_00609_11505_1,261.8,1,2022/10/18 16:15:00,30.05,31.35,34.0,34,0,34,0,0,0,0,0,0,0,0,0
533967_00609_11505_1,261.8,1,2022/10/18 16:30:00,31.10,30.30,37.0,37,0,37,0,0,0,0,0,0,0,0,0
533967_00609_11505_1,261.8,1,2022/10/18 16:45:00,28.29,33.31,39.0,39,0,39,0,0,0,0,0,0,0,0,0
533967_00609_11505_1,261.8,1,2022/10/18 17:00:00,30.31,31.09,35.0,35,0,35,0,0,0,0,0,0,0,0,0
533967_00609_11505_1,261.8,1,2022/10/18 17:15:00,30.18,31.22,9.0,9,0,9,0,0,0,0,0,0,0,0,0
533967_00609_11505_1,261.8,1,2022/10/18 17:30:00,29.45,32.00,11.0,11,0,11,0,0,0,0,0,0,0,0,0
533967_00609_11505_1,261.8,1,2022/10/18 17:45:00,29.45,32.00,18.0,18,0,18,0,0,0,0,0,0,0,0,0
533967_00609_11505_1,261.8,1,2022/10/18 18:00:00,31.20,30.20,10.0,10,0,10,0,0,0,0,0,0,0,0,0
533967_00609_11505_1,261.8,1,2022/10/18 18:15:00,30.00,31.41,17.0,17,0,17,0,0,0,0,0,0,0,0,0
533967_00609_11505_1,261.8,1,2022/10/18 18:30:00,30.11,31.29,24.0,24,0,24,0,0,0,0,0,0,0,0,0
533967_00609_11505_1,261.8,1,2022/10/18 18:45:00,30.27,31.13,38.0,38,0,38,0,0,0,0,0,0,0,0,0
533967_00693_01661_0,200.4,2,2022/10/18 06:30:00,26.41,27.31,93.0,89,0,85,3,1,0,0,0,0,0,0,0
533967_00693_01661_0,200.4,2,2022/10/18 06:45:00,26.12,27.62,98.0,97,0,96,0,1,0,0,0,0,0,0,0
533967_00693_01661_0,200.4,2,2022/10/18 07:00:00,27.91,25.84,93.0,90,0,87,2,1,0,0,0,0,0,0,0
533967_00693_01661_0,200.4,2,2022/10/18 07:15:00,28.32,25.47,113.0,105,0,97,8,0,0,0,0,0,0,0,0
533967_00693_01661_0,200.4,2,2022/10/18 07:30:00,26.55,27.17,111.0,106,0,101,5,0,0,0,0,0,0,0,0
533967_00693_01661_0,200.4,2,2022/10/18 07:45:00,23.72,30.40,133.0,126,0,119,7,0,0,0,0,0,0,0,0
533967_00693_01661_0,200.4,2,2022/10/18 08:00:00,23.34,30.90,131.0,120,0,109,11,0,0,0,0,0,0,0,0
533967_00693_01661_0,200.4,2,2022/10/18 08:15:00,27.31,26.41,116.0,112,0,108,4,0,0,0,0,0,0,0,0
533967_00693_01661_0,200.4,2,2022/10/18 08:30:00,24.77,29.11,124.0,122,0,120,2,0,0,0,0,0,0,0,0
533967_00693_01661_0,200.4,2,2022/10/18 08:45:00,27.05,26.66,142.0,131,0,120,10,1,0,0,0,0,0,0,0
533967_00693_01661_0,200.4,2,2022/10/18 09:00:00,27.42,26.30,89.0,79,0,69,10,0,0,0,0,0,0,0,0
533967_00693_01661_0,200.4,2,2022/10/18 09:15:00,26.93,26.78,96.0,88,0,80,8,0,0,0,0,0,0,0,0
533967_00693_01661_0,200.4,2,2022/10/18 09:30:00,29.33,24.59,86.0,76,0,66,10,0,0,0,0,0,0,0,0
533967_00693_01661_0,200.4,2,2022/10/18 09:45:00,25.32,28.48,110.0,97,0,84,13,0,0,0,0,0,0,0,0
533967_00693_01661_0,200.4,2,2022/10/18 10:00:00,23.47,30.73,99.0,88,0,77,11,0,0,0,0,0,0,0,0
533967_00693_01661_0,200.4,2,2022/10/18 10:15:00,24.81,29.07,113.0,102,0,91,11,0,0,0,0,0,0,0,0
533967_00693_01661_0,200.4,2,2022/10/18 10:30:00,28.67,25.15,93.0,84,0,75,9,0,0,0,0,0,0,0,0
533967_00693_01661_0,200.4,2,2022/10/18 10:45:00,25.10,28.74,59.0,54,0,49,5,0,0,0,0,0,0,0,0
533967_00693_01661_0,200.4,2,2022/10/18 11:00:00,27.19,26.53,94.0,80,0,66,14,0,0,0,0,0,0,0,0
533967_00693_01661_0,200.4,2,2022/10/18 11:15:00,25.86,27.90,86.0,78,0,70,8,0,0,0,0,0,0,0,0
533967_00693_01661_0,200.4,2,2022/10/18 11:30:00,25.39,28.41,130.0,113,0,96,17,0,0,0,0,0,0,0,0
533967_00693_01661_0,200.4,2,2022/10/18 11:45:00,26.57,27.15,88.0,81,0,74,7,0,0,0,0,0,0,0,0
533967_00693_01661_0,200.4,2,2022/10/18 12:00:00,27.39,26.34,99.0,89,0,79,10,0,0,0,0,0,0,0,0
533967_00693_01661_0,200.4,2,2022/10/18 12:15:00,26.97,26.75,70.0,67,0,64,3,0,0,0,0,0,0,0,0
533967_00693_01661_0,200.4,2,2022/10/18 12:30:00,26.09,27.64,89.0,84,0,79,5,0,0,0,0,0,0,0,0
533967_00693_01661_0,200.4,2,2022/10/18 12:45:00,26.99,26.72,105.0,93,0,81,12,0,0,0,0,0,0,0,0
533967_00693_01661_0,200.4,2,2022/10/18 13:00:00,29.52,24.44,94.0,85,0,76,8,1,0,0,0,0,0,0,0
533967_00693_01661_0,200.4,2,2022/10/18 13:15:00,26.40,27.32,70.0,65,0,60,5,0,0,0,0,0,0,0,0
533967_00693_01661_0,200.4,2,2022/10/18 13:30:00,27.10,26.62,66.0,60,0,54,4,2,0,0,0,0,0,0,0
533967_00693_01661_0,200.4,2,2022/10/18 13:45:00,28.70,25.13,75.0,70,0,65,5,0,0,0,0,0,0,0,0
533967_00693_01661_0,200.4,2,2022/10/18 14:00:00,30.71,23.49,79.0,70,0,61,9,0,0,0,0,0,0,0,0
533967_00693_01661_0,200.4,2,2022/10/18 14:15:00,31.69,22.76,83.0,76,0,69,6,1,0,0,0,0,0,0,0
533967_00693_01661_0,200.4,2,2022/10/18 14:30:00,21.57,33.44,102.0,94,0,86,6,2,0,0,0,0,0,0,0
533967_00693_01661_0,200.4,2,2022/10/18 14:45:00,30.97,23.29,100.0,99,0,98,1,0,0,0,0,0,0,0,0
533967_00693_01661_0,200.4,2,2022/10/18 15:00:00,29.46,24.48,67.0,60,0,53,7,0,0,0,0,0,0,0,0
533967_00693_01661_0,200.4,2,2022/10/18 15:15:00,30.31,23.79,115.0,112,0,109,1,2,0,0,0,0,0,0,0
533967_00693_01661_0,200.4,2,2022/10/18 15:30:00,23.11,31.21,74.0,66,0,58,4,4,0,0,0,0,0,0,0
533967_00693_01661_0,200.4,2,2022/10/18 15:45:00,23.90,30.18,108.0,105,0,102,3,0,0,0,0,0,0,0,0
533967_00693_01661_0,200.4,2,2022/10/18 16:00:00,29.72,24.27,95.0,89,0,83,6,0,0,0,0,0,0,0,0
533967_00693_01661_0,200.4,2,2022/10/18 16:15:00,22.43,32.16,88.0,86,0,84,2,0,0,0,0,0,0,0,0
533967_00693_01661_0,200.4,2,2022/10/18 16:30:00,28.56,25.25,77.0,75,0,73,2,0,0,0,0,0,0,0,0
533967_00693_01661_0,200.4,2,2022/10/18 16:45:00,23.36,30.88,107.0,99,0,91,8,0,0,0,0,0,0,0,0
533967_00693_01661_0,200.4,2,2022/10/18 17:00:00,26.05,27.69,119.0,113,0,107,6,0,0,0,0,0,0,0,0
533967_00693_01661_0,200.4,2,2022/10/18 17:15:00,24.48,29.46,109.0,104,0,99,5,0,0,0,0,0,0,0,0
533967_00693_01661_0,200.4,2,2022/10/18 17:30:00,25.45,28.34,85.0,82,0,79,3,0,0,0,0,0,0,0,0
533967_00693_01661_0,200.4,2,2022/10/18 17:45:00,23.67,30.48,90.0,88,0,86,2,0,0,0,0,0,0,0,0
533967_00693_01661_0,200.4,2,2022/10/18 18:00:00,25.36,28.44,90.0,90,0,90,0,0,0,0,0,0,0,0,0
533967_00693_01661_0,200.4,2,2022/10/18 18:15:00,27.07,26.65,93.0,93,0,93,0,0,0,0,0,0,0,0,0
533967_00693_01661_0,200.4,2,2022/10/18 18:30:00,26.79,26.92,98.0,93,0,88,3,2,0,0,0,0,0,0,0
533967_00693_01661_0,200.4,2,2022/10/18 18:45:00,23.92,30.16,95.0,94,0,93,0,1,0,0,0,0,0,0,0
533967_00695_11518_0,242.9,1,2022/10/18 06:30:00,50.99,17.15,75.0,66,0,57,9,0,0,0,0,0,0,0,0
533967_00695_11518_0,242.9,1,2022/10/18 06:45:00,50.82,17.21,81.0,77,0,73,4,0,0,0,0,0,0,0,0
533967_00695_11518_0,242.9,1,2022/10/18 07:00:00,51.12,17.11,64.0,55,0,46,9,0,0,0,0,0,0,0,0
533967_00695_11518_0,242.9,1,2022/10/18 07:15:00,50.89,17.19,101.0,91,0,81,10,0,0,0,0,0,0,0,0
533967_00695_11518_0,242.9,1,2022/10/18 07:30:00,50.75,17.23,97.0,86,0,75,8,3,0,0,0,0,0,0,0
533967_00695_11518_0,242.9,1,2022/10/18 07:45:00,50.08,17.46,119.0,110,0,101,9,0,0,0,0,0,0,0,0
533967_00695_11518_0,242.9,1,2022/10/18 08:00:00,12.52,69.83,121.0,121,0,121,0,0,0,0,0,0,0,0,0
533967_00695_11518_0,242.9,1,2022/10/18 08:15:00,50.55,17.30,115.0,100,0,85,15,0,0,0,0,0,0,0,0
533967_00695_11518_0,242.9,1,2022/10/18 08:30:00,24.13,36.25,127.0,106,0,85,21,0,0,0,0,0,0,0,0
533967_00695_11518_0,242.9,1,2022/10/18 08:45:00,50.61,17.28,148.0,135,0,122,13,0,0,0,0,0,0,0,0
533967_00695_11518_0,242.9,1,2022/10/18 09:00:00,50.69,17.25,102.0,87,0,72,15,0,0,0,0,0,0,0,0
533967_00695_11518_0,242.9,1,2022/10/18 09:15:00,50.33,17.38,126.0,111,0,96,15,0,0,0,0,0,0,0,0
533967_00695_11518_0,242.9,1,2022/10/18 09:30:00,26.33,33.22,145.0,119,0,93,26,0,0,0,0,0,0,0,0
533967_00695_11518_0,242.9,1,2022/10/18 09:45:00,50.53,17.31,108.0,97,0,86,11,0,0,0,0,0,0,0,0
533967_00695_11518_0,242.9,1,2022/10/18 10:00:00,50.52,17.31,127.0,106,0,85,21,0,0,0,0,0,0,0,0
533967_00695_11518_0,242.9,1,2022/10/18 10:15:00,50.92,17.18,107.0,85,0,63,22,0,0,0,0,0,0,0,0
533967_00695_11518_0,242.9,1,2022/10/18 10:30:00,50.64,17.27,113.0,89,0,65,24,0,0,0,0,0,0,0,0
533967_00695_11518_0,242.9,1,2022/10/18 10:45:00,50.57,17.29,119.0,102,0,85,17,0,0,0,0,0,0,0,0
533967_00695_11518_0,242.9,1,2022/10/18 11:00:00,50.95,17.17,98.0,84,0,70,14,0,0,0,0,0,0,0,0
533967_00695_11518_0,242.9,1,2022/10/18 11:15:00,50.49,17.32,90.0,68,0,46,22,0,0,0,0,0,0,0,0
533967_00695_11518_0,242.9,1,2022/10/18 11:30:00,50.74,17.24,104.0,84,0,64,20,0,0,0,0,0,0,0,0
533967_00695_11518_0,242.9,1,2022/10/18 11:45:00,50.94,17.17,121.0,107,0,93,13,1,0,0,0,0,0,0,0
533967_00695_11518_0,242.9,1,2022/10/18 12:00:00,50.82,17.21,76.0,67,0,58,9,0,0,0,0,0,0,0,0
533967_00695_11518_0,242.9,1,2022/10/18 12:15:00,51.01,17.14,90.0,76,0,62,12,2,0,0,0,0,0,0,0
533967_00695_11518_0,242.9,1,2022/10/18 12:30:00,50.91,17.18,92.0,84,0,76,8,0,0,0,0,0,0,0,0
533967_00695_11518_0,242.9,1,2022/10/18 12:45:00,50.96,17.16,92.0,80,0,68,12,0,0,0,0,0,0,0,0
533967_00695_11518_0,242.9,1,2022/10/18 13:00:00,50.81,17.21,130.0,112,0,94,18,0,0,0,0,0,0,0,0
533967_00695_11518_0,242.9,1,2022/10/18 13:15:00,51.24,17.07,83.0,72,0,61,11,0,0,0,0,0,0,0,0
533967_00695_11518_0,242.9,1,2022/10/18 13:30:00,50.31,17.38,86.0,73,0,60,13,0,0,0,0,0,0,0,0
533967_00695_11518_0,242.9,1,2022/10/18 13:45:00,50.68,17.26,93.0,82,0,71,8,3,0,0,0,0,0,0,0
533967_00695_11518_0,242.9,1,2022/10/18 14:00:00,50.93,17.17,93.0,76,0,59,17,0,0,0,0,0,0,0,0
533967_00695_11518_0,242.9,1,2022/10/18 14:15:00,50.74,17.24,102.0,89,0,76,13,0,0,0,0,0,0,0,0
533967_00695_11518_0,242.9,1,2022/10/18 14:30:00,50.78,17.22,108.0,90,0,72,18,0,0,0,0,0,0,0,0
533967_00695_11518_0,242.9,1,2022/10/18 14:45:00,50.79,17.22,101.0,86,0,71,15,0,0,0,0,0,0,0,0
533967_00695_11518_0,242.9,1,2022/10/18 15:00:00,50.93,17.17,95.0,81,0,67,14,0,0,0,0,0,0,0,0
533967_00695_11518_0,242.9,1,2022/10/18 15:15:00,50.59,17.29,141.0,128,0,115,12,1,0,0,0,0,0,0,0
533967_00695_11518_0,242.9,1,2022/10/18 15:30:00,50.59,17.29,102.0,83,0,64,18,1,0,0,0,0,0,0,0
533967_00695_11518_0,242.9,1,2022/10/18 15:45:00,50.40,17.35,95.0,82,0,69,12,1,0,0,0,0,0,0,0
533967_00695_11518_0,242.9,1,2022/10/18 16:00:00,50.63,17.27,89.0,66,0,43,23,0,0,0,0,0,0,0,0
533967_00695_11518_0,242.9,1,2022/10/18 16:15:00,50.69,17.25,118.0,107,0,96,11,0,0,0,0,0,0,0,0
533967_00695_11518_0,242.9,1,2022/10/18 16:30:00,51.07,17.12,58.0,56,0,54,1,1,0,0,0,0,0,0,0
533967_00695_11518_0,242.9,1,2022/10/18 16:45:00,50.73,17.24,112.0,100,0,88,12,0,0,0,0,0,0,0,0
533967_00695_11518_0,242.9,1,2022/10/18 17:00:00,50.94,17.17,95.0,83,0,71,12,0,0,0,0,0,0,0,0
533967_00695_11518_0,242.9,1,2022/10/18 17:15:00,50.78,17.22,114.0,107,0,100,6,1,0,0,0,0,0,0,0
533967_00695_11518_0,242.9,1,2022/10/18 17:30:00,50.99,17.15,100.0,92,0,84,8,0,0,0,0,0,0,0,0
533967_00695_11518_0,242.9,1,2022/10/18 17:45:00,50.70,17.25,119.0,112,0,105,6,1,0,0,0,0,0,0,0
533967_00695_11518_0,242.9,1,2022/10/18 18:00:00,50.72,17.24,97.0,94,0,91,3,0,0,0,0,0,0,0,0
533967_00695_11518_0,242.9,1,2022/10/18 18:15:00,50.89,17.18,125.0,119,0,113,6,0,0,0,0,0,0,0,0
533967_00695_11518_0,242.9,1,2022/10/18 18:30:00,50.67,17.26,114.0,107,0,100,7,0,0,0,0,0,0,0,0
533967_00695_11518_0,242.9,1,2022/10/18 18:45:00,50.88,17.19,97.0,90,0,83,4,3,0,0,0,0,0,0,0
533967_00695_11518_1,222.2,1,2022/10/18 06:30:00,28.82,27.76,94.0,87,0,80,7,0,0,0,0,0,0,0,0
533967_00695_11518_1,222.2,1,2022/10/18 06:45:00,28.86,27.72,145.0,138,0,131,7,0,0,0,0,0,0,0,0
533967_00695_11518_1,222.2,1,2022/10/18 07:00:00,28.82,27.76,145.0,136,0,127,9,0,0,0,0,0,0,0,0
533967_00695_11518_1,222.2,1,2022/10/18 07:15:00,28.74,27.84,130.0,116,0,102,14,0,0,0,0,0,0,0,0
533967_00695_11518_1,222.2,1,2022/10/18 07:30:00,28.83,27.75,113.0,99,0,85,14,0,0,0,0,0,0,0,0
533967_00695_11518_1,222.2,1,2022/10/18 07:45:00,28.77,27.81,36.0,31,0,26,5,0,0,0,0,0,0,0,0
533967_00695_11518_1,222.2,1,2022/10/18 08:00:00,28.84,27.74,93.0,80,0,67,13,0,0,0,0,0,0,0,0
533967_00695_11518_1,222.2,1,2022/10/18 08:15:00,28.89,27.69,108.0,95,0,82,9,4,0,0,0,0,0,0,0
533967_00695_11518_1,222.2,1,2022/10/18 08:30:00,28.83,27.75,82.0,79,0,76,2,1,0,0,0,0,0,0,0
533967_00695_11518_1,222.2,1,2022/10/18 08:45:00,28.73,27.85,74.0,65,0,56,9,0,0,0,0,0,0,0,0
533967_00695_11518_1,222.2,1,2022/10/18 09:00:00,28.94,27.65,105.0,82,0,59,23,0,0,0,0,0,0,0,0
533967_00695_11518_1,222.2,1,2022/10/18 09:15:00,28.96,27.62,58.0,40,0,22,18,0,0,0,0,0,0,0,0
533967_00695_11518_1,222.2,1,2022/10/18 09:30:00,28.98,27.61,99.0,74,0,49,25,0,0,0,0,0,0,0,0
533967_00695_11518_1,222.2,1,2022/10/18 09:45:00,28.91,27.67,98.0,76,0,54,22,0,0,0,0,0,0,0,0
533967_00695_11518_1,222.2,1,2022/10/18 10:00:00,28.73,27.85,90.0,65,0,40,25,0,0,0,0,0,0,0,0
533967_00695_11518_1,222.2,1,2022/10/18 10:15:00,28.92,27.66,73.0,56,0,39,17,0,0,0,0,0,0,0,0
533967_00695_11518_1,222.2,1,2022/10/18 10:30:00,28.86,27.72,103.0,83,0,63,20,0,0,0,0,0,0,0,0
533967_00695_11518_1,222.2,1,2022/10/18 10:45:00,28.86,27.72,109.0,94,0,79,15,0,0,0,0,0,0,0,0
533967_00695_11518_1,222.2,1,2022/10/18 11:00:00,28.88,27.70,94.0,83,0,72,11,0,0,0,0,0,0,0,0
533967_00695_11518_1,222.2,1,2022/10/18 11:15:00,28.87,27.71,100.0,82,0,64,18,0,0,0,0,0,0,0,0
533967_00695_11518_1,222.2,1,2022/10/18 11:30:00,28.91,27.67,99.0,85,0,71,14,0,0,0,0,0,0,0,0
533967_00695_11518_1,222.2,1,2022/10/18 11:45:00,28.85,27.73,110.0,95,0,80,15,0,0,0,0,0,0,0,0
533967_00695_11518_1,222.2,1,2022/10/18 12:00:00,28.92,27.66,85.0,79,0,73,6,0,0,0,0,0,0,0,0
533967_00695_11518_1,222.2,1,2022/10/18 12:15:00,28.94,27.64,65.0,61,0,57,4,0,0,0,0,0,0,0,0
533967_00695_11518_1,222.2,1,2022/10/18 12:30:00,28.90,27.68,101.0,85,0,69,16,0,0,0,0,0,0,0,0
533967_00695_11518_1,222.2,1,2022/10/18 12:45:00,28.94,27.65,94.0,82,0,70,12,0,0,0,0,0,0,0,0
533967_00695_11518_1,222.2,1,2022/10/18 13:00:00,28.87,27.71,96.0,82,0,68,14,0,0,0,0,0,0,0,0
533967_00695_11518_1,222.2,1,2022/10/18 13:15:00,28.79,27.79,67.0,56,0,45,11,0,0,0,0,0,0,0,0
533967_00695_11518_1,222.2,1,2022/10/18 13:30:00,28.93,27.65,110.0,89,0,68,21,0,0,0,0,0,0,0,0
533967_00695_11518_1,222.2,1,2022/10/18 13:45:00,28.90,27.68,103.0,87,0,71,16,0,0,0,0,0,0,0,0
533967_00695_11518_1,222.2,1,2022/10/18 14:00:00,28.92,27.67,96.0,87,0,78,9,0,0,0,0,0,0,0,0
533967_00695_11518_1,222.2,1,2022/10/18 14:15:00,28.89,27.69,110.0,99,0,88,11,0,0,0,0,0,0,0,0
533967_00695_11518_1,222.2,1,2022/10/18 14:30:00,28.87,27.71,85.0,69,0,53,16,0,0,0,0,0,0,0,0
533967_00695_11518_1,222.2,1,2022/10/18 14:45:00,28.99,27.59,61.0,54,0,47,7,0,0,0,0,0,0,0,0
533967_00695_11518_1,222.2,1,2022/10/18 15:00:00,28.92,27.67,92.0,75,0,58,17,0,0,0,0,0,0,0,0
533967_00695_11518_1,222.2,1,2022/10/18 15:15:00,28.91,27.68,111.0,99,0,87,12,0,0,0,0,0,0,0,0
533967_00695_11518_1,222.2,1,2022/10/18 15:30:00,28.91,27.67,66.0,52,0,38,14,0,0,0,0,0,0,0,0
533967_00695_11518_1,222.2,1,2022/10/18 15:45:00,28.89,27.69,88.0,74,0,60,14,0,0,0,0,0,0,0,0
533967_00695_11518_1,222.2,1,2022/10/18 16:00:00,28.85,27.73,73.0,56,0,39,15,2,0,0,0,0,0,0,0
533967_00695_11518_1,222.2,1,2022/10/18 16:15:00,28.85,27.73,106.0,97,0,88,7,2,0,0,0,0,0,0,0
533967_00695_11518_1,222.2,1,2022/10/18 16:30:00,28.96,27.62,63.0,56,0,49,7,0,0,0,0,0,0,0,0
533967_00695_11518_1,222.2,1,2022/10/18 16:45:00,28.85,27.73,100.0,85,0,70,15,0,0,0,0,0,0,0,0
533967_00695_11518_1,222.2,1,2022/10/18 17:00:00,28.90,27.68,75.0,69,0,63,6,0,0,0,0,0,0,0,0
533967_00695_11518_1,222.2,1,2022/10/18 17:15:00,28.99,27.60,78.0,75,0,72,3,0,0,0,0,0,0,0,0
533967_00695_11518_1,222.2,1,2022/10/18 17:30:00,28.92,27.66,89.0,82,0,75,7,0,0,0,0,0,0,0,0
533967_00695_11518_1,222.2,1,2022/10/18 17:45:00,28.91,27.67,96.0,92,0,88,4,0,0,0,0,0,0,0,0
533967_00695_11518_1,222.2,1,2022/10/18 18:00:00,28.92,27.67,41.0,36,0,31,5,0,0,0,0,0,0,0,0
533967_00695_11518_1,222.2,1,2022/10/18 18:15:00,28.77,27.81,40.0,36,0,32,4,0,0,0,0,0,0,0,0
533967_00695_11518_1,222.2,1,2022/10/18 18:30:00,28.93,27.66,37.0,35,0,33,2,0,0,0,0,0,0,0,0
533967_00695_11518_1,222.2,1,2022/10/18 18:45:00,28.96,27.62,39.0,37,0,35,2,0,0,0,0,0,0,0,0
533967_00766_11513_0,381.7,1,2022/10/18 06:30:00,33.39,41.15,121.0,108,0,95,7,6,0,0,0,0,0,0,0
533967_00766_11513_0,381.7,1,2022/10/18 06:45:00,9.59,143.26,136.0,127,0,118,3,6,0,0,0,0,0,0,0
533967_00766_11513_0,381.7,1,2022/10/18 07:00:00,44.34,30.99,131.0,117,0,103,8,6,0,0,0,0,0,0,0
533967_00766_11513_0,381.7,1,2022/10/18 07:15:00,29.09,47.24,135.0,119,0,103,11,5,0,0,0,0,0,0,0
533967_00766_11513_0,381.7,1,2022/10/18 07:30:00,24.05,57.12,133.0,121,0,109,10,2,0,0,0,0,0,0,0
533967_00766_11513_0,381.7,1,2022/10/18 07:45:00,39.24,35.02,138.0,126,0,114,6,6,0,0,0,0,0,0,0
533967_00766_11513_0,381.7,1,2022/10/18 08:00:00,48.74,28.19,125.0,109,0,93,10,6,0,0,0,0,0,0,0
533967_00766_11513_0,381.7,1,2022/10/18 08:15:00,48.94,28.08,131.0,120,0,109,7,4,0,0,0,0,0,0,0
533967_00766_11513_0,381.7,1,2022/10/18 08:30:00,49.31,27.87,116.0,104,0,92,5,7,0,0,0,0,0,0,0
533967_00766_11513_0,381.7,1,2022/10/18 08:45:00,34.82,39.46,146.0,127,0,108,11,8,0,0,0,0,0,0,0
533967_00766_11513_0,381.7,1,2022/10/18 09:00:00,18.08,75.99,144.0,125,0,106,14,5,0,0,0,0,0,0,0
533967_00766_11513_0,381.7,1,2022/10/18 09:15:00,48.78,28.17,130.0,106,0,82,22,2,0,0,0,0,0,0,0
533967_00766_11513_0,381.7,1,2022/10/18 09:30:00,49.01,28.04,131.0,109,0,87,18,4,0,0,0,0,0,0,0
533967_00766_11513_0,381.7,1,2022/10/18 09:45:00,48.85,28.13,113.0,93,0,73,18,2,0,0,0,0,0,0,0
533967_00766_11513_0,381.7,1,2022/10/18 10:00:00,49.18,27.94,103.0,81,0,59,15,7,0,0,0,0,0,0,0
533967_00766_11513_0,381.7,1,2022/10/18 10:15:00,49.16,27.95,106.0,80,0,54,25,1,0,0,0,0,0,0,0
533967_00766_11513_0,381.7,1,2022/10/18 10:30:00,49.19,27.93,77.0,58,0,39,14,5,0,0,0,0,0,0,0
533967_00766_11513_0,381.7,1,2022/10/18 10:45:00,48.93,28.08,52.0,36,0,20,15,1,0,0,0,0,0,0,0
533967_00766_11513_0,381.7,1,2022/10/18 11:00:00,48.93,28.08,51.0,38,0,25,11,2,0,0,0,0,0,0,0
533967_00766_11513_0,381.7,1,2022/10/18 11:15:00,49.26,27.89,98.0,85,0,72,12,1,0,0,0,0,0,0,0
533967_00766_11513_0,381.7,1,2022/10/18 11:30:00,49.11,27.98,67.0,47,0,27,15,4,1,0,0,0,0,0,0
533967_00766_11513_0,381.7,1,2022/10/18 11:45:00,49.23,27.91,80.0,67,0,54,13,0,0,0,0,0,0,0,0
533967_00766_11513_0,381.7,1,2022/10/18 12:00:00,48.76,28.18,44.0,39,0,34,4,1,0,0,0,0,0,0,0
533967_00766_11513_0,381.7,1,2022/10/18 12:15:00,49.10,27.98,72.0,63,0,54,5,4,0,0,0,0,0,0,0
533967_00766_11513_0,381.7,1,2022/10/18 12:30:00,48.93,28.08,78.0,63,0,48,12,3,0,0,0,0,0,0,0
533967_00766_11513_0,381.7,1,2022/10/18 12:45:00,49.22,27.91,94.0,82,0,70,11,1,0,0,0,0,0,0,0
533967_00766_11513_0,381.7,1,2022/10/18 13:00:00,48.87,28.11,60.0,53,0,46,5,2,0,0,0,0,0,0,0
533967_00766_11513_0,381.7,1,2022/10/18 13:15:00,49.14,27.96,62.0,51,0,40,10,1,0,0,0,0,0,0,0
533967_00766_11513_0,381.7,1,2022/10/18 13:30:00,49.26,27.89,112.0,83,0,54,23,6,0,0,0,0,0,0,0
533967_00766_11513_0,381.7,1,2022/10/18 13:45:00,48.85,28.13,70.0,54,0,38,14,2,0,0,0,0,0,0,0
533967_00766_11513_0,381.7,1,2022/10/18 14:00:00,49.35,27.84,75.0,64,0,53,9,2,0,0,0,0,0,0,0
533967_00766_11513_0,381.7,1,2022/10/18 14:15:00,49.09,27.99,99.0,83,0,67,11,5,0,0,0,0,0,0,0
533967_00766_11513_0,381.7,1,2022/10/18 14:30:00,49.13,27.97,85.0,65,0,45,16,4,0,0,0,0,0,0,0
533967_00766_11513_0,381.7,1,2022/10/18 14:45:00,49.15,27.95,75.0,66,0,57,7,2,0,0,0,0,0,0,0
533967_00766_11513_0,381.7,1,2022/10/18 15:00:00,48.85,28.13,77.0,64,0,51,12,1,0,0,0,0,0,0,0
533967_00766_11513_0,381.7,1,2022/10/18 15:15:00,49.24,27.90,75.0,63,0,51,10,2,0,0,0,0,0,0,0
533967_00766_11513_0,381.7,1,2022/10/18 15:30:00,48.92,28.09,73.0,58,0,43,14,1,0,0,0,0,0,0,0
533967_00766_11513_0,381.7,1,2022/10/18 15:45:00,48.99,28.05,105.0,87,0,69,17,1,0,0,0,0,0,0,0
533967_00766_11513_0,381.7,1,2022/10/18 16:00:00,49.03,28.02,61.0,46,0,31,11,4,0,0,0,0,0,0,0
533967_00766_11513_0,381.7,1,2022/10/18 16:15:00,49.54,27.74,43.0,34,0,25,7,2,0,0,0,0,0,0,0
533967_00766_11513_0,381.7,1,2022/10/18 16:30:00,48.91,28.09,33.0,22,0,11,7,4,0,0,0,0,0,0,0
533967_00766_11513_0,381.7,1,2022/10/18 16:45:00,48.87,28.11,46.0,35,0,24,10,1,0,0,0,0,0,0,0
533967_00766_11513_0,381.7,1,2022/10/18 17:00:00,49.11,27.98,54.0,47,0,40,6,1,0,0,0,0,0,0,0
533967_00766_11513_0,381.7,1,2022/10/18 17:15:00,48.94,28.08,101.0,90,0,79,6,5,0,0,0,0,0,0,0
533967_00766_11513_0,381.7,1,2022/10/18 17:30:00,49.05,28.01,84.0,75,0,66,4,5,0,0,0,0,0,0,0
533967_00766_11513_0,381.7,1,2022/10/18 17:45:00,49.13,27.97,67.0,60,0,53,5,2,0,0,0,0,0,0,0
533967_00766_11513_0,381.7,1,2022/10/18 18:00:00,49.16,27.95,68.0,59,0,50,4,5,0,0,0,0,0,0,0
533967_00766_11513_0,381.7,1,2022/10/18 18:15:00,49.28,27.88,46.0,43,0,40,0,3,0,0,0,0,0,0,0
533967_00766_11513_0,381.7,1,2022/10/18 18:30:00,49.17,27.94,37.0,34,0,31,0,3,0,0,0,0,0,0,0
533967_00766_11513_0,381.7,1,2022/10/18 18:45:00,49.03,28.02,47.0,43,0,39,1,3,0,0,0,0,0,0,0
533967_00766_11513_1,381.4,1,2022/10/18 06:30:00,31.98,42.93,53.0,45,0,37,7,1,0,0,0,0,0,0,0
533967_00766_11513_1,381.4,1,2022/10/18 06:45:00,30.93,44.39,68.0,59,0,50,5,4,0,0,0,0,0,0,0
533967_00766_11513_1,381.4,1,2022/10/18 07:00:00,28.32,48.47,69.0,59,0,49,9,1,0,0,0,0,0,0,0
533967_00766_11513_1,381.4,1,2022/10/18 07:15:00,22.88,60.00,95.0,77,0,59,8,10,0,0,0,0,0,0,0
533967_00766_11513_1,381.4,1,2022/10/18 07:30:00,30.86,44.49,96.0,80,0,64,8,8,0,0,0,0,0,0,0
533967_00766_11513_1,381.4,1,2022/10/18 07:45:00,26.35,52.10,81.0,69,0,57,8,4,0,0,0,0,0,0,0
533967_00766_11513_1,381.4,1,2022/10/18 08:00:00,28.49,48.20,74.0,56,0,38,3,15,0,0,0,0,0,0,0
533967_00766_11513_1,381.4,1,2022/10/18 08:15:00,27.38,50.14,99.0,86,0,73,6,7,0,0,0,0,0,0,0
533967_00766_11513_1,381.4,1,2022/10/18 08:30:00,25.10,54.69,111.0,85,0,59,18,8,0,0,0,0,0,0,0
533967_00766_11513_1,381.4,1,2022/10/18 08:45:00,23.26,59.03,121.0,104,0,87,14,3,0,0,0,0,0,0,0
533967_00766_11513_1,381.4,1,2022/10/18 09:00:00,28.51,48.16,94.0,73,0,52,16,5,0,0,0,0,0,0,0
533967_00766_11513_1,381.4,1,2022/10/18 09:15:00,24.87,55.21,112.0,91,0,70,15,6,0,0,0,0,0,0,0
533967_00766_11513_1,381.4,1,2022/10/18 09:30:00,29.83,46.02,110.0,88,0,66,18,4,0,0,0,0,0,0,0
533967_00766_11513_1,381.4,1,2022/10/18 09:45:00,22.33,61.49,96.0,82,0,68,11,3,0,0,0,0,0,0,0
533967_00766_11513_1,381.4,1,2022/10/18 10:00:00,19.24,71.36,152.0,126,0,100,21,5,0,0,0,0,0,0,0
533967_00766_11513_1,381.4,1,2022/10/18 10:15:00,25.29,54.28,107.0,89,0,71,13,5,0,0,0,0,0,0,0
533967_00766_11513_1,381.4,1,2022/10/18 10:30:00,23.02,59.65,126.0,103,0,80,18,5,0,0,0,0,0,0,0
533967_00766_11513_1,381.4,1,2022/10/18 10:45:00,28.24,48.62,108.0,89,0,70,16,3,0,0,0,0,0,0,0
533967_00766_11513_1,381.4,1,2022/10/18 11:00:00,20.21,67.92,106.0,90,0,74,15,1,0,0,0,0,0,0,0
533967_00766_11513_1,381.4,1,2022/10/18 11:15:00,26.89,51.06,112.0,90,0,68,17,5,0,0,0,0,0,0,0
533967_00766_11513_1,381.4,1,2022/10/18 11:30:00,26.29,52.22,127.0,103,0,79,18,6,0,0,0,0,0,0,0
533967_00766_11513_1,381.4,1,2022/10/18 11:45:00,24.94,55.05,128.0,111,0,94,11,5,1,0,0,0,0,0,0
533967_00766_11513_1,381.4,1,2022/10/18 12:00:00,24.77,55.43,106.0,94,0,82,9,3,0,0,0,0,0,0,0
533967_00766_11513_1,381.4,1,2022/10/18 12:15:00,25.91,52.99,88.0,74,0,60,10,4,0,0,0,0,0,0,0
533967_00766_11513_1,381.4,1,2022/10/18 12:30:00,27.51,49.90,98.0,83,0,68,10,5,0,0,0,0,0,0,0
533967_00766_11513_1,381.4,1,2022/10/18 12:45:00,26.98,50.88,82.0,68,0,54,7,7,0,0,0,0,0,0,0
533967_00766_11513_1,381.4,1,2022/10/18 13:00:00,26.68,51.46,106.0,85,0,64,18,3,0,0,0,0,0,0,0
533967_00766_11513_1,381.4,1,2022/10/18 13:15:00,25.39,54.07,136.0,111,0,86,19,6,0,0,0,0,0,0,0
533967_00766_11513_1,381.4,1,2022/10/18 13:30:00,34.11,40.25,62.0,52,0,42,9,1,0,0,0,0,0,0,0
533967_00766_11513_1,381.4,1,2022/10/18 13:45:00,31.12,44.12,114.0,102,0,90,8,4,0,0,0,0,0,0,0
533967_00766_11513_1,381.4,1,2022/10/18 14:00:00,22.77,60.31,118.0,94,0,70,17,7,0,0,0,0,0,0,0
533967_00766_11513_1,381.4,1,2022/10/18 14:15:00,28.08,48.90,92.0,84,0,76,7,1,0,0,0,0,0,0,0
533967_00766_11513_1,381.4,1,2022/10/18 14:30:00,20.37,67.42,115.0,96,0,77,13,6,0,0,0,0,0,0,0
533967_00766_11513_1,381.4,1,2022/10/18 14:45:00,26.91,51.02,109.0,89,0,69,14,6,0,0,0,0,0,0,0
533967_00766_11513_1,381.4,1,2022/10/18 15:00:00,23.62,58.12,115.0,105,0,95,7,3,0,0,0,0,0,0,0
533967_00766_11513_1,381.4,1,2022/10/18 15:15:00,15.17,90.51,159.0,143,0,127,13,3,0,0,0,0,0,0,0
533967_00766_11513_1,381.4,1,2022/10/18 15:30:00,26.75,51.33,117.0,96,0,75,11,10,0,0,0,0,0,0,0
533967_00766_11513_1,381.4,1,2022/10/18 15:45:00,24.84,55.26,126.0,110,0,94,10,6,0,0,0,0,0,0,0
533967_00766_11513_1,381.4,1,2022/10/18 16:00:00,26.41,51.98,128.0,106,0,84,20,2,0,0,0,0,0,0,0
533967_00766_11513_1,381.4,1,2022/10/18 16:15:00,24.34,56.42,139.0,120,0,101,12,7,0,0,0,0,0,0,0
533967_00766_11513_1,381.4,1,2022/10/18 16:30:00,18.73,73.32,143.0,133,0,123,4,6,0,0,0,0,0,0,0
533967_00766_11513_1,381.4,1,2022/10/18 16:45:00,25.99,52.82,108.0,95,0,82,9,4,0,0,0,0,0,0,0
533967_00766_11513_1,381.4,1,2022/10/18 17:00:00,17.12,80.18,142.0,124,0,106,11,7,0,0,0,0,0,0,0
533967_00766_11513_1,381.4,1,2022/10/18 17:15:00,13.44,102.13,151.0,136,0,121,8,7,0,0,0,0,0,0,0
533967_00766_11513_1,381.4,1,2022/10/18 17:30:00,26.08,52.65,131.0,117,0,103,7,7,0,0,0,0,0,0,0
533967_00766_11513_1,381.4,1,2022/10/18 17:45:00,26.15,52.50,135.0,122,0,109,6,7,0,0,0,0,0,0,0
533967_00766_11513_1,381.4,1,2022/10/18 18:00:00,20.02,68.60,144.0,137,0,130,5,2,0,0,0,0,0,0,0
533967_00766_11513_1,381.4,1,2022/10/18 18:15:00,17.36,79.11,144.0,132,0,120,1,11,0,0,0,0,0,0,0
533967_00766_11513_1,381.4,1,2022/10/18 18:30:00,25.69,53.45,123.0,110,0,97,8,5,0,0,0,0,0,0,0
533967_00766_11513_1,381.4,1,2022/10/18 18:45:00,29.71,46.22,114.0,105,0,96,2,7,0,0,0,0,0,0,0
533967_00766_14156_0,450.6,1,2022/10/18 06:30:00,48.59,33.38,14.0,13,0,12,0,1,0,0,0,0,0,0,0
533967_00766_14156_0,450.6,1,2022/10/18 06:45:00,48.36,33.55,35.0,33,0,31,1,1,0,0,0,0,0,0,0
533967_00766_14156_0,450.6,1,2022/10/18 07:00:00,48.31,33.58,33.0,33,0,33,0,0,0,0,0,0,0,0,0
533967_00766_14156_0,450.6,1,2022/10/18 07:15:00,47.31,34.29,76.0,69,0,62,0,7,0,0,0,0,0,0,0
533967_00766_14156_0,450.6,1,2022/10/18 07:30:00,48.22,33.64,75.0,73,0,71,0,2,0,0,0,0,0,0,0
533967_00766_14156_0,450.6,1,2022/10/18 07:45:00,48.57,33.40,58.0,55,0,52,0,3,0,0,0,0,0,0,0
533967_00766_14156_0,450.6,1,2022/10/18 08:00:00,47.26,34.33,75.0,64,0,53,0,11,0,0,0,0,0,0,0
533967_00766_14156_0,450.6,1,2022/10/18 08:15:00,47.95,33.83,74.0,66,0,58,0,8,0,0,0,0,0,0,0
533967_00766_14156_0,450.6,1,2022/10/18 08:30:00,46.60,34.81,85.0,80,0,75,0,5,0,0,0,0,0,0,0
533967_00766_14156_0,450.6,1,2022/10/18 08:45:00,47.41,34.22,79.0,74,0,69,2,3,0,0,0,0,0,0,0
533967_00766_14156_0,450.6,1,2022/10/18 09:00:00,47.86,33.89,69.0,57,0,45,9,3,0,0,0,0,0,0,0
533967_00766_14156_0,450.6,1,2022/10/18 09:15:00,48.48,33.46,43.0,37,0,31,2,4,0,0,0,0,0,0,0
533967_00766_14156_0,450.6,1,2022/10/18 09:30:00,48.42,33.50,59.0,56,0,53,0,3,0,0,0,0,0,0,0
533967_00766_14156_0,450.6,1,2022/10/18 09:45:00,47.23,34.35,91.0,86,0,81,3,2,0,0,0,0,0,0,0
533967_00766_14156_0,450.6,1,2022/10/18 10:00:00,48.32,33.58,77.0,73,0,69,1,3,0,0,0,0,0,0,0
533967_00766_14156_0,450.6,1,2022/10/18 10:15:00,48.35,33.55,54.0,47,0,40,4,3,0,0,0,0,0,0,0
533967_00766_14156_0,450.6,1,2022/10/18 10:30:00,47.88,33.88,63.0,58,0,53,2,3,0,0,0,0,0,0,0
533967_00766_14156_0,450.6,1,2022/10/18 10:45:00,48.40,33.52,79.0,77,0,75,0,2,0,0,0,0,0,0,0
533967_00766_14156_0,450.6,1,2022/10/18 11:00:00,47.68,34.03,77.0,77,0,77,0,0,0,0,0,0,0,0,0
533967_00766_14156_0,450.6,1,2022/10/18 11:15:00,48.13,33.70,60.0,57,0,54,0,3,0,0,0,0,0,0,0
533967_00766_14156_0,450.6,1,2022/10/18 11:30:00,48.18,33.67,47.0,45,0,43,0,2,0,0,0,0,0,0,0
533967_00766_14156_0,450.6,1,2022/10/18 11:45:00,48.28,33.60,94.0,87,0,80,2,4,1,0,0,0,0,0,0
533967_00766_14156_0,450.6,1,2022/10/18 12:00:00,48.27,33.60,52.0,48,0,44,4,0,0,0,0,0,0,0,0
533967_00766_14156_0,450.6,1,2022/10/18 12:15:00,48.23,33.64,49.0,44,0,39,4,1,0,0,0,0,0,0,0
533967_00766_14156_0,450.6,1,2022/10/18 12:30:00,48.34,33.56,60.0,57,0,54,0,3,0,0,0,0,0,0,0
533967_00766_14156_0,450.6,1,2022/10/18 12:45:00,48.91,33.17,32.0,30,0,28,0,2,0,0,0,0,0,0,0
533967_00766_14156_0,450.6,1,2022/10/18 13:00:00,48.41,33.51,48.0,47,0,46,0,1,0,0,0,0,0,0,0
533967_00766_14156_0,450.6,1,2022/10/18 13:15:00,48.81,33.23,59.0,56,0,53,0,3,0,0,0,0,0,0,0
533967_00766_14156_0,450.6,1,2022/10/18 13:30:00,48.37,33.54,43.0,39,0,35,3,1,0,0,0,0,0,0,0
533967_00766_14156_0,450.6,1,2022/10/18 13:45:00,48.43,33.49,71.0,69,0,67,0,2,0,0,0,0,0,0,0
533967_00766_14156_0,450.6,1,2022/10/18 14:00:00,47.88,33.88,71.0,67,0,63,1,3,0,0,0,0,0,0,0
533967_00766_14156_0,450.6,1,2022/10/18 14:15:00,48.62,33.37,30.0,30,0,30,0,0,0,0,0,0,0,0,0
533967_00766_14156_0,450.6,1,2022/10/18 14:30:00,48.05,33.76,65.0,63,0,61,1,1,0,0,0,0,0,0,0
533967_00766_14156_0,450.6,1,2022/10/18 14:45:00,47.99,33.80,59.0,51,0,43,4,4,0,0,0,0,0,0,0
533967_00766_14156_0,450.6,1,2022/10/18 15:00:00,47.98,33.81,72.0,69,0,66,2,1,0,0,0,0,0,0,0
533967_00766_14156_0,450.6,1,2022/10/18 15:15:00,48.14,33.70,83.0,76,0,69,4,3,0,0,0,0,0,0,0
533967_00766_14156_0,450.6,1,2022/10/18 15:30:00,49.16,33.00,60.0,59,0,58,0,1,0,0,0,0,0,0,0
533967_00766_14156_0,450.6,1,2022/10/18 15:45:00,48.01,33.79,57.0,52,0,47,0,5,0,0,0,0,0,0,0
533967_00766_14156_0,450.6,1,2022/10/18 16:00:00,48.24,33.62,65.0,64,0,63,0,1,0,0,0,0,0,0,0
533967_00766_14156_0,450.6,1,2022/10/18 16:15:00,48.68,33.32,79.0,78,0,77,0,1,0,0,0,0,0,0,0
533967_00766_14156_0,450.6,1,2022/10/18 16:30:00,48.38,33.53,73.0,72,0,71,0,1,0,0,0,0,0,0,0
533967_00766_14156_0,450.6,1,2022/10/18 16:45:00,48.14,33.70,49.0,46,0,43,0,3,0,0,0,0,0,0,0
533967_00766_14156_0,450.6,1,2022/10/18 17:00:00,48.29,33.59,70.0,64,0,58,0,6,0,0,0,0,0,0,0
533967_00766_14156_0,450.6,1,2022/10/18 17:15:00,48.19,33.66,76.0,71,0,66,0,5,0,0,0,0,0,0,0
533967_00766_14156_0,450.6,1,2022/10/18 17:30:00,48.53,33.42,62.0,59,0,56,0,3,0,0,0,0,0,0,0
533967_00766_14156_0,450.6,1,2022/10/18 17:45:00,48.55,33.41,68.0,63,0,58,0,5,0,0,0,0,0,0,0
533967_00766_14156_0,450.6,1,2022/10/18 18:00:00,47.94,33.84,71.0,69,0,67,0,2,0,0,0,0,0,0,0
533967_00766_14156_0,450.6,1,2022/10/18 18:15:00,48.03,33.78,59.0,54,0,49,0,5,0,0,0,0,0,0,0
533967_00766_14156_0,450.6,1,2022/10/18 18:30:00,48.59,33.38,42.0,39,0,36,1,2,0,0,0,0,0,0,0
533967_00766_14156_0,450.6,1,2022/10/18 18:45:00,48.42,33.50,47.0,42,0,37,0,5,0,0,0,0,0,0,0
533967_00766_14156_1,453.2,1,2022/10/18 06:30:00,31.79,51.33,22.0,21,0,20,0,1,0,0,0,0,0,0,0
533967_00766_14156_1,453.2,1,2022/10/18 06:45:00,27.47,59.40,21.0,20,0,19,0,1,0,0,0,0,0,0,0
533967_00766_14156_1,453.2,1,2022/10/18 07:00:00,32.91,49.58,27.0,24,0,21,0,3,0,0,0,0,0,0,0
533967_00766_14156_1,453.2,1,2022/10/18 07:15:00,24.85,65.67,41.0,36,0,31,2,3,0,0,0,0,0,0,0
533967_00766_14156_1,453.2,1,2022/10/18 07:30:00,27.37,59.61,44.0,41,0,38,1,2,0,0,0,0,0,0,0
533967_00766_14156_1,453.2,1,2022/10/18 07:45:00,26.55,61.46,54.0,48,0,42,0,6,0,0,0,0,0,0,0
533967_00766_14156_1,453.2,1,2022/10/18 08:00:00,31.92,51.12,47.0,41,0,35,2,4,0,0,0,0,0,0,0
533967_00766_14156_1,453.2,1,2022/10/18 08:15:00,34.48,47.33,52.0,49,0,46,0,3,0,0,0,0,0,0,0
533967_00766_14156_1,453.2,1,2022/10/18 08:30:00,29.92,54.54,44.0,41,0,38,0,3,0,0,0,0,0,0,0
533967_00766_14156_1,453.2,1,2022/10/18 08:45:00,27.36,59.64,59.0,55,0,51,0,4,0,0,0,0,0,0,0
533967_00766_14156_1,453.2,1,2022/10/18 09:00:00,31.51,51.79,50.0,38,0,26,8,4,0,0,0,0,0,0,0
533967_00766_14156_1,453.2,1,2022/10/18 09:15:00,30.64,53.25,45.0,36,0,27,8,1,0,0,0,0,0,0,0
533967_00766_14156_1,453.2,1,2022/10/18 09:30:00,27.84,58.60,49.0,43,0,37,1,5,0,0,0,0,0,0,0
533967_00766_14156_1,453.2,1,2022/10/18 09:45:00,26.77,60.95,24.0,21,0,18,1,2,0,0,0,0,0,0,0
533967_00766_14156_1,453.2,1,2022/10/18 10:00:00,26.37,61.88,30.0,26,0,22,0,4,0,0,0,0,0,0,0
533967_00766_14156_1,453.2,1,2022/10/18 10:15:00,30.39,53.70,35.0,30,0,25,4,1,0,0,0,0,0,0,0
533967_00766_14156_1,453.2,1,2022/10/18 10:30:00,33.02,49.41,34.0,29,0,24,0,5,0,0,0,0,0,0,0
533967_00766_14156_1,453.2,1,2022/10/18 10:45:00,25.10,65.00,10.0,9,0,8,0,1,0,0,0,0,0,0,0
533967_00766_14156_1,453.2,1,2022/10/18 11:00:00,26.66,61.20,27.0,25,0,23,0,2,0,0,0,0,0,0,0
533967_00766_14156_1,453.2,1,2022/10/18 11:15:00,31.01,52.62,14.0,13,0,12,0,1,0,0,0,0,0,0,0
533967_00766_14156_1,453.2,1,2022/10/18 11:30:00,30.30,53.85,52.0,41,0,30,6,4,1,0,0,0,0,0,0
533967_00766_14156_1,453.2,1,2022/10/18 11:45:00,34.57,47.20,17.0,15,0,13,2,0,0,0,0,0,0,0,0
533967_00766_14156_1,453.2,1,2022/10/18 12:00:00,31.07,52.52,30.0,29,0,28,0,1,0,0,0,0,0,0,0
533967_00766_14156_1,453.2,1,2022/10/18 12:15:00,33.85,48.21,36.0,34,0,32,0,2,0,0,0,0,0,0,0
533967_00766_14156_1,453.2,1,2022/10/18 12:30:00,36.77,44.38,24.0,21,0,18,1,2,0,0,0,0,0,0,0
533967_00766_14156_1,453.2,1,2022/10/18 12:45:00,28.06,58.14,40.0,35,0,30,4,1,0,0,0,0,0,0,0
533967_00766_14156_1,453.2,1,2022/10/18 13:00:00,32.43,50.31,50.0,45,0,40,3,2,0,0,0,0,0,0,0
533967_00766_14156_1,453.2,1,2022/10/18 13:15:00,34.04,47.93,31.0,30,0,29,0,1,0,0,0,0,0,0,0
533967_00766_14156_1,453.2,1,2022/10/18 13:30:00,25.86,63.09,26.0,22,0,18,0,4,0,0,0,0,0,0,0
533967_00766_14156_1,453.2,1,2022/10/18 13:45:00,32.85,49.67,22.0,21,0,20,0,1,0,0,0,0,0,0,0
533967_00766_14156_1,453.2,1,2022/10/18 14:00:00,26.10,62.53,22.0,19,0,16,1,2,0,0,0,0,0,0,0
533967_00766_14156_1,453.2,1,2022/10/18 14:15:00,24.08,67.75,24.0,20,0,16,2,2,0,0,0,0,0,0,0
533967_00766_14156_1,453.2,1,2022/10/18 14:30:00,28.03,58.21,41.0,38,0,35,0,3,0,0,0,0,0,0,0
533967_00766_14156_1,453.2,1,2022/10/18 14:45:00,31.79,51.32,52.0,50,0,48,0,2,0,0,0,0,0,0,0
533967_00766_14156_1,453.2,1,2022/10/18 15:00:00,27.56,59.21,31.0,28,0,25,2,1,0,0,0,0,0,0,0
533967_00766_14156_1,453.2,1,2022/10/18 15:15:00,31.62,51.60,28.0,25,0,22,1,2,0,0,0,0,0,0,0
533967_00766_14156_1,453.2,1,2022/10/18 15:30:00,30.37,53.73,31.0,30,0,29,0,1,0,0,0,0,0,0,0
533967_00766_14156_1,453.2,1,2022/10/18 15:45:00,33.07,49.33,28.0,27,0,26,0,1,0,0,0,0,0,0,0
533967_00766_14156_1,453.2,1,2022/10/18 16:00:00,29.59,55.14,44.0,43,0,42,0,1,0,0,0,0,0,0,0
533967_00766_14156_1,453.2,1,2022/10/18 16:15:00,30.65,53.24,23.0,21,0,19,0,2,0,0,0,0,0,0,0
533967_00766_14156_1,453.2,1,2022/10/18 16:30:00,32.05,50.90,25.0,21,0,17,0,4,0,0,0,0,0,0,0
533967_00766_14156_1,453.2,1,2022/10/18 16:45:00,35.52,45.94,32.0,31,0,30,0,1,0,0,0,0,0,0,0
533967_00766_14156_1,453.2,1,2022/10/18 17:00:00,36.76,44.39,37.0,36,0,35,0,1,0,0,0,0,0,0,0
533967_00766_14156_1,453.2,1,2022/10/18 17:15:00,28.52,57.22,41.0,36,0,31,0,5,0,0,0,0,0,0,0
533967_00766_14156_1,453.2,1,2022/10/18 17:30:00,27.10,60.21,34.0,29,0,24,0,5,0,0,0,0,0,0,0
533967_00766_14156_1,453.2,1,2022/10/18 17:45:00,31.47,51.86,16.0,14,0,12,0,2,0,0,0,0,0,0,0
533967_00766_14156_1,453.2,1,2022/10/18 18:00:00,29.53,55.26,24.0,19,0,14,0,5,0,0,0,0,0,0,0
533967_00766_14156_1,453.2,1,2022/10/18 18:15:00,28.03,58.21,31.0,28,0,25,0,3,0,0,0,0,0,0,0
533967_00766_14156_1,453.2,1,2022/10/18 18:30:00,36.89,44.24,20.0,17,0,14,0,3,0,0,0,0,0,0,0
533967_00766_14156_1,453.2,1,2022/10/18 18:45:00,31.01,52.61,21.0,18,0,15,0,3,0,0,0,0,0,0,0
533967_00818_01603_0,92.9,1,2022/10/18 06:30:00,-1.00,-1.00,0.0,0,0,0,0,0,0,0,0,0,0,0,0
533967_00818_01603_0,92.9,1,2022/10/18 06:45:00,-1.00,-1.00,0.0,0,0,0,0,0,0,0,0,0,0,0,0
533967_00818_01603_0,92.9,1,2022/10/18 07:00:00,-1.00,-1.00,0.0,0,0,0,0,0,0,0,0,0,0,0,0
533967_00818_01603_0,92.9,1,2022/10/18 07:15:00,-1.00,-1.00,0.0,0,0,0,0,0,0,0,0,0,0,0,0
533967_00818_01603_0,92.9,1,2022/10/18 07:30:00,-1.00,-1.00,0.0,0,0,0,0,0,0,0,0,0,0,0,0
533967_00818_01603_0,92.9,1,2022/10/18 07:45:00,-1.00,-1.00,0.0,0,0,0,0,0,0,0,0,0,0,0,0
533967_00818_01603_0,92.9,1,2022/10/18 08:00:00,-1.00,-1.00,0.0,0,0,0,0,0,0,0,0,0,0,0,0
533967_00818_01603_0,92.9,1,2022/10/18 08:15:00,-1.00,-1.00,0.0,0,0,0,0,0,0,0,0,0,0,0,0
533967_00818_01603_0,92.9,1,2022/10/18 08:30:00,-1.00,-1.00,0.0,0,0,0,0,0,0,0,0,0,0,0,0
533967_00818_01603_0,92.9,1,2022/10/18 08:45:00,-1.00,-1.00,0.0,0,0,0,0,0,0,0,0,0,0,0,0
533967_00818_01603_0,92.9,1,2022/10/18 09:00:00,-1.00,-1.00,0.0,0,0,0,0,0,0,0,0,0,0,0,0
533967_00818_01603_0,92.9,1,2022/10/18 09:15:00,-1.00,-1.00,0.0,0,0,0,0,0,0,0,0,0,0,0,0
533967_00818_01603_0,92.9,1,2022/10/18 09:30:00,-1.00,-1.00,0.0,0,0,0,0,0,0,0,0,0,0,0,0
533967_00818_01603_0,92.9,1,2022/10/18 09:45:00,-1.00,-1.00,0.0,0,0,0,0,0,0,0,0,0,0,0,0
533967_00818_01603_0,92.9,1,2022/10/18 10:00:00,-1.00,-1.00,0.0,0,0,0,0,0,0,0,0,0,0,0,0
533967_00818_01603_0,92.9,1,2022/10/18 10:15:00,-1.00,-1.00,0.0,0,0,0,0,0,0,0,0,0,0,0,0
533967_00818_01603_0,92.9,1,2022/10/18 10:30:00,-1.00,-1.00,0.0,0,0,0,0,0,0,0,0,0,0,0,0
533967_00818_01603_0,92.9,1,2022/10/18 10:45:00,-1.00,-1.00,0.0,0,0,0,0,0,0,0,0,0,0,0,0
533967_00818_01603_0,92.9,1,2022/10/18 11:00:00,-1.00,-1.00,0.0,0,0,0,0,0,0,0,0,0,0,0,0
533967_00818_01603_0,92.9,1,2022/10/18 11:15:00,-1.00,-1.00,0.0,0,0,0,0,0,0,0,0,0,0,0,0
533967_00818_01603_0,92.9,1,2022/10/18 11:30:00,-1.00,-1.00,0.0,0,0,0,0,0,0,0,0,0,0,0,0
533967_00818_01603_0,92.9,1,2022/10/18 11:45:00,-1.00,-1.00,0.0,0,0,0,0,0,0,0,0,0,0,0,0
533967_00818_01603_0,92.9,1,2022/10/18 12:00:00,-1.00,-1.00,0.0,0,0,0,0,0,0,0,0,0,0,0,0
533967_00818_01603_0,92.9,1,2022/10/18 12:15:00,-1.00,-1.00,0.0,0,0,0,0,0,0,0,0,0,0,0,0
533967_00818_01603_0,92.9,1,2022/10/18 12:30:00,-1.00,-1.00,0.0,0,0,0,0,0,0,0,0,0,0,0,0
533967_00818_01603_0,92.9,1,2022/10/18 12:45:00,-1.00,-1.00,0.0,0,0,0,0,0,0,0,0,0,0,0,0
533967_00818_01603_0,92.9,1,2022/10/18 13:00:00,-1.00,-1.00,0.0,0,0,0,0,0,0,0,0,0,0,0,0
533967_00818_01603_0,92.9,1,2022/10/18 13:15:00,-1.00,-1.00,0.0,0,0,0,0,0,0,0,0,0,0,0,0
533967_00818_01603_0,92.9,1,2022/10/18 13:30:00,-1.00,-1.00,0.0,0,0,0,0,0,0,0,0,0,0,0,0
533967_00818_01603_0,92.9,1,2022/10/18 13:45:00,-1.00,-1.00,0.0,0,0,0,0,0,0,0,0,0,0,0,0
533967_00818_01603_0,92.9,1,2022/10/18 14:00:00,-1.00,-1.00,0.0,0,0,0,0,0,0,0,0,0,0,0,0
533967_00818_01603_0,92.9,1,2022/10/18 14:15:00,-1.00,-1.00,0.0,0,0,0,0,0,0,0,0,0,0,0,0
533967_00818_01603_0,92.9,1,2022/10/18 14:30:00,-1.00,-1.00,0.0,0,0,0,0,0,0,0,0,0,0,0,0
533967_00818_01603_0,92.9,1,2022/10/18 14:45:00,-1.00,-1.00,0.0,0,0,0,0,0,0,0,0,0,0,0,0
533967_00818_01603_0,92.9,1,2022/10/18 15:00:00,-1.00,-1.00,0.0,0,0,0,0,0,0,0,0,0,0,0,0
533967_00818_01603_0,92.9,1,2022/10/18 15:15:00,-1.00,-1.00,0.0,0,0,0,0,0,0,0,0,0,0,0,0
533967_00818_01603_0,92.9,1,2022/10/18 15:30:00,-1.00,-1.00,0.0,0,0,0,0,0,0,0,0,0,0,0,0
533967_00818_01603_0,92.9,1,2022/10/18 15:45:00,-1.00,-1.00,0.0,0,0,0,0,0,0,0,0,0,0,0,0
533967_00818_01603_0,92.9,1,2022/10/18 16:00:00,-1.00,-1.00,0.0,0,0,0,0,0,0,0,0,0,0,0,0
533967_00818_01603_0,92.9,1,2022/10/18 16:15:00,-1.00,-1.00,0.0,0,0,0,0,0,0,0,0,0,0,0,0
533967_00818_01603_0,92.9,1,2022/10/18 16:30:00,-1.00,-1.00,0.0,0,0,0,0,0,0,0,0,0,0,0,0
533967_00818_01603_0,92.9,1,2022/10/18 16:45:00,-1.00,-1.00,0.0,0,0,0,0,0,0,0,0,0,0,0,0
533967_00818_01603_0,92.9,1,2022/10/18 17:00:00,-1.00,-1.00,0.0,0,0,0,0,0,0,0,0,0,0,0,0
533967_00818_01603_0,92.9,1,2022/10/18 17:15:00,-1.00,-1.00,0.0,0,0,0,0,0,0,0,0,0,0,0,0
533967_00818_01603_0,92.9,1,2022/10/18 17:30:00,-1.00,-1.00,0.0,0,0,0,0,0,0,0,0,0,0,0,0
533967_00818_01603_0,92.9,1,2022/10/18 17:45:00,-1.00,-1.00,0.0,0,0,0,0,0,0,0,0,0,0,0,0
533967_00818_01603_0,92.9,1,2022/10/18 18:00:00,-1.00,-1.00,0.0,0,0,0,0,0,0,0,0,0,0,0,0
533967_00818_01603_0,92.9,1,2022/10/18 18:15:00,-1.00,-1.00,0.0,0,0,0,0,0,0,0,0,0,0,0,0
533967_00818_01603_0,92.9,1,2022/10/18 18:30:00,-1.00,-1.00,0.0,0,0,0,0,0,0,0,0,0,0,0,0
533967_00818_01603_0,92.9,1,2022/10/18 18:45:00,-1.00,-1.00,0.0,0,0,0,0,0,0,0,0,0,0,0,0
533967_00818_01603_1,72.2,1,2022/10/18 06:30:00,-1.00,-1.00,0.0,0,0,0,0,0,0,0,0,0,0,0,0
533967_00818_01603_1,72.2,1,2022/10/18 06:45:00,-1.00,-1.00,0.0,0,0,0,0,0,0,0,0,0,0,0,0
533967_00818_01603_1,72.2,1,2022/10/18 07:00:00,-1.00,-1.00,0.0,0,0,0,0,0,0,0,0,0,0,0,0
533967_00818_01603_1,72.2,1,2022/10/18 07:15:00,-1.00,-1.00,0.0,0,0,0,0,0,0,0,0,0,0,0,0
533967_00818_01603_1,72.2,1,2022/10/18 07:30:00,-1.00,-1.00,0.0,0,0,0,0,0,0,0,0,0,0,0,0
533967_00818_01603_1,72.2,1,2022/10/18 07:45:00,-1.00,-1.00,0.0,0,0,0,0,0,0,0,0,0,0,0,0
533967_00818_01603_1,72.2,1,2022/10/18 08:00:00,-1.00,-1.00,0.0,0,0,0,0,0,0,0,0,0,0,0,0
533967_00818_01603_1,72.2,1,2022/10/18 08:15:00,-1.00,-1.00,0.0,0,0,0,0,0,0,0,0,0,0,0,0
533967_00818_01603_1,72.2,1,2022/10/18 08:30:00,-1.00,-1.00,0.0,0,0,0,0,0,0,0,0,0,0,0,0
533967_00818_01603_1,72.2,1,2022/10/18 08:45:00,-1.00,-1.00,0.0,0,0,0,0,0,0,0,0,0,0,0,0
533967_00818_01603_1,72.2,1,2022/10/18 09:00:00,-1.00,-1.00,0.0,0,0,0,0,0,0,0,0,0,0,0,0
533967_00818_01603_1,72.2,1,2022/10/18 09:15:00,-1.00,-1.00,0.0,0,0,0,0,0,0,0,0,0,0,0,0
533967_00818_01603_1,72.2,1,2022/10/18 09:30:00,-1.00,-1.00,0.0,0,0,0,0,0,0,0,0,0,0,0,0
533967_00818_01603_1,72.2,1,2022/10/18 09:45:00,-1.00,-1.00,0.0,0,0,0,0,0,0,0,0,0,0,0,0
533967_00818_01603_1,72.2,1,2022/10/18 10:00:00,-1.00,-1.00,0.0,0,0,0,0,0,0,0,0,0,0,0,0
533967_00818_01603_1,72.2,1,2022/10/18 10:15:00,-1.00,-1.00,0.0,0,0,0,0,0,0,0,0,0,0,0,0
533967_00818_01603_1,72.2,1,2022/10/18 10:30:00,-1.00,-1.00,0.0,0,0,0,0,0,0,0,0,0,0,0,0
533967_00818_01603_1,72.2,1,2022/10/18 10:45:00,-1.00,-1.00,0.0,0,0,0,0,0,0,0,0,0,0,0,0
533967_00818_01603_1,72.2,1,2022/10/18 11:00:00,-1.00,-1.00,0.0,0,0,0,0,0,0,0,0,0,0,0,0
533967_00818_01603_1,72.2,1,2022/10/18 11:15:00,-1.00,-1.00,0.0,0,0,0,0,0,0,0,0,0,0,0,0
533967_00818_01603_1,72.2,1,2022/10/18 11:30:00,-1.00,-1.00,0.0,0,0,0,0,0,0,0,0,0,0,0,0
533967_00818_01603_1,72.2,1,2022/10/18 11:45:00,-1.00,-1.00,0.0,0,0,0,0,0,0,0,0,0,0,0,0
533967_00818_01603_1,72.2,1,2022/10/18 12:00:00,-1.00,-1.00,0.0,0,0,0,0,0,0,0,0,0,0,0,0
533967_00818_01603_1,72.2,1,2022/10/18 12:15:00,-1.00,-1.00,0.0,0,0,0,0,0,0,0,0,0,0,0,0
533967_00818_01603_1,72.2,1,2022/10/18 12:30:00,-1.00,-1.00,0.0,0,0,0,0,0,0,0,0,0,0,0,0
533967_00818_01603_1,72.2,1,2022/10/18 12:45:00,-1.00,-1.00,0.0,0,0,0,0,0,0,0,0,0,0,0,0
533967_00818_01603_1,72.2,1,2022/10/18 13:00:00,-1.00,-1.00,0.0,0,0,0,0,0,0,0,0,0,0,0,0
533967_00818_01603_1,72.2,1,2022/10/18 13:15:00,-1.00,-1.00,0.0,0,0,0,0,0,0,0,0,0,0,0,0
533967_00818_01603_1,72.2,1,2022/10/18 13:30:00,-1.00,-1.00,0.0,0,0,0,0,0,0,0,0,0,0,0,0
533967_00818_01603_1,72.2,1,2022/10/18 13:45:00,-1.00,-1.00,0.0,0,0,0,0,0,0,0,0,0,0,0,0
533967_00818_01603_1,72.2,1,2022/10/18 14:00:00,-1.00,-1.00,0.0,0,0,0,0,0,0,0,0,0,0,0,0
533967_00818_01603_1,72.2,1,2022/10/18 14:15:00,-1.00,-1.00,0.0,0,0,0,0,0,0,0,0,0,0,0,0
533967_00818_01603_1,72.2,1,2022/10/18 14:30:00,-1.00,-1.00,0.0,0,0,0,0,0,0,0,0,0,0,0,0
533967_00818_01603_1,72.2,1,2022/10/18 14:45:00,-1.00,-1.00,0.0,0,0,0,0,0,0,0,0,0,0,0,0
533967_00818_01603_1,72.2,1,2022/10/18 15:00:00,-1.00,-1.00,0.0,0,0,0,0,0,0,0,0,0,0,0,0
533967_00818_01603_1,72.2,1,2022/10/18 15:15:00,-1.00,-1.00,0.0,0,0,0,0,0,0,0,0,0,0,0,0
533967_00818_01603_1,72.2,1,2022/10/18 15:30:00,-1.00,-1.00,0.0,0,0,0,0,0,0,0,0,0,0,0,0
533967_00818_01603_1,72.2,1,2022/10/18 15:45:00,-1.00,-1.00,0.0,0,0,0,0,0,0,0,0,0,0,0,0
533967_00818_01603_1,72.2,1,2022/10/18 16:00:00,-1.00,-1.00,0.0,0,0,0,0,0,0,0,0,0,0,0,0
533967_00818_01603_1,72.2,1,2022/10/18 16:15:00,-1.00,-1.00,0.0,0,0,0,0,0,0,0,0,0,0,0,0
533967_00818_01603_1,72.2,1,2022/10/18 16:30:00,-1.00,-1.00,0.0,0,0,0,0,0,0,0,0,0,0,0,0
533967_00818_01603_1,72.2,1,2022/10/18 16:45:00,-1.00,-1.00,0.0,0,0,0,0,0,0,0,0,0,0,0,0
533967_00818_01603_1,72.2,1,2022/10/18 17:00:00,-1.00,-1.00,0.0,0,0,0,0,0,0,0,0,0,0,0,0
533967_00818_01603_1,72.2,1,2022/10/18 17:15:00,-1.00,-1.00,0.0,0,0,0,0,0,0,0,0,0,0,0,0
533967_00818_01603_1,72.2,1,2022/10/18 17:30:00,-1.00,-1.00,0.0,0,0,0,0,0,0,0,0,0,0,0,0
533967_00818_01603_1,72.2,1,2022/10/18 17:45:00,-1.00,-1.00,0.0,0,0,0,0,0,0,0,0,0,0,0,0
533967_00818_01603_1,72.2,1,2022/10/18 18:00:00,-1.00,-1.00,0.0,0,0,0,0,0,0,0,0,0,0,0,0
533967_00818_01603_1,72.2,1,2022/10/18 18:15:00,-1.00,-1.00,0.0,0,0,0,0,0,0,0,0,0,0,0,0
533967_00818_01603_1,72.2,1,2022/10/18 18:30:00,-1.00,-1.00,0.0,0,0,0,0,0,0,0,0,0,0,0,0
533967_00818_01603_1,72.2,1,2022/10/18 18:45:00,-1.00,-1.00,0.0,0,0,0,0,0,0,0,0,0,0,0,0
533967_00933_00943_0,76.5,2,2022/10/18 06:30:00,55.07,5.00,95.0,87,0,79,2,6,0,0,0,0,0,0,0
533967_00933_00943_0,76.5,2,2022/10/18 06:45:00,54.25,5.08,87.0,79,0,71,2,6,0,0,0,0,0,0,0
533967_00933_00943_0,76.5,2,2022/10/18 07:00:00,54.33,5.07,95.0,88,0,81,2,5,0,0,0,0,0,0,0
533967_00933_00943_0,76.5,2,2022/10/18 07:15:00,55.07,5.00,96.0,90,0,84,3,3,0,0,0,0,0,0,0
533967_00933_00943_0,76.5,2,2022/10/18 07:30:00,54.77,5.03,79.0,73,0,67,2,4,0,0,0,0,0,0,0
533967_00933_00943_0,76.5,2,2022/10/18 07:45:00,54.95,5.01,96.0,91,0,86,0,5,0,0,0,0,0,0,0
533967_00933_00943_0,76.5,2,2022/10/18 08:00:00,54.93,5.01,88.0,78,0,68,5,5,0,0,0,0,0,0,0
533967_00933_00943_0,76.5,2,2022/10/18 08:15:00,55.07,5.00,66.0,62,0,58,2,2,0,0,0,0,0,0,0
533967_00933_00943_0,76.5,2,2022/10/18 08:30:00,54.14,5.09,121.0,104,0,87,11,6,0,0,0,0,0,0,0
533967_00933_00943_0,76.5,2,2022/10/18 08:45:00,55.07,5.00,77.0,70,0,63,3,4,0,0,0,0,0,0,0
533967_00933_00943_0,76.5,2,2022/10/18 09:00:00,54.70,5.03,110.0,87,0,64,17,6,0,0,0,0,0,0,0
533967_00933_00943_0,76.5,2,2022/10/18 09:15:00,55.07,5.00,85.0,74,0,63,9,2,0,0,0,0,0,0,0
533967_00933_00943_0,76.5,2,2022/10/18 09:30:00,54.95,5.01,100.0,86,0,72,10,4,0,0,0,0,0,0,0
533967_00933_00943_0,76.5,2,2022/10/18 09:45:00,55.07,5.00,77.0,70,0,63,6,1,0,0,0,0,0,0,0
533967_00933_00943_0,76.5,2,2022/10/18 10:00:00,54.96,5.01,104.0,97,0,90,5,2,0,0,0,0,0,0,0
533967_00933_00943_0,76.5,2,2022/10/18 10:15:00,54.71,5.03,71.0,60,0,49,11,0,0,0,0,0,0,0,0
533967_00933_00943_0,76.5,2,2022/10/18 10:30:00,54.89,5.02,65.0,61,0,57,0,4,0,0,0,0,0,0,0
533967_00933_00943_0,76.5,2,2022/10/18 10:45:00,54.87,5.02,59.0,53,0,47,3,3,0,0,0,0,0,0,0
533967_00933_00943_0,76.5,2,2022/10/18 11:00:00,55.07,5.00,78.0,69,0,60,8,1,0,0,0,0,0,0,0
533967_00933_00943_0,76.5,2,2022/10/18 11:15:00,54.93,5.01,92.0,75,0,58,10,7,0,0,0,0,0,0,0
533967_00933_00943_0,76.5,2,2022/10/18 11:30:00,55.07,5.00,63.0,58,0,53,4,1,0,0,0,0,0,0,0
533967_00933_00943_0,76.5,2,2022/10/18 11:45:00,54.85,5.02,56.0,49,0,42,4,3,0,0,0,0,0,0,0
533967_00933_00943_0,76.5,2,2022/10/18 12:00:00,54.79,5.03,82.0,76,0,70,3,3,0,0,0,0,0,0,0
533967_00933_00943_0,76.5,2,2022/10/18 12:15:00,55.07,5.00,70.0,70,0,70,0,0,0,0,0,0,0,0,0
533967_00933_00943_0,76.5,2,2022/10/18 12:30:00,53.99,5.10,65.0,60,0,55,0,5,0,0,0,0,0,0,0
533967_00933_00943_0,76.5,2,2022/10/18 12:45:00,54.77,5.03,84.0,72,0,60,10,2,0,0,0,0,0,0,0
533967_00933_00943_0,76.5,2,2022/10/18 13:00:00,55.07,5.00,48.0,44,0,40,2,2,0,0,0,0,0,0,0
533967_00933_00943_0,76.5,2,2022/10/18 13:15:00,55.07,5.00,80.0,64,0,48,13,3,0,0,0,0,0,0,0
533967_00933_00943_0,76.5,2,2022/10/18 13:30:00,54.55,5.05,74.0,63,0,52,10,1,0,0,0,0,0,0,0
533967_00933_00943_0,76.5,2,2022/10/18 13:45:00,55.07,5.00,54.0,43,0,32,9,2,0,0,0,0,0,0,0
533967_00933_00943_0,76.5,2,2022/10/18 14:00:00,54.45,5.06,101.0,88,0,75,8,5,0,0,0,0,0,0,0
533967_00933_00943_0,76.5,2,2022/10/18 14:15:00,54.84,5.02,59.0,46,0,33,9,4,0,0,0,0,0,0,0
533967_00933_00943_0,76.5,2,2022/10/18 14:30:00,55.07,5.00,88.0,75,0,62,7,6,0,0,0,0,0,0,0
533967_00933_00943_0,76.5,2,2022/10/18 14:45:00,54.75,5.03,77.0,67,0,57,7,3,0,0,0,0,0,0,0
533967_00933_00943_0,76.5,2,2022/10/18 15:00:00,55.07,5.00,67.0,58,0,49,8,1,0,0,0,0,0,0,0
533967_00933_00943_0,76.5,2,2022/10/18 15:15:00,55.07,5.00,48.0,41,0,34,2,5,0,0,0,0,0,0,0
533967_00933_00943_0,76.5,2,2022/10/18 15:30:00,54.92,5.01,82.0,70,0,58,7,5,0,0,0,0,0,0,0
533967_00933_00943_0,76.5,2,2022/10/18 15:45:00,55.07,5.00,50.0,47,0,44,2,1,0,0,0,0,0,0,0
533967_00933_00943_0,76.5,2,2022/10/18 16:00:00,54.92,5.01,79.0,71,0,63,2,6,0,0,0,0,0,0,0
533967_00933_00943_0,76.5,2,2022/10/18 16:15:00,54.48,5.05,83.0,73,0,63,5,5,0,0,0,0,0,0,0
533967_00933_00943_0,76.5,2,2022/10/18 16:30:00,54.91,5.01,76.0,69,0,62,5,2,0,0,0,0,0,0,0
533967_00933_00943_0,76.5,2,2022/10/18 16:45:00,55.07,5.00,83.0,76,0,69,6,1,0,0,0,0,0,0,0
533967_00933_00943_0,76.5,2,2022/10/18 17:00:00,55.07,5.00,58.0,51,0,44,2,5,0,0,0,0,0,0,0
533967_00933_00943_0,76.5,2,2022/10/18 17:15:00,54.79,5.03,84.0,76,0,68,5,3,0,0,0,0,0,0,0
533967_00933_00943_0,76.5,2,2022/10/18 17:30:00,54.88,5.02,64.0,58,0,52,4,2,0,0,0,0,0,0,0
533967_00933_00943_0,76.5,2,2022/10/18 17:45:00,55.07,5.00,74.0,71,0,68,2,1,0,0,0,0,0,0,0
533967_00933_00943_0,76.5,2,2022/10/18 18:00:00,53.85,5.11,88.0,88,0,88,0,0,0,0,0,0,0,0,0
533967_00933_00943_0,76.5,2,2022/10/18 18:15:00,55.07,5.00,57.0,57,0,57,0,0,0,0,0,0,0,0,0
533967_00933_00943_0,76.5,2,2022/10/18 18:30:00,54.72,5.03,63.0,61,0,59,0,2,0,0,0,0,0,0,0
533967_00933_00943_0,76.5,2,2022/10/18 18:45:00,54.67,5.04,56.0,54,0,52,0,2,0,0,0,0,0,0,0
533967_00933_00944_1,88.8,2,2022/10/18 06:30:00,49.93,6.40,37.0,35,0,33,0,2,0,0,0,0,0,0,0
533967_00933_00944_1,88.8,2,2022/10/18 06:45:00,49.89,6.40,48.0,47,0,46,0,1,0,0,0,0,0,0,0
533967_00933_00944_1,88.8,2,2022/10/18 07:00:00,51.12,6.25,20.0,16,0,12,0,4,0,0,0,0,0,0,0
533967_00933_00944_1,88.8,2,2022/10/18 07:15:00,49.66,6.43,53.0,53,0,53,0,0,0,0,0,0,0,0,0
533967_00933_00944_1,88.8,2,2022/10/18 07:30:00,50.29,6.35,67.0,65,0,63,0,2,0,0,0,0,0,0,0
533967_00933_00944_1,88.8,2,2022/10/18 07:45:00,50.45,6.33,78.0,63,0,48,12,3,0,0,0,0,0,0,0
533967_00933_00944_1,88.8,2,2022/10/18 08:00:00,49.16,6.50,96.0,90,0,84,5,1,0,0,0,0,0,0,0
533967_00933_00944_1,88.8,2,2022/10/18 08:15:00,50.83,6.29,37.0,35,0,33,0,2,0,0,0,0,0,0,0
533967_00933_00944_1,88.8,2,2022/10/18 08:30:00,49.47,6.46,101.0,98,0,95,2,1,0,0,0,0,0,0,0
533967_00933_00944_1,88.8,2,2022/10/18 08:45:00,50.80,6.29,75.0,62,0,49,10,3,0,0,0,0,0,0,0
533967_00933_00944_1,88.8,2,2022/10/18 09:00:00,49.52,6.45,43.0,42,0,41,0,1,0,0,0,0,0,0,0
533967_00933_00944_1,88.8,2,2022/10/18 09:15:00,50.30,6.35,119.0,102,0,85,16,1,0,0,0,0,0,0,0
533967_00933_00944_1,88.8,2,2022/10/18 09:30:00,49.73,6.42,47.0,40,0,33,6,1,0,0,0,0,0,0,0
533967_00933_00944_1,88.8,2,2022/10/18 09:45:00,49.58,6.44,31.0,27,0,23,2,2,0,0,0,0,0,0,0
533967_00933_00944_1,88.8,2,2022/10/18 10:00:00,50.16,6.37,88.0,81,0,74,6,1,0,0,0,0,0,0,0
533967_00933_00944_1,88.8,2,2022/10/18 10:15:00,50.21,6.36,54.0,44,0,34,9,1,0,0,0,0,0,0,0
533967_00933_00944_1,88.8,2,2022/10/18 10:30:00,49.63,6.44,74.0,64,0,54,9,1,0,0,0,0,0,0,0
533967_00933_00944_1,88.8,2,2022/10/18 10:45:00,50.32,6.35,47.0,40,0,33,4,3,0,0,0,0,0,0,0
533967_00933_00944_1,88.8,2,2022/10/18 11:00:00,49.53,6.45,57.0,51,0,45,5,1,0,0,0,0,0,0,0
533967_00933_00944_1,88.8,2,2022/10/18 11:15:00,50.37,6.34,80.0,67,0,54,10,3,0,0,0,0,0,0,0
533967_00933_00944_1,88.8,2,2022/10/18 11:30:00,50.34,6.35,52.0,46,0,40,5,1,0,0,0,0,0,0,0
533967_00933_00944_1,88.8,2,2022/10/18 11:45:00,49.95,6.40,79.0,68,0,57,9,2,0,0,0,0,0,0,0
533967_00933_00944_1,88.8,2,2022/10/18 12:00:00,50.09,6.38,60.0,58,0,56,0,2,0,0,0,0,0,0,0
533967_00933_00944_1,88.8,2,2022/10/18 12:15:00,50.31,6.35,61.0,57,0,53,1,3,0,0,0,0,0,0,0
533967_00933_00944_1,88.8,2,2022/10/18 12:30:00,49.46,6.46,78.0,76,0,74,2,0,0,0,0,0,0,0,0
533967_00933_00944_1,88.8,2,2022/10/18 12:45:00,49.47,6.46,90.0,74,0,58,13,3,0,0,0,0,0,0,0
533967_00933_00944_1,88.8,2,2022/10/18 13:00:00,49.69,6.43,71.0,65,0,59,5,1,0,0,0,0,0,0,0
533967_00933_00944_1,88.8,2,2022/10/18 13:15:00,49.80,6.42,56.0,48,0,40,7,1,0,0,0,0,0,0,0
533967_00933_00944_1,88.8,2,2022/10/18 13:30:00,50.12,6.38,64.0,56,0,48,4,4,0,0,0,0,0,0,0
533967_00933_00944_1,88.8,2,2022/10/18 13:45:00,50.62,6.31,39.0,32,0,25,5,2,0,0,0,0,0,0,0
533967_00933_00944_1,88.8,2,2022/10/18 14:00:00,50.15,6.37,66.0,62,0,58,3,1,0,0,0,0,0,0,0
533967_00933_00944_1,88.8,2,2022/10/18 14:15:00,50.45,6.33,44.0,36,0,28,5,3,0,0,0,0,0,0,0
533967_00933_00944_1,88.8,2,2022/10/18 14:30:00,49.93,6.40,88.0,80,0,72,7,1,0,0,0,0,0,0,0
533967_00933_00944_1,88.8,2,2022/10/18 14:45:00,50.59,6.32,59.0,57,0,55,1,1,0,0,0,0,0,0,0
533967_00933_00944_1,88.8,2,2022/10/18 15:00:00,50.45,6.33,52.0,48,0,44,3,1,0,0,0,0,0,0,0
533967_00933_00944_1,88.8,2,2022/10/18 15:15:00,50.41,6.34,77.0,65,0,53,9,3,0,0,0,0,0,0,0
533967_00933_00944_1,88.8,2,2022/10/18 15:30:00,50.67,6.31,48.0,36,0,24,9,3,0,0,0,0,0,0,0
533967_00933_00944_1,88.8,2,2022/10/18 15:45:00,50.03,6.39,47.0,44,0,41,2,1,0,0,0,0,0,0,0
533967_00933_00944_1,88.8,2,2022/10/18 16:00:00,50.58,6.32,62.0,60,0,58,1,1,0,0,0,0,0,0,0
533967_00933_00944_1,88.8,2,2022/10/18 16:15:00,49.84,6.41,93.0,90,0,87,0,3,0,0,0,0,0,0,0
533967_00933_00944_1,88.8,2,2022/10/18 16:30:00,49.74,6.42,93.0,92,0,91,0,1,0,0,0,0,0,0,0
533967_00933_00944_1,88.8,2,2022/10/18 16:45:00,50.30,6.35,34.0,34,0,34,0,0,0,0,0,0,0,0,0
533967_00933_00944_1,88.8,2,2022/10/18 17:00:00,51.48,6.21,61.0,58,0,55,0,3,0,0,0,0,0,0,0
533967_00933_00944_1,88.8,2,2022/10/18 17:15:00,52.10,6.13,18.0,15,0,12,1,2,0,0,0,0,0,0,0
533967_00933_00944_1,88.8,2,2022/10/18 17:30:00,50.16,6.37,47.0,46,0,45,0,1,0,0,0,0,0,0,0
533967_00933_00944_1,88.8,2,2022/10/18 17:45:00,50.34,6.35,74.0,72,0,70,1,1,0,0,0,0,0,0,0
533967_00933_00944_1,88.8,2,2022/10/18 18:00:00,50.83,6.29,84.0,84,0,84,0,0,0,0,0,0,0,0,0
533967_00933_00944_1,88.8,2,2022/10/18 18:15:00,49.83,6.41,65.0,63,0,61,0,2,0,0,0,0,0,0,0
533967_00933_00944_1,88.8,2,2022/10/18 18:30:00,50.45,6.33,43.0,42,0,41,0,1,0,0,0,0,0,0,0
533967_00933_00944_1,88.8,2,2022/10/18 18:45:00,49.30,6.48,56.0,54,0,52,0,2,0,0,0,0,0,0,0
533967_00933_14152_0,152.8,2,2022/10/18 06:30:00,45.83,12.00,37.0,35,0,33,0,2,0,0,0,0,0,0,0
533967_00933_14152_0,152.8,2,2022/10/18 06:45:00,45.83,12.00,48.0,47,0,46,0,1,0,0,0,0,0,0,0
533967_00933_14152_0,152.8,2,2022/10/18 07:00:00,45.83,12.00,20.0,16,0,12,0,4,0,0,0,0,0,0,0
533967_00933_14152_0,152.8,2,2022/10/18 07:15:00,45.83,12.00,50.0,50,0,50,0,0,0,0,0,0,0,0,0
533967_00933_14152_0,152.8,2,2022/10/18 07:30:00,45.83,12.00,69.0,67,0,65,0,2,0,0,0,0,0,0,0
533967_00933_14152_0,152.8,2,2022/10/18 07:45:00,45.83,12.00,79.0,64,0,49,12,3,0,0,0,0,0,0,0
533967_00933_14152_0,152.8,2,2022/10/18 08:00:00,45.83,12.00,95.0,89,0,83,5,1,0,0,0,0,0,0,0
533967_00933_14152_0,152.8,2,2022/10/18 08:15:00,45.83,12.00,38.0,36,0,34,0,2,0,0,0,0,0,0,0
533967_00933_14152_0,152.8,2,2022/10/18 08:30:00,45.83,12.00,96.0,93,0,90,2,1,0,0,0,0,0,0,0
533967_00933_14152_0,152.8,2,2022/10/18 08:45:00,45.83,12.00,79.0,66,0,53,10,3,0,0,0,0,0,0,0
533967_00933_14152_0,152.8,2,2022/10/18 09:00:00,45.83,12.00,44.0,43,0,42,0,1,0,0,0,0,0,0,0
533967_00933_14152_0,152.8,2,2022/10/18 09:15:00,45.79,12.01,116.0,99,0,82,16,1,0,0,0,0,0,0,0
533967_00933_14152_0,152.8,2,2022/10/18 09:30:00,45.83,12.00,48.0,41,0,34,6,1,0,0,0,0,0,0,0
533967_00933_14152_0,152.8,2,2022/10/18 09:45:00,45.83,12.00,32.0,28,0,24,2,2,0,0,0,0,0,0,0
533967_00933_14152_0,152.8,2,2022/10/18 10:00:00,45.83,12.00,84.0,77,0,70,6,1,0,0,0,0,0,0,0
533967_00933_14152_0,152.8,2,2022/10/18 10:15:00,45.83,12.00,59.0,49,0,39,9,1,0,0,0,0,0,0,0
533967_00933_14152_0,152.8,2,2022/10/18 10:30:00,45.83,12.00,68.0,58,0,48,9,1,0,0,0,0,0,0,0
533967_00933_14152_0,152.8,2,2022/10/18 10:45:00,45.75,12.02,53.0,46,0,39,4,3,0,0,0,0,0,0,0
533967_00933_14152_0,152.8,2,2022/10/18 11:00:00,45.83,12.00,52.0,47,0,42,4,1,0,0,0,0,0,0,0
533967_00933_14152_0,152.8,2,2022/10/18 11:15:00,45.78,12.01,84.0,70,0,56,11,3,0,0,0,0,0,0,0
533967_00933_14152_0,152.8,2,2022/10/18 11:30:00,45.83,12.00,50.0,44,0,38,5,1,0,0,0,0,0,0,0
533967_00933_14152_0,152.8,2,2022/10/18 11:45:00,45.78,12.01,80.0,69,0,58,9,2,0,0,0,0,0,0,0
533967_00933_14152_0,152.8,2,2022/10/18 12:00:00,45.83,12.00,56.0,54,0,52,0,2,0,0,0,0,0,0,0
533967_00933_14152_0,152.8,2,2022/10/18 12:15:00,45.83,12.00,67.0,63,0,59,1,3,0,0,0,0,0,0,0
533967_00933_14152_0,152.8,2,2022/10/18 12:30:00,45.83,12.00,77.0,75,0,73,2,0,0,0,0,0,0,0,0
533967_00933_14152_0,152.8,2,2022/10/18 12:45:00,45.83,12.00,90.0,74,0,58,13,3,0,0,0,0,0,0,0
533967_00933_14152_0,152.8,2,2022/10/18 13:00:00,45.83,12.00,67.0,61,0,55,5,1,0,0,0,0,0,0,0
533967_00933_14152_0,152.8,2,2022/10/18 13:15:00,45.83,12.00,61.0,53,0,45,7,1,0,0,0,0,0,0,0
533967_00933_14152_0,152.8,2,2022/10/18 13:30:00,45.83,12.00,58.0,50,0,42,4,4,0,0,0,0,0,0,0
533967_00933_14152_0,152.8,2,2022/10/18 13:45:00,45.83,12.00,45.0,38,0,31,5,2,0,0,0,0,0,0,0
533967_00933_14152_0,152.8,2,2022/10/18 14:00:00,45.83,12.00,63.0,59,0,55,3,1,0,0,0,0,0,0,0
533967_00933_14152_0,152.8,2,2022/10/18 14:15:00,45.83,12.00,45.0,38,0,31,4,3,0,0,0,0,0,0,0
533967_00933_14152_0,152.8,2,2022/10/18 14:30:00,45.83,12.00,84.0,75,0,66,8,1,0,0,0,0,0,0,0
533967_00933_14152_0,152.8,2,2022/10/18 14:45:00,45.83,12.00,65.0,63,0,61,1,1,0,0,0,0,0,0,0
533967_00933_14152_0,152.8,2,2022/10/18 15:00:00,45.83,12.00,50.0,46,0,42,3,1,0,0,0,0,0,0,0
533967_00933_14152_0,152.8,2,2022/10/18 15:15:00,45.83,12.00,79.0,67,0,55,9,3,0,0,0,0,0,0,0
533967_00933_14152_0,152.8,2,2022/10/18 15:30:00,45.83,12.00,46.0,34,0,22,9,3,0,0,0,0,0,0,0
533967_00933_14152_0,152.8,2,2022/10/18 15:45:00,45.83,12.00,49.0,46,0,43,2,1,0,0,0,0,0,0,0
533967_00933_14152_0,152.8,2,2022/10/18 16:00:00,45.83,12.00,56.0,54,0,52,1,1,0,0,0,0,0,0,0
533967_00933_14152_0,152.8,2,2022/10/18 16:15:00,45.79,12.01,95.0,92,0,89,0,3,0,0,0,0,0,0,0
533967_00933_14152_0,152.8,2,2022/10/18 16:30:00,45.79,12.01,92.0,91,0,90,0,1,0,0,0,0,0,0,0
533967_00933_14152_0,152.8,2,2022/10/18 16:45:00,45.83,12.00,37.0,37,0,37,0,0,0,0,0,0,0,0,0
533967_00933_14152_0,152.8,2,2022/10/18 17:00:00,45.77,12.02,62.0,59,0,56,0,3,0,0,0,0,0,0,0
533967_00933_14152_0,152.8,2,2022/10/18 17:15:00,45.83,12.00,19.0,16,0,13,1,2,0,0,0,0,0,0,0
533967_00933_14152_0,152.8,2,2022/10/18 17:30:00,45.75,12.02,46.0,45,0,44,0,1,0,0,0,0,0,0,0
533967_00933_14152_0,152.8,2,2022/10/18 17:45:00,45.83,12.00,73.0,71,0,69,1,1,0,0,0,0,0,0,0
533967_00933_14152_0,152.8,2,2022/10/18 18:00:00,45.83,12.00,85.0,85,0,85,0,0,0,0,0,0,0,0,0
533967_00933_14152_0,152.8,2,2022/10/18 18:15:00,45.83,12.00,65.0,63,0,61,0,2,0,0,0,0,0,0,0
533967_00933_14152_0,152.8,2,2022/10/18 18:30:00,45.74,12.02,44.0,43,0,42,0,1,0,0,0,0,0,0,0
533967_00933_14152_0,152.8,2,2022/10/18 18:45:00,45.83,12.00,55.0,53,0,51,0,2,0,0,0,0,0,0,0
533967_00933_14152_1,171.5,2,2022/10/18 06:30:00,51.34,12.02,95.0,87,0,79,2,6,0,0,0,0,0,0,0
533967_00933_14152_1,171.5,2,2022/10/18 06:45:00,51.44,12.00,87.0,79,0,71,2,6,0,0,0,0,0,0,0
533967_00933_14152_1,171.5,2,2022/10/18 07:00:00,51.34,12.02,97.0,89,0,81,2,6,0,0,0,0,0,0,0
533967_00933_14152_1,171.5,2,2022/10/18 07:15:00,51.44,12.00,94.0,89,0,84,3,2,0,0,0,0,0,0,0
533967_00933_14152_1,171.5,2,2022/10/18 07:30:00,51.44,12.00,80.0,74,0,68,2,4,0,0,0,0,0,0,0
533967_00933_14152_1,171.5,2,2022/10/18 07:45:00,51.30,12.03,96.0,91,0,86,0,5,0,0,0,0,0,0,0
533967_00933_14152_1,171.5,2,2022/10/18 08:00:00,51.33,12.03,87.0,77,0,67,5,5,0,0,0,0,0,0,0
533967_00933_14152_1,171.5,2,2022/10/18 08:15:00,51.44,12.00,66.0,62,0,58,2,2,0,0,0,0,0,0,0
533967_00933_14152_1,171.5,2,2022/10/18 08:30:00,51.19,12.06,121.0,104,0,87,11,6,0,0,0,0,0,0,0
533967_00933_14152_1,171.5,2,2022/10/18 08:45:00,51.38,12.01,77.0,70,0,63,3,4,0,0,0,0,0,0,0
533967_00933_14152_1,171.5,2,2022/10/18 09:00:00,51.39,12.01,110.0,87,0,64,17,6,0,0,0,0,0,0,0
533967_00933_14152_1,171.5,2,2022/10/18 09:15:00,51.44,12.00,85.0,74,0,63,9,2,0,0,0,0,0,0,0
533967_00933_14152_1,171.5,2,2022/10/18 09:30:00,51.39,12.01,100.0,86,0,72,10,4,0,0,0,0,0,0,0
533967_00933_14152_1,171.5,2,2022/10/18 09:45:00,51.38,12.01,77.0,70,0,63,6,1,0,0,0,0,0,0,0
533967_00933_14152_1,171.5,2,2022/10/18 10:00:00,51.44,12.00,107.0,99,0,91,6,2,0,0,0,0,0,0,0
533967_00933_14152_1,171.5,2,2022/10/18 10:15:00,51.44,12.00,68.0,58,0,48,10,0,0,0,0,0,0,0,0
533967_00933_14152_1,171.5,2,2022/10/18 10:30:00,51.44,12.00,65.0,61,0,57,0,4,0,0,0,0,0,0,0
533967_00933_14152_1,171.5,2,2022/10/18 10:45:00,51.44,12.00,59.0,53,0,47,3,3,0,0,0,0,0,0,0
533967_00933_14152_1,171.5,2,2022/10/18 11:00:00,51.32,12.03,79.0,70,0,61,8,1,0,0,0,0,0,0,0
533967_00933_14152_1,171.5,2,2022/10/18 11:15:00,51.44,12.00,91.0,74,0,57,10,7,0,0,0,0,0,0,0
533967_00933_14152_1,171.5,2,2022/10/18 11:30:00,51.44,12.00,64.0,59,0,54,4,1,0,0,0,0,0,0,0
533967_00933_14152_1,171.5,2,2022/10/18 11:45:00,51.08,12.08,55.0,48,0,41,4,3,0,0,0,0,0,0,0
533967_00933_14152_1,171.5,2,2022/10/18 12:00:00,51.38,12.01,83.0,77,0,71,3,3,0,0,0,0,0,0,0
533967_00933_14152_1,171.5,2,2022/10/18 12:15:00,51.44,12.00,69.0,69,0,69,0,0,0,0,0,0,0,0,0
533967_00933_14152_1,171.5,2,2022/10/18 12:30:00,51.37,12.02,65.0,60,0,55,0,5,0,0,0,0,0,0,0
533967_00933_14152_1,171.5,2,2022/10/18 12:45:00,51.44,12.00,85.0,73,0,61,10,2,0,0,0,0,0,0,0
533967_00933_14152_1,171.5,2,2022/10/18 13:00:00,51.44,12.00,49.0,44,0,39,2,3,0,0,0,0,0,0,0
533967_00933_14152_1,171.5,2,2022/10/18 13:15:00,51.37,12.02,78.0,63,0,48,13,2,0,0,0,0,0,0,0
533967_00933_14152_1,171.5,2,2022/10/18 13:30:00,51.37,12.02,75.0,64,0,53,10,1,0,0,0,0,0,0,0
533967_00933_14152_1,171.5,2,2022/10/18 13:45:00,51.44,12.00,54.0,43,0,32,9,2,0,0,0,0,0,0,0
533967_00933_14152_1,171.5,2,2022/10/18 14:00:00,51.39,12.01,101.0,88,0,75,8,5,0,0,0,0,0,0,0
533967_00933_14152_1,171.5,2,2022/10/18 14:15:00,51.44,12.00,59.0,46,0,33,9,4,0,0,0,0,0,0,0
533967_00933_14152_1,171.5,2,2022/10/18 14:30:00,51.33,12.03,88.0,75,0,62,7,6,0,0,0,0,0,0,0
533967_00933_14152_1,171.5,2,2022/10/18 14:45:00,51.44,12.00,76.0,66,0,56,7,3,0,0,0,0,0,0,0
533967_00933_14152_1,171.5,2,2022/10/18 15:00:00,51.37,12.02,67.0,58,0,49,8,1,0,0,0,0,0,0,0
533967_00933_14152_1,171.5,2,2022/10/18 15:15:00,51.44,12.00,50.0,42,0,34,3,5,0,0,0,0,0,0,0
533967_00933_14152_1,171.5,2,2022/10/18 15:30:00,51.38,12.01,81.0,70,0,59,6,5,0,0,0,0,0,0,0
533967_00933_14152_1,171.5,2,2022/10/18 15:45:00,51.44,12.00,50.0,47,0,44,2,1,0,0,0,0,0,0,0
533967_00933_14152_1,171.5,2,2022/10/18 16:00:00,51.44,12.00,78.0,70,0,62,2,6,0,0,0,0,0,0,0
533967_00933_14152_1,171.5,2,2022/10/18 16:15:00,51.44,12.00,84.0,74,0,64,5,5,0,0,0,0,0,0,0
533967_00933_14152_1,171.5,2,2022/10/18 16:30:00,51.44,12.00,75.0,68,0,61,5,2,0,0,0,0,0,0,0
533967_00933_14152_1,171.5,2,2022/10/18 16:45:00,51.44,12.00,83.0,76,0,69,6,1,0,0,0,0,0,0,0
533967_00933_14152_1,171.5,2,2022/10/18 17:00:00,51.36,12.02,58.0,51,0,44,2,5,0,0,0,0,0,0,0
533967_00933_14152_1,171.5,2,2022/10/18 17:15:00,51.38,12.01,86.0,78,0,70,5,3,0,0,0,0,0,0,0
533967_00933_14152_1,171.5,2,2022/10/18 17:30:00,51.44,12.00,62.0,56,0,50,4,2,0,0,0,0,0,0,0
533967_00933_14152_1,171.5,2,2022/10/18 17:45:00,51.44,12.00,75.0,72,0,69,2,1,0,0,0,0,0,0,0
533967_00933_14152_1,171.5,2,2022/10/18 18:00:00,51.39,12.01,90.0,90,0,90,0,0,0,0,0,0,0,0,0
533967_00933_14152_1,171.5,2,2022/10/18 18:15:00,51.44,12.00,54.0,54,0,54,0,0,0,0,0,0,0,0,0
533967_00933_14152_1,171.5,2,2022/10/18 18:30:00,51.44,12.00,63.0,61,0,59,0,2,0,0,0,0,0,0,0
533967_00933_14152_1,171.5,2,2022/10/18 18:45:00,51.36,12.02,57.0,55,0,53,0,2,0,0,0,0,0,0,0
533967_00938_00939_0,207.9,1,2022/10/18 06:30:00,20.20,37.04,27.0,24,0,21,1,2,0,0,0,0,0,0,0
533967_00938_00939_0,207.9,1,2022/10/18 06:45:00,16.67,44.90,42.0,41,0,40,1,0,0,0,0,0,0,0,0
533967_00938_00939_0,207.9,1,2022/10/18 07:00:00,20.40,36.69,39.0,35,0,31,1,3,0,0,0,0,0,0,0
533967_00938_00939_0,207.9,1,2022/10/18 07:15:00,20.90,35.81,52.0,48,0,44,0,4,0,0,0,0,0,0,0
533967_00938_00939_0,207.9,1,2022/10/18 07:30:00,14.16,52.86,74.0,71,0,68,0,3,0,0,0,0,0,0,0
533967_00938_00939_0,207.9,1,2022/10/18 07:45:00,14.83,50.48,68.0,63,0,58,0,5,0,0,0,0,0,0,0
533967_00938_00939_0,207.9,1,2022/10/18 08:00:00,6.58,113.73,52.0,45,0,38,0,7,0,0,0,0,0,0,0
533967_00938_00939_0,207.9,1,2022/10/18 08:15:00,8.56,87.42,39.0,36,0,33,0,3,0,0,0,0,0,0,0
533967_00938_00939_0,207.9,1,2022/10/18 08:30:00,16.47,45.43,68.0,60,0,52,0,8,0,0,0,0,0,0,0
533967_00938_00939_0,207.9,1,2022/10/18 08:45:00,17.04,43.93,44.0,41,0,38,0,3,0,0,0,0,0,0,0
533967_00938_00939_0,207.9,1,2022/10/18 09:00:00,21.86,34.24,39.0,34,0,29,0,5,0,0,0,0,0,0,0
533967_00938_00939_0,207.9,1,2022/10/18 09:15:00,17.60,42.53,44.0,36,0,28,6,2,0,0,0,0,0,0,0
533967_00938_00939_0,207.9,1,2022/10/18 09:30:00,17.06,43.88,38.0,32,0,26,0,6,0,0,0,0,0,0,0
533967_00938_00939_0,207.9,1,2022/10/18 09:45:00,19.66,38.06,55.0,51,0,47,0,4,0,0,0,0,0,0,0
533967_00938_00939_0,207.9,1,2022/10/18 10:00:00,19.25,38.88,59.0,48,0,37,7,4,0,0,0,0,0,0,0
533967_00938_00939_0,207.9,1,2022/10/18 10:15:00,20.02,37.38,17.0,16,0,15,0,1,0,0,0,0,0,0,0
533967_00938_00939_0,207.9,1,2022/10/18 10:30:00,12.87,58.17,68.0,54,0,40,8,6,0,0,0,0,0,0,0
533967_00938_00939_0,207.9,1,2022/10/18 10:45:00,17.12,43.71,25.0,24,0,23,0,1,0,0,0,0,0,0,0
533967_00938_00939_0,207.9,1,2022/10/18 11:00:00,16.51,45.34,43.0,41,0,39,0,2,0,0,0,0,0,0,0
533967_00938_00939_0,207.9,1,2022/10/18 11:15:00,17.09,43.80,61.0,55,0,49,2,3,1,0,0,0,0,0,0
533967_00938_00939_0,207.9,1,2022/10/18 11:30:00,20.09,37.25,45.0,40,0,35,0,5,0,0,0,0,0,0,0
533967_00938_00939_0,207.9,1,2022/10/18 11:45:00,18.17,41.19,59.0,57,0,55,0,2,0,0,0,0,0,0,0
533967_00938_00939_0,207.9,1,2022/10/18 12:00:00,18.00,41.58,56.0,50,0,44,4,2,0,0,0,0,0,0,0
533967_00938_00939_0,207.9,1,2022/10/18 12:15:00,17.64,42.42,61.0,57,0,53,1,3,0,0,0,0,0,0,0
533967_00938_00939_0,207.9,1,2022/10/18 12:30:00,18.35,40.79,61.0,57,0,53,0,4,0,0,0,0,0,0,0
533967_00938_00939_0,207.9,1,2022/10/18 12:45:00,18.51,40.44,50.0,48,0,46,0,2,0,0,0,0,0,0,0
533967_00938_00939_0,207.9,1,2022/10/18 13:00:00,19.58,38.23,50.0,44,0,38,4,2,0,0,0,0,0,0,0
533967_00938_00939_0,207.9,1,2022/10/18 13:15:00,15.25,49.08,51.0,49,0,47,0,2,0,0,0,0,0,0,0
533967_00938_00939_0,207.9,1,2022/10/18 13:30:00,16.82,44.49,41.0,37,0,33,0,4,0,0,0,0,0,0,0
533967_00938_00939_0,207.9,1,2022/10/18 13:45:00,14.76,50.70,47.0,46,0,45,0,1,0,0,0,0,0,0,0
533967_00938_00939_0,207.9,1,2022/10/18 14:00:00,19.76,37.88,54.0,51,0,48,0,3,0,0,0,0,0,0,0
533967_00938_00939_0,207.9,1,2022/10/18 14:15:00,18.11,41.31,56.0,54,0,52,0,2,0,0,0,0,0,0,0
533967_00938_00939_0,207.9,1,2022/10/18 14:30:00,22.12,33.83,34.0,29,0,24,0,5,0,0,0,0,0,0,0
533967_00938_00939_0,207.9,1,2022/10/18 14:45:00,19.14,39.10,52.0,50,0,48,0,2,0,0,0,0,0,0,0
533967_00938_00939_0,207.9,1,2022/10/18 15:00:00,15.93,46.97,76.0,67,0,58,5,4,0,0,0,0,0,0,0
533967_00938_00939_0,207.9,1,2022/10/18 15:15:00,17.58,42.57,65.0,60,0,55,2,3,0,0,0,0,0,0,0
533967_00938_00939_0,207.9,1,2022/10/18 15:30:00,17.49,42.78,44.0,41,0,38,0,3,0,0,0,0,0,0,0
533967_00938_00939_0,207.9,1,2022/10/18 15:45:00,4.40,170.11,38.0,35,0,32,2,1,0,0,0,0,0,0,0
533967_00938_00939_0,207.9,1,2022/10/18 16:00:00,2.32,322.55,69.0,67,0,65,1,1,0,0,0,0,0,0,0
533967_00938_00939_0,207.9,1,2022/10/18 16:15:00,4.51,165.83,57.0,54,0,51,0,3,0,0,0,0,0,0,0
533967_00938_00939_0,207.9,1,2022/10/18 16:30:00,14.33,52.24,55.0,51,0,47,0,4,0,0,0,0,0,0,0
533967_00938_00939_0,207.9,1,2022/10/18 16:45:00,13.89,53.89,40.0,38,0,36,0,2,0,0,0,0,0,0,0
533967_00938_00939_0,207.9,1,2022/10/18 17:00:00,16.70,44.81,39.0,36,0,33,0,3,0,0,0,0,0,0,0
533967_00938_00939_0,207.9,1,2022/10/18 17:15:00,14.75,50.75,66.0,61,0,56,0,5,0,0,0,0,0,0,0
533967_00938_00939_0,207.9,1,2022/10/18 17:30:00,14.76,50.70,58.0,53,0,48,0,5,0,0,0,0,0,0,0
533967_00938_00939_0,207.9,1,2022/10/18 17:45:00,18.07,41.43,65.0,61,0,57,0,4,0,0,0,0,0,0,0
533967_00938_00939_0,207.9,1,2022/10/18 18:00:00,12.61,59.36,66.0,59,0,52,1,6,0,0,0,0,0,0,0
533967_00938_00939_0,207.9,1,2022/10/18 18:15:00,14.33,52.23,51.0,48,0,45,0,3,0,0,0,0,0,0,0
533967_00938_00939_0,207.9,1,2022/10/18 18:30:00,20.31,36.84,49.0,45,0,41,0,4,0,0,0,0,0,0,0
533967_00938_00939_0,207.9,1,2022/10/18 18:45:00,18.07,41.41,50.0,46,0,42,0,4,0,0,0,0,0,0,0
533967_00938_00939_1,214.1,1,2022/10/18 06:30:00,45.66,16.88,45.0,40,0,35,4,1,0,0,0,0,0,0,0
533967_00938_00939_1,214.1,1,2022/10/18 06:45:00,46.03,16.74,69.0,58,0,47,8,3,0,0,0,0,0,0,0
533967_00938_00939_1,214.1,1,2022/10/18 07:00:00,44.99,17.13,75.0,70,0,65,4,1,0,0,0,0,0,0,0
533967_00938_00939_1,214.1,1,2022/10/18 07:15:00,46.34,16.63,96.0,81,0,66,9,6,0,0,0,0,0,0,0
533967_00938_00939_1,214.1,1,2022/10/18 07:30:00,45.49,16.94,134.0,118,0,102,13,3,0,0,0,0,0,0,0
533967_00938_00939_1,214.1,1,2022/10/18 07:45:00,45.83,16.82,103.0,92,0,81,10,1,0,0,0,0,0,0,0
533967_00938_00939_1,214.1,1,2022/10/18 08:00:00,45.74,16.85,73.0,59,0,45,8,6,0,0,0,0,0,0,0
533967_00938_00939_1,214.1,1,2022/10/18 08:15:00,46.13,16.71,64.0,51,0,38,7,6,0,0,0,0,0,0,0
533967_00938_00939_1,214.1,1,2022/10/18 08:30:00,44.86,17.18,129.0,107,0,85,17,5,0,0,0,0,0,0,0
533967_00938_00939_1,214.1,1,2022/10/18 08:45:00,45.30,17.01,103.0,90,0,77,10,3,0,0,0,0,0,0,0
533967_00938_00939_1,214.1,1,2022/10/18 09:00:00,45.29,17.01,79.0,71,0,63,5,3,0,0,0,0,0,0,0
533967_00938_00939_1,214.1,1,2022/10/18 09:15:00,46.08,16.72,86.0,76,0,66,4,6,0,0,0,0,0,0,0
533967_00938_00939_1,214.1,1,2022/10/18 09:30:00,45.01,17.12,82.0,66,0,50,11,5,0,0,0,0,0,0,0
533967_00938_00939_1,214.1,1,2022/10/18 09:45:00,45.83,16.81,123.0,113,0,103,8,2,0,0,0,0,0,0,0
533967_00938_00939_1,214.1,1,2022/10/18 10:00:00,44.62,17.27,170.0,162,0,154,5,3,0,0,0,0,0,0,0
533967_00938_00939_1,214.1,1,2022/10/18 10:15:00,45.18,17.05,191.0,166,0,141,22,3,0,0,0,0,0,0,0
533967_00938_00939_1,214.1,1,2022/10/18 10:30:00,44.62,17.27,96.0,82,0,68,7,7,0,0,0,0,0,0,0
533967_00938_00939_1,214.1,1,2022/10/18 10:45:00,46.70,16.50,100.0,86,0,72,12,2,0,0,0,0,0,0,0
533967_00938_00939_1,214.1,1,2022/10/18 11:00:00,45.27,17.02,112.0,98,0,84,12,2,0,0,0,0,0,0,0
533967_00938_00939_1,214.1,1,2022/10/18 11:15:00,46.49,16.57,114.0,101,0,88,10,3,0,0,0,0,0,0,0
533967_00938_00939_1,214.1,1,2022/10/18 11:30:00,45.93,16.78,57.0,54,0,51,1,2,0,0,0,0,0,0,0
533967_00938_00939_1,214.1,1,2022/10/18 11:45:00,44.77,17.21,80.0,71,0,62,5,3,1,0,0,0,0,0,0
533967_00938_00939_1,214.1,1,2022/10/18 12:00:00,45.82,16.82,93.0,82,0,71,7,4,0,0,0,0,0,0,0
533967_00938_00939_1,214.1,1,2022/10/18 12:15:00,44.76,17.22,63.0,51,0,39,10,2,0,0,0,0,0,0,0
533967_00938_00939_1,214.1,1,2022/10/18 12:30:00,44.88,17.17,76.0,71,0,66,0,5,0,0,0,0,0,0,0
533967_00938_00939_1,214.1,1,2022/10/18 12:45:00,44.37,17.37,50.0,41,0,32,7,2,0,0,0,0,0,0,0
533967_00938_00939_1,214.1,1,2022/10/18 13:00:00,45.06,17.10,63.0,49,0,35,10,4,0,0,0,0,0,0,0
533967_00938_00939_1,214.1,1,2022/10/18 13:15:00,45.67,16.87,74.0,70,0,66,1,3,0,0,0,0,0,0,0
533967_00938_00939_1,214.1,1,2022/10/18 13:30:00,44.43,17.34,41.0,29,0,17,10,2,0,0,0,0,0,0,0
533967_00938_00939_1,214.1,1,2022/10/18 13:45:00,46.05,16.73,69.0,64,0,59,2,3,0,0,0,0,0,0,0
533967_00938_00939_1,214.1,1,2022/10/18 14:00:00,46.55,16.55,67.0,56,0,45,7,4,0,0,0,0,0,0,0
533967_00938_00939_1,214.1,1,2022/10/18 14:15:00,45.52,16.93,51.0,42,0,33,9,0,0,0,0,0,0,0,0
533967_00938_00939_1,214.1,1,2022/10/18 14:30:00,45.87,16.80,51.0,40,0,29,8,3,0,0,0,0,0,0,0
533967_00938_00939_1,214.1,1,2022/10/18 14:45:00,45.78,16.83,40.0,36,0,32,0,4,0,0,0,0,0,0,0
533967_00938_00939_1,214.1,1,2022/10/18 15:00:00,45.12,17.08,104.0,89,0,74,12,3,0,0,0,0,0,0,0
533967_00938_00939_1,214.1,1,2022/10/18 15:15:00,44.99,17.13,108.0,100,0,92,3,5,0,0,0,0,0,0,0
533967_00938_00939_1,214.1,1,2022/10/18 15:30:00,44.64,17.26,34.0,23,0,12,9,2,0,0,0,0,0,0,0
533967_00938_00939_1,214.1,1,2022/10/18 15:45:00,45.61,16.90,56.0,48,0,40,4,4,0,0,0,0,0,0,0
533967_00938_00939_1,214.1,1,2022/10/18 16:00:00,44.05,17.49,81.0,71,0,61,7,3,0,0,0,0,0,0,0
533967_00938_00939_1,214.1,1,2022/10/18 16:15:00,44.85,17.18,82.0,77,0,72,4,1,0,0,0,0,0,0,0
533967_00938_00939_1,214.1,1,2022/10/18 16:30:00,46.05,16.73,66.0,64,0,62,2,0,0,0,0,0,0,0,0
533967_00938_00939_1,214.1,1,2022/10/18 16:45:00,44.52,17.31,54.0,42,0,30,9,3,0,0,0,0,0,0,0
533967_00938_00939_1,214.1,1,2022/10/18 17:00:00,45.64,16.88,54.0,43,0,32,6,5,0,0,0,0,0,0,0
533967_00938_00939_1,214.1,1,2022/10/18 17:15:00,44.17,17.45,82.0,76,0,70,2,4,0,0,0,0,0,0,0
533967_00938_00939_1,214.1,1,2022/10/18 17:30:00,46.32,16.63,56.0,52,0,48,1,3,0,0,0,0,0,0,0
533967_00938_00939_1,214.1,1,2022/10/18 17:45:00,45.13,17.07,72.0,68,0,64,0,4,0,0,0,0,0,0,0
533967_00938_00939_1,214.1,1,2022/10/18 18:00:00,45.33,17.00,115.0,108,0,101,2,5,0,0,0,0,0,0,0
533967_00938_00939_1,214.1,1,2022/10/18 18:15:00,44.03,17.50,51.0,42,0,33,3,6,0,0,0,0,0,0,0
533967_00938_00939_1,214.1,1,2022/10/18 18:30:00,45.80,16.82,91.0,85,0,79,4,2,0,0,0,0,0,0,0
533967_00938_00939_1,214.1,1,2022/10/18 18:45:00,45.88,16.79,79.0,73,0,67,1,5,0,0,0,0,0,0,0
533967_00938_01409_1,59.5,1,2022/10/18 06:30:00,53.54,4.00,27.0,24,0,21,1,2,0,0,0,0,0,0,0
533967_00938_01409_1,59.5,1,2022/10/18 06:45:00,53.22,4.02,43.0,42,0,41,1,0,0,0,0,0,0,0,0
533967_00938_01409_1,59.5,1,2022/10/18 07:00:00,51.69,4.14,39.0,35,0,31,1,3,0,0,0,0,0,0,0
533967_00938_01409_1,59.5,1,2022/10/18 07:15:00,52.46,4.08,53.0,49,0,45,0,4,0,0,0,0,0,0,0
533967_00938_01409_1,59.5,1,2022/10/18 07:30:00,50.89,4.21,75.0,72,0,69,0,3,0,0,0,0,0,0,0
533967_00938_01409_1,59.5,1,2022/10/18 07:45:00,53.32,4.02,69.0,63,0,57,0,6,0,0,0,0,0,0,0
533967_00938_01409_1,59.5,1,2022/10/18 08:00:00,52.44,4.08,54.0,48,0,42,0,6,0,0,0,0,0,0,0
533967_00938_01409_1,59.5,1,2022/10/18 08:15:00,50.67,4.23,34.0,31,0,28,0,3,0,0,0,0,0,0,0
533967_00938_01409_1,59.5,1,2022/10/18 08:30:00,52.21,4.10,67.0,59,0,51,0,8,0,0,0,0,0,0,0
533967_00938_01409_1,59.5,1,2022/10/18 08:45:00,52.60,4.07,45.0,42,0,39,0,3,0,0,0,0,0,0,0
533967_00938_01409_1,59.5,1,2022/10/18 09:00:00,53.16,4.03,40.0,35,0,30,0,5,0,0,0,0,0,0,0
533967_00938_01409_1,59.5,1,2022/10/18 09:15:00,53.14,4.03,42.0,34,0,26,6,2,0,0,0,0,0,0,0
533967_00938_01409_1,59.5,1,2022/10/18 09:30:00,52.01,4.12,40.0,34,0,28,0,6,0,0,0,0,0,0,0
533967_00938_01409_1,59.5,1,2022/10/18 09:45:00,52.76,4.06,55.0,51,0,47,0,4,0,0,0,0,0,0,0
533967_00938_01409_1,59.5,1,2022/10/18 10:00:00,50.89,4.21,59.0,48,0,37,7,4,0,0,0,0,0,0,0
533967_00938_01409_1,59.5,1,2022/10/18 10:15:00,53.54,4.00,17.0,15,0,13,0,2,0,0,0,0,0,0,0
533967_00938_01409_1,59.5,1,2022/10/18 10:30:00,52.11,4.11,68.0,55,0,42,8,5,0,0,0,0,0,0,0
533967_00938_01409_1,59.5,1,2022/10/18 10:45:00,53.54,4.00,27.0,25,0,23,0,2,0,0,0,0,0,0,0
533967_00938_01409_1,59.5,1,2022/10/18 11:00:00,53.19,4.03,41.0,39,0,37,0,2,0,0,0,0,0,0,0
533967_00938_01409_1,59.5,1,2022/10/18 11:15:00,50.02,4.28,62.0,57,0,52,2,2,1,0,0,0,0,0,0
533967_00938_01409_1,59.5,1,2022/10/18 11:30:00,52.89,4.05,46.0,41,0,36,0,5,0,0,0,0,0,0,0
533967_00938_01409_1,59.5,1,2022/10/18 11:45:00,52.32,4.09,56.0,54,0,52,0,2,0,0,0,0,0,0,0
533967_00938_01409_1,59.5,1,2022/10/18 12:00:00,53.01,4.04,57.0,50,0,43,5,2,0,0,0,0,0,0,0
533967_00938_01409_1,59.5,1,2022/10/18 12:15:00,52.64,4.07,62.0,59,0,56,0,3,0,0,0,0,0,0,0
533967_00938_01409_1,59.5,1,2022/10/18 12:30:00,51.43,4.16,59.0,55,0,51,0,4,0,0,0,0,0,0,0
533967_00938_01409_1,59.5,1,2022/10/18 12:45:00,52.73,4.06,51.0,49,0,47,0,2,0,0,0,0,0,0,0
533967_00938_01409_1,59.5,1,2022/10/18 13:00:00,53.54,4.00,50.0,43,0,36,4,3,0,0,0,0,0,0,0
533967_00938_01409_1,59.5,1,2022/10/18 13:15:00,52.74,4.06,52.0,50,0,48,0,2,0,0,0,0,0,0,0
533967_00938_01409_1,59.5,1,2022/10/18 13:30:00,52.50,4.08,41.0,38,0,35,0,3,0,0,0,0,0,0,0
533967_00938_01409_1,59.5,1,2022/10/18 13:45:00,53.25,4.02,48.0,47,0,46,0,1,0,0,0,0,0,0,0
533967_00938_01409_1,59.5,1,2022/10/18 14:00:00,52.82,4.05,58.0,55,0,52,0,3,0,0,0,0,0,0,0
533967_00938_01409_1,59.5,1,2022/10/18 14:15:00,52.69,4.06,49.0,47,0,45,0,2,0,0,0,0,0,0,0
533967_00938_01409_1,59.5,1,2022/10/18 14:30:00,52.23,4.10,35.0,30,0,25,0,5,0,0,0,0,0,0,0
533967_00938_01409_1,59.5,1,2022/10/18 14:45:00,53.54,4.00,55.0,53,0,51,0,2,0,0,0,0,0,0,0
533967_00938_01409_1,59.5,1,2022/10/18 15:00:00,52.92,4.05,73.0,64,0,55,5,4,0,0,0,0,0,0,0
533967_00938_01409_1,59.5,1,2022/10/18 15:15:00,52.07,4.11,67.0,62,0,57,2,3,0,0,0,0,0,0,0
533967_00938_01409_1,59.5,1,2022/10/18 15:30:00,52.60,4.07,45.0,42,0,39,0,3,0,0,0,0,0,0,0
533967_00938_01409_1,59.5,1,2022/10/18 15:45:00,20.39,10.50,58.0,54,0,50,3,1,0,0,0,0,0,0,0
533967_00938_01409_1,59.5,1,2022/10/18 16:00:00,2.95,72.52,65.0,63,0,61,0,2,0,0,0,0,0,0,0
533967_00938_01409_1,59.5,1,2022/10/18 16:15:00,50.92,4.21,42.0,39,0,36,0,3,0,0,0,0,0,0,0
533967_00938_01409_1,59.5,1,2022/10/18 16:30:00,52.30,4.09,56.0,53,0,50,0,3,0,0,0,0,0,0,0
533967_00938_01409_1,59.5,1,2022/10/18 16:45:00,52.71,4.06,34.0,32,0,30,0,2,0,0,0,0,0,0,0
533967_00938_01409_1,59.5,1,2022/10/18 17:00:00,53.54,4.00,45.0,41,0,37,0,4,0,0,0,0,0,0,0
533967_00938_01409_1,59.5,1,2022/10/18 17:15:00,52.07,4.11,66.0,62,0,58,0,4,0,0,0,0,0,0,0
533967_00938_01409_1,59.5,1,2022/10/18 17:30:00,52.25,4.10,56.0,51,0,46,0,5,0,0,0,0,0,0,0
533967_00938_01409_1,59.5,1,2022/10/18 17:45:00,51.86,4.13,67.0,62,0,57,0,5,0,0,0,0,0,0,0
533967_00938_01409_1,59.5,1,2022/10/18 18:00:00,53.08,4.03,64.0,58,0,52,1,5,0,0,0,0,0,0,0
533967_00938_01409_1,59.5,1,2022/10/18 18:15:00,52.64,4.07,47.0,44,0,41,0,3,0,0,0,0,0,0,0
533967_00938_01409_1,59.5,1,2022/10/18 18:30:00,53.24,4.02,49.0,45,0,41,0,4,0,0,0,0,0,0,0
533967_00938_01409_1,59.5,1,2022/10/18 18:45:00,53.27,4.02,54.0,50,0,46,0,4,0,0,0,0,0,0,0
533967_00938_01417_0,56.9,1,2022/10/18 06:30:00,49.66,4.13,45.0,40,0,35,4,1,0,0,0,0,0,0,0
533967_00938_01417_0,56.9,1,2022/10/18 06:45:00,51.00,4.02,69.0,58,0,47,8,3,0,0,0,0,0,0,0
533967_00938_01417_0,56.9,1,2022/10/18 07:00:00,50.32,4.07,75.0,70,0,65,4,1,0,0,0,0,0,0,0
533967_00938_01417_0,56.9,1,2022/10/18 07:15:00,49.09,4.17,96.0,81,0,66,9,6,0,0,0,0,0,0,0
533967_00938_01417_0,56.9,1,2022/10/18 07:30:00,49.95,4.10,134.0,118,0,102,13,3,0,0,0,0,0,0,0
533967_00938_01417_0,56.9,1,2022/10/18 07:45:00,49.34,4.15,103.0,92,0,81,10,1,0,0,0,0,0,0,0
533967_00938_01417_0,56.9,1,2022/10/18 08:00:00,50.78,4.03,73.0,59,0,45,8,6,0,0,0,0,0,0,0
533967_00938_01417_0,56.9,1,2022/10/18 08:15:00,50.47,4.06,64.0,51,0,38,7,6,0,0,0,0,0,0,0
533967_00938_01417_0,56.9,1,2022/10/18 08:30:00,49.82,4.11,129.0,107,0,85,17,5,0,0,0,0,0,0,0
533967_00938_01417_0,56.9,1,2022/10/18 08:45:00,48.52,4.22,103.0,90,0,77,10,3,0,0,0,0,0,0,0
533967_00938_01417_0,56.9,1,2022/10/18 09:00:00,49.81,4.11,79.0,71,0,63,5,3,0,0,0,0,0,0,0
533967_00938_01417_0,56.9,1,2022/10/18 09:15:00,50.06,4.09,86.0,76,0,66,4,6,0,0,0,0,0,0,0
533967_00938_01417_0,56.9,1,2022/10/18 09:30:00,49.71,4.12,82.0,66,0,50,11,5,0,0,0,0,0,0,0
533967_00938_01417_0,56.9,1,2022/10/18 09:45:00,49.15,4.17,123.0,113,0,103,8,2,0,0,0,0,0,0,0
533967_00938_01417_0,56.9,1,2022/10/18 10:00:00,49.68,4.12,170.0,162,0,154,5,3,0,0,0,0,0,0,0
533967_00938_01417_0,56.9,1,2022/10/18 10:15:00,49.70,4.12,189.0,164,0,139,22,3,0,0,0,0,0,0,0
533967_00938_01417_0,56.9,1,2022/10/18 10:30:00,50.02,4.10,98.0,84,0,70,7,7,0,0,0,0,0,0,0
533967_00938_01417_0,56.9,1,2022/10/18 10:45:00,49.63,4.13,100.0,86,0,72,12,2,0,0,0,0,0,0,0
533967_00938_01417_0,56.9,1,2022/10/18 11:00:00,49.79,4.11,110.0,96,0,82,12,2,0,0,0,0,0,0,0
533967_00938_01417_0,56.9,1,2022/10/18 11:15:00,49.53,4.14,116.0,103,0,90,10,3,0,0,0,0,0,0,0
533967_00938_01417_0,56.9,1,2022/10/18 11:30:00,50.06,4.09,57.0,54,0,51,1,2,0,0,0,0,0,0,0
533967_00938_01417_0,56.9,1,2022/10/18 11:45:00,49.81,4.11,80.0,71,0,62,5,3,1,0,0,0,0,0,0
533967_00938_01417_0,56.9,1,2022/10/18 12:00:00,49.12,4.17,93.0,82,0,71,7,4,0,0,0,0,0,0,0
533967_00938_01417_0,56.9,1,2022/10/18 12:15:00,49.05,4.18,63.0,51,0,39,10,2,0,0,0,0,0,0,0
533967_00938_01417_0,56.9,1,2022/10/18 12:30:00,50.16,4.08,76.0,71,0,66,0,5,0,0,0,0,0,0,0
533967_00938_01417_0,56.9,1,2022/10/18 12:45:00,50.00,4.10,50.0,41,0,32,7,2,0,0,0,0,0,0,0
533967_00938_01417_0,56.9,1,2022/10/18 13:00:00,50.44,4.06,63.0,49,0,35,10,4,0,0,0,0,0,0,0
533967_00938_01417_0,56.9,1,2022/10/18 13:15:00,49.79,4.11,74.0,70,0,66,1,3,0,0,0,0,0,0,0
533967_00938_01417_0,56.9,1,2022/10/18 13:30:00,49.92,4.10,41.0,29,0,17,10,2,0,0,0,0,0,0,0
533967_00938_01417_0,56.9,1,2022/10/18 13:45:00,48.85,4.19,67.0,62,0,57,2,3,0,0,0,0,0,0,0
533967_00938_01417_0,56.9,1,2022/10/18 14:00:00,49.72,4.12,69.0,58,0,47,7,4,0,0,0,0,0,0,0
533967_00938_01417_0,56.9,1,2022/10/18 14:15:00,49.45,4.14,51.0,42,0,33,9,0,0,0,0,0,0,0,0
533967_00938_01417_0,56.9,1,2022/10/18 14:30:00,48.78,4.20,51.0,40,0,29,8,3,0,0,0,0,0,0,0
533967_00938_01417_0,56.9,1,2022/10/18 14:45:00,49.83,4.11,40.0,36,0,32,0,4,0,0,0,0,0,0,0
533967_00938_01417_0,56.9,1,2022/10/18 15:00:00,49.41,4.15,104.0,89,0,74,12,3,0,0,0,0,0,0,0
533967_00938_01417_0,56.9,1,2022/10/18 15:15:00,49.97,4.10,108.0,100,0,92,3,5,0,0,0,0,0,0,0
533967_00938_01417_0,56.9,1,2022/10/18 15:30:00,50.66,4.04,34.0,23,0,12,9,2,0,0,0,0,0,0,0
533967_00938_01417_0,56.9,1,2022/10/18 15:45:00,50.41,4.06,55.0,47,0,39,4,4,0,0,0,0,0,0,0
533967_00938_01417_0,56.9,1,2022/10/18 16:00:00,49.62,4.13,80.0,70,0,60,7,3,0,0,0,0,0,0,0
533967_00938_01417_0,56.9,1,2022/10/18 16:15:00,50.41,4.06,82.0,78,0,74,3,1,0,0,0,0,0,0,0
533967_00938_01417_0,56.9,1,2022/10/18 16:30:00,50.23,4.08,67.0,64,0,61,3,0,0,0,0,0,0,0,0
533967_00938_01417_0,56.9,1,2022/10/18 16:45:00,50.02,4.10,53.0,42,0,31,8,3,0,0,0,0,0,0,0
533967_00938_01417_0,56.9,1,2022/10/18 17:00:00,49.73,4.12,53.0,42,0,31,7,4,0,0,0,0,0,0,0
533967_00938_01417_0,56.9,1,2022/10/18 17:15:00,49.76,4.12,84.0,77,0,70,2,5,0,0,0,0,0,0,0
533967_00938_01417_0,56.9,1,2022/10/18 17:30:00,50.97,4.02,57.0,53,0,49,1,3,0,0,0,0,0,0,0
533967_00938_01417_0,56.9,1,2022/10/18 17:45:00,49.55,4.13,71.0,67,0,63,0,4,0,0,0,0,0,0,0
533967_00938_01417_0,56.9,1,2022/10/18 18:00:00,50.16,4.08,114.0,107,0,100,2,5,0,0,0,0,0,0,0
533967_00938_01417_0,56.9,1,2022/10/18 18:15:00,50.36,4.07,53.0,44,0,35,3,6,0,0,0,0,0,0,0
533967_00938_01417_0,56.9,1,2022/10/18 18:30:00,49.57,4.13,89.0,83,0,77,4,2,0,0,0,0,0,0,0
533967_00938_01417_0,56.9,1,2022/10/18 18:45:00,50.05,4.09,81.0,75,0,69,1,5,0,0,0,0,0,0,0
533967_00939_00940_0,46.1,1,2022/10/18 06:30:00,41.47,4.00,14.0,12,0,10,0,2,0,0,0,0,0,0,0
533967_00939_00940_0,46.1,1,2022/10/18 06:45:00,35.35,4.69,13.0,13,0,13,0,0,0,0,0,0,0,0,0
533967_00939_00940_0,46.1,1,2022/10/18 07:00:00,55.29,3.00,6.0,3,0,0,0,3,0,0,0,0,0,0,0
533967_00939_00940_0,46.1,1,2022/10/18 07:15:00,41.47,4.00,16.0,12,0,8,0,4,0,0,0,0,0,0,0
533967_00939_00940_0,46.1,1,2022/10/18 07:30:00,35.54,4.67,5.0,3,0,1,0,2,0,0,0,0,0,0,0
533967_00939_00940_0,46.1,1,2022/10/18 07:45:00,34.92,4.75,8.0,4,0,0,0,4,0,0,0,0,0,0,0
533967_00939_00940_0,46.1,1,2022/10/18 08:00:00,34.32,4.83,12.0,6,0,0,0,6,0,0,0,0,0,0,0
533967_00939_00940_0,46.1,1,2022/10/18 08:15:00,45.24,3.67,6.0,3,0,0,0,3,0,0,0,0,0,0,0
533967_00939_00940_0,46.1,1,2022/10/18 08:30:00,36.49,4.55,17.0,11,0,5,0,6,0,0,0,0,0,0,0
533967_00939_00940_0,46.1,1,2022/10/18 08:45:00,33.17,5.00,4.0,2,0,0,0,2,0,0,0,0,0,0,0
533967_00939_00940_0,46.1,1,2022/10/18 09:00:00,41.47,4.00,10.0,5,0,0,0,5,0,0,0,0,0,0,0
533967_00939_00940_0,46.1,1,2022/10/18 09:15:00,38.28,4.33,8.0,6,0,4,0,2,0,0,0,0,0,0,0
533967_00939_00940_0,46.1,1,2022/10/18 09:30:00,36.55,4.54,18.0,13,0,8,0,5,0,0,0,0,0,0,0
533967_00939_00940_0,46.1,1,2022/10/18 09:45:00,40.13,4.13,33.0,30,0,27,0,3,0,0,0,0,0,0,0
533967_00939_00940_0,46.1,1,2022/10/18 10:00:00,43.34,3.83,32.0,29,0,26,0,3,0,0,0,0,0,0,0
533967_00939_00940_0,46.1,1,2022/10/18 10:15:00,36.86,4.50,3.0,2,0,1,0,1,0,0,0,0,0,0,0
533967_00939_00940_0,46.1,1,2022/10/18 10:30:00,37.70,4.40,10.0,5,0,0,0,5,0,0,0,0,0,0,0
533967_00939_00940_0,46.1,1,2022/10/18 10:45:00,33.17,5.00,2.0,1,0,0,0,1,0,0,0,0,0,0,0
533967_00939_00940_0,46.1,1,2022/10/18 11:00:00,39.49,4.20,22.0,20,0,18,0,2,0,0,0,0,0,0,0
533967_00939_00940_0,46.1,1,2022/10/18 11:15:00,27.65,6.00,2.0,1,0,0,0,1,0,0,0,0,0,0,0
533967_00939_00940_0,46.1,1,2022/10/18 11:30:00,33.17,5.00,10.0,5,0,0,0,4,1,0,0,0,0,0,0
533967_00939_00940_0,46.1,1,2022/10/18 11:45:00,41.47,4.00,4.0,2,0,0,0,2,0,0,0,0,0,0,0
533967_00939_00940_0,46.1,1,2022/10/18 12:00:00,55.29,3.00,2.0,1,0,0,0,1,0,0,0,0,0,0,0
533967_00939_00940_0,46.1,1,2022/10/18 12:15:00,38.28,4.33,6.0,3,0,0,0,3,0,0,0,0,0,0,0
533967_00939_00940_0,46.1,1,2022/10/18 12:30:00,36.86,4.50,4.0,2,0,0,0,2,0,0,0,0,0,0,0
533967_00939_00940_0,46.1,1,2022/10/18 12:45:00,55.29,3.00,4.0,2,0,0,0,2,0,0,0,0,0,0,0
533967_00939_00940_0,46.1,1,2022/10/18 13:00:00,33.17,5.00,2.0,1,0,0,0,1,0,0,0,0,0,0,0
533967_00939_00940_0,46.1,1,2022/10/18 13:15:00,33.17,5.00,2.0,1,0,0,0,1,0,0,0,0,0,0,0
533967_00939_00940_0,46.1,1,2022/10/18 13:30:00,33.17,5.00,8.0,4,0,0,0,4,0,0,0,0,0,0,0
533967_00939_00940_0,46.1,1,2022/10/18 13:45:00,33.17,5.00,2.0,1,0,0,0,1,0,0,0,0,0,0,0
533967_00939_00940_0,46.1,1,2022/10/18 14:00:00,41.47,4.00,4.0,2,0,0,0,2,0,0,0,0,0,0,0
533967_00939_00940_0,46.1,1,2022/10/18 14:15:00,33.17,5.00,4.0,2,0,0,0,2,0,0,0,0,0,0,0
533967_00939_00940_0,46.1,1,2022/10/18 14:30:00,34.92,4.75,8.0,4,0,0,0,4,0,0,0,0,0,0,0
533967_00939_00940_0,46.1,1,2022/10/18 14:45:00,33.17,5.00,4.0,2,0,0,0,2,0,0,0,0,0,0,0
533967_00939_00940_0,46.1,1,2022/10/18 15:00:00,41.47,4.00,10.0,5,0,0,3,2,0,0,0,0,0,0,0
533967_00939_00940_0,46.1,1,2022/10/18 15:15:00,33.17,5.00,4.0,2,0,0,0,2,0,0,0,0,0,0,0
533967_00939_00940_0,46.1,1,2022/10/18 15:30:00,41.47,4.00,4.0,2,0,0,0,2,0,0,0,0,0,0,0
533967_00939_00940_0,46.1,1,2022/10/18 15:45:00,41.47,4.00,2.0,1,0,0,0,1,0,0,0,0,0,0,0
533967_00939_00940_0,46.1,1,2022/10/18 16:00:00,-1.00,-1.00,0.0,0,0,0,0,0,0,0,0,0,0,0,0
533967_00939_00940_0,46.1,1,2022/10/18 16:15:00,41.47,4.00,6.0,3,0,0,0,3,0,0,0,0,0,0,0
533967_00939_00940_0,46.1,1,2022/10/18 16:30:00,36.86,4.50,8.0,4,0,0,0,4,0,0,0,0,0,0,0
533967_00939_00940_0,46.1,1,2022/10/18 16:45:00,36.86,4.50,7.0,6,0,5,0,1,0,0,0,0,0,0,0
533967_00939_00940_0,46.1,1,2022/10/18 17:00:00,39.72,4.18,20.0,17,0,14,0,3,0,0,0,0,0,0,0
533967_00939_00940_0,46.1,1,2022/10/18 17:15:00,41.47,4.00,13.0,8,0,3,0,5,0,0,0,0,0,0,0
533967_00939_00940_0,46.1,1,2022/10/18 17:30:00,36.86,4.50,8.0,4,0,0,0,4,0,0,0,0,0,0,0
533967_00939_00940_0,46.1,1,2022/10/18 17:45:00,34.92,4.75,8.0,4,0,0,0,4,0,0,0,0,0,0,0
533967_00939_00940_0,46.1,1,2022/10/18 18:00:00,38.82,4.27,17.0,11,0,5,1,5,0,0,0,0,0,0,0
533967_00939_00940_0,46.1,1,2022/10/18 18:15:00,33.17,5.00,6.0,3,0,0,0,3,0,0,0,0,0,0,0
533967_00939_00940_0,46.1,1,2022/10/18 18:30:00,45.24,3.67,6.0,3,0,0,0,3,0,0,0,0,0,0,0
533967_00939_00940_0,46.1,1,2022/10/18 18:45:00,33.17,5.00,8.0,4,0,0,0,4,0,0,0,0,0,0,0
533967_00939_00940_1,48.5,1,2022/10/18 06:30:00,33.02,5.29,14.0,14,0,14,0,0,0,0,0,0,0,0,0
533967_00939_00940_1,48.5,1,2022/10/18 06:45:00,31.50,5.54,26.0,24,0,22,0,2,0,0,0,0,0,0,0
533967_00939_00940_1,48.5,1,2022/10/18 07:00:00,27.93,6.25,29.0,28,0,27,0,1,0,0,0,0,0,0,0
533967_00939_00940_1,48.5,1,2022/10/18 07:15:00,18.80,9.29,9.0,7,0,5,0,2,0,0,0,0,0,0,0
533967_00939_00940_1,48.5,1,2022/10/18 07:30:00,40.28,4.33,7.0,6,0,5,0,1,0,0,0,0,0,0,0
533967_00939_00940_1,48.5,1,2022/10/18 07:45:00,43.64,4.00,5.0,5,0,5,0,0,0,0,0,0,0,0,0
533967_00939_00940_1,48.5,1,2022/10/18 08:00:00,34.91,5.00,3.0,2,0,1,0,1,0,0,0,0,0,0,0
533967_00939_00940_1,48.5,1,2022/10/18 08:15:00,-1.00,-1.00,0.0,0,0,0,0,0,0,0,0,0,0,0,0
533967_00939_00940_1,48.5,1,2022/10/18 08:30:00,50.91,3.43,9.0,7,0,5,0,2,0,0,0,0,0,0,0
533967_00939_00940_1,48.5,1,2022/10/18 08:45:00,22.52,7.75,16.0,16,0,16,0,0,0,0,0,0,0,0,0
533967_00939_00940_1,48.5,1,2022/10/18 09:00:00,39.41,4.43,14.0,14,0,14,0,0,0,0,0,0,0,0,0
533967_00939_00940_1,48.5,1,2022/10/18 09:15:00,32.32,5.40,16.0,15,0,14,0,1,0,0,0,0,0,0,0
533967_00939_00940_1,48.5,1,2022/10/18 09:30:00,33.25,5.25,5.0,4,0,3,0,1,0,0,0,0,0,0,0
533967_00939_00940_1,48.5,1,2022/10/18 09:45:00,22.00,7.93,16.0,15,0,14,1,0,0,0,0,0,0,0,0
533967_00939_00940_1,48.5,1,2022/10/18 10:00:00,19.00,9.18,39.0,38,0,37,0,1,0,0,0,0,0,0,0
533967_00939_00940_1,48.5,1,2022/10/18 10:15:00,23.57,7.41,37.0,37,0,37,0,0,0,0,0,0,0,0,0
533967_00939_00940_1,48.5,1,2022/10/18 10:30:00,17.68,9.87,33.0,31,0,29,0,2,0,0,0,0,0,0,0
533967_00939_00940_1,48.5,1,2022/10/18 10:45:00,-1.00,-1.00,0.0,0,0,0,0,0,0,0,0,0,0,0,0
533967_00939_00940_1,48.5,1,2022/10/18 11:00:00,18.70,9.33,20.0,18,0,16,0,2,0,0,0,0,0,0,0
533967_00939_00940_1,48.5,1,2022/10/18 11:15:00,39.67,4.40,5.0,5,0,5,0,0,0,0,0,0,0,0,0
533967_00939_00940_1,48.5,1,2022/10/18 11:30:00,45.93,3.80,6.0,5,0,4,0,1,0,0,0,0,0,0,0
533967_00939_00940_1,48.5,1,2022/10/18 11:45:00,39.90,4.38,8.0,8,0,8,0,0,0,0,0,0,0,0,0
533967_00939_00940_1,48.5,1,2022/10/18 12:00:00,30.74,5.68,29.0,28,0,27,0,1,0,0,0,0,0,0,0
533967_00939_00940_1,48.5,1,2022/10/18 12:15:00,13.07,13.36,15.0,14,0,13,0,1,0,0,0,0,0,0,0
533967_00939_00940_1,48.5,1,2022/10/18 12:30:00,34.91,5.00,7.0,6,0,5,0,1,0,0,0,0,0,0,0
533967_00939_00940_1,48.5,1,2022/10/18 12:45:00,21.82,8.00,2.0,2,0,2,0,0,0,0,0,0,0,0,0
533967_00939_00940_1,48.5,1,2022/10/18 13:00:00,22.97,7.60,7.0,5,0,3,0,2,0,0,0,0,0,0,0
533967_00939_00940_1,48.5,1,2022/10/18 13:15:00,11.64,15.00,1.0,1,0,1,0,0,0,0,0,0,0,0,0
533967_00939_00940_1,48.5,1,2022/10/18 13:30:00,17.45,10.00,2.0,1,0,0,0,1,0,0,0,0,0,0,0
533967_00939_00940_1,48.5,1,2022/10/18 13:45:00,58.18,3.00,2.0,1,0,0,0,1,0,0,0,0,0,0,0
533967_00939_00940_1,48.5,1,2022/10/18 14:00:00,58.18,3.00,2.0,1,0,0,0,1,0,0,0,0,0,0,0
533967_00939_00940_1,48.5,1,2022/10/18 14:15:00,36.02,4.85,13.0,13,0,13,0,0,0,0,0,0,0,0,0
533967_00939_00940_1,48.5,1,2022/10/18 14:30:00,48.87,3.57,16.0,14,0,12,0,2,0,0,0,0,0,0,0
533967_00939_00940_1,48.5,1,2022/10/18 14:45:00,45.53,3.83,7.0,6,0,5,0,1,0,0,0,0,0,0,0
533967_00939_00940_1,48.5,1,2022/10/18 15:00:00,26.85,6.50,5.0,4,0,3,0,1,0,0,0,0,0,0,0
533967_00939_00940_1,48.5,1,2022/10/18 15:15:00,9.52,18.33,3.0,3,0,3,0,0,0,0,0,0,0,0,0
533967_00939_00940_1,48.5,1,2022/10/18 15:30:00,22.77,7.67,7.0,6,0,5,0,1,0,0,0,0,0,0,0
533967_00939_00940_1,48.5,1,2022/10/18 15:45:00,9.19,19.00,2.0,1,0,0,0,1,0,0,0,0,0,0,0
533967_00939_00940_1,48.5,1,2022/10/18 16:00:00,29.09,6.00,9.0,7,0,5,0,2,0,0,0,0,0,0,0
533967_00939_00940_1,48.5,1,2022/10/18 16:15:00,25.11,6.95,20.0,20,0,20,0,0,0,0,0,0,0,0,0
533967_00939_00940_1,48.5,1,2022/10/18 16:30:00,-1.00,-1.00,0.0,0,0,0,0,0,0,0,0,0,0,0,0
533967_00939_00940_1,48.5,1,2022/10/18 16:45:00,23.27,7.50,8.0,8,0,8,0,0,0,0,0,0,0,0,0
533967_00939_00940_1,48.5,1,2022/10/18 17:00:00,45.38,3.85,13.0,13,0,13,0,0,0,0,0,0,0,0,0
533967_00939_00940_1,48.5,1,2022/10/18 17:15:00,14.31,12.20,20.0,20,0,20,0,0,0,0,0,0,0,0,0
533967_00939_00940_1,48.5,1,2022/10/18 17:30:00,45.93,3.80,5.0,5,0,5,0,0,0,0,0,0,0,0,0
533967_00939_00940_1,48.5,1,2022/10/18 17:45:00,29.09,6.00,2.0,1,0,0,0,1,0,0,0,0,0,0,0
533967_00939_00940_1,48.5,1,2022/10/18 18:00:00,23.80,7.33,7.0,6,0,5,0,1,0,0,0,0,0,0,0
533967_00939_00940_1,48.5,1,2022/10/18 18:15:00,26.18,6.67,4.0,3,0,2,0,1,0,0,0,0,0,0,0
533967_00939_00940_1,48.5,1,2022/10/18 18:30:00,37.65,4.64,11.0,11,0,11,0,0,0,0,0,0,0,0,0
533967_00939_00940_1,48.5,1,2022/10/18 18:45:00,16.99,10.27,11.0,11,0,11,0,0,0,0,0,0,0,0,0
533967_00939_01421_1,187.9,2,2022/10/18 06:30:00,23.73,28.50,38.0,32,0,26,5,1,0,0,0,0,0,0,0
533967_00939_01421_1,187.9,2,2022/10/18 06:45:00,23.68,28.57,69.0,60,0,51,8,1,0,0,0,0,0,0,0
533967_00939_01421_1,187.9,2,2022/10/18 07:00:00,20.46,33.07,79.0,75,0,71,4,0,0,0,0,0,0,0,0
533967_00939_01421_1,187.9,2,2022/10/18 07:15:00,21.80,31.03,137.0,120,0,103,13,4,0,0,0,0,0,0,0
533967_00939_01421_1,187.9,2,2022/10/18 07:30:00,17.11,39.53,147.0,129,0,111,16,2,0,0,0,0,0,0,0
533967_00939_01421_1,187.9,2,2022/10/18 07:45:00,18.06,37.45,116.0,105,0,94,10,1,0,0,0,0,0,0,0
533967_00939_01421_1,187.9,2,2022/10/18 08:00:00,18.93,35.73,118.0,103,0,88,9,6,0,0,0,0,0,0,0
533967_00939_01421_1,187.9,2,2022/10/18 08:15:00,18.24,37.09,131.0,120,0,109,6,5,0,0,0,0,0,0,0
533967_00939_01421_1,187.9,2,2022/10/18 08:30:00,14.30,47.30,162.0,142,0,122,17,3,0,0,0,0,0,0,0
533967_00939_01421_1,187.9,2,2022/10/18 08:45:00,13.41,50.43,140.0,127,0,114,10,3,0,0,0,0,0,0,0
533967_00939_01421_1,187.9,2,2022/10/18 09:00:00,17.13,39.48,127.0,109,0,91,12,6,0,0,0,0,0,0,0
533967_00939_01421_1,187.9,2,2022/10/18 09:15:00,19.50,34.69,100.0,87,0,74,8,5,0,0,0,0,0,0,0
533967_00939_01421_1,187.9,2,2022/10/18 09:30:00,19.75,34.25,125.0,106,0,87,15,4,0,0,0,0,0,0,0
533967_00939_01421_1,187.9,2,2022/10/18 09:45:00,13.88,48.72,171.0,150,0,129,19,2,0,0,0,0,0,0,0
533967_00939_01421_1,187.9,2,2022/10/18 10:00:00,7.97,84.84,187.0,174,0,161,9,4,0,0,0,0,0,0,0
533967_00939_01421_1,187.9,2,2022/10/18 10:15:00,8.78,77.02,218.0,189,0,160,23,6,0,0,0,0,0,0,0
533967_00939_01421_1,187.9,2,2022/10/18 10:30:00,17.27,39.17,121.0,111,0,101,6,4,0,0,0,0,0,0,0
533967_00939_01421_1,187.9,2,2022/10/18 10:45:00,22.07,30.65,175.0,161,0,147,12,2,0,0,0,0,0,0,0
533967_00939_01421_1,187.9,2,2022/10/18 11:00:00,14.75,45.84,214.0,193,0,172,21,0,0,0,0,0,0,0,0
533967_00939_01421_1,187.9,2,2022/10/18 11:15:00,15.06,44.91,189.0,171,0,153,15,3,0,0,0,0,0,0,0
533967_00939_01421_1,187.9,2,2022/10/18 11:30:00,18.27,37.02,150.0,133,0,116,15,2,0,0,0,0,0,0,0
533967_00939_01421_1,187.9,2,2022/10/18 11:45:00,12.06,56.08,153.0,141,0,129,9,2,1,0,0,0,0,0,0
533967_00939_01421_1,187.9,2,2022/10/18 12:00:00,14.63,46.23,145.0,128,0,111,14,3,0,0,0,0,0,0,0
533967_00939_01421_1,187.9,2,2022/10/18 12:15:00,20.03,33.76,137.0,126,0,115,10,1,0,0,0,0,0,0,0
533967_00939_01421_1,187.9,2,2022/10/18 12:30:00,15.03,45.01,129.0,121,0,113,4,4,0,0,0,0,0,0,0
533967_00939_01421_1,187.9,2,2022/10/18 12:45:00,18.37,36.83,153.0,135,0,117,11,7,0,0,0,0,0,0,0
533967_00939_01421_1,187.9,2,2022/10/18 13:00:00,20.02,33.79,140.0,128,0,116,10,2,0,0,0,0,0,0,0
533967_00939_01421_1,187.9,2,2022/10/18 13:15:00,20.83,32.47,159.0,152,0,145,1,6,0,0,0,0,0,0,0
533967_00939_01421_1,187.9,2,2022/10/18 13:30:00,15.92,42.50,158.0,147,0,136,10,1,0,0,0,0,0,0,0
533967_00939_01421_1,187.9,2,2022/10/18 13:45:00,17.29,39.13,141.0,137,0,133,2,2,0,0,0,0,0,0,0
533967_00939_01421_1,187.9,2,2022/10/18 14:00:00,18.52,36.52,144.0,134,0,124,7,3,0,0,0,0,0,0,0
533967_00939_01421_1,187.9,2,2022/10/18 14:15:00,18.73,36.11,155.0,146,0,137,9,0,0,0,0,0,0,0,0
533967_00939_01421_1,187.9,2,2022/10/18 14:30:00,19.93,33.95,103.0,94,0,85,8,1,0,0,0,0,0,0,0
533967_00939_01421_1,187.9,2,2022/10/18 14:45:00,19.15,35.32,99.0,93,0,87,0,6,0,0,0,0,0,0,0
533967_00939_01421_1,187.9,2,2022/10/18 15:00:00,16.68,40.54,162.0,148,0,134,12,2,0,0,0,0,0,0,0
533967_00939_01421_1,187.9,2,2022/10/18 15:15:00,16.33,41.41,163.0,149,0,135,9,5,0,0,0,0,0,0,0
533967_00939_01421_1,187.9,2,2022/10/18 15:30:00,15.53,43.55,139.0,129,0,119,9,1,0,0,0,0,0,0,0
533967_00939_01421_1,187.9,2,2022/10/18 15:45:00,18.02,37.55,115.0,108,0,101,4,3,0,0,0,0,0,0,0
533967_00939_01421_1,187.9,2,2022/10/18 16:00:00,15.19,44.52,169.0,156,0,143,12,1,0,0,0,0,0,0,0
533967_00939_01421_1,187.9,2,2022/10/18 16:15:00,17.25,39.20,156.0,148,0,140,7,1,0,0,0,0,0,0,0
533967_00939_01421_1,187.9,2,2022/10/18 16:30:00,21.45,31.53,128.0,126,0,124,1,1,0,0,0,0,0,0,0
533967_00939_01421_1,187.9,2,2022/10/18 16:45:00,16.16,41.85,142.0,126,0,110,13,3,0,0,0,0,0,0,0
533967_00939_01421_1,187.9,2,2022/10/18 17:00:00,20.09,33.68,140.0,127,0,114,9,4,0,0,0,0,0,0,0
533967_00939_01421_1,187.9,2,2022/10/18 17:15:00,14.58,46.38,137.0,130,0,123,3,4,0,0,0,0,0,0,0
533967_00939_01421_1,187.9,2,2022/10/18 17:30:00,17.47,38.71,140.0,133,0,126,1,6,0,0,0,0,0,0,0
533967_00939_01421_1,187.9,2,2022/10/18 17:45:00,14.70,46.03,147.0,141,0,135,3,3,0,0,0,0,0,0,0
533967_00939_01421_1,187.9,2,2022/10/18 18:00:00,14.52,46.58,173.0,166,0,159,3,4,0,0,0,0,0,0,0
533967_00939_01421_1,187.9,2,2022/10/18 18:15:00,16.30,41.51,134.0,122,0,110,4,8,0,0,0,0,0,0,0
533967_00939_01421_1,187.9,2,2022/10/18 18:30:00,13.26,51.01,144.0,137,0,130,5,2,0,0,0,0,0,0,0
533967_00939_01421_1,187.9,2,2022/10/18 18:45:00,14.54,46.53,127.0,121,0,115,1,5,0,0,0,0,0,0,0
533967_00940_13718_0,271.4,2,2022/10/18 06:30:00,39.63,24.65,68.0,63,0,58,3,2,0,0,0,0,0,0,0
533967_00940_13718_0,271.4,2,2022/10/18 06:45:00,39.81,24.55,84.0,77,0,70,7,0,0,0,0,0,0,0,0
533967_00940_13718_0,271.4,2,2022/10/18 07:00:00,39.83,24.53,72.0,62,0,52,7,3,0,0,0,0,0,0,0
533967_00940_13718_0,271.4,2,2022/10/18 07:15:00,39.60,24.67,120.0,106,0,92,10,4,0,0,0,0,0,0,0
533967_00940_13718_0,271.4,2,2022/10/18 07:30:00,36.61,26.69,129.0,118,0,107,9,2,0,0,0,0,0,0,0
533967_00940_13718_0,271.4,2,2022/10/18 07:45:00,39.75,24.58,90.0,85,0,80,1,4,0,0,0,0,0,0,0
533967_00940_13718_0,271.4,2,2022/10/18 08:00:00,31.87,30.65,143.0,133,0,123,4,6,0,0,0,0,0,0,0
533967_00940_13718_0,271.4,2,2022/10/18 08:15:00,31.18,31.33,133.0,124,0,115,6,3,0,0,0,0,0,0,0
533967_00940_13718_0,271.4,2,2022/10/18 08:30:00,39.28,24.87,112.0,93,0,74,14,5,0,0,0,0,0,0,0
533967_00940_13718_0,271.4,2,2022/10/18 08:45:00,39.80,24.55,116.0,104,0,92,9,3,0,0,0,0,0,0,0
533967_00940_13718_0,271.4,2,2022/10/18 09:00:00,38.35,25.48,149.0,120,0,91,20,9,0,0,0,0,0,0,0
533967_00940_13718_0,271.4,2,2022/10/18 09:15:00,39.40,24.80,63.0,49,0,35,12,2,0,0,0,0,0,0,0
533967_00940_13718_0,271.4,2,2022/10/18 09:30:00,39.54,24.71,94.0,76,0,58,13,5,0,0,0,0,0,0,0
533967_00940_13718_0,271.4,2,2022/10/18 09:45:00,39.45,24.77,116.0,95,0,74,18,3,0,0,0,0,0,0,0
533967_00940_13718_0,271.4,2,2022/10/18 10:00:00,39.85,24.52,83.0,64,0,45,16,3,0,0,0,0,0,0,0
533967_00940_13718_0,271.4,2,2022/10/18 10:15:00,38.30,25.51,75.0,63,0,51,11,1,0,0,0,0,0,0,0
533967_00940_13718_0,271.4,2,2022/10/18 10:30:00,39.91,24.48,69.0,54,0,39,10,5,0,0,0,0,0,0,0
533967_00940_13718_0,271.4,2,2022/10/18 10:45:00,39.38,24.81,62.0,58,0,54,3,1,0,0,0,0,0,0,0
533967_00940_13718_0,271.4,2,2022/10/18 11:00:00,38.98,25.06,75.0,62,0,49,11,2,0,0,0,0,0,0,0
533967_00940_13718_0,271.4,2,2022/10/18 11:15:00,38.84,25.15,50.0,39,0,28,10,1,0,0,0,0,0,0,0
533967_00940_13718_0,271.4,2,2022/10/18 11:30:00,38.42,25.43,67.0,51,0,35,11,4,1,0,0,0,0,0,0
533967_00940_13718_0,271.4,2,2022/10/18 11:45:00,38.48,25.39,35.0,28,0,21,5,2,0,0,0,0,0,0,0
533967_00940_13718_0,271.4,2,2022/10/18 12:00:00,39.46,24.76,90.0,75,0,60,15,0,0,0,0,0,0,0,0
533967_00940_13718_0,271.4,2,2022/10/18 12:15:00,38.21,25.57,69.0,58,0,47,8,3,0,0,0,0,0,0,0
533967_00940_13718_0,271.4,2,2022/10/18 12:30:00,39.38,24.81,72.0,58,0,44,11,3,0,0,0,0,0,0,0
533967_00940_13718_0,271.4,2,2022/10/18 12:45:00,38.49,25.38,80.0,73,0,66,5,2,0,0,0,0,0,0,0
533967_00940_13718_0,271.4,2,2022/10/18 13:00:00,39.12,24.98,102.0,86,0,70,15,1,0,0,0,0,0,0,0
533967_00940_13718_0,271.4,2,2022/10/18 13:15:00,39.68,24.62,64.0,58,0,52,5,1,0,0,0,0,0,0,0
533967_00940_13718_0,271.4,2,2022/10/18 13:30:00,39.40,24.80,73.0,65,0,57,4,4,0,0,0,0,0,0,0
533967_00940_13718_0,271.4,2,2022/10/18 13:45:00,39.43,24.78,62.0,50,0,38,11,1,0,0,0,0,0,0,0
533967_00940_13718_0,271.4,2,2022/10/18 14:00:00,39.34,24.83,84.0,66,0,48,16,2,0,0,0,0,0,0,0
533967_00940_13718_0,271.4,2,2022/10/18 14:15:00,39.14,24.96,61.0,50,0,39,9,2,0,0,0,0,0,0,0
533967_00940_13718_0,271.4,2,2022/10/18 14:30:00,39.26,24.89,105.0,97,0,89,4,4,0,0,0,0,0,0,0
533967_00940_13718_0,271.4,2,2022/10/18 14:45:00,39.87,24.51,75.0,67,0,59,6,2,0,0,0,0,0,0,0
533967_00940_13718_0,271.4,2,2022/10/18 15:00:00,39.21,24.92,87.0,74,0,61,11,2,0,0,0,0,0,0,0
533967_00940_13718_0,271.4,2,2022/10/18 15:15:00,39.36,24.82,60.0,50,0,40,8,2,0,0,0,0,0,0,0
533967_00940_13718_0,271.4,2,2022/10/18 15:30:00,38.66,25.27,74.0,59,0,44,13,2,0,0,0,0,0,0,0
533967_00940_13718_0,271.4,2,2022/10/18 15:45:00,39.60,24.67,60.0,52,0,44,7,1,0,0,0,0,0,0,0
533967_00940_13718_0,271.4,2,2022/10/18 16:00:00,37.19,26.27,63.0,55,0,47,8,0,0,0,0,0,0,0,0
533967_00940_13718_0,271.4,2,2022/10/18 16:15:00,38.56,25.34,59.0,50,0,41,6,3,0,0,0,0,0,0,0
533967_00940_13718_0,271.4,2,2022/10/18 16:30:00,39.74,24.58,76.0,65,0,54,7,4,0,0,0,0,0,0,0
533967_00940_13718_0,271.4,2,2022/10/18 16:45:00,39.63,24.65,95.0,89,0,83,5,1,0,0,0,0,0,0,0
533967_00940_13718_0,271.4,2,2022/10/18 17:00:00,38.19,25.58,125.0,117,0,109,5,3,0,0,0,0,0,0,0
533967_00940_13718_0,271.4,2,2022/10/18 17:15:00,38.99,25.06,93.0,81,0,69,7,5,0,0,0,0,0,0,0
533967_00940_13718_0,271.4,2,2022/10/18 17:30:00,39.37,24.81,98.0,86,0,74,8,4,0,0,0,0,0,0,0
533967_00940_13718_0,271.4,2,2022/10/18 17:45:00,39.48,24.75,93.0,87,0,81,2,4,0,0,0,0,0,0,0
533967_00940_13718_0,271.4,2,2022/10/18 18:00:00,38.80,25.18,98.0,88,0,78,5,5,0,0,0,0,0,0,0
533967_00940_13718_0,271.4,2,2022/10/18 18:15:00,39.62,24.66,76.0,68,0,60,5,3,0,0,0,0,0,0,0
533967_00940_13718_0,271.4,2,2022/10/18 18:30:00,39.56,24.69,68.0,59,0,50,6,3,0,0,0,0,0,0,0
533967_00940_13718_0,271.4,2,2022/10/18 18:45:00,39.84,24.52,86.0,82,0,78,0,4,0,0,0,0,0,0,0
533967_00943_01268_0,117.5,2,2022/10/18 06:30:00,46.93,9.01,93.0,85,0,77,2,6,0,0,0,0,0,0,0
533967_00943_01268_0,117.5,2,2022/10/18 06:45:00,47.00,9.00,87.0,79,0,71,2,6,0,0,0,0,0,0,0
533967_00943_01268_0,117.5,2,2022/10/18 07:00:00,47.11,8.98,96.0,89,0,82,2,5,0,0,0,0,0,0,0
533967_00943_01268_0,117.5,2,2022/10/18 07:15:00,47.00,9.00,96.0,90,0,84,3,3,0,0,0,0,0,0,0
533967_00943_01268_0,117.5,2,2022/10/18 07:30:00,47.00,9.00,80.0,74,0,68,2,4,0,0,0,0,0,0,0
533967_00943_01268_0,117.5,2,2022/10/18 07:45:00,46.88,9.02,96.0,91,0,86,0,5,0,0,0,0,0,0,0
533967_00943_01268_0,117.5,2,2022/10/18 08:00:00,47.00,9.00,88.0,78,0,68,5,5,0,0,0,0,0,0,0
533967_00943_01268_0,117.5,2,2022/10/18 08:15:00,47.00,9.00,65.0,61,0,57,2,2,0,0,0,0,0,0,0
533967_00943_01268_0,117.5,2,2022/10/18 08:30:00,47.05,8.99,121.0,104,0,87,11,6,0,0,0,0,0,0,0
533967_00943_01268_0,117.5,2,2022/10/18 08:45:00,47.00,9.00,78.0,71,0,64,3,4,0,0,0,0,0,0,0
533967_00943_01268_0,117.5,2,2022/10/18 09:00:00,47.00,9.00,110.0,87,0,64,17,6,0,0,0,0,0,0,0
533967_00943_01268_0,117.5,2,2022/10/18 09:15:00,47.00,9.00,85.0,74,0,63,9,2,0,0,0,0,0,0,0
533967_00943_01268_0,117.5,2,2022/10/18 09:30:00,46.16,9.16,100.0,86,0,72,10,4,0,0,0,0,0,0,0
533967_00943_01268_0,117.5,2,2022/10/18 09:45:00,47.00,9.00,77.0,70,0,63,6,1,0,0,0,0,0,0,0
533967_00943_01268_0,117.5,2,2022/10/18 10:00:00,47.00,9.00,104.0,97,0,90,5,2,0,0,0,0,0,0,0
533967_00943_01268_0,117.5,2,2022/10/18 10:15:00,47.00,9.00,71.0,60,0,49,11,0,0,0,0,0,0,0,0
533967_00943_01268_0,117.5,2,2022/10/18 10:30:00,47.00,9.00,64.0,60,0,56,0,4,0,0,0,0,0,0,0
533967_00943_01268_0,117.5,2,2022/10/18 10:45:00,47.09,8.98,59.0,53,0,47,3,3,0,0,0,0,0,0,0
533967_00943_01268_0,117.5,2,2022/10/18 11:00:00,47.00,9.00,78.0,69,0,60,8,1,0,0,0,0,0,0,0
533967_00943_01268_0,117.5,2,2022/10/18 11:15:00,47.00,9.00,93.0,76,0,59,10,7,0,0,0,0,0,0,0
533967_00943_01268_0,117.5,2,2022/10/18 11:30:00,47.00,9.00,61.0,56,0,51,4,1,0,0,0,0,0,0,0
533967_00943_01268_0,117.5,2,2022/10/18 11:45:00,47.10,8.98,57.0,50,0,43,4,3,0,0,0,0,0,0,0
533967_00943_01268_0,117.5,2,2022/10/18 12:00:00,46.86,9.03,82.0,76,0,70,3,3,0,0,0,0,0,0,0
533967_00943_01268_0,117.5,2,2022/10/18 12:15:00,47.00,9.00,71.0,71,0,71,0,0,0,0,0,0,0,0,0
533967_00943_01268_0,117.5,2,2022/10/18 12:30:00,47.00,9.00,64.0,59,0,54,0,5,0,0,0,0,0,0,0
533967_00943_01268_0,117.5,2,2022/10/18 12:45:00,47.14,8.97,85.0,73,0,61,10,2,0,0,0,0,0,0,0
533967_00943_01268_0,117.5,2,2022/10/18 13:00:00,47.00,9.00,47.0,43,0,39,2,2,0,0,0,0,0,0,0
533967_00943_01268_0,117.5,2,2022/10/18 13:15:00,47.00,9.00,81.0,65,0,49,13,3,0,0,0,0,0,0,0
533967_00943_01268_0,117.5,2,2022/10/18 13:30:00,46.91,9.02,74.0,63,0,52,10,1,0,0,0,0,0,0,0
533967_00943_01268_0,117.5,2,2022/10/18 13:45:00,47.00,9.00,53.0,42,0,31,9,2,0,0,0,0,0,0,0
533967_00943_01268_0,117.5,2,2022/10/18 14:00:00,47.06,8.99,100.0,87,0,74,8,5,0,0,0,0,0,0,0
533967_00943_01268_0,117.5,2,2022/10/18 14:15:00,47.10,8.98,61.0,48,0,35,9,4,0,0,0,0,0,0,0
533967_00943_01268_0,117.5,2,2022/10/18 14:30:00,47.00,9.00,87.0,74,0,61,7,6,0,0,0,0,0,0,0
533967_00943_01268_0,117.5,2,2022/10/18 14:45:00,47.00,9.00,75.0,65,0,55,7,3,0,0,0,0,0,0,0
533967_00943_01268_0,117.5,2,2022/10/18 15:00:00,47.00,9.00,70.0,61,0,52,8,1,0,0,0,0,0,0,0
533967_00943_01268_0,117.5,2,2022/10/18 15:15:00,47.00,9.00,47.0,40,0,33,2,5,0,0,0,0,0,0,0
533967_00943_01268_0,117.5,2,2022/10/18 15:30:00,47.07,8.99,83.0,71,0,59,7,5,0,0,0,0,0,0,0
533967_00943_01268_0,117.5,2,2022/10/18 15:45:00,47.00,9.00,48.0,45,0,42,2,1,0,0,0,0,0,0,0
533967_00943_01268_0,117.5,2,2022/10/18 16:00:00,47.07,8.99,80.0,72,0,64,2,6,0,0,0,0,0,0,0
533967_00943_01268_0,117.5,2,2022/10/18 16:15:00,47.07,8.99,83.0,73,0,63,5,5,0,0,0,0,0,0,0
533967_00943_01268_0,117.5,2,2022/10/18 16:30:00,47.07,8.99,76.0,69,0,62,5,2,0,0,0,0,0,0,0
533967_00943_01268_0,117.5,2,2022/10/18 16:45:00,47.00,9.00,82.0,75,0,68,6,1,0,0,0,0,0,0,0
533967_00943_01268_0,117.5,2,2022/10/18 17:00:00,47.00,9.00,60.0,53,0,46,2,5,0,0,0,0,0,0,0
533967_00943_01268_0,117.5,2,2022/10/18 17:15:00,47.00,9.00,84.0,76,0,68,5,3,0,0,0,0,0,0,0
533967_00943_01268_0,117.5,2,2022/10/18 17:30:00,47.09,8.98,64.0,58,0,52,4,2,0,0,0,0,0,0,0
533967_00943_01268_0,117.5,2,2022/10/18 17:45:00,46.85,9.03,74.0,71,0,68,2,1,0,0,0,0,0,0,0
533967_00943_01268_0,117.5,2,2022/10/18 18:00:00,46.88,9.02,88.0,88,0,88,0,0,0,0,0,0,0,0,0
533967_00943_01268_0,117.5,2,2022/10/18 18:15:00,47.00,9.00,56.0,56,0,56,0,0,0,0,0,0,0,0,0
533967_00943_01268_0,117.5,2,2022/10/18 18:30:00,47.00,9.00,64.0,62,0,60,0,2,0,0,0,0,0,0,0
533967_00943_01268_0,117.5,2,2022/10/18 18:45:00,46.80,9.04,55.0,53,0,51,0,2,0,0,0,0,0,0,0
533967_00944_13715_1,48.1,2,2022/10/18 06:30:00,51.71,3.35,39.0,37,0,35,0,2,0,0,0,0,0,0,0
533967_00944_13715_1,48.1,2,2022/10/18 06:45:00,50.45,3.43,47.0,46,0,45,0,1,0,0,0,0,0,0,0
533967_00944_13715_1,48.1,2,2022/10/18 07:00:00,49.04,3.53,19.0,15,0,11,0,4,0,0,0,0,0,0,0
533967_00944_13715_1,48.1,2,2022/10/18 07:15:00,49.91,3.47,53.0,53,0,53,0,0,0,0,0,0,0,0,0
533967_00944_13715_1,48.1,2,2022/10/18 07:30:00,49.40,3.51,67.0,65,0,63,0,2,0,0,0,0,0,0,0
533967_00944_13715_1,48.1,2,2022/10/18 07:45:00,50.18,3.45,79.0,64,0,49,12,3,0,0,0,0,0,0,0
533967_00944_13715_1,48.1,2,2022/10/18 08:00:00,52.46,3.30,95.0,89,0,83,5,1,0,0,0,0,0,0,0
533967_00944_13715_1,48.1,2,2022/10/18 08:15:00,49.31,3.51,37.0,35,0,33,0,2,0,0,0,0,0,0,0
533967_00944_13715_1,48.1,2,2022/10/18 08:30:00,51.18,3.39,104.0,101,0,98,2,1,0,0,0,0,0,0,0
533967_00944_13715_1,48.1,2,2022/10/18 08:45:00,49.63,3.49,72.0,59,0,46,10,3,0,0,0,0,0,0,0
533967_00944_13715_1,48.1,2,2022/10/18 09:00:00,51.62,3.36,43.0,42,0,41,0,1,0,0,0,0,0,0,0
533967_00944_13715_1,48.1,2,2022/10/18 09:15:00,50.07,3.46,119.0,102,0,85,16,1,0,0,0,0,0,0,0
533967_00944_13715_1,48.1,2,2022/10/18 09:30:00,50.23,3.45,47.0,40,0,33,6,1,0,0,0,0,0,0,0
533967_00944_13715_1,48.1,2,2022/10/18 09:45:00,50.86,3.41,31.0,27,0,23,2,2,0,0,0,0,0,0,0
533967_00944_13715_1,48.1,2,2022/10/18 10:00:00,50.75,3.41,89.0,82,0,75,6,1,0,0,0,0,0,0,0
533967_00944_13715_1,48.1,2,2022/10/18 10:15:00,48.39,3.58,53.0,43,0,33,9,1,0,0,0,0,0,0,0
533967_00944_13715_1,48.1,2,2022/10/18 10:30:00,49.73,3.48,76.0,66,0,56,9,1,0,0,0,0,0,0,0
533967_00944_13715_1,48.1,2,2022/10/18 10:45:00,48.78,3.55,45.0,38,0,31,4,3,0,0,0,0,0,0,0
533967_00944_13715_1,48.1,2,2022/10/18 11:00:00,49.91,3.47,59.0,53,0,47,5,1,0,0,0,0,0,0,0
533967_00944_13715_1,48.1,2,2022/10/18 11:15:00,49.84,3.48,78.0,65,0,52,10,3,0,0,0,0,0,0,0
533967_00944_13715_1,48.1,2,2022/10/18 11:30:00,49.51,3.50,52.0,46,0,40,5,1,0,0,0,0,0,0,0
533967_00944_13715_1,48.1,2,2022/10/18 11:45:00,49.51,3.50,79.0,68,0,57,9,2,0,0,0,0,0,0,0
533967_00944_13715_1,48.1,2,2022/10/18 12:00:00,49.15,3.53,61.0,59,0,57,0,2,0,0,0,0,0,0,0
533967_00944_13715_1,48.1,2,2022/10/18 12:15:00,49.76,3.48,60.0,56,0,52,1,3,0,0,0,0,0,0,0
533967_00944_13715_1,48.1,2,2022/10/18 12:30:00,50.16,3.45,79.0,77,0,75,2,0,0,0,0,0,0,0,0
533967_00944_13715_1,48.1,2,2022/10/18 12:45:00,50.40,3.44,89.0,73,0,57,13,3,0,0,0,0,0,0,0
533967_00944_13715_1,48.1,2,2022/10/18 13:00:00,50.61,3.42,72.0,66,0,60,5,1,0,0,0,0,0,0,0
533967_00944_13715_1,48.1,2,2022/10/18 13:15:00,50.27,3.45,55.0,47,0,39,7,1,0,0,0,0,0,0,0
533967_00944_13715_1,48.1,2,2022/10/18 13:30:00,50.81,3.41,64.0,56,0,48,4,4,0,0,0,0,0,0,0
533967_00944_13715_1,48.1,2,2022/10/18 13:45:00,49.07,3.53,39.0,32,0,25,5,2,0,0,0,0,0,0,0
533967_00944_13715_1,48.1,2,2022/10/18 14:00:00,49.28,3.52,66.0,62,0,58,3,1,0,0,0,0,0,0,0
533967_00944_13715_1,48.1,2,2022/10/18 14:15:00,48.36,3.58,44.0,36,0,28,5,3,0,0,0,0,0,0,0
533967_00944_13715_1,48.1,2,2022/10/18 14:30:00,50.05,3.46,88.0,80,0,72,7,1,0,0,0,0,0,0,0
533967_00944_13715_1,48.1,2,2022/10/18 14:45:00,50.39,3.44,59.0,57,0,55,1,1,0,0,0,0,0,0,0
533967_00944_13715_1,48.1,2,2022/10/18 15:00:00,51.03,3.40,52.0,48,0,44,3,1,0,0,0,0,0,0,0
533967_00944_13715_1,48.1,2,2022/10/18 15:15:00,48.97,3.54,77.0,65,0,53,9,3,0,0,0,0,0,0,0
533967_00944_13715_1,48.1,2,2022/10/18 15:30:00,47.85,3.62,49.0,37,0,25,9,3,0,0,0,0,0,0,0
533967_00944_13715_1,48.1,2,2022/10/18 15:45:00,48.64,3.56,52.0,48,0,44,3,1,0,0,0,0,0,0,0
533967_00944_13715_1,48.1,2,2022/10/18 16:00:00,49.26,3.52,57.0,56,0,55,0,1,0,0,0,0,0,0,0
533967_00944_13715_1,48.1,2,2022/10/18 16:15:00,51.07,3.39,92.0,89,0,86,0,3,0,0,0,0,0,0,0
533967_00944_13715_1,48.1,2,2022/10/18 16:30:00,50.29,3.45,93.0,92,0,91,0,1,0,0,0,0,0,0,0
533967_00944_13715_1,48.1,2,2022/10/18 16:45:00,52.14,3.32,34.0,34,0,34,0,0,0,0,0,0,0,0,0
533967_00944_13715_1,48.1,2,2022/10/18 17:00:00,48.55,3.57,61.0,58,0,55,0,3,0,0,0,0,0,0,0
533967_00944_13715_1,48.1,2,2022/10/18 17:15:00,46.42,3.73,18.0,15,0,12,1,2,0,0,0,0,0,0,0
533967_00944_13715_1,48.1,2,2022/10/18 17:30:00,50.45,3.43,47.0,46,0,45,0,1,0,0,0,0,0,0,0
533967_00944_13715_1,48.1,2,2022/10/18 17:45:00,50.40,3.44,75.0,73,0,71,1,1,0,0,0,0,0,0,0
533967_00944_13715_1,48.1,2,2022/10/18 18:00:00,48.59,3.57,83.0,83,0,83,0,0,0,0,0,0,0,0,0
533967_00944_13715_1,48.1,2,2022/10/18 18:15:00,50.87,3.41,66.0,64,0,62,0,2,0,0,0,0,0,0,0
533967_00944_13715_1,48.1,2,2022/10/18 18:30:00,49.34,3.51,42.0,41,0,40,0,1,0,0,0,0,0,0,0
533967_00944_13715_1,48.1,2,2022/10/18 18:45:00,51.24,3.38,57.0,55,0,53,0,2,0,0,0,0,0,0,0
533967_00949_14017_0,200.5,1,2022/10/18 06:30:00,51.17,14.11,50.0,46,0,42,3,1,0,0,0,0,0,0,0
533967_00949_14017_0,200.5,1,2022/10/18 06:45:00,51.02,14.15,41.0,40,0,39,1,0,0,0,0,0,0,0,0
533967_00949_14017_0,200.5,1,2022/10/18 07:00:00,51.14,14.12,46.0,43,0,40,3,0,0,0,0,0,0,0,0
533967_00949_14017_0,200.5,1,2022/10/18 07:15:00,51.01,14.15,82.0,72,0,62,3,7,0,0,0,0,0,0,0
533967_00949_14017_0,200.5,1,2022/10/18 07:30:00,50.62,14.26,89.0,84,0,79,4,1,0,0,0,0,0,0,0
533967_00949_14017_0,200.5,1,2022/10/18 07:45:00,50.77,14.22,97.0,87,0,77,6,4,0,0,0,0,0,0,0
533967_00949_14017_0,200.5,1,2022/10/18 08:00:00,51.01,14.15,80.0,72,0,64,3,5,0,0,0,0,0,0,0
533967_00949_14017_0,200.5,1,2022/10/18 08:15:00,50.51,14.29,117.0,106,0,95,6,5,0,0,0,0,0,0,0
533967_00949_14017_0,200.5,1,2022/10/18 08:30:00,50.61,14.26,122.0,114,0,106,6,2,0,0,0,0,0,0,0
533967_00949_14017_0,200.5,1,2022/10/18 08:45:00,50.75,14.23,87.0,80,0,73,5,2,0,0,0,0,0,0,0
533967_00949_14017_0,200.5,1,2022/10/18 09:00:00,50.97,14.16,76.0,67,0,58,8,1,0,0,0,0,0,0,0
533967_00949_14017_0,200.5,1,2022/10/18 09:15:00,50.69,14.24,83.0,70,0,57,13,0,0,0,0,0,0,0,0
533967_00949_14017_0,200.5,1,2022/10/18 09:30:00,51.29,14.08,73.0,66,0,59,7,0,0,0,0,0,0,0,0
533967_00949_14017_0,200.5,1,2022/10/18 09:45:00,51.04,14.14,74.0,69,0,64,5,0,0,0,0,0,0,0,0
533967_00949_14017_0,200.5,1,2022/10/18 10:00:00,51.25,14.09,63.0,57,0,51,6,0,0,0,0,0,0,0,0
533967_00949_14017_0,200.5,1,2022/10/18 10:15:00,50.84,14.20,75.0,65,0,55,9,1,0,0,0,0,0,0,0
533967_00949_14017_0,200.5,1,2022/10/18 10:30:00,51.29,14.08,63.0,53,0,43,10,0,0,0,0,0,0,0,0
533967_00949_14017_0,200.5,1,2022/10/18 10:45:00,51.07,14.14,56.0,51,0,46,5,0,0,0,0,0,0,0,0
533967_00949_14017_0,200.5,1,2022/10/18 11:00:00,50.97,14.16,66.0,55,0,44,10,1,0,0,0,0,0,0,0
533967_00949_14017_0,200.5,1,2022/10/18 11:15:00,51.11,14.13,55.0,48,0,41,4,3,0,0,0,0,0,0,0
533967_00949_14017_0,200.5,1,2022/10/18 11:30:00,51.48,14.02,50.0,42,0,34,8,0,0,0,0,0,0,0,0
533967_00949_14017_0,200.5,1,2022/10/18 11:45:00,51.40,14.05,48.0,43,0,38,5,0,0,0,0,0,0,0,0
533967_00949_14017_0,200.5,1,2022/10/18 12:00:00,51.04,14.15,60.0,55,0,50,5,0,0,0,0,0,0,0,0
533967_00949_14017_0,200.5,1,2022/10/18 12:15:00,50.89,14.19,83.0,75,0,67,5,3,0,0,0,0,0,0,0
533967_00949_14017_0,200.5,1,2022/10/18 12:30:00,50.65,14.25,75.0,63,0,51,8,4,0,0,0,0,0,0,0
533967_00949_14017_0,200.5,1,2022/10/18 12:45:00,51.45,14.03,33.0,33,0,33,0,0,0,0,0,0,0,0,0
533967_00949_14017_0,200.5,1,2022/10/18 13:00:00,50.44,14.31,61.0,51,0,41,8,2,0,0,0,0,0,0,0
533967_00949_14017_0,200.5,1,2022/10/18 13:15:00,50.95,14.17,56.0,47,0,38,8,1,0,0,0,0,0,0,0
533967_00949_14017_0,200.5,1,2022/10/18 13:30:00,51.09,14.13,45.0,38,0,31,7,0,0,0,0,0,0,0,0
533967_00949_14017_0,200.5,1,2022/10/18 13:45:00,51.07,14.14,44.0,37,0,30,6,1,0,0,0,0,0,0,0
533967_00949_14017_0,200.5,1,2022/10/18 14:00:00,51.47,14.03,44.0,39,0,34,2,3,0,0,0,0,0,0,0
533967_00949_14017_0,200.5,1,2022/10/18 14:15:00,51.28,14.08,54.0,51,0,48,3,0,0,0,0,0,0,0,0
533967_00949_14017_0,200.5,1,2022/10/18 14:30:00,51.24,14.09,50.0,45,0,40,5,0,0,0,0,0,0,0,0
533967_00949_14017_0,200.5,1,2022/10/18 14:45:00,51.32,14.07,49.0,45,0,41,3,1,0,0,0,0,0,0,0
533967_00949_14017_0,200.5,1,2022/10/18 15:00:00,51.32,14.07,52.0,45,0,38,7,0,0,0,0,0,0,0,0
533967_00949_14017_0,200.5,1,2022/10/18 15:15:00,51.30,14.07,42.0,41,0,40,0,1,0,0,0,0,0,0,0
533967_00949_14017_0,200.5,1,2022/10/18 15:30:00,51.17,14.11,62.0,56,0,50,6,0,0,0,0,0,0,0,0
533967_00949_14017_0,200.5,1,2022/10/18 15:45:00,51.29,14.08,56.0,53,0,50,0,3,0,0,0,0,0,0,0
533967_00949_14017_0,200.5,1,2022/10/18 16:00:00,50.89,14.19,83.0,75,0,67,8,0,0,0,0,0,0,0,0
533967_00949_14017_0,200.5,1,2022/10/18 16:15:00,51.35,14.06,58.0,52,0,46,6,0,0,0,0,0,0,0,0
533967_00949_14017_0,200.5,1,2022/10/18 16:30:00,50.89,14.19,78.0,75,0,72,3,0,0,0,0,0,0,0,0
533967_00949_14017_0,200.5,1,2022/10/18 16:45:00,50.98,14.16,76.0,68,0,60,8,0,0,0,0,0,0,0,0
533967_00949_14017_0,200.5,1,2022/10/18 17:00:00,51.39,14.05,73.0,61,0,49,7,5,0,0,0,0,0,0,0
533967_00949_14017_0,200.5,1,2022/10/18 17:15:00,51.22,14.10,75.0,73,0,71,2,0,0,0,0,0,0,0,0
533967_00949_14017_0,200.5,1,2022/10/18 17:30:00,51.03,14.15,84.0,81,0,78,0,3,0,0,0,0,0,0,0
533967_00949_14017_0,200.5,1,2022/10/18 17:45:00,51.41,14.04,75.0,72,0,69,2,1,0,0,0,0,0,0,0
533967_00949_14017_0,200.5,1,2022/10/18 18:00:00,51.04,14.14,83.0,83,0,83,0,0,0,0,0,0,0,0,0
533967_00949_14017_0,200.5,1,2022/10/18 18:15:00,51.05,14.14,66.0,63,0,60,2,1,0,0,0,0,0,0,0
533967_00949_14017_0,200.5,1,2022/10/18 18:30:00,51.02,14.15,53.0,53,0,53,0,0,0,0,0,0,0,0,0
533967_00949_14017_0,200.5,1,2022/10/18 18:45:00,51.08,14.13,54.0,53,0,52,0,1,0,0,0,0,0,0,0
533967_00949_14017_1,180.6,1,2022/10/18 06:30:00,46.43,14.00,84.0,77,0,70,1,6,0,0,0,0,0,0,0
533967_00949_14017_1,180.6,1,2022/10/18 06:45:00,46.43,14.00,102.0,96,0,90,2,4,0,0,0,0,0,0,0
533967_00949_14017_1,180.6,1,2022/10/18 07:00:00,46.39,14.01,107.0,97,0,87,3,7,0,0,0,0,0,0,0
533967_00949_14017_1,180.6,1,2022/10/18 07:15:00,46.43,14.00,105.0,98,0,91,6,1,0,0,0,0,0,0,0
533967_00949_14017_1,180.6,1,2022/10/18 07:30:00,46.43,14.00,113.0,102,0,91,5,6,0,0,0,0,0,0,0
533967_00949_14017_1,180.6,1,2022/10/18 07:45:00,46.43,14.00,73.0,65,0,57,2,6,0,0,0,0,0,0,0
533967_00949_14017_1,180.6,1,2022/10/18 08:00:00,46.43,14.00,112.0,107,0,102,0,5,0,0,0,0,0,0,0
533967_00949_14017_1,180.6,1,2022/10/18 08:15:00,46.40,14.01,105.0,99,0,93,3,3,0,0,0,0,0,0,0
533967_00949_14017_1,180.6,1,2022/10/18 08:30:00,46.43,14.00,99.0,95,0,91,2,2,0,0,0,0,0,0,0
533967_00949_14017_1,180.6,1,2022/10/18 08:45:00,46.43,14.00,82.0,76,0,70,4,2,0,0,0,0,0,0,0
533967_00949_14017_1,180.6,1,2022/10/18 09:00:00,46.43,14.00,65.0,58,0,51,7,0,0,0,0,0,0,0,0
533967_00949_14017_1,180.6,1,2022/10/18 09:15:00,46.43,14.00,56.0,48,0,40,8,0,0,0,0,0,0,0,0
533967_00949_14017_1,180.6,1,2022/10/18 09:30:00,46.43,14.00,52.0,45,0,38,7,0,0,0,0,0,0,0,0
533967_00949_14017_1,180.6,1,2022/10/18 09:45:00,46.43,14.00,65.0,56,0,47,8,1,0,0,0,0,0,0,0
533967_00949_14017_1,180.6,1,2022/10/18 10:00:00,46.43,14.00,50.0,42,0,34,7,1,0,0,0,0,0,0,0
533967_00949_14017_1,180.6,1,2022/10/18 10:15:00,46.43,14.00,54.0,49,0,44,4,1,0,0,0,0,0,0,0
533967_00949_14017_1,180.6,1,2022/10/18 10:30:00,46.43,14.00,67.0,50,0,33,14,3,0,0,0,0,0,0,0
533967_00949_14017_1,180.6,1,2022/10/18 10:45:00,46.43,14.00,69.0,54,0,39,15,0,0,0,0,0,0,0,0
533967_00949_14017_1,180.6,1,2022/10/18 11:00:00,46.43,14.00,51.0,39,0,27,9,3,0,0,0,0,0,0,0
533967_00949_14017_1,180.6,1,2022/10/18 11:15:00,46.43,14.00,44.0,40,0,36,3,1,0,0,0,0,0,0,0
533967_00949_14017_1,180.6,1,2022/10/18 11:30:00,46.43,14.00,52.0,42,0,32,3,7,0,0,0,0,0,0,0
533967_00949_14017_1,180.6,1,2022/10/18 11:45:00,46.43,14.00,65.0,49,0,33,14,2,0,0,0,0,0,0,0
533967_00949_14017_1,180.6,1,2022/10/18 12:00:00,46.43,14.00,69.0,61,0,53,8,0,0,0,0,0,0,0,0
533967_00949_14017_1,180.6,1,2022/10/18 12:15:00,46.43,14.00,61.0,56,0,51,5,0,0,0,0,0,0,0,0
533967_00949_14017_1,180.6,1,2022/10/18 12:30:00,46.43,14.00,61.0,57,0,53,2,2,0,0,0,0,0,0,0
533967_00949_14017_1,180.6,1,2022/10/18 12:45:00,46.43,14.00,64.0,57,0,50,4,3,0,0,0,0,0,0,0
533967_00949_14017_1,180.6,1,2022/10/18 13:00:00,46.43,14.00,61.0,54,0,47,5,2,0,0,0,0,0,0,0
533967_00949_14017_1,180.6,1,2022/10/18 13:15:00,46.43,14.00,76.0,63,0,50,9,4,0,0,0,0,0,0,0
533967_00949_14017_1,180.6,1,2022/10/18 13:30:00,46.43,14.00,49.0,43,0,37,4,2,0,0,0,0,0,0,0
533967_00949_14017_1,180.6,1,2022/10/18 13:45:00,46.43,14.00,44.0,37,0,30,4,3,0,0,0,0,0,0,0
533967_00949_14017_1,180.6,1,2022/10/18 14:00:00,46.43,14.00,35.0,31,0,27,3,1,0,0,0,0,0,0,0
533967_00949_14017_1,180.6,1,2022/10/18 14:15:00,46.43,14.00,56.0,44,0,32,12,0,0,0,0,0,0,0,0
533967_00949_14017_1,180.6,1,2022/10/18 14:30:00,46.22,14.06,38.0,32,0,26,5,1,0,0,0,0,0,0,0
533967_00949_14017_1,180.6,1,2022/10/18 14:45:00,46.43,14.00,35.0,29,0,23,6,0,0,0,0,0,0,0,0
533967_00949_14017_1,180.6,1,2022/10/18 15:00:00,46.43,14.00,30.0,26,0,22,4,0,0,0,0,0,0,0,0
533967_00949_14017_1,180.6,1,2022/10/18 15:15:00,46.43,14.00,63.0,54,0,45,8,1,0,0,0,0,0,0,0
533967_00949_14017_1,180.6,1,2022/10/18 15:30:00,46.43,14.00,33.0,27,0,21,6,0,0,0,0,0,0,0,0
533967_00949_14017_1,180.6,1,2022/10/18 15:45:00,46.43,14.00,59.0,44,0,29,14,1,0,0,0,0,0,0,0
533967_00949_14017_1,180.6,1,2022/10/18 16:00:00,46.43,14.00,56.0,51,0,46,4,1,0,0,0,0,0,0,0
533967_00949_14017_1,180.6,1,2022/10/18 16:15:00,46.43,14.00,44.0,42,0,40,0,2,0,0,0,0,0,0,0
533967_00949_14017_1,180.6,1,2022/10/18 16:30:00,46.43,14.00,47.0,41,0,35,6,0,0,0,0,0,0,0,0
533967_00949_14017_1,180.6,1,2022/10/18 16:45:00,46.43,14.00,51.0,47,0,43,4,0,0,0,0,0,0,0,0
533967_00949_14017_1,180.6,1,2022/10/18 17:00:00,46.43,14.00,79.0,78,0,77,1,0,0,0,0,0,0,0,0
533967_00949_14017_1,180.6,1,2022/10/18 17:15:00,46.43,14.00,79.0,71,0,63,3,5,0,0,0,0,0,0,0
533967_00949_14017_1,180.6,1,2022/10/18 17:30:00,46.43,14.00,52.0,50,0,48,0,2,0,0,0,0,0,0,0
533967_00949_14017_1,180.6,1,2022/10/18 17:45:00,46.43,14.00,67.0,63,0,59,1,3,0,0,0,0,0,0,0
533967_00949_14017_1,180.6,1,2022/10/18 18:00:00,46.43,14.00,54.0,47,0,40,0,7,0,0,0,0,0,0,0
533967_00949_14017_1,180.6,1,2022/10/18 18:15:00,46.43,14.00,68.0,64,0,60,0,4,0,0,0,0,0,0,0
533967_00949_14017_1,180.6,1,2022/10/18 18:30:00,46.43,14.00,68.0,65,0,62,1,2,0,0,0,0,0,0,0
533967_00949_14017_1,180.6,1,2022/10/18 18:45:00,46.43,14.00,58.0,56,0,54,2,0,0,0,0,0,0,0,0
533967_00976_12969_0,118.6,2,2022/10/18 06:30:00,53.36,8.00,36.0,30,0,24,6,0,0,0,0,0,0,0,0
533967_00976_12969_0,118.6,2,2022/10/18 06:45:00,53.36,8.00,33.0,27,0,21,6,0,0,0,0,0,0,0,0
533967_00976_12969_0,118.6,2,2022/10/18 07:00:00,53.36,8.00,41.0,35,0,29,6,0,0,0,0,0,0,0,0
533967_00976_12969_0,118.6,2,2022/10/18 07:15:00,53.36,8.00,57.0,43,0,29,14,0,0,0,0,0,0,0,0
533967_00976_12969_0,118.6,2,2022/10/18 07:30:00,53.25,8.02,74.0,63,0,52,10,1,0,0,0,0,0,0,0
533967_00976_12969_0,118.6,2,2022/10/18 07:45:00,53.36,8.00,75.0,65,0,55,10,0,0,0,0,0,0,0,0
533967_00976_12969_0,118.6,2,2022/10/18 08:00:00,53.25,8.02,70.0,61,0,52,8,1,0,0,0,0,0,0,0
533967_00976_12969_0,118.6,2,2022/10/18 08:15:00,53.23,8.02,64.0,51,0,38,12,1,0,0,0,0,0,0,0
533967_00976_12969_0,118.6,2,2022/10/18 08:30:00,53.24,8.02,67.0,56,0,45,11,0,0,0,0,0,0,0,0
533967_00976_12969_0,118.6,2,2022/10/18 08:45:00,53.24,8.02,66.0,59,0,52,7,0,0,0,0,0,0,0,0
533967_00976_12969_0,118.6,2,2022/10/18 09:00:00,53.36,8.00,81.0,63,0,45,14,4,0,0,0,0,0,0,0
533967_00976_12969_0,118.6,2,2022/10/18 09:15:00,53.36,8.00,66.0,58,0,50,8,0,0,0,0,0,0,0,0
533967_00976_12969_0,118.6,2,2022/10/18 09:30:00,53.36,8.00,50.0,38,0,26,11,1,0,0,0,0,0,0,0
533967_00976_12969_0,118.6,2,2022/10/18 09:45:00,53.27,8.01,98.0,82,0,66,16,0,0,0,0,0,0,0,0
533967_00976_12969_0,118.6,2,2022/10/18 10:00:00,53.29,8.01,113.0,95,0,77,13,5,0,0,0,0,0,0,0
533967_00976_12969_0,118.6,2,2022/10/18 10:15:00,53.24,8.02,69.0,56,0,43,13,0,0,0,0,0,0,0,0
533967_00976_12969_0,118.6,2,2022/10/18 10:30:00,53.36,8.00,59.0,53,0,47,6,0,0,0,0,0,0,0,0
533967_00976_12969_0,118.6,2,2022/10/18 10:45:00,53.36,8.00,88.0,76,0,64,12,0,0,0,0,0,0,0,0
533967_00976_12969_0,118.6,2,2022/10/18 11:00:00,53.10,8.04,92.0,78,0,64,14,0,0,0,0,0,0,0,0
533967_00976_12969_0,118.6,2,2022/10/18 11:15:00,53.28,8.01,105.0,90,0,75,15,0,0,0,0,0,0,0,0
533967_00976_12969_0,118.6,2,2022/10/18 11:30:00,53.04,8.05,76.0,64,0,52,12,0,0,0,0,0,0,0,0
533967_00976_12969_0,118.6,2,2022/10/18 11:45:00,53.36,8.00,79.0,70,0,61,9,0,0,0,0,0,0,0,0
533967_00976_12969_0,118.6,2,2022/10/18 12:00:00,53.26,8.01,77.0,67,0,57,9,1,0,0,0,0,0,0,0
533967_00976_12969_0,118.6,2,2022/10/18 12:15:00,53.36,8.00,87.0,79,0,71,8,0,0,0,0,0,0,0,0
533967_00976_12969_0,118.6,2,2022/10/18 12:30:00,52.92,8.07,53.0,46,0,39,6,1,0,0,0,0,0,0,0
533967_00976_12969_0,118.6,2,2022/10/18 12:45:00,53.07,8.04,108.0,92,0,76,11,5,0,0,0,0,0,0,0
533967_00976_12969_0,118.6,2,2022/10/18 13:00:00,53.26,8.01,79.0,70,0,61,8,1,0,0,0,0,0,0,0
533967_00976_12969_0,118.6,2,2022/10/18 13:15:00,53.28,8.01,87.0,84,0,81,0,3,0,0,0,0,0,0,0
533967_00976_12969_0,118.6,2,2022/10/18 13:30:00,53.28,8.01,100.0,90,0,80,10,0,0,0,0,0,0,0,0
533967_00976_12969_0,118.6,2,2022/10/18 13:45:00,53.36,8.00,49.0,47,0,45,2,0,0,0,0,0,0,0,0
533967_00976_12969_0,118.6,2,2022/10/18 14:00:00,53.36,8.00,75.0,66,0,57,9,0,0,0,0,0,0,0,0
533967_00976_12969_0,118.6,2,2022/10/18 14:15:00,53.21,8.02,100.0,92,0,84,8,0,0,0,0,0,0,0,0
533967_00976_12969_0,118.6,2,2022/10/18 14:30:00,53.36,8.00,57.0,49,0,41,8,0,0,0,0,0,0,0,0
533967_00976_12969_0,118.6,2,2022/10/18 14:45:00,53.26,8.01,73.0,69,0,65,0,4,0,0,0,0,0,0,0
533967_00976_12969_0,118.6,2,2022/10/18 15:00:00,53.36,8.00,89.0,79,0,69,10,0,0,0,0,0,0,0,0
533967_00976_12969_0,118.6,2,2022/10/18 15:15:00,53.36,8.00,69.0,55,0,41,11,3,0,0,0,0,0,0,0
533967_00976_12969_0,118.6,2,2022/10/18 15:30:00,53.27,8.01,88.0,78,0,68,10,0,0,0,0,0,0,0,0
533967_00976_12969_0,118.6,2,2022/10/18 15:45:00,53.36,8.00,60.0,57,0,54,3,0,0,0,0,0,0,0,0
533967_00976_12969_0,118.6,2,2022/10/18 16:00:00,53.28,8.01,92.0,85,0,78,7,0,0,0,0,0,0,0,0
533967_00976_12969_0,118.6,2,2022/10/18 16:15:00,53.28,8.01,91.0,83,0,75,8,0,0,0,0,0,0,0,0
533967_00976_12969_0,118.6,2,2022/10/18 16:30:00,53.36,8.00,54.0,53,0,52,1,0,0,0,0,0,0,0,0
533967_00976_12969_0,118.6,2,2022/10/18 16:45:00,53.28,8.01,97.0,85,0,73,12,0,0,0,0,0,0,0,0
533967_00976_12969_0,118.6,2,2022/10/18 17:00:00,53.36,8.00,71.0,67,0,63,3,1,0,0,0,0,0,0,0
533967_00976_12969_0,118.6,2,2022/10/18 17:15:00,53.36,8.00,74.0,71,0,68,3,0,0,0,0,0,0,0,0
533967_00976_12969_0,118.6,2,2022/10/18 17:30:00,53.28,8.01,90.0,86,0,82,0,4,0,0,0,0,0,0,0
533967_00976_12969_0,118.6,2,2022/10/18 17:45:00,53.17,8.03,77.0,73,0,69,4,0,0,0,0,0,0,0,0
533967_00976_12969_0,118.6,2,2022/10/18 18:00:00,53.13,8.03,90.0,87,0,84,2,1,0,0,0,0,0,0,0
533967_00976_12969_0,118.6,2,2022/10/18 18:15:00,53.14,8.03,69.0,63,0,57,3,3,0,0,0,0,0,0,0
533967_00976_12969_0,118.6,2,2022/10/18 18:30:00,53.29,8.01,101.0,96,0,91,4,1,0,0,0,0,0,0,0
533967_00976_12969_0,118.6,2,2022/10/18 18:45:00,53.27,8.01,75.0,75,0,75,0,0,0,0,0,0,0,0,0
533967_00976_12969_1,97.2,2,2022/10/18 06:30:00,35.60,9.83,66.0,65,0,64,1,0,0,0,0,0,0,0,0
533967_00976_12969_1,97.2,2,2022/10/18 06:45:00,35.22,9.94,88.0,79,0,70,9,0,0,0,0,0,0,0,0
533967_00976_12969_1,97.2,2,2022/10/18 07:00:00,35.58,9.84,80.0,73,0,66,7,0,0,0,0,0,0,0,0
533967_00976_12969_1,97.2,2,2022/10/18 07:15:00,35.87,9.76,125.0,115,0,105,10,0,0,0,0,0,0,0,0
533967_00976_12969_1,97.2,2,2022/10/18 07:30:00,35.79,9.78,134.0,123,0,112,10,1,0,0,0,0,0,0,0
533967_00976_12969_1,97.2,2,2022/10/18 07:45:00,36.09,9.70,95.0,93,0,91,2,0,0,0,0,0,0,0,0
533967_00976_12969_1,97.2,2,2022/10/18 08:00:00,35.73,9.80,144.0,137,0,130,5,2,0,0,0,0,0,0,0
533967_00976_12969_1,97.2,2,2022/10/18 08:15:00,35.87,9.76,172.0,160,0,148,12,0,0,0,0,0,0,0,0
533967_00976_12969_1,97.2,2,2022/10/18 08:30:00,35.63,9.82,77.0,68,0,59,8,1,0,0,0,0,0,0,0
533967_00976_12969_1,97.2,2,2022/10/18 08:45:00,35.70,9.80,88.0,82,0,76,6,0,0,0,0,0,0,0,0
533967_00976_12969_1,97.2,2,2022/10/18 09:00:00,35.74,9.79,139.0,111,0,83,23,5,0,0,0,0,0,0,0
533967_00976_12969_1,97.2,2,2022/10/18 09:15:00,35.47,9.87,54.0,38,0,22,16,0,0,0,0,0,0,0,0
533967_00976_12969_1,97.2,2,2022/10/18 09:30:00,35.40,9.89,54.0,44,0,34,9,1,0,0,0,0,0,0,0
533967_00976_12969_1,97.2,2,2022/10/18 09:45:00,35.47,9.87,76.0,60,0,44,16,0,0,0,0,0,0,0,0
533967_00976_12969_1,97.2,2,2022/10/18 10:00:00,35.55,9.85,42.0,26,0,10,16,0,0,0,0,0,0,0,0
533967_00976_12969_1,97.2,2,2022/10/18 10:15:00,35.62,9.83,36.0,23,0,10,13,0,0,0,0,0,0,0,0
533967_00976_12969_1,97.2,2,2022/10/18 10:30:00,35.16,9.95,34.0,22,0,10,12,0,0,0,0,0,0,0,0
533967_00976_12969_1,97.2,2,2022/10/18 10:45:00,36.33,9.63,42.0,41,0,40,1,0,0,0,0,0,0,0,0
533967_00976_12969_1,97.2,2,2022/10/18 11:00:00,35.28,9.92,36.0,25,0,14,11,0,0,0,0,0,0,0,0
533967_00976_12969_1,97.2,2,2022/10/18 11:15:00,35.22,9.94,27.0,16,0,5,11,0,0,0,0,0,0,0,0
533967_00976_12969_1,97.2,2,2022/10/18 11:30:00,35.22,9.94,27.0,16,0,5,11,0,0,0,0,0,0,0,0
533967_00976_12969_1,97.2,2,2022/10/18 11:45:00,35.00,10.00,21.0,11,0,1,9,1,0,0,0,0,0,0,0
533967_00976_12969_1,97.2,2,2022/10/18 12:00:00,35.43,9.88,64.0,49,0,34,15,0,0,0,0,0,0,0,0
533967_00976_12969_1,97.2,2,2022/10/18 12:15:00,35.64,9.82,66.0,56,0,46,9,1,0,0,0,0,0,0,0
533967_00976_12969_1,97.2,2,2022/10/18 12:30:00,35.68,9.81,31.0,21,0,11,10,0,0,0,0,0,0,0,0
533967_00976_12969_1,97.2,2,2022/10/18 12:45:00,35.51,9.86,37.0,35,0,33,1,1,0,0,0,0,0,0,0
533967_00976_12969_1,97.2,2,2022/10/18 13:00:00,35.40,9.89,64.0,53,0,42,11,0,0,0,0,0,0,0,0
533967_00976_12969_1,97.2,2,2022/10/18 13:15:00,35.15,9.96,55.0,48,0,41,7,0,0,0,0,0,0,0,0
533967_00976_12969_1,97.2,2,2022/10/18 13:30:00,35.27,9.92,45.0,39,0,33,6,0,0,0,0,0,0,0,0
533967_00976_12969_1,97.2,2,2022/10/18 13:45:00,35.65,9.82,48.0,33,0,18,15,0,0,0,0,0,0,0,0
533967_00976_12969_1,97.2,2,2022/10/18 14:00:00,35.71,9.80,55.0,40,0,25,15,0,0,0,0,0,0,0,0
533967_00976_12969_1,97.2,2,2022/10/18 14:15:00,35.24,9.93,33.0,29,0,25,4,0,0,0,0,0,0,0,0
533967_00976_12969_1,97.2,2,2022/10/18 14:30:00,35.39,9.89,67.0,64,0,61,3,0,0,0,0,0,0,0,0
533967_00976_12969_1,97.2,2,2022/10/18 14:45:00,36.03,9.71,60.0,49,0,38,10,1,0,0,0,0,0,0,0
533967_00976_12969_1,97.2,2,2022/10/18 15:00:00,35.61,9.83,37.0,29,0,21,7,1,0,0,0,0,0,0,0
533967_00976_12969_1,97.2,2,2022/10/18 15:15:00,35.29,9.92,23.0,12,0,1,11,0,0,0,0,0,0,0,0
533967_00976_12969_1,97.2,2,2022/10/18 15:30:00,35.71,9.80,28.0,20,0,12,8,0,0,0,0,0,0,0,0
533967_00976_12969_1,97.2,2,2022/10/18 15:45:00,35.65,9.82,56.0,49,0,42,7,0,0,0,0,0,0,0,0
533967_00976_12969_1,97.2,2,2022/10/18 16:00:00,35.00,10.00,25.0,21,0,17,4,0,0,0,0,0,0,0,0
533967_00976_12969_1,97.2,2,2022/10/18 16:15:00,35.47,9.87,19.0,15,0,11,4,0,0,0,0,0,0,0,0
533967_00976_12969_1,97.2,2,2022/10/18 16:30:00,35.69,9.81,64.0,52,0,40,12,0,0,0,0,0,0,0,0
533967_00976_12969_1,97.2,2,2022/10/18 16:45:00,35.20,9.94,60.0,53,0,46,6,1,0,0,0,0,0,0,0
533967_00976_12969_1,97.2,2,2022/10/18 17:00:00,35.29,9.92,63.0,61,0,59,2,0,0,0,0,0,0,0,0
533967_00976_12969_1,97.2,2,2022/10/18 17:15:00,35.43,9.88,39.0,33,0,27,5,1,0,0,0,0,0,0,0
533967_00976_12969_1,97.2,2,2022/10/18 17:30:00,35.69,9.81,79.0,72,0,65,7,0,0,0,0,0,0,0,0
533967_00976_12969_1,97.2,2,2022/10/18 17:45:00,35.51,9.86,66.0,63,0,60,2,1,0,0,0,0,0,0,0
533967_00976_12969_1,97.2,2,2022/10/18 18:00:00,35.78,9.78,58.0,55,0,52,3,0,0,0,0,0,0,0,0
533967_00976_12969_1,97.2,2,2022/10/18 18:15:00,35.42,9.88,65.0,59,0,53,5,1,0,0,0,0,0,0,0
533967_00976_12969_1,97.2,2,2022/10/18 18:30:00,35.36,9.90,43.0,39,0,35,4,0,0,0,0,0,0,0,0
533967_00976_12969_1,97.2,2,2022/10/18 18:45:00,35.47,9.87,79.0,76,0,73,2,1,0,0,0,0,0,0,0
533967_00978_01607_0,93.1,1,2022/10/18 06:30:00,-1.00,-1.00,0.0,0,0,0,0,0,0,0,0,0,0,0,0
533967_00978_01607_0,93.1,1,2022/10/18 06:45:00,-1.00,-1.00,0.0,0,0,0,0,0,0,0,0,0,0,0,0
533967_00978_01607_0,93.1,1,2022/10/18 07:00:00,-1.00,-1.00,0.0,0,0,0,0,0,0,0,0,0,0,0,0
533967_00978_01607_0,93.1,1,2022/10/18 07:15:00,-1.00,-1.00,0.0,0,0,0,0,0,0,0,0,0,0,0,0
533967_00978_01607_0,93.1,1,2022/10/18 07:30:00,-1.00,-1.00,0.0,0,0,0,0,0,0,0,0,0,0,0,0
533967_00978_01607_0,93.1,1,2022/10/18 07:45:00,-1.00,-1.00,0.0,0,0,0,0,0,0,0,0,0,0,0,0
533967_00978_01607_0,93.1,1,2022/10/18 08:00:00,-1.00,-1.00,0.0,0,0,0,0,0,0,0,0,0,0,0,0
533967_00978_01607_0,93.1,1,2022/10/18 08:15:00,-1.00,-1.00,0.0,0,0,0,0,0,0,0,0,0,0,0,0
533967_00978_01607_0,93.1,1,2022/10/18 08:30:00,-1.00,-1.00,0.0,0,0,0,0,0,0,0,0,0,0,0,0
533967_00978_01607_0,93.1,1,2022/10/18 08:45:00,-1.00,-1.00,0.0,0,0,0,0,0,0,0,0,0,0,0,0
533967_00978_01607_0,93.1,1,2022/10/18 09:00:00,-1.00,-1.00,0.0,0,0,0,0,0,0,0,0,0,0,0,0
533967_00978_01607_0,93.1,1,2022/10/18 09:15:00,-1.00,-1.00,0.0,0,0,0,0,0,0,0,0,0,0,0,0
533967_00978_01607_0,93.1,1,2022/10/18 09:30:00,-1.00,-1.00,0.0,0,0,0,0,0,0,0,0,0,0,0,0
533967_00978_01607_0,93.1,1,2022/10/18 09:45:00,-1.00,-1.00,0.0,0,0,0,0,0,0,0,0,0,0,0,0
533967_00978_01607_0,93.1,1,2022/10/18 10:00:00,-1.00,-1.00,0.0,0,0,0,0,0,0,0,0,0,0,0,0
533967_00978_01607_0,93.1,1,2022/10/18 10:15:00,-1.00,-1.00,0.0,0,0,0,0,0,0,0,0,0,0,0,0
533967_00978_01607_0,93.1,1,2022/10/18 10:30:00,-1.00,-1.00,0.0,0,0,0,0,0,0,0,0,0,0,0,0
533967_00978_01607_0,93.1,1,2022/10/18 10:45:00,-1.00,-1.00,0.0,0,0,0,0,0,0,0,0,0,0,0,0
533967_00978_01607_0,93.1,1,2022/10/18 11:00:00,-1.00,-1.00,0.0,0,0,0,0,0,0,0,0,0,0,0,0
533967_00978_01607_0,93.1,1,2022/10/18 11:15:00,-1.00,-1.00,0.0,0,0,0,0,0,0,0,0,0,0,0,0
533967_00978_01607_0,93.1,1,2022/10/18 11:30:00,-1.00,-1.00,0.0,0,0,0,0,0,0,0,0,0,0,0,0
533967_00978_01607_0,93.1,1,2022/10/18 11:45:00,-1.00,-1.00,0.0,0,0,0,0,0,0,0,0,0,0,0,0
533967_00978_01607_0,93.1,1,2022/10/18 12:00:00,-1.00,-1.00,0.0,0,0,0,0,0,0,0,0,0,0,0,0
533967_00978_01607_0,93.1,1,2022/10/18 12:15:00,-1.00,-1.00,0.0,0,0,0,0,0,0,0,0,0,0,0,0
533967_00978_01607_0,93.1,1,2022/10/18 12:30:00,-1.00,-1.00,0.0,0,0,0,0,0,0,0,0,0,0,0,0
533967_00978_01607_0,93.1,1,2022/10/18 12:45:00,-1.00,-1.00,0.0,0,0,0,0,0,0,0,0,0,0,0,0
533967_00978_01607_0,93.1,1,2022/10/18 13:00:00,-1.00,-1.00,0.0,0,0,0,0,0,0,0,0,0,0,0,0
533967_00978_01607_0,93.1,1,2022/10/18 13:15:00,-1.00,-1.00,0.0,0,0,0,0,0,0,0,0,0,0,0,0
533967_00978_01607_0,93.1,1,2022/10/18 13:30:00,-1.00,-1.00,0.0,0,0,0,0,0,0,0,0,0,0,0,0
533967_00978_01607_0,93.1,1,2022/10/18 13:45:00,-1.00,-1.00,0.0,0,0,0,0,0,0,0,0,0,0,0,0
533967_00978_01607_0,93.1,1,2022/10/18 14:00:00,-1.00,-1.00,0.0,0,0,0,0,0,0,0,0,0,0,0,0
533967_00978_01607_0,93.1,1,2022/10/18 14:15:00,-1.00,-1.00,0.0,0,0,0,0,0,0,0,0,0,0,0,0
533967_00978_01607_0,93.1,1,2022/10/18 14:30:00,-1.00,-1.00,0.0,0,0,0,0,0,0,0,0,0,0,0,0
533967_00978_01607_0,93.1,1,2022/10/18 14:45:00,-1.00,-1.00,0.0,0,0,0,0,0,0,0,0,0,0,0,0
533967_00978_01607_0,93.1,1,2022/10/18 15:00:00,-1.00,-1.00,0.0,0,0,0,0,0,0,0,0,0,0,0,0
533967_00978_01607_0,93.1,1,2022/10/18 15:15:00,-1.00,-1.00,0.0,0,0,0,0,0,0,0,0,0,0,0,0
533967_00978_01607_0,93.1,1,2022/10/18 15:30:00,-1.00,-1.00,0.0,0,0,0,0,0,0,0,0,0,0,0,0
533967_00978_01607_0,93.1,1,2022/10/18 15:45:00,-1.00,-1.00,0.0,0,0,0,0,0,0,0,0,0,0,0,0
533967_00978_01607_0,93.1,1,2022/10/18 16:00:00,-1.00,-1.00,0.0,0,0,0,0,0,0,0,0,0,0,0,0
533967_00978_01607_0,93.1,1,2022/10/18 16:15:00,-1.00,-1.00,0.0,0,0,0,0,0,0,0,0,0,0,0,0
533967_00978_01607_0,93.1,1,2022/10/18 16:30:00,-1.00,-1.00,0.0,0,0,0,0,0,0,0,0,0,0,0,0
533967_00978_01607_0,93.1,1,2022/10/18 16:45:00,-1.00,-1.00,0.0,0,0,0,0,0,0,0,0,0,0,0,0
533967_00978_01607_0,93.1,1,2022/10/18 17:00:00,-1.00,-1.00,0.0,0,0,0,0,0,0,0,0,0,0,0,0
533967_00978_01607_0,93.1,1,2022/10/18 17:15:00,-1.00,-1.00,0.0,0,0,0,0,0,0,0,0,0,0,0,0
533967_00978_01607_0,93.1,1,2022/10/18 17:30:00,-1.00,-1.00,0.0,0,0,0,0,0,0,0,0,0,0,0,0
533967_00978_01607_0,93.1,1,2022/10/18 17:45:00,-1.00,-1.00,0.0,0,0,0,0,0,0,0,0,0,0,0,0
533967_00978_01607_0,93.1,1,2022/10/18 18:00:00,-1.00,-1.00,0.0,0,0,0,0,0,0,0,0,0,0,0,0
533967_00978_01607_0,93.1,1,2022/10/18 18:15:00,-1.00,-1.00,0.0,0,0,0,0,0,0,0,0,0,0,0,0
533967_00978_01607_0,93.1,1,2022/10/18 18:30:00,-1.00,-1.00,0.0,0,0,0,0,0,0,0,0,0,0,0,0
533967_00978_01607_0,93.1,1,2022/10/18 18:45:00,-1.00,-1.00,0.0,0,0,0,0,0,0,0,0,0,0,0,0
533967_00978_01607_1,95.1,1,2022/10/18 06:30:00,-1.00,-1.00,0.0,0,0,0,0,0,0,0,0,0,0,0,0
533967_00978_01607_1,95.1,1,2022/10/18 06:45:00,-1.00,-1.00,0.0,0,0,0,0,0,0,0,0,0,0,0,0
533967_00978_01607_1,95.1,1,2022/10/18 07:00:00,-1.00,-1.00,0.0,0,0,0,0,0,0,0,0,0,0,0,0
533967_00978_01607_1,95.1,1,2022/10/18 07:15:00,-1.00,-1.00,0.0,0,0,0,0,0,0,0,0,0,0,0,0
533967_00978_01607_1,95.1,1,2022/10/18 07:30:00,-1.00,-1.00,0.0,0,0,0,0,0,0,0,0,0,0,0,0
533967_00978_01607_1,95.1,1,2022/10/18 07:45:00,-1.00,-1.00,0.0,0,0,0,0,0,0,0,0,0,0,0,0
533967_00978_01607_1,95.1,1,2022/10/18 08:00:00,-1.00,-1.00,0.0,0,0,0,0,0,0,0,0,0,0,0,0
533967_00978_01607_1,95.1,1,2022/10/18 08:15:00,-1.00,-1.00,0.0,0,0,0,0,0,0,0,0,0,0,0,0
533967_00978_01607_1,95.1,1,2022/10/18 08:30:00,-1.00,-1.00,0.0,0,0,0,0,0,0,0,0,0,0,0,0
533967_00978_01607_1,95.1,1,2022/10/18 08:45:00,-1.00,-1.00,0.0,0,0,0,0,0,0,0,0,0,0,0,0
533967_00978_01607_1,95.1,1,2022/10/18 09:00:00,-1.00,-1.00,0.0,0,0,0,0,0,0,0,0,0,0,0,0
533967_00978_01607_1,95.1,1,2022/10/18 09:15:00,-1.00,-1.00,0.0,0,0,0,0,0,0,0,0,0,0,0,0
533967_00978_01607_1,95.1,1,2022/10/18 09:30:00,-1.00,-1.00,0.0,0,0,0,0,0,0,0,0,0,0,0,0
533967_00978_01607_1,95.1,1,2022/10/18 09:45:00,-1.00,-1.00,0.0,0,0,0,0,0,0,0,0,0,0,0,0
533967_00978_01607_1,95.1,1,2022/10/18 10:00:00,-1.00,-1.00,0.0,0,0,0,0,0,0,0,0,0,0,0,0
533967_00978_01607_1,95.1,1,2022/10/18 10:15:00,-1.00,-1.00,0.0,0,0,0,0,0,0,0,0,0,0,0,0
533967_00978_01607_1,95.1,1,2022/10/18 10:30:00,-1.00,-1.00,0.0,0,0,0,0,0,0,0,0,0,0,0,0
533967_00978_01607_1,95.1,1,2022/10/18 10:45:00,-1.00,-1.00,0.0,0,0,0,0,0,0,0,0,0,0,0,0
533967_00978_01607_1,95.1,1,2022/10/18 11:00:00,-1.00,-1.00,0.0,0,0,0,0,0,0,0,0,0,0,0,0
533967_00978_01607_1,95.1,1,2022/10/18 11:15:00,-1.00,-1.00,0.0,0,0,0,0,0,0,0,0,0,0,0,0
533967_00978_01607_1,95.1,1,2022/10/18 11:30:00,-1.00,-1.00,0.0,0,0,0,0,0,0,0,0,0,0,0,0
533967_00978_01607_1,95.1,1,2022/10/18 11:45:00,-1.00,-1.00,0.0,0,0,0,0,0,0,0,0,0,0,0,0
533967_00978_01607_1,95.1,1,2022/10/18 12:00:00,-1.00,-1.00,0.0,0,0,0,0,0,0,0,0,0,0,0,0
533967_00978_01607_1,95.1,1,2022/10/18 12:15:00,-1.00,-1.00,0.0,0,0,0,0,0,0,0,0,0,0,0,0
533967_00978_01607_1,95.1,1,2022/10/18 12:30:00,-1.00,-1.00,0.0,0,0,0,0,0,0,0,0,0,0,0,0
533967_00978_01607_1,95.1,1,2022/10/18 12:45:00,-1.00,-1.00,0.0,0,0,0,0,0,0,0,0,0,0,0,0
533967_00978_01607_1,95.1,1,2022/10/18 13:00:00,-1.00,-1.00,0.0,0,0,0,0,0,0,0,0,0,0,0,0
533967_00978_01607_1,95.1,1,2022/10/18 13:15:00,-1.00,-1.00,0.0,0,0,0,0,0,0,0,0,0,0,0,0
533967_00978_01607_1,95.1,1,2022/10/18 13:30:00,-1.00,-1.00,0.0,0,0,0,0,0,0,0,0,0,0,0,0
533967_00978_01607_1,95.1,1,2022/10/18 13:45:00,-1.00,-1.00,0.0,0,0,0,0,0,0,0,0,0,0,0,0
533967_00978_01607_1,95.1,1,2022/10/18 14:00:00,-1.00,-1.00,0.0,0,0,0,0,0,0,0,0,0,0,0,0
533967_00978_01607_1,95.1,1,2022/10/18 14:15:00,-1.00,-1.00,0.0,0,0,0,0,0,0,0,0,0,0,0,0
533967_00978_01607_1,95.1,1,2022/10/18 14:30:00,-1.00,-1.00,0.0,0,0,0,0,0,0,0,0,0,0,0,0
533967_00978_01607_1,95.1,1,2022/10/18 14:45:00,-1.00,-1.00,0.0,0,0,0,0,0,0,0,0,0,0,0,0
533967_00978_01607_1,95.1,1,2022/10/18 15:00:00,-1.00,-1.00,0.0,0,0,0,0,0,0,0,0,0,0,0,0
533967_00978_01607_1,95.1,1,2022/10/18 15:15:00,-1.00,-1.00,0.0,0,0,0,0,0,0,0,0,0,0,0,0
533967_00978_01607_1,95.1,1,2022/10/18 15:30:00,-1.00,-1.00,0.0,0,0,0,0,0,0,0,0,0,0,0,0
533967_00978_01607_1,95.1,1,2022/10/18 15:45:00,-1.00,-1.00,0.0,0,0,0,0,0,0,0,0,0,0,0,0
533967_00978_01607_1,95.1,1,2022/10/18 16:00:00,-1.00,-1.00,0.0,0,0,0,0,0,0,0,0,0,0,0,0
533967_00978_01607_1,95.1,1,2022/10/18 16:15:00,-1.00,-1.00,0.0,0,0,0,0,0,0,0,0,0,0,0,0
533967_00978_01607_1,95.1,1,2022/10/18 16:30:00,-1.00,-1.00,0.0,0,0,0,0,0,0,0,0,0,0,0,0
533967_00978_01607_1,95.1,1,2022/10/18 16:45:00,-1.00,-1.00,0.0,0,0,0,0,0,0,0,0,0,0,0,0
533967_00978_01607_1,95.1,1,2022/10/18 17:00:00,-1.00,-1.00,0.0,0,0,0,0,0,0,0,0,0,0,0,0
533967_00978_01607_1,95.1,1,2022/10/18 17:15:00,-1.00,-1.00,0.0,0,0,0,0,0,0,0,0,0,0,0,0
533967_00978_01607_1,95.1,1,2022/10/18 17:30:00,-1.00,-1.00,0.0,0,0,0,0,0,0,0,0,0,0,0,0
533967_00978_01607_1,95.1,1,2022/10/18 17:45:00,-1.00,-1.00,0.0,0,0,0,0,0,0,0,0,0,0,0,0
533967_00978_01607_1,95.1,1,2022/10/18 18:00:00,-1.00,-1.00,0.0,0,0,0,0,0,0,0,0,0,0,0,0
533967_00978_01607_1,95.1,1,2022/10/18 18:15:00,-1.00,-1.00,0.0,0,0,0,0,0,0,0,0,0,0,0,0
533967_00978_01607_1,95.1,1,2022/10/18 18:30:00,-1.00,-1.00,0.0,0,0,0,0,0,0,0,0,0,0,0,0
533967_00978_01607_1,95.1,1,2022/10/18 18:45:00,-1.00,-1.00,0.0,0,0,0,0,0,0,0,0,0,0,0,0
533967_00978_12969_0,145.8,2,2022/10/18 06:30:00,39.86,13.17,68.0,66,0,64,2,0,0,0,0,0,0,0,0
533967_00978_12969_0,145.8,2,2022/10/18 06:45:00,40.22,13.05,87.0,79,0,71,8,0,0,0,0,0,0,0,0
533967_00978_12969_0,145.8,2,2022/10/18 07:00:00,39.92,13.15,81.0,74,0,67,7,0,0,0,0,0,0,0,0
533967_00978_12969_0,145.8,2,2022/10/18 07:15:00,39.81,13.18,125.0,115,0,105,10,0,0,0,0,0,0,0,0
533967_00978_12969_0,145.8,2,2022/10/18 07:30:00,39.89,13.16,132.0,121,0,110,10,1,0,0,0,0,0,0,0
533967_00978_12969_0,145.8,2,2022/10/18 07:45:00,39.79,13.19,97.0,95,0,93,2,0,0,0,0,0,0,0,0
533967_00978_12969_0,145.8,2,2022/10/18 08:00:00,39.93,13.14,145.0,138,0,131,5,2,0,0,0,0,0,0,0
533967_00978_12969_0,145.8,2,2022/10/18 08:15:00,39.89,13.16,170.0,158,0,146,12,0,0,0,0,0,0,0,0
533967_00978_12969_0,145.8,2,2022/10/18 08:30:00,39.87,13.16,76.0,67,0,58,8,1,0,0,0,0,0,0,0
533967_00978_12969_0,145.8,2,2022/10/18 08:45:00,39.96,13.13,88.0,82,0,76,6,0,0,0,0,0,0,0,0
533967_00978_12969_0,145.8,2,2022/10/18 09:00:00,39.83,13.18,141.0,112,0,83,24,5,0,0,0,0,0,0,0
533967_00978_12969_0,145.8,2,2022/10/18 09:15:00,39.88,13.16,52.0,37,0,22,15,0,0,0,0,0,0,0,0
533967_00978_12969_0,145.8,2,2022/10/18 09:30:00,40.09,13.09,54.0,44,0,34,9,1,0,0,0,0,0,0,0
533967_00978_12969_0,145.8,2,2022/10/18 09:45:00,40.07,13.10,76.0,60,0,44,16,0,0,0,0,0,0,0,0
533967_00978_12969_0,145.8,2,2022/10/18 10:00:00,39.90,13.15,42.0,26,0,10,16,0,0,0,0,0,0,0,0
533967_00978_12969_0,145.8,2,2022/10/18 10:15:00,39.84,13.17,36.0,23,0,10,13,0,0,0,0,0,0,0,0
533967_00978_12969_0,145.8,2,2022/10/18 10:30:00,40.37,13.00,34.0,22,0,10,12,0,0,0,0,0,0,0,0
533967_00978_12969_0,145.8,2,2022/10/18 10:45:00,39.56,13.27,42.0,41,0,40,1,0,0,0,0,0,0,0,0
533967_00978_12969_0,145.8,2,2022/10/18 11:00:00,40.25,13.04,36.0,25,0,14,11,0,0,0,0,0,0,0,0
533967_00978_12969_0,145.8,2,2022/10/18 11:15:00,40.18,13.06,27.0,16,0,5,11,0,0,0,0,0,0,0,0
533967_00978_12969_0,145.8,2,2022/10/18 11:30:00,40.37,13.00,27.0,16,0,5,11,0,0,0,0,0,0,0,0
533967_00978_12969_0,145.8,2,2022/10/18 11:45:00,40.37,13.00,21.0,11,0,1,9,1,0,0,0,0,0,0,0
533967_00978_12969_0,145.8,2,2022/10/18 12:00:00,40.19,13.06,65.0,50,0,35,15,0,0,0,0,0,0,0,0
533967_00978_12969_0,145.8,2,2022/10/18 12:15:00,39.93,13.15,65.0,55,0,45,9,1,0,0,0,0,0,0,0
533967_00978_12969_0,145.8,2,2022/10/18 12:30:00,39.79,13.19,31.0,21,0,11,10,0,0,0,0,0,0,0,0
533967_00978_12969_0,145.8,2,2022/10/18 12:45:00,40.11,13.09,37.0,35,0,33,1,1,0,0,0,0,0,0,0
533967_00978_12969_0,145.8,2,2022/10/18 13:00:00,40.20,13.05,67.0,55,0,43,12,0,0,0,0,0,0,0,0
533967_00978_12969_0,145.8,2,2022/10/18 13:15:00,40.31,13.02,52.0,46,0,40,6,0,0,0,0,0,0,0,0
533967_00978_12969_0,145.8,2,2022/10/18 13:30:00,40.21,13.05,45.0,39,0,33,6,0,0,0,0,0,0,0,0
533967_00978_12969_0,145.8,2,2022/10/18 13:45:00,39.91,13.15,48.0,33,0,18,15,0,0,0,0,0,0,0,0
533967_00978_12969_0,145.8,2,2022/10/18 14:00:00,39.99,13.12,55.0,40,0,25,15,0,0,0,0,0,0,0,0
533967_00978_12969_0,145.8,2,2022/10/18 14:15:00,40.27,13.03,33.0,29,0,25,4,0,0,0,0,0,0,0,0
533967_00978_12969_0,145.8,2,2022/10/18 14:30:00,40.13,13.08,67.0,64,0,61,3,0,0,0,0,0,0,0,0
533967_00978_12969_0,145.8,2,2022/10/18 14:45:00,39.63,13.24,60.0,49,0,38,10,1,0,0,0,0,0,0,0
533967_00978_12969_0,145.8,2,2022/10/18 15:00:00,39.85,13.17,37.0,29,0,21,7,1,0,0,0,0,0,0,0
533967_00978_12969_0,145.8,2,2022/10/18 15:15:00,40.37,13.00,23.0,12,0,1,11,0,0,0,0,0,0,0,0
533967_00978_12969_0,145.8,2,2022/10/18 15:30:00,39.91,13.15,28.0,20,0,12,8,0,0,0,0,0,0,0,0
533967_00978_12969_0,145.8,2,2022/10/18 15:45:00,40.06,13.10,56.0,49,0,42,7,0,0,0,0,0,0,0,0
533967_00978_12969_0,145.8,2,2022/10/18 16:00:00,40.37,13.00,25.0,21,0,17,4,0,0,0,0,0,0,0,0
533967_00978_12969_0,145.8,2,2022/10/18 16:15:00,40.37,13.00,25.0,19,0,13,6,0,0,0,0,0,0,0,0
533967_00978_12969_0,145.8,2,2022/10/18 16:30:00,39.99,13.12,58.0,48,0,38,10,0,0,0,0,0,0,0,0
533967_00978_12969_0,145.8,2,2022/10/18 16:45:00,40.32,13.02,60.0,53,0,46,6,1,0,0,0,0,0,0,0
533967_00978_12969_0,145.8,2,2022/10/18 17:00:00,40.12,13.08,64.0,62,0,60,2,0,0,0,0,0,0,0,0
533967_00978_12969_0,145.8,2,2022/10/18 17:15:00,40.08,13.09,38.0,32,0,26,5,1,0,0,0,0,0,0,0
533967_00978_12969_0,145.8,2,2022/10/18 17:30:00,39.86,13.17,79.0,72,0,65,7,0,0,0,0,0,0,0,0
533967_00978_12969_0,145.8,2,2022/10/18 17:45:00,39.93,13.14,66.0,63,0,60,2,1,0,0,0,0,0,0,0
533967_00978_12969_0,145.8,2,2022/10/18 18:00:00,39.82,13.18,58.0,55,0,52,3,0,0,0,0,0,0,0,0
533967_00978_12969_0,145.8,2,2022/10/18 18:15:00,40.01,13.12,65.0,59,0,53,5,1,0,0,0,0,0,0,0
533967_00978_12969_0,145.8,2,2022/10/18 18:30:00,40.21,13.05,43.0,39,0,35,4,0,0,0,0,0,0,0,0
533967_00978_12969_0,145.8,2,2022/10/18 18:45:00,40.05,13.11,79.0,76,0,73,2,1,0,0,0,0,0,0,0
533967_00978_12969_1,146.0,2,2022/10/18 06:30:00,52.57,10.00,36.0,30,0,24,6,0,0,0,0,0,0,0,0
533967_00978_12969_1,146.0,2,2022/10/18 06:45:00,52.18,10.07,33.0,27,0,21,6,0,0,0,0,0,0,0,0
533967_00978_12969_1,146.0,2,2022/10/18 07:00:00,52.57,10.00,41.0,35,0,29,6,0,0,0,0,0,0,0,0
533967_00978_12969_1,146.0,2,2022/10/18 07:15:00,52.44,10.02,55.0,42,0,29,13,0,0,0,0,0,0,0,0
533967_00978_12969_1,146.0,2,2022/10/18 07:30:00,52.57,10.00,74.0,62,0,50,11,1,0,0,0,0,0,0,0
533967_00978_12969_1,146.0,2,2022/10/18 07:45:00,51.94,10.12,75.0,66,0,57,9,0,0,0,0,0,0,0,0
533967_00978_12969_1,146.0,2,2022/10/18 08:00:00,52.57,10.00,71.0,61,0,51,9,1,0,0,0,0,0,0,0
533967_00978_12969_1,146.0,2,2022/10/18 08:15:00,52.47,10.02,65.0,52,0,39,12,1,0,0,0,0,0,0,0
533967_00978_12969_1,146.0,2,2022/10/18 08:30:00,52.57,10.00,66.0,55,0,44,11,0,0,0,0,0,0,0,0
533967_00978_12969_1,146.0,2,2022/10/18 08:45:00,52.12,10.09,65.0,58,0,51,7,0,0,0,0,0,0,0,0
533967_00978_12969_1,146.0,2,2022/10/18 09:00:00,52.41,10.03,82.0,64,0,46,14,4,0,0,0,0,0,0,0
533967_00978_12969_1,146.0,2,2022/10/18 09:15:00,52.11,10.09,65.0,57,0,49,8,0,0,0,0,0,0,0,0
533967_00978_12969_1,146.0,2,2022/10/18 09:30:00,52.57,10.00,51.0,39,0,27,11,1,0,0,0,0,0,0,0
533967_00978_12969_1,146.0,2,2022/10/18 09:45:00,52.38,10.04,99.0,83,0,67,16,0,0,0,0,0,0,0,0
533967_00978_12969_1,146.0,2,2022/10/18 10:00:00,52.40,10.03,111.0,93,0,75,13,5,0,0,0,0,0,0,0
533967_00978_12969_1,146.0,2,2022/10/18 10:15:00,52.48,10.02,70.0,57,0,44,13,0,0,0,0,0,0,0,0
533967_00978_12969_1,146.0,2,2022/10/18 10:30:00,51.98,10.11,59.0,53,0,47,6,0,0,0,0,0,0,0,0
533967_00978_12969_1,146.0,2,2022/10/18 10:45:00,52.50,10.01,87.0,75,0,63,12,0,0,0,0,0,0,0,0
533967_00978_12969_1,146.0,2,2022/10/18 11:00:00,52.37,10.04,94.0,80,0,66,14,0,0,0,0,0,0,0,0
533967_00978_12969_1,146.0,2,2022/10/18 11:15:00,52.16,10.08,105.0,90,0,75,15,0,0,0,0,0,0,0,0
533967_00978_12969_1,146.0,2,2022/10/18 11:30:00,52.08,10.09,76.0,64,0,52,12,0,0,0,0,0,0,0,0
533967_00978_12969_1,146.0,2,2022/10/18 11:45:00,51.58,10.19,77.0,68,0,59,9,0,0,0,0,0,0,0,0
533967_00978_12969_1,146.0,2,2022/10/18 12:00:00,52.41,10.03,78.0,68,0,58,9,1,0,0,0,0,0,0,0
533967_00978_12969_1,146.0,2,2022/10/18 12:15:00,51.84,10.14,86.0,78,0,70,8,0,0,0,0,0,0,0,0
533967_00978_12969_1,146.0,2,2022/10/18 12:30:00,52.57,10.00,54.0,47,0,40,6,1,0,0,0,0,0,0,0
533967_00978_12969_1,146.0,2,2022/10/18 12:45:00,52.17,10.08,108.0,92,0,76,11,5,0,0,0,0,0,0,0
533967_00978_12969_1,146.0,2,2022/10/18 13:00:00,52.27,10.06,80.0,71,0,62,8,1,0,0,0,0,0,0,0
533967_00978_12969_1,146.0,2,2022/10/18 13:15:00,52.38,10.04,86.0,83,0,80,0,3,0,0,0,0,0,0,0
533967_00978_12969_1,146.0,2,2022/10/18 13:30:00,52.39,10.03,100.0,90,0,80,10,0,0,0,0,0,0,0,0
533967_00978_12969_1,146.0,2,2022/10/18 13:45:00,52.46,10.02,49.0,47,0,45,2,0,0,0,0,0,0,0,0
533967_00978_12969_1,146.0,2,2022/10/18 14:00:00,52.49,10.01,76.0,67,0,58,9,0,0,0,0,0,0,0,0
533967_00978_12969_1,146.0,2,2022/10/18 14:15:00,52.40,10.03,99.0,91,0,83,8,0,0,0,0,0,0,0,0
533967_00978_12969_1,146.0,2,2022/10/18 14:30:00,52.46,10.02,57.0,49,0,41,8,0,0,0,0,0,0,0,0
533967_00978_12969_1,146.0,2,2022/10/18 14:45:00,52.04,10.10,73.0,69,0,65,0,4,0,0,0,0,0,0,0
533967_00978_12969_1,146.0,2,2022/10/18 15:00:00,51.91,10.13,88.0,79,0,70,9,0,0,0,0,0,0,0,0
533967_00978_12969_1,146.0,2,2022/10/18 15:15:00,52.28,10.05,70.0,55,0,40,12,3,0,0,0,0,0,0,0
533967_00978_12969_1,146.0,2,2022/10/18 15:30:00,52.50,10.01,89.0,79,0,69,10,0,0,0,0,0,0,0,0
533967_00978_12969_1,146.0,2,2022/10/18 15:45:00,52.57,10.00,57.0,54,0,51,3,0,0,0,0,0,0,0,0
533967_00978_12969_1,146.0,2,2022/10/18 16:00:00,52.33,10.05,92.0,86,0,80,6,0,0,0,0,0,0,0,0
533967_00978_12969_1,146.0,2,2022/10/18 16:15:00,52.13,10.08,93.0,84,0,75,9,0,0,0,0,0,0,0,0
533967_00978_12969_1,146.0,2,2022/10/18 16:30:00,52.37,10.04,54.0,53,0,52,1,0,0,0,0,0,0,0,0
533967_00978_12969_1,146.0,2,2022/10/18 16:45:00,52.27,10.06,98.0,86,0,74,12,0,0,0,0,0,0,0,0
533967_00978_12969_1,146.0,2,2022/10/18 17:00:00,52.49,10.02,70.0,66,0,62,3,1,0,0,0,0,0,0,0
533967_00978_12969_1,146.0,2,2022/10/18 17:15:00,52.35,10.04,75.0,72,0,69,3,0,0,0,0,0,0,0,0
533967_00978_12969_1,146.0,2,2022/10/18 17:30:00,52.51,10.01,88.0,84,0,80,0,4,0,0,0,0,0,0,0
533967_00978_12969_1,146.0,2,2022/10/18 17:45:00,52.50,10.01,79.0,75,0,71,4,0,0,0,0,0,0,0,0
533967_00978_12969_1,146.0,2,2022/10/18 18:00:00,52.57,10.00,90.0,87,0,84,2,1,0,0,0,0,0,0,0
533967_00978_12969_1,146.0,2,2022/10/18 18:15:00,52.40,10.03,69.0,63,0,57,3,3,0,0,0,0,0,0,0
533967_00978_12969_1,146.0,2,2022/10/18 18:30:00,52.29,10.05,98.0,93,0,88,4,1,0,0,0,0,0,0,0
533967_00978_12969_1,146.0,2,2022/10/18 18:45:00,52.43,10.03,77.0,77,0,77,0,0,0,0,0,0,0,0,0
533967_00978_87768_0,103.3,1,2022/10/18 06:30:00,-1.00,-1.00,0.0,0,0,0,0,0,0,0,0,0,0,0,0
533967_00978_87768_0,103.3,1,2022/10/18 06:45:00,-1.00,-1.00,0.0,0,0,0,0,0,0,0,0,0,0,0,0
533967_00978_87768_0,103.3,1,2022/10/18 07:00:00,-1.00,-1.00,0.0,0,0,0,0,0,0,0,0,0,0,0,0
533967_00978_87768_0,103.3,1,2022/10/18 07:15:00,-1.00,-1.00,0.0,0,0,0,0,0,0,0,0,0,0,0,0
533967_00978_87768_0,103.3,1,2022/10/18 07:30:00,-1.00,-1.00,0.0,0,0,0,0,0,0,0,0,0,0,0,0
533967_00978_87768_0,103.3,1,2022/10/18 07:45:00,-1.00,-1.00,0.0,0,0,0,0,0,0,0,0,0,0,0,0
533967_00978_87768_0,103.3,1,2022/10/18 08:00:00,-1.00,-1.00,0.0,0,0,0,0,0,0,0,0,0,0,0,0
533967_00978_87768_0,103.3,1,2022/10/18 08:15:00,-1.00,-1.00,0.0,0,0,0,0,0,0,0,0,0,0,0,0
533967_00978_87768_0,103.3,1,2022/10/18 08:30:00,-1.00,-1.00,0.0,0,0,0,0,0,0,0,0,0,0,0,0
533967_00978_87768_0,103.3,1,2022/10/18 08:45:00,-1.00,-1.00,0.0,0,0,0,0,0,0,0,0,0,0,0,0
533967_00978_87768_0,103.3,1,2022/10/18 09:00:00,-1.00,-1.00,0.0,0,0,0,0,0,0,0,0,0,0,0,0
533967_00978_87768_0,103.3,1,2022/10/18 09:15:00,-1.00,-1.00,0.0,0,0,0,0,0,0,0,0,0,0,0,0
533967_00978_87768_0,103.3,1,2022/10/18 09:30:00,-1.00,-1.00,0.0,0,0,0,0,0,0,0,0,0,0,0,0
533967_00978_87768_0,103.3,1,2022/10/18 09:45:00,-1.00,-1.00,0.0,0,0,0,0,0,0,0,0,0,0,0,0
533967_00978_87768_0,103.3,1,2022/10/18 10:00:00,-1.00,-1.00,0.0,0,0,0,0,0,0,0,0,0,0,0,0
533967_00978_87768_0,103.3,1,2022/10/18 10:15:00,-1.00,-1.00,0.0,0,0,0,0,0,0,0,0,0,0,0,0
533967_00978_87768_0,103.3,1,2022/10/18 10:30:00,-1.00,-1.00,0.0,0,0,0,0,0,0,0,0,0,0,0,0
533967_00978_87768_0,103.3,1,2022/10/18 10:45:00,-1.00,-1.00,0.0,0,0,0,0,0,0,0,0,0,0,0,0
533967_00978_87768_0,103.3,1,2022/10/18 11:00:00,-1.00,-1.00,0.0,0,0,0,0,0,0,0,0,0,0,0,0
533967_00978_87768_0,103.3,1,2022/10/18 11:15:00,-1.00,-1.00,0.0,0,0,0,0,0,0,0,0,0,0,0,0
533967_00978_87768_0,103.3,1,2022/10/18 11:30:00,-1.00,-1.00,0.0,0,0,0,0,0,0,0,0,0,0,0,0
533967_00978_87768_0,103.3,1,2022/10/18 11:45:00,-1.00,-1.00,0.0,0,0,0,0,0,0,0,0,0,0,0,0
533967_00978_87768_0,103.3,1,2022/10/18 12:00:00,-1.00,-1.00,0.0,0,0,0,0,0,0,0,0,0,0,0,0
533967_00978_87768_0,103.3,1,2022/10/18 12:15:00,-1.00,-1.00,0.0,0,0,0,0,0,0,0,0,0,0,0,0
533967_00978_87768_0,103.3,1,2022/10/18 12:30:00,-1.00,-1.00,0.0,0,0,0,0,0,0,0,0,0,0,0,0
533967_00978_87768_0,103.3,1,2022/10/18 12:45:00,-1.00,-1.00,0.0,0,0,0,0,0,0,0,0,0,0,0,0
533967_00978_87768_0,103.3,1,2022/10/18 13:00:00,-1.00,-1.00,0.0,0,0,0,0,0,0,0,0,0,0,0,0
533967_00978_87768_0,103.3,1,2022/10/18 13:15:00,-1.00,-1.00,0.0,0,0,0,0,0,0,0,0,0,0,0,0
533967_00978_87768_0,103.3,1,2022/10/18 13:30:00,-1.00,-1.00,0.0,0,0,0,0,0,0,0,0,0,0,0,0
533967_00978_87768_0,103.3,1,2022/10/18 13:45:00,-1.00,-1.00,0.0,0,0,0,0,0,0,0,0,0,0,0,0
533967_00978_87768_0,103.3,1,2022/10/18 14:00:00,-1.00,-1.00,0.0,0,0,0,0,0,0,0,0,0,0,0,0
533967_00978_87768_0,103.3,1,2022/10/18 14:15:00,-1.00,-1.00,0.0,0,0,0,0,0,0,0,0,0,0,0,0
533967_00978_87768_0,103.3,1,2022/10/18 14:30:00,-1.00,-1.00,0.0,0,0,0,0,0,0,0,0,0,0,0,0
533967_00978_87768_0,103.3,1,2022/10/18 14:45:00,-1.00,-1.00,0.0,0,0,0,0,0,0,0,0,0,0,0,0
533967_00978_87768_0,103.3,1,2022/10/18 15:00:00,-1.00,-1.00,0.0,0,0,0,0,0,0,0,0,0,0,0,0
533967_00978_87768_0,103.3,1,2022/10/18 15:15:00,-1.00,-1.00,0.0,0,0,0,0,0,0,0,0,0,0,0,0
533967_00978_87768_0,103.3,1,2022/10/18 15:30:00,-1.00,-1.00,0.0,0,0,0,0,0,0,0,0,0,0,0,0
533967_00978_87768_0,103.3,1,2022/10/18 15:45:00,-1.00,-1.00,0.0,0,0,0,0,0,0,0,0,0,0,0,0
533967_00978_87768_0,103.3,1,2022/10/18 16:00:00,-1.00,-1.00,0.0,0,0,0,0,0,0,0,0,0,0,0,0
533967_00978_87768_0,103.3,1,2022/10/18 16:15:00,-1.00,-1.00,0.0,0,0,0,0,0,0,0,0,0,0,0,0
533967_00978_87768_0,103.3,1,2022/10/18 16:30:00,-1.00,-1.00,0.0,0,0,0,0,0,0,0,0,0,0,0,0
533967_00978_87768_0,103.3,1,2022/10/18 16:45:00,-1.00,-1.00,0.0,0,0,0,0,0,0,0,0,0,0,0,0
533967_00978_87768_0,103.3,1,2022/10/18 17:00:00,-1.00,-1.00,0.0,0,0,0,0,0,0,0,0,0,0,0,0
533967_00978_87768_0,103.3,1,2022/10/18 17:15:00,-1.00,-1.00,0.0,0,0,0,0,0,0,0,0,0,0,0,0
533967_00978_87768_0,103.3,1,2022/10/18 17:30:00,-1.00,-1.00,0.0,0,0,0,0,0,0,0,0,0,0,0,0
533967_00978_87768_0,103.3,1,2022/10/18 17:45:00,-1.00,-1.00,0.0,0,0,0,0,0,0,0,0,0,0,0,0
533967_00978_87768_0,103.3,1,2022/10/18 18:00:00,-1.00,-1.00,0.0,0,0,0,0,0,0,0,0,0,0,0,0
533967_00978_87768_0,103.3,1,2022/10/18 18:15:00,-1.00,-1.00,0.0,0,0,0,0,0,0,0,0,0,0,0,0
533967_00978_87768_0,103.3,1,2022/10/18 18:30:00,-1.00,-1.00,0.0,0,0,0,0,0,0,0,0,0,0,0,0
533967_00978_87768_0,103.3,1,2022/10/18 18:45:00,-1.00,-1.00,0.0,0,0,0,0,0,0,0,0,0,0,0,0
533967_00978_87768_1,109.2,1,2022/10/18 06:30:00,-1.00,-1.00,0.0,0,0,0,0,0,0,0,0,0,0,0,0
533967_00978_87768_1,109.2,1,2022/10/18 06:45:00,-1.00,-1.00,0.0,0,0,0,0,0,0,0,0,0,0,0,0
533967_00978_87768_1,109.2,1,2022/10/18 07:00:00,-1.00,-1.00,0.0,0,0,0,0,0,0,0,0,0,0,0,0
533967_00978_87768_1,109.2,1,2022/10/18 07:15:00,-1.00,-1.00,0.0,0,0,0,0,0,0,0,0,0,0,0,0
533967_00978_87768_1,109.2,1,2022/10/18 07:30:00,-1.00,-1.00,0.0,0,0,0,0,0,0,0,0,0,0,0,0
533967_00978_87768_1,109.2,1,2022/10/18 07:45:00,-1.00,-1.00,0.0,0,0,0,0,0,0,0,0,0,0,0,0
533967_00978_87768_1,109.2,1,2022/10/18 08:00:00,-1.00,-1.00,0.0,0,0,0,0,0,0,0,0,0,0,0,0
533967_00978_87768_1,109.2,1,2022/10/18 08:15:00,-1.00,-1.00,0.0,0,0,0,0,0,0,0,0,0,0,0,0
533967_00978_87768_1,109.2,1,2022/10/18 08:30:00,-1.00,-1.00,0.0,0,0,0,0,0,0,0,0,0,0,0,0
533967_00978_87768_1,109.2,1,2022/10/18 08:45:00,-1.00,-1.00,0.0,0,0,0,0,0,0,0,0,0,0,0,0
533967_00978_87768_1,109.2,1,2022/10/18 09:00:00,-1.00,-1.00,0.0,0,0,0,0,0,0,0,0,0,0,0,0
533967_00978_87768_1,109.2,1,2022/10/18 09:15:00,-1.00,-1.00,0.0,0,0,0,0,0,0,0,0,0,0,0,0
533967_00978_87768_1,109.2,1,2022/10/18 09:30:00,-1.00,-1.00,0.0,0,0,0,0,0,0,0,0,0,0,0,0
533967_00978_87768_1,109.2,1,2022/10/18 09:45:00,-1.00,-1.00,0.0,0,0,0,0,0,0,0,0,0,0,0,0
533967_00978_87768_1,109.2,1,2022/10/18 10:00:00,-1.00,-1.00,0.0,0,0,0,0,0,0,0,0,0,0,0,0
533967_00978_87768_1,109.2,1,2022/10/18 10:15:00,-1.00,-1.00,0.0,0,0,0,0,0,0,0,0,0,0,0,0
533967_00978_87768_1,109.2,1,2022/10/18 10:30:00,-1.00,-1.00,0.0,0,0,0,0,0,0,0,0,0,0,0,0
533967_00978_87768_1,109.2,1,2022/10/18 10:45:00,-1.00,-1.00,0.0,0,0,0,0,0,0,0,0,0,0,0,0
533967_00978_87768_1,109.2,1,2022/10/18 11:00:00,-1.00,-1.00,0.0,0,0,0,0,0,0,0,0,0,0,0,0
533967_00978_87768_1,109.2,1,2022/10/18 11:15:00,-1.00,-1.00,0.0,0,0,0,0,0,0,0,0,0,0,0,0
533967_00978_87768_1,109.2,1,2022/10/18 11:30:00,-1.00,-1.00,0.0,0,0,0,0,0,0,0,0,0,0,0,0
533967_00978_87768_1,109.2,1,2022/10/18 11:45:00,-1.00,-1.00,0.0,0,0,0,0,0,0,0,0,0,0,0,0
533967_00978_87768_1,109.2,1,2022/10/18 12:00:00,-1.00,-1.00,0.0,0,0,0,0,0,0,0,0,0,0,0,0
533967_00978_87768_1,109.2,1,2022/10/18 12:15:00,-1.00,-1.00,0.0,0,0,0,0,0,0,0,0,0,0,0,0
533967_00978_87768_1,109.2,1,2022/10/18 12:30:00,-1.00,-1.00,0.0,0,0,0,0,0,0,0,0,0,0,0,0
533967_00978_87768_1,109.2,1,2022/10/18 12:45:00,-1.00,-1.00,0.0,0,0,0,0,0,0,0,0,0,0,0,0
533967_00978_87768_1,109.2,1,2022/10/18 13:00:00,-1.00,-1.00,0.0,0,0,0,0,0,0,0,0,0,0,0,0
533967_00978_87768_1,109.2,1,2022/10/18 13:15:00,-1.00,-1.00,0.0,0,0,0,0,0,0,0,0,0,0,0,0
533967_00978_87768_1,109.2,1,2022/10/18 13:30:00,-1.00,-1.00,0.0,0,0,0,0,0,0,0,0,0,0,0,0
533967_00978_87768_1,109.2,1,2022/10/18 13:45:00,-1.00,-1.00,0.0,0,0,0,0,0,0,0,0,0,0,0,0
533967_00978_87768_1,109.2,1,2022/10/18 14:00:00,-1.00,-1.00,0.0,0,0,0,0,0,0,0,0,0,0,0,0
533967_00978_87768_1,109.2,1,2022/10/18 14:15:00,-1.00,-1.00,0.0,0,0,0,0,0,0,0,0,0,0,0,0
533967_00978_87768_1,109.2,1,2022/10/18 14:30:00,-1.00,-1.00,0.0,0,0,0,0,0,0,0,0,0,0,0,0
533967_00978_87768_1,109.2,1,2022/10/18 14:45:00,-1.00,-1.00,0.0,0,0,0,0,0,0,0,0,0,0,0,0
533967_00978_87768_1,109.2,1,2022/10/18 15:00:00,-1.00,-1.00,0.0,0,0,0,0,0,0,0,0,0,0,0,0
533967_00978_87768_1,109.2,1,2022/10/18 15:15:00,-1.00,-1.00,0.0,0,0,0,0,0,0,0,0,0,0,0,0
533967_00978_87768_1,109.2,1,2022/10/18 15:30:00,-1.00,-1.00,0.0,0,0,0,0,0,0,0,0,0,0,0,0
533967_00978_87768_1,109.2,1,2022/10/18 15:45:00,-1.00,-1.00,0.0,0,0,0,0,0,0,0,0,0,0,0,0
533967_00978_87768_1,109.2,1,2022/10/18 16:00:00,-1.00,-1.00,0.0,0,0,0,0,0,0,0,0,0,0,0,0
533967_00978_87768_1,109.2,1,2022/10/18 16:15:00,-1.00,-1.00,0.0,0,0,0,0,0,0,0,0,0,0,0,0
533967_00978_87768_1,109.2,1,2022/10/18 16:30:00,-1.00,-1.00,0.0,0,0,0,0,0,0,0,0,0,0,0,0
533967_00978_87768_1,109.2,1,2022/10/18 16:45:00,-1.00,-1.00,0.0,0,0,0,0,0,0,0,0,0,0,0,0
533967_00978_87768_1,109.2,1,2022/10/18 17:00:00,-1.00,-1.00,0.0,0,0,0,0,0,0,0,0,0,0,0,0
533967_00978_87768_1,109.2,1,2022/10/18 17:15:00,-1.00,-1.00,0.0,0,0,0,0,0,0,0,0,0,0,0,0
533967_00978_87768_1,109.2,1,2022/10/18 17:30:00,-1.00,-1.00,0.0,0,0,0,0,0,0,0,0,0,0,0,0
533967_00978_87768_1,109.2,1,2022/10/18 17:45:00,-1.00,-1.00,0.0,0,0,0,0,0,0,0,0,0,0,0,0
533967_00978_87768_1,109.2,1,2022/10/18 18:00:00,-1.00,-1.00,0.0,0,0,0,0,0,0,0,0,0,0,0,0
533967_00978_87768_1,109.2,1,2022/10/18 18:15:00,-1.00,-1.00,0.0,0,0,0,0,0,0,0,0,0,0,0,0
533967_00978_87768_1,109.2,1,2022/10/18 18:30:00,-1.00,-1.00,0.0,0,0,0,0,0,0,0,0,0,0,0,0
533967_00978_87768_1,109.2,1,2022/10/18 18:45:00,-1.00,-1.00,0.0,0,0,0,0,0,0,0,0,0,0,0,0
533967_01268_13716_0,103.3,1,2022/10/18 06:30:00,-1.00,-1.00,0.0,0,0,0,0,0,0,0,0,0,0,0,0
533967_01268_13716_0,103.3,1,2022/10/18 06:45:00,-1.00,-1.00,0.0,0,0,0,0,0,0,0,0,0,0,0,0
533967_01268_13716_0,103.3,1,2022/10/18 07:00:00,-1.00,-1.00,0.0,0,0,0,0,0,0,0,0,0,0,0,0
533967_01268_13716_0,103.3,1,2022/10/18 07:15:00,-1.00,-1.00,0.0,0,0,0,0,0,0,0,0,0,0,0,0
533967_01268_13716_0,103.3,1,2022/10/18 07:30:00,-1.00,-1.00,0.0,0,0,0,0,0,0,0,0,0,0,0,0
533967_01268_13716_0,103.3,1,2022/10/18 07:45:00,-1.00,-1.00,0.0,0,0,0,0,0,0,0,0,0,0,0,0
533967_01268_13716_0,103.3,1,2022/10/18 08:00:00,-1.00,-1.00,0.0,0,0,0,0,0,0,0,0,0,0,0,0
533967_01268_13716_0,103.3,1,2022/10/18 08:15:00,-1.00,-1.00,0.0,0,0,0,0,0,0,0,0,0,0,0,0
533967_01268_13716_0,103.3,1,2022/10/18 08:30:00,-1.00,-1.00,0.0,0,0,0,0,0,0,0,0,0,0,0,0
533967_01268_13716_0,103.3,1,2022/10/18 08:45:00,-1.00,-1.00,0.0,0,0,0,0,0,0,0,0,0,0,0,0
533967_01268_13716_0,103.3,1,2022/10/18 09:00:00,-1.00,-1.00,0.0,0,0,0,0,0,0,0,0,0,0,0,0
533967_01268_13716_0,103.3,1,2022/10/18 09:15:00,-1.00,-1.00,0.0,0,0,0,0,0,0,0,0,0,0,0,0
533967_01268_13716_0,103.3,1,2022/10/18 09:30:00,-1.00,-1.00,0.0,0,0,0,0,0,0,0,0,0,0,0,0
533967_01268_13716_0,103.3,1,2022/10/18 09:45:00,-1.00,-1.00,0.0,0,0,0,0,0,0,0,0,0,0,0,0
533967_01268_13716_0,103.3,1,2022/10/18 10:00:00,-1.00,-1.00,0.0,0,0,0,0,0,0,0,0,0,0,0,0
533967_01268_13716_0,103.3,1,2022/10/18 10:15:00,-1.00,-1.00,0.0,0,0,0,0,0,0,0,0,0,0,0,0
533967_01268_13716_0,103.3,1,2022/10/18 10:30:00,-1.00,-1.00,0.0,0,0,0,0,0,0,0,0,0,0,0,0
533967_01268_13716_0,103.3,1,2022/10/18 10:45:00,-1.00,-1.00,0.0,0,0,0,0,0,0,0,0,0,0,0,0
533967_01268_13716_0,103.3,1,2022/10/18 11:00:00,-1.00,-1.00,0.0,0,0,0,0,0,0,0,0,0,0,0,0
533967_01268_13716_0,103.3,1,2022/10/18 11:15:00,-1.00,-1.00,0.0,0,0,0,0,0,0,0,0,0,0,0,0
533967_01268_13716_0,103.3,1,2022/10/18 11:30:00,-1.00,-1.00,0.0,0,0,0,0,0,0,0,0,0,0,0,0
533967_01268_13716_0,103.3,1,2022/10/18 11:45:00,-1.00,-1.00,0.0,0,0,0,0,0,0,0,0,0,0,0,0
533967_01268_13716_0,103.3,1,2022/10/18 12:00:00,-1.00,-1.00,0.0,0,0,0,0,0,0,0,0,0,0,0,0
533967_01268_13716_0,103.3,1,2022/10/18 12:15:00,-1.00,-1.00,0.0,0,0,0,0,0,0,0,0,0,0,0,0
533967_01268_13716_0,103.3,1,2022/10/18 12:30:00,-1.00,-1.00,0.0,0,0,0,0,0,0,0,0,0,0,0,0
533967_01268_13716_0,103.3,1,2022/10/18 12:45:00,-1.00,-1.00,0.0,0,0,0,0,0,0,0,0,0,0,0,0
533967_01268_13716_0,103.3,1,2022/10/18 13:00:00,-1.00,-1.00,0.0,0,0,0,0,0,0,0,0,0,0,0,0
533967_01268_13716_0,103.3,1,2022/10/18 13:15:00,-1.00,-1.00,0.0,0,0,0,0,0,0,0,0,0,0,0,0
533967_01268_13716_0,103.3,1,2022/10/18 13:30:00,-1.00,-1.00,0.0,0,0,0,0,0,0,0,0,0,0,0,0
533967_01268_13716_0,103.3,1,2022/10/18 13:45:00,-1.00,-1.00,0.0,0,0,0,0,0,0,0,0,0,0,0,0
533967_01268_13716_0,103.3,1,2022/10/18 14:00:00,-1.00,-1.00,0.0,0,0,0,0,0,0,0,0,0,0,0,0
533967_01268_13716_0,103.3,1,2022/10/18 14:15:00,-1.00,-1.00,0.0,0,0,0,0,0,0,0,0,0,0,0,0
533967_01268_13716_0,103.3,1,2022/10/18 14:30:00,-1.00,-1.00,0.0,0,0,0,0,0,0,0,0,0,0,0,0
533967_01268_13716_0,103.3,1,2022/10/18 14:45:00,-1.00,-1.00,0.0,0,0,0,0,0,0,0,0,0,0,0,0
533967_01268_13716_0,103.3,1,2022/10/18 15:00:00,-1.00,-1.00,0.0,0,0,0,0,0,0,0,0,0,0,0,0
533967_01268_13716_0,103.3,1,2022/10/18 15:15:00,-1.00,-1.00,0.0,0,0,0,0,0,0,0,0,0,0,0,0
533967_01268_13716_0,103.3,1,2022/10/18 15:30:00,-1.00,-1.00,0.0,0,0,0,0,0,0,0,0,0,0,0,0
533967_01268_13716_0,103.3,1,2022/10/18 15:45:00,-1.00,-1.00,0.0,0,0,0,0,0,0,0,0,0,0,0,0
533967_01268_13716_0,103.3,1,2022/10/18 16:00:00,-1.00,-1.00,0.0,0,0,0,0,0,0,0,0,0,0,0,0
533967_01268_13716_0,103.3,1,2022/10/18 16:15:00,-1.00,-1.00,0.0,0,0,0,0,0,0,0,0,0,0,0,0
533967_01268_13716_0,103.3,1,2022/10/18 16:30:00,-1.00,-1.00,0.0,0,0,0,0,0,0,0,0,0,0,0,0
533967_01268_13716_0,103.3,1,2022/10/18 16:45:00,-1.00,-1.00,0.0,0,0,0,0,0,0,0,0,0,0,0,0
533967_01268_13716_0,103.3,1,2022/10/18 17:00:00,-1.00,-1.00,0.0,0,0,0,0,0,0,0,0,0,0,0,0
533967_01268_13716_0,103.3,1,2022/10/18 17:15:00,-1.00,-1.00,0.0,0,0,0,0,0,0,0,0,0,0,0,0
533967_01268_13716_0,103.3,1,2022/10/18 17:30:00,-1.00,-1.00,0.0,0,0,0,0,0,0,0,0,0,0,0,0
533967_01268_13716_0,103.3,1,2022/10/18 17:45:00,-1.00,-1.00,0.0,0,0,0,0,0,0,0,0,0,0,0,0
533967_01268_13716_0,103.3,1,2022/10/18 18:00:00,-1.00,-1.00,0.0,0,0,0,0,0,0,0,0,0,0,0,0
533967_01268_13716_0,103.3,1,2022/10/18 18:15:00,-1.00,-1.00,0.0,0,0,0,0,0,0,0,0,0,0,0,0
533967_01268_13716_0,103.3,1,2022/10/18 18:30:00,-1.00,-1.00,0.0,0,0,0,0,0,0,0,0,0,0,0,0
533967_01268_13716_0,103.3,1,2022/10/18 18:45:00,-1.00,-1.00,0.0,0,0,0,0,0,0,0,0,0,0,0,0
533967_01268_13716_1,93.0,1,2022/10/18 06:30:00,-1.00,-1.00,0.0,0,0,0,0,0,0,0,0,0,0,0,0
533967_01268_13716_1,93.0,1,2022/10/18 06:45:00,-1.00,-1.00,0.0,0,0,0,0,0,0,0,0,0,0,0,0
533967_01268_13716_1,93.0,1,2022/10/18 07:00:00,-1.00,-1.00,0.0,0,0,0,0,0,0,0,0,0,0,0,0
533967_01268_13716_1,93.0,1,2022/10/18 07:15:00,-1.00,-1.00,0.0,0,0,0,0,0,0,0,0,0,0,0,0
533967_01268_13716_1,93.0,1,2022/10/18 07:30:00,-1.00,-1.00,0.0,0,0,0,0,0,0,0,0,0,0,0,0
533967_01268_13716_1,93.0,1,2022/10/18 07:45:00,-1.00,-1.00,0.0,0,0,0,0,0,0,0,0,0,0,0,0
533967_01268_13716_1,93.0,1,2022/10/18 08:00:00,-1.00,-1.00,0.0,0,0,0,0,0,0,0,0,0,0,0,0
533967_01268_13716_1,93.0,1,2022/10/18 08:15:00,-1.00,-1.00,0.0,0,0,0,0,0,0,0,0,0,0,0,0
533967_01268_13716_1,93.0,1,2022/10/18 08:30:00,-1.00,-1.00,0.0,0,0,0,0,0,0,0,0,0,0,0,0
533967_01268_13716_1,93.0,1,2022/10/18 08:45:00,-1.00,-1.00,0.0,0,0,0,0,0,0,0,0,0,0,0,0
533967_01268_13716_1,93.0,1,2022/10/18 09:00:00,-1.00,-1.00,0.0,0,0,0,0,0,0,0,0,0,0,0,0
533967_01268_13716_1,93.0,1,2022/10/18 09:15:00,-1.00,-1.00,0.0,0,0,0,0,0,0,0,0,0,0,0,0
533967_01268_13716_1,93.0,1,2022/10/18 09:30:00,-1.00,-1.00,0.0,0,0,0,0,0,0,0,0,0,0,0,0
533967_01268_13716_1,93.0,1,2022/10/18 09:45:00,-1.00,-1.00,0.0,0,0,0,0,0,0,0,0,0,0,0,0
533967_01268_13716_1,93.0,1,2022/10/18 10:00:00,-1.00,-1.00,0.0,0,0,0,0,0,0,0,0,0,0,0,0
533967_01268_13716_1,93.0,1,2022/10/18 10:15:00,-1.00,-1.00,0.0,0,0,0,0,0,0,0,0,0,0,0,0
533967_01268_13716_1,93.0,1,2022/10/18 10:30:00,-1.00,-1.00,0.0,0,0,0,0,0,0,0,0,0,0,0,0
533967_01268_13716_1,93.0,1,2022/10/18 10:45:00,-1.00,-1.00,0.0,0,0,0,0,0,0,0,0,0,0,0,0
533967_01268_13716_1,93.0,1,2022/10/18 11:00:00,-1.00,-1.00,0.0,0,0,0,0,0,0,0,0,0,0,0,0
533967_01268_13716_1,93.0,1,2022/10/18 11:15:00,-1.00,-1.00,0.0,0,0,0,0,0,0,0,0,0,0,0,0
533967_01268_13716_1,93.0,1,2022/10/18 11:30:00,-1.00,-1.00,0.0,0,0,0,0,0,0,0,0,0,0,0,0
533967_01268_13716_1,93.0,1,2022/10/18 11:45:00,-1.00,-1.00,0.0,0,0,0,0,0,0,0,0,0,0,0,0
533967_01268_13716_1,93.0,1,2022/10/18 12:00:00,-1.00,-1.00,0.0,0,0,0,0,0,0,0,0,0,0,0,0
533967_01268_13716_1,93.0,1,2022/10/18 12:15:00,-1.00,-1.00,0.0,0,0,0,0,0,0,0,0,0,0,0,0
533967_01268_13716_1,93.0,1,2022/10/18 12:30:00,-1.00,-1.00,0.0,0,0,0,0,0,0,0,0,0,0,0,0
533967_01268_13716_1,93.0,1,2022/10/18 12:45:00,-1.00,-1.00,0.0,0,0,0,0,0,0,0,0,0,0,0,0
533967_01268_13716_1,93.0,1,2022/10/18 13:00:00,-1.00,-1.00,0.0,0,0,0,0,0,0,0,0,0,0,0,0
533967_01268_13716_1,93.0,1,2022/10/18 13:15:00,-1.00,-1.00,0.0,0,0,0,0,0,0,0,0,0,0,0,0
533967_01268_13716_1,93.0,1,2022/10/18 13:30:00,-1.00,-1.00,0.0,0,0,0,0,0,0,0,0,0,0,0,0
533967_01268_13716_1,93.0,1,2022/10/18 13:45:00,-1.00,-1.00,0.0,0,0,0,0,0,0,0,0,0,0,0,0
533967_01268_13716_1,93.0,1,2022/10/18 14:00:00,-1.00,-1.00,0.0,0,0,0,0,0,0,0,0,0,0,0,0
533967_01268_13716_1,93.0,1,2022/10/18 14:15:00,-1.00,-1.00,0.0,0,0,0,0,0,0,0,0,0,0,0,0
533967_01268_13716_1,93.0,1,2022/10/18 14:30:00,-1.00,-1.00,0.0,0,0,0,0,0,0,0,0,0,0,0,0
533967_01268_13716_1,93.0,1,2022/10/18 14:45:00,-1.00,-1.00,0.0,0,0,0,0,0,0,0,0,0,0,0,0
533967_01268_13716_1,93.0,1,2022/10/18 15:00:00,-1.00,-1.00,0.0,0,0,0,0,0,0,0,0,0,0,0,0
533967_01268_13716_1,93.0,1,2022/10/18 15:15:00,-1.00,-1.00,0.0,0,0,0,0,0,0,0,0,0,0,0,0
533967_01268_13716_1,93.0,1,2022/10/18 15:30:00,-1.00,-1.00,0.0,0,0,0,0,0,0,0,0,0,0,0,0
533967_01268_13716_1,93.0,1,2022/10/18 15:45:00,-1.00,-1.00,0.0,0,0,0,0,0,0,0,0,0,0,0,0
533967_01268_13716_1,93.0,1,2022/10/18 16:00:00,-1.00,-1.00,0.0,0,0,0,0,0,0,0,0,0,0,0,0
533967_01268_13716_1,93.0,1,2022/10/18 16:15:00,-1.00,-1.00,0.0,0,0,0,0,0,0,0,0,0,0,0,0
533967_01268_13716_1,93.0,1,2022/10/18 16:30:00,-1.00,-1.00,0.0,0,0,0,0,0,0,0,0,0,0,0,0
533967_01268_13716_1,93.0,1,2022/10/18 16:45:00,-1.00,-1.00,0.0,0,0,0,0,0,0,0,0,0,0,0,0
533967_01268_13716_1,93.0,1,2022/10/18 17:00:00,-1.00,-1.00,0.0,0,0,0,0,0,0,0,0,0,0,0,0
533967_01268_13716_1,93.0,1,2022/10/18 17:15:00,-1.00,-1.00,0.0,0,0,0,0,0,0,0,0,0,0,0,0
533967_01268_13716_1,93.0,1,2022/10/18 17:30:00,-1.00,-1.00,0.0,0,0,0,0,0,0,0,0,0,0,0,0
533967_01268_13716_1,93.0,1,2022/10/18 17:45:00,-1.00,-1.00,0.0,0,0,0,0,0,0,0,0,0,0,0,0
533967_01268_13716_1,93.0,1,2022/10/18 18:00:00,-1.00,-1.00,0.0,0,0,0,0,0,0,0,0,0,0,0,0
533967_01268_13716_1,93.0,1,2022/10/18 18:15:00,-1.00,-1.00,0.0,0,0,0,0,0,0,0,0,0,0,0,0
533967_01268_13716_1,93.0,1,2022/10/18 18:30:00,-1.00,-1.00,0.0,0,0,0,0,0,0,0,0,0,0,0,0
533967_01268_13716_1,93.0,1,2022/10/18 18:45:00,-1.00,-1.00,0.0,0,0,0,0,0,0,0,0,0,0,0,0
533967_01269_13715_0,89.0,2,2022/10/18 06:30:00,48.58,6.59,39.0,37,0,35,0,2,0,0,0,0,0,0,0
533967_01269_13715_0,89.0,2,2022/10/18 06:45:00,48.89,6.55,48.0,47,0,46,0,1,0,0,0,0,0,0,0
533967_01269_13715_0,89.0,2,2022/10/18 07:00:00,49.29,6.50,18.0,14,0,10,0,4,0,0,0,0,0,0,0
533967_01269_13715_0,89.0,2,2022/10/18 07:15:00,49.50,6.47,53.0,53,0,53,0,0,0,0,0,0,0,0,0
533967_01269_13715_0,89.0,2,2022/10/18 07:30:00,49.70,6.45,67.0,65,0,63,0,2,0,0,0,0,0,0,0
533967_01269_13715_0,89.0,2,2022/10/18 07:45:00,50.06,6.40,80.0,65,0,50,12,3,0,0,0,0,0,0,0
533967_01269_13715_0,89.0,2,2022/10/18 08:00:00,48.36,6.62,94.0,88,0,82,5,1,0,0,0,0,0,0,0
533967_01269_13715_0,89.0,2,2022/10/18 08:15:00,49.62,6.46,37.0,35,0,33,0,2,0,0,0,0,0,0,0
533967_01269_13715_0,89.0,2,2022/10/18 08:30:00,49.47,6.48,106.0,103,0,100,2,1,0,0,0,0,0,0,0
533967_01269_13715_0,89.0,2,2022/10/18 08:45:00,49.36,6.49,70.0,57,0,44,10,3,0,0,0,0,0,0,0
533967_01269_13715_0,89.0,2,2022/10/18 09:00:00,48.58,6.60,43.0,42,0,41,0,1,0,0,0,0,0,0,0
533967_01269_13715_0,89.0,2,2022/10/18 09:15:00,49.66,6.45,121.0,104,0,87,16,1,0,0,0,0,0,0,0
533967_01269_13715_0,89.0,2,2022/10/18 09:30:00,49.69,6.45,45.0,38,0,31,6,1,0,0,0,0,0,0,0
533967_01269_13715_0,89.0,2,2022/10/18 09:45:00,48.60,6.59,31.0,27,0,23,2,2,0,0,0,0,0,0,0
533967_01269_13715_0,89.0,2,2022/10/18 10:00:00,49.01,6.54,89.0,82,0,75,6,1,0,0,0,0,0,0,0
533967_01269_13715_0,89.0,2,2022/10/18 10:15:00,50.46,6.35,53.0,43,0,33,9,1,0,0,0,0,0,0,0
533967_01269_13715_0,89.0,2,2022/10/18 10:30:00,49.69,6.45,77.0,67,0,57,9,1,0,0,0,0,0,0,0
533967_01269_13715_0,89.0,2,2022/10/18 10:45:00,49.69,6.45,45.0,38,0,31,4,3,0,0,0,0,0,0,0
533967_01269_13715_0,89.0,2,2022/10/18 11:00:00,49.88,6.42,58.0,52,0,46,5,1,0,0,0,0,0,0,0
533967_01269_13715_0,89.0,2,2022/10/18 11:15:00,49.82,6.43,78.0,65,0,52,10,3,0,0,0,0,0,0,0
533967_01269_13715_0,89.0,2,2022/10/18 11:30:00,49.62,6.46,52.0,46,0,40,5,1,0,0,0,0,0,0,0
533967_01269_13715_0,89.0,2,2022/10/18 11:45:00,49.97,6.41,79.0,68,0,57,9,2,0,0,0,0,0,0,0
533967_01269_13715_0,89.0,2,2022/10/18 12:00:00,49.87,6.42,61.0,59,0,57,0,2,0,0,0,0,0,0,0
533967_01269_13715_0,89.0,2,2022/10/18 12:15:00,49.56,6.46,60.0,56,0,52,1,3,0,0,0,0,0,0,0
533967_01269_13715_0,89.0,2,2022/10/18 12:30:00,49.39,6.49,80.0,78,0,76,2,0,0,0,0,0,0,0,0
533967_01269_13715_0,89.0,2,2022/10/18 12:45:00,49.29,6.50,88.0,72,0,56,13,3,0,0,0,0,0,0,0
533967_01269_13715_0,89.0,2,2022/10/18 13:00:00,49.40,6.48,72.0,66,0,60,5,1,0,0,0,0,0,0,0
533967_01269_13715_0,89.0,2,2022/10/18 13:15:00,49.70,6.45,55.0,47,0,39,7,1,0,0,0,0,0,0,0
533967_01269_13715_0,89.0,2,2022/10/18 13:30:00,49.29,6.50,64.0,56,0,48,4,4,0,0,0,0,0,0,0
533967_01269_13715_0,89.0,2,2022/10/18 13:45:00,49.77,6.44,39.0,32,0,25,5,2,0,0,0,0,0,0,0
533967_01269_13715_0,89.0,2,2022/10/18 14:00:00,49.78,6.44,66.0,62,0,58,3,1,0,0,0,0,0,0,0
533967_01269_13715_0,89.0,2,2022/10/18 14:15:00,49.93,6.42,44.0,36,0,28,5,3,0,0,0,0,0,0,0
533967_01269_13715_0,89.0,2,2022/10/18 14:30:00,49.38,6.49,88.0,80,0,72,7,1,0,0,0,0,0,0,0
533967_01269_13715_0,89.0,2,2022/10/18 14:45:00,48.96,6.54,59.0,57,0,55,1,1,0,0,0,0,0,0,0
533967_01269_13715_0,89.0,2,2022/10/18 15:00:00,48.51,6.60,52.0,48,0,44,3,1,0,0,0,0,0,0,0
533967_01269_13715_0,89.0,2,2022/10/18 15:15:00,49.82,6.43,77.0,65,0,53,9,3,0,0,0,0,0,0,0
533967_01269_13715_0,89.0,2,2022/10/18 15:30:00,51.09,6.27,49.0,37,0,25,9,3,0,0,0,0,0,0,0
533967_01269_13715_0,89.0,2,2022/10/18 15:45:00,50.00,6.41,53.0,49,0,45,3,1,0,0,0,0,0,0,0
533967_01269_13715_0,89.0,2,2022/10/18 16:00:00,50.06,6.40,56.0,55,0,54,0,1,0,0,0,0,0,0,0
533967_01269_13715_0,89.0,2,2022/10/18 16:15:00,49.16,6.52,92.0,89,0,86,0,3,0,0,0,0,0,0,0
533967_01269_13715_0,89.0,2,2022/10/18 16:30:00,49.29,6.50,93.0,92,0,91,0,1,0,0,0,0,0,0,0
533967_01269_13715_0,89.0,2,2022/10/18 16:45:00,48.41,6.62,34.0,34,0,34,0,0,0,0,0,0,0,0,0
533967_01269_13715_0,89.0,2,2022/10/18 17:00:00,49.95,6.41,61.0,58,0,55,0,3,0,0,0,0,0,0,0
533967_01269_13715_0,89.0,2,2022/10/18 17:15:00,51.67,6.20,18.0,15,0,12,1,2,0,0,0,0,0,0,0
533967_01269_13715_0,89.0,2,2022/10/18 17:30:00,49.12,6.52,47.0,46,0,45,0,1,0,0,0,0,0,0,0
533967_01269_13715_0,89.0,2,2022/10/18 17:45:00,49.13,6.52,75.0,73,0,71,1,1,0,0,0,0,0,0,0
533967_01269_13715_0,89.0,2,2022/10/18 18:00:00,50.17,6.39,83.0,83,0,83,0,0,0,0,0,0,0,0,0
533967_01269_13715_0,89.0,2,2022/10/18 18:15:00,49.17,6.52,66.0,64,0,62,0,2,0,0,0,0,0,0,0
533967_01269_13715_0,89.0,2,2022/10/18 18:30:00,49.76,6.44,42.0,41,0,40,0,1,0,0,0,0,0,0,0
533967_01269_13715_0,89.0,2,2022/10/18 18:45:00,48.54,6.60,57.0,55,0,53,0,2,0,0,0,0,0,0,0
533967_01405_01406_0,31.5,1,2022/10/18 06:30:00,-1.00,-1.00,0.0,0,0,0,0,0,0,0,0,0,0,0,0
533967_01405_01406_0,31.5,1,2022/10/18 06:45:00,-1.00,-1.00,0.0,0,0,0,0,0,0,0,0,0,0,0,0
533967_01405_01406_0,31.5,1,2022/10/18 07:00:00,-1.00,-1.00,0.0,0,0,0,0,0,0,0,0,0,0,0,0
533967_01405_01406_0,31.5,1,2022/10/18 07:15:00,-1.00,-1.00,0.0,0,0,0,0,0,0,0,0,0,0,0,0
533967_01405_01406_0,31.5,1,2022/10/18 07:30:00,-1.00,-1.00,0.0,0,0,0,0,0,0,0,0,0,0,0,0
533967_01405_01406_0,31.5,1,2022/10/18 07:45:00,-1.00,-1.00,0.0,0,0,0,0,0,0,0,0,0,0,0,0
533967_01405_01406_0,31.5,1,2022/10/18 08:00:00,-1.00,-1.00,0.0,0,0,0,0,0,0,0,0,0,0,0,0
533967_01405_01406_0,31.5,1,2022/10/18 08:15:00,-1.00,-1.00,0.0,0,0,0,0,0,0,0,0,0,0,0,0
533967_01405_01406_0,31.5,1,2022/10/18 08:30:00,-1.00,-1.00,0.0,0,0,0,0,0,0,0,0,0,0,0,0
533967_01405_01406_0,31.5,1,2022/10/18 08:45:00,-1.00,-1.00,0.0,0,0,0,0,0,0,0,0,0,0,0,0
533967_01405_01406_0,31.5,1,2022/10/18 09:00:00,-1.00,-1.00,0.0,0,0,0,0,0,0,0,0,0,0,0,0
533967_01405_01406_0,31.5,1,2022/10/18 09:15:00,-1.00,-1.00,0.0,0,0,0,0,0,0,0,0,0,0,0,0
533967_01405_01406_0,31.5,1,2022/10/18 09:30:00,-1.00,-1.00,0.0,0,0,0,0,0,0,0,0,0,0,0,0
533967_01405_01406_0,31.5,1,2022/10/18 09:45:00,-1.00,-1.00,0.0,0,0,0,0,0,0,0,0,0,0,0,0
533967_01405_01406_0,31.5,1,2022/10/18 10:00:00,-1.00,-1.00,0.0,0,0,0,0,0,0,0,0,0,0,0,0
533967_01405_01406_0,31.5,1,2022/10/18 10:15:00,-1.00,-1.00,0.0,0,0,0,0,0,0,0,0,0,0,0,0
533967_01405_01406_0,31.5,1,2022/10/18 10:30:00,-1.00,-1.00,0.0,0,0,0,0,0,0,0,0,0,0,0,0
533967_01405_01406_0,31.5,1,2022/10/18 10:45:00,-1.00,-1.00,0.0,0,0,0,0,0,0,0,0,0,0,0,0
533967_01405_01406_0,31.5,1,2022/10/18 11:00:00,-1.00,-1.00,0.0,0,0,0,0,0,0,0,0,0,0,0,0
533967_01405_01406_0,31.5,1,2022/10/18 11:15:00,-1.00,-1.00,0.0,0,0,0,0,0,0,0,0,0,0,0,0
533967_01405_01406_0,31.5,1,2022/10/18 11:30:00,-1.00,-1.00,0.0,0,0,0,0,0,0,0,0,0,0,0,0
533967_01405_01406_0,31.5,1,2022/10/18 11:45:00,-1.00,-1.00,0.0,0,0,0,0,0,0,0,0,0,0,0,0
533967_01405_01406_0,31.5,1,2022/10/18 12:00:00,-1.00,-1.00,0.0,0,0,0,0,0,0,0,0,0,0,0,0
533967_01405_01406_0,31.5,1,2022/10/18 12:15:00,-1.00,-1.00,0.0,0,0,0,0,0,0,0,0,0,0,0,0
533967_01405_01406_0,31.5,1,2022/10/18 12:30:00,-1.00,-1.00,0.0,0,0,0,0,0,0,0,0,0,0,0,0
533967_01405_01406_0,31.5,1,2022/10/18 12:45:00,-1.00,-1.00,0.0,0,0,0,0,0,0,0,0,0,0,0,0
533967_01405_01406_0,31.5,1,2022/10/18 13:00:00,-1.00,-1.00,0.0,0,0,0,0,0,0,0,0,0,0,0,0
533967_01405_01406_0,31.5,1,2022/10/18 13:15:00,-1.00,-1.00,0.0,0,0,0,0,0,0,0,0,0,0,0,0
533967_01405_01406_0,31.5,1,2022/10/18 13:30:00,-1.00,-1.00,0.0,0,0,0,0,0,0,0,0,0,0,0,0
533967_01405_01406_0,31.5,1,2022/10/18 13:45:00,-1.00,-1.00,0.0,0,0,0,0,0,0,0,0,0,0,0,0
533967_01405_01406_0,31.5,1,2022/10/18 14:00:00,-1.00,-1.00,0.0,0,0,0,0,0,0,0,0,0,0,0,0
533967_01405_01406_0,31.5,1,2022/10/18 14:15:00,-1.00,-1.00,0.0,0,0,0,0,0,0,0,0,0,0,0,0
533967_01405_01406_0,31.5,1,2022/10/18 14:30:00,-1.00,-1.00,0.0,0,0,0,0,0,0,0,0,0,0,0,0
533967_01405_01406_0,31.5,1,2022/10/18 14:45:00,-1.00,-1.00,0.0,0,0,0,0,0,0,0,0,0,0,0,0
533967_01405_01406_0,31.5,1,2022/10/18 15:00:00,-1.00,-1.00,0.0,0,0,0,0,0,0,0,0,0,0,0,0
533967_01405_01406_0,31.5,1,2022/10/18 15:15:00,-1.00,-1.00,0.0,0,0,0,0,0,0,0,0,0,0,0,0
533967_01405_01406_0,31.5,1,2022/10/18 15:30:00,-1.00,-1.00,0.0,0,0,0,0,0,0,0,0,0,0,0,0
533967_01405_01406_0,31.5,1,2022/10/18 15:45:00,-1.00,-1.00,0.0,0,0,0,0,0,0,0,0,0,0,0,0
533967_01405_01406_0,31.5,1,2022/10/18 16:00:00,-1.00,-1.00,0.0,0,0,0,0,0,0,0,0,0,0,0,0
533967_01405_01406_0,31.5,1,2022/10/18 16:15:00,-1.00,-1.00,0.0,0,0,0,0,0,0,0,0,0,0,0,0
533967_01405_01406_0,31.5,1,2022/10/18 16:30:00,-1.00,-1.00,0.0,0,0,0,0,0,0,0,0,0,0,0,0
533967_01405_01406_0,31.5,1,2022/10/18 16:45:00,-1.00,-1.00,0.0,0,0,0,0,0,0,0,0,0,0,0,0
533967_01405_01406_0,31.5,1,2022/10/18 17:00:00,-1.00,-1.00,0.0,0,0,0,0,0,0,0,0,0,0,0,0
533967_01405_01406_0,31.5,1,2022/10/18 17:15:00,-1.00,-1.00,0.0,0,0,0,0,0,0,0,0,0,0,0,0
533967_01405_01406_0,31.5,1,2022/10/18 17:30:00,-1.00,-1.00,0.0,0,0,0,0,0,0,0,0,0,0,0,0
533967_01405_01406_0,31.5,1,2022/10/18 17:45:00,-1.00,-1.00,0.0,0,0,0,0,0,0,0,0,0,0,0,0
533967_01405_01406_0,31.5,1,2022/10/18 18:00:00,-1.00,-1.00,0.0,0,0,0,0,0,0,0,0,0,0,0,0
533967_01405_01406_0,31.5,1,2022/10/18 18:15:00,-1.00,-1.00,0.0,0,0,0,0,0,0,0,0,0,0,0,0
533967_01405_01406_0,31.5,1,2022/10/18 18:30:00,-1.00,-1.00,0.0,0,0,0,0,0,0,0,0,0,0,0,0
533967_01405_01406_0,31.5,1,2022/10/18 18:45:00,-1.00,-1.00,0.0,0,0,0,0,0,0,0,0,0,0,0,0
533967_01405_01406_1,31.5,1,2022/10/18 06:30:00,-1.00,-1.00,0.0,0,0,0,0,0,0,0,0,0,0,0,0
533967_01405_01406_1,31.5,1,2022/10/18 06:45:00,-1.00,-1.00,0.0,0,0,0,0,0,0,0,0,0,0,0,0
533967_01405_01406_1,31.5,1,2022/10/18 07:00:00,-1.00,-1.00,0.0,0,0,0,0,0,0,0,0,0,0,0,0
533967_01405_01406_1,31.5,1,2022/10/18 07:15:00,-1.00,-1.00,0.0,0,0,0,0,0,0,0,0,0,0,0,0
533967_01405_01406_1,31.5,1,2022/10/18 07:30:00,-1.00,-1.00,0.0,0,0,0,0,0,0,0,0,0,0,0,0
533967_01405_01406_1,31.5,1,2022/10/18 07:45:00,-1.00,-1.00,0.0,0,0,0,0,0,0,0,0,0,0,0,0
533967_01405_01406_1,31.5,1,2022/10/18 08:00:00,-1.00,-1.00,0.0,0,0,0,0,0,0,0,0,0,0,0,0
533967_01405_01406_1,31.5,1,2022/10/18 08:15:00,-1.00,-1.00,0.0,0,0,0,0,0,0,0,0,0,0,0,0
533967_01405_01406_1,31.5,1,2022/10/18 08:30:00,-1.00,-1.00,0.0,0,0,0,0,0,0,0,0,0,0,0,0
533967_01405_01406_1,31.5,1,2022/10/18 08:45:00,-1.00,-1.00,0.0,0,0,0,0,0,0,0,0,0,0,0,0
533967_01405_01406_1,31.5,1,2022/10/18 09:00:00,-1.00,-1.00,0.0,0,0,0,0,0,0,0,0,0,0,0,0
533967_01405_01406_1,31.5,1,2022/10/18 09:15:00,-1.00,-1.00,0.0,0,0,0,0,0,0,0,0,0,0,0,0
533967_01405_01406_1,31.5,1,2022/10/18 09:30:00,-1.00,-1.00,0.0,0,0,0,0,0,0,0,0,0,0,0,0
533967_01405_01406_1,31.5,1,2022/10/18 09:45:00,-1.00,-1.00,0.0,0,0,0,0,0,0,0,0,0,0,0,0
533967_01405_01406_1,31.5,1,2022/10/18 10:00:00,-1.00,-1.00,0.0,0,0,0,0,0,0,0,0,0,0,0,0
533967_01405_01406_1,31.5,1,2022/10/18 10:15:00,-1.00,-1.00,0.0,0,0,0,0,0,0,0,0,0,0,0,0
533967_01405_01406_1,31.5,1,2022/10/18 10:30:00,-1.00,-1.00,0.0,0,0,0,0,0,0,0,0,0,0,0,0
533967_01405_01406_1,31.5,1,2022/10/18 10:45:00,-1.00,-1.00,0.0,0,0,0,0,0,0,0,0,0,0,0,0
533967_01405_01406_1,31.5,1,2022/10/18 11:00:00,-1.00,-1.00,0.0,0,0,0,0,0,0,0,0,0,0,0,0
533967_01405_01406_1,31.5,1,2022/10/18 11:15:00,-1.00,-1.00,0.0,0,0,0,0,0,0,0,0,0,0,0,0
533967_01405_01406_1,31.5,1,2022/10/18 11:30:00,-1.00,-1.00,0.0,0,0,0,0,0,0,0,0,0,0,0,0
533967_01405_01406_1,31.5,1,2022/10/18 11:45:00,-1.00,-1.00,0.0,0,0,0,0,0,0,0,0,0,0,0,0
533967_01405_01406_1,31.5,1,2022/10/18 12:00:00,-1.00,-1.00,0.0,0,0,0,0,0,0,0,0,0,0,0,0
533967_01405_01406_1,31.5,1,2022/10/18 12:15:00,-1.00,-1.00,0.0,0,0,0,0,0,0,0,0,0,0,0,0
533967_01405_01406_1,31.5,1,2022/10/18 12:30:00,-1.00,-1.00,0.0,0,0,0,0,0,0,0,0,0,0,0,0
533967_01405_01406_1,31.5,1,2022/10/18 12:45:00,-1.00,-1.00,0.0,0,0,0,0,0,0,0,0,0,0,0,0
533967_01405_01406_1,31.5,1,2022/10/18 13:00:00,-1.00,-1.00,0.0,0,0,0,0,0,0,0,0,0,0,0,0
533967_01405_01406_1,31.5,1,2022/10/18 13:15:00,-1.00,-1.00,0.0,0,0,0,0,0,0,0,0,0,0,0,0
533967_01405_01406_1,31.5,1,2022/10/18 13:30:00,-1.00,-1.00,0.0,0,0,0,0,0,0,0,0,0,0,0,0
533967_01405_01406_1,31.5,1,2022/10/18 13:45:00,-1.00,-1.00,0.0,0,0,0,0,0,0,0,0,0,0,0,0
533967_01405_01406_1,31.5,1,2022/10/18 14:00:00,-1.00,-1.00,0.0,0,0,0,0,0,0,0,0,0,0,0,0
533967_01405_01406_1,31.5,1,2022/10/18 14:15:00,-1.00,-1.00,0.0,0,0,0,0,0,0,0,0,0,0,0,0
533967_01405_01406_1,31.5,1,2022/10/18 14:30:00,-1.00,-1.00,0.0,0,0,0,0,0,0,0,0,0,0,0,0
533967_01405_01406_1,31.5,1,2022/10/18 14:45:00,-1.00,-1.00,0.0,0,0,0,0,0,0,0,0,0,0,0,0
533967_01405_01406_1,31.5,1,2022/10/18 15:00:00,-1.00,-1.00,0.0,0,0,0,0,0,0,0,0,0,0,0,0
533967_01405_01406_1,31.5,1,2022/10/18 15:15:00,-1.00,-1.00,0.0,0,0,0,0,0,0,0,0,0,0,0,0
533967_01405_01406_1,31.5,1,2022/10/18 15:30:00,-1.00,-1.00,0.0,0,0,0,0,0,0,0,0,0,0,0,0
533967_01405_01406_1,31.5,1,2022/10/18 15:45:00,-1.00,-1.00,0.0,0,0,0,0,0,0,0,0,0,0,0,0
533967_01405_01406_1,31.5,1,2022/10/18 16:00:00,-1.00,-1.00,0.0,0,0,0,0,0,0,0,0,0,0,0,0
533967_01405_01406_1,31.5,1,2022/10/18 16:15:00,-1.00,-1.00,0.0,0,0,0,0,0,0,0,0,0,0,0,0
533967_01405_01406_1,31.5,1,2022/10/18 16:30:00,-1.00,-1.00,0.0,0,0,0,0,0,0,0,0,0,0,0,0
533967_01405_01406_1,31.5,1,2022/10/18 16:45:00,-1.00,-1.00,0.0,0,0,0,0,0,0,0,0,0,0,0,0
533967_01405_01406_1,31.5,1,2022/10/18 17:00:00,-1.00,-1.00,0.0,0,0,0,0,0,0,0,0,0,0,0,0
533967_01405_01406_1,31.5,1,2022/10/18 17:15:00,-1.00,-1.00,0.0,0,0,0,0,0,0,0,0,0,0,0,0
533967_01405_01406_1,31.5,1,2022/10/18 17:30:00,-1.00,-1.00,0.0,0,0,0,0,0,0,0,0,0,0,0,0
533967_01405_01406_1,31.5,1,2022/10/18 17:45:00,-1.00,-1.00,0.0,0,0,0,0,0,0,0,0,0,0,0,0
533967_01405_01406_1,31.5,1,2022/10/18 18:00:00,-1.00,-1.00,0.0,0,0,0,0,0,0,0,0,0,0,0,0
533967_01405_01406_1,31.5,1,2022/10/18 18:15:00,-1.00,-1.00,0.0,0,0,0,0,0,0,0,0,0,0,0,0
533967_01405_01406_1,31.5,1,2022/10/18 18:30:00,-1.00,-1.00,0.0,0,0,0,0,0,0,0,0,0,0,0,0
533967_01405_01406_1,31.5,1,2022/10/18 18:45:00,-1.00,-1.00,0.0,0,0,0,0,0,0,0,0,0,0,0,0
533967_01406_01408_0,143.1,1,2022/10/18 06:30:00,-1.00,-1.00,0.0,0,0,0,0,0,0,0,0,0,0,0,0
533967_01406_01408_0,143.1,1,2022/10/18 06:45:00,-1.00,-1.00,0.0,0,0,0,0,0,0,0,0,0,0,0,0
533967_01406_01408_0,143.1,1,2022/10/18 07:00:00,-1.00,-1.00,0.0,0,0,0,0,0,0,0,0,0,0,0,0
533967_01406_01408_0,143.1,1,2022/10/18 07:15:00,-1.00,-1.00,0.0,0,0,0,0,0,0,0,0,0,0,0,0
533967_01406_01408_0,143.1,1,2022/10/18 07:30:00,-1.00,-1.00,0.0,0,0,0,0,0,0,0,0,0,0,0,0
533967_01406_01408_0,143.1,1,2022/10/18 07:45:00,-1.00,-1.00,0.0,0,0,0,0,0,0,0,0,0,0,0,0
533967_01406_01408_0,143.1,1,2022/10/18 08:00:00,-1.00,-1.00,0.0,0,0,0,0,0,0,0,0,0,0,0,0
533967_01406_01408_0,143.1,1,2022/10/18 08:15:00,-1.00,-1.00,0.0,0,0,0,0,0,0,0,0,0,0,0,0
533967_01406_01408_0,143.1,1,2022/10/18 08:30:00,-1.00,-1.00,0.0,0,0,0,0,0,0,0,0,0,0,0,0
533967_01406_01408_0,143.1,1,2022/10/18 08:45:00,-1.00,-1.00,0.0,0,0,0,0,0,0,0,0,0,0,0,0
533967_01406_01408_0,143.1,1,2022/10/18 09:00:00,-1.00,-1.00,0.0,0,0,0,0,0,0,0,0,0,0,0,0
533967_01406_01408_0,143.1,1,2022/10/18 09:15:00,-1.00,-1.00,0.0,0,0,0,0,0,0,0,0,0,0,0,0
533967_01406_01408_0,143.1,1,2022/10/18 09:30:00,-1.00,-1.00,0.0,0,0,0,0,0,0,0,0,0,0,0,0
533967_01406_01408_0,143.1,1,2022/10/18 09:45:00,-1.00,-1.00,0.0,0,0,0,0,0,0,0,0,0,0,0,0
533967_01406_01408_0,143.1,1,2022/10/18 10:00:00,-1.00,-1.00,0.0,0,0,0,0,0,0,0,0,0,0,0,0
533967_01406_01408_0,143.1,1,2022/10/18 10:15:00,-1.00,-1.00,0.0,0,0,0,0,0,0,0,0,0,0,0,0
533967_01406_01408_0,143.1,1,2022/10/18 10:30:00,-1.00,-1.00,0.0,0,0,0,0,0,0,0,0,0,0,0,0
533967_01406_01408_0,143.1,1,2022/10/18 10:45:00,-1.00,-1.00,0.0,0,0,0,0,0,0,0,0,0,0,0,0
533967_01406_01408_0,143.1,1,2022/10/18 11:00:00,-1.00,-1.00,0.0,0,0,0,0,0,0,0,0,0,0,0,0
533967_01406_01408_0,143.1,1,2022/10/18 11:15:00,-1.00,-1.00,0.0,0,0,0,0,0,0,0,0,0,0,0,0
533967_01406_01408_0,143.1,1,2022/10/18 11:30:00,-1.00,-1.00,0.0,0,0,0,0,0,0,0,0,0,0,0,0
533967_01406_01408_0,143.1,1,2022/10/18 11:45:00,-1.00,-1.00,0.0,0,0,0,0,0,0,0,0,0,0,0,0
533967_01406_01408_0,143.1,1,2022/10/18 12:00:00,-1.00,-1.00,0.0,0,0,0,0,0,0,0,0,0,0,0,0
533967_01406_01408_0,143.1,1,2022/10/18 12:15:00,-1.00,-1.00,0.0,0,0,0,0,0,0,0,0,0,0,0,0
533967_01406_01408_0,143.1,1,2022/10/18 12:30:00,-1.00,-1.00,0.0,0,0,0,0,0,0,0,0,0,0,0,0
533967_01406_01408_0,143.1,1,2022/10/18 12:45:00,-1.00,-1.00,0.0,0,0,0,0,0,0,0,0,0,0,0,0
533967_01406_01408_0,143.1,1,2022/10/18 13:00:00,-1.00,-1.00,0.0,0,0,0,0,0,0,0,0,0,0,0,0
533967_01406_01408_0,143.1,1,2022/10/18 13:15:00,-1.00,-1.00,0.0,0,0,0,0,0,0,0,0,0,0,0,0
533967_01406_01408_0,143.1,1,2022/10/18 13:30:00,-1.00,-1.00,0.0,0,0,0,0,0,0,0,0,0,0,0,0
533967_01406_01408_0,143.1,1,2022/10/18 13:45:00,-1.00,-1.00,0.0,0,0,0,0,0,0,0,0,0,0,0,0
533967_01406_01408_0,143.1,1,2022/10/18 14:00:00,-1.00,-1.00,0.0,0,0,0,0,0,0,0,0,0,0,0,0
533967_01406_01408_0,143.1,1,2022/10/18 14:15:00,-1.00,-1.00,0.0,0,0,0,0,0,0,0,0,0,0,0,0
533967_01406_01408_0,143.1,1,2022/10/18 14:30:00,-1.00,-1.00,0.0,0,0,0,0,0,0,0,0,0,0,0,0
533967_01406_01408_0,143.1,1,2022/10/18 14:45:00,-1.00,-1.00,0.0,0,0,0,0,0,0,0,0,0,0,0,0
533967_01406_01408_0,143.1,1,2022/10/18 15:00:00,-1.00,-1.00,0.0,0,0,0,0,0,0,0,0,0,0,0,0
533967_01406_01408_0,143.1,1,2022/10/18 15:15:00,-1.00,-1.00,0.0,0,0,0,0,0,0,0,0,0,0,0,0
533967_01406_01408_0,143.1,1,2022/10/18 15:30:00,-1.00,-1.00,0.0,0,0,0,0,0,0,0,0,0,0,0,0
533967_01406_01408_0,143.1,1,2022/10/18 15:45:00,-1.00,-1.00,0.0,0,0,0,0,0,0,0,0,0,0,0,0
533967_01406_01408_0,143.1,1,2022/10/18 16:00:00,-1.00,-1.00,0.0,0,0,0,0,0,0,0,0,0,0,0,0
533967_01406_01408_0,143.1,1,2022/10/18 16:15:00,-1.00,-1.00,0.0,0,0,0,0,0,0,0,0,0,0,0,0
533967_01406_01408_0,143.1,1,2022/10/18 16:30:00,-1.00,-1.00,0.0,0,0,0,0,0,0,0,0,0,0,0,0
533967_01406_01408_0,143.1,1,2022/10/18 16:45:00,-1.00,-1.00,0.0,0,0,0,0,0,0,0,0,0,0,0,0
533967_01406_01408_0,143.1,1,2022/10/18 17:00:00,-1.00,-1.00,0.0,0,0,0,0,0,0,0,0,0,0,0,0
533967_01406_01408_0,143.1,1,2022/10/18 17:15:00,-1.00,-1.00,0.0,0,0,0,0,0,0,0,0,0,0,0,0
533967_01406_01408_0,143.1,1,2022/10/18 17:30:00,-1.00,-1.00,0.0,0,0,0,0,0,0,0,0,0,0,0,0
533967_01406_01408_0,143.1,1,2022/10/18 17:45:00,-1.00,-1.00,0.0,0,0,0,0,0,0,0,0,0,0,0,0
533967_01406_01408_0,143.1,1,2022/10/18 18:00:00,-1.00,-1.00,0.0,0,0,0,0,0,0,0,0,0,0,0,0
533967_01406_01408_0,143.1,1,2022/10/18 18:15:00,-1.00,-1.00,0.0,0,0,0,0,0,0,0,0,0,0,0,0
533967_01406_01408_0,143.1,1,2022/10/18 18:30:00,-1.00,-1.00,0.0,0,0,0,0,0,0,0,0,0,0,0,0
533967_01406_01408_0,143.1,1,2022/10/18 18:45:00,-1.00,-1.00,0.0,0,0,0,0,0,0,0,0,0,0,0,0
533967_01406_01408_1,134.3,1,2022/10/18 06:30:00,-1.00,-1.00,0.0,0,0,0,0,0,0,0,0,0,0,0,0
533967_01406_01408_1,134.3,1,2022/10/18 06:45:00,-1.00,-1.00,0.0,0,0,0,0,0,0,0,0,0,0,0,0
533967_01406_01408_1,134.3,1,2022/10/18 07:00:00,-1.00,-1.00,0.0,0,0,0,0,0,0,0,0,0,0,0,0
533967_01406_01408_1,134.3,1,2022/10/18 07:15:00,-1.00,-1.00,0.0,0,0,0,0,0,0,0,0,0,0,0,0
533967_01406_01408_1,134.3,1,2022/10/18 07:30:00,-1.00,-1.00,0.0,0,0,0,0,0,0,0,0,0,0,0,0
533967_01406_01408_1,134.3,1,2022/10/18 07:45:00,-1.00,-1.00,0.0,0,0,0,0,0,0,0,0,0,0,0,0
533967_01406_01408_1,134.3,1,2022/10/18 08:00:00,-1.00,-1.00,0.0,0,0,0,0,0,0,0,0,0,0,0,0
533967_01406_01408_1,134.3,1,2022/10/18 08:15:00,-1.00,-1.00,0.0,0,0,0,0,0,0,0,0,0,0,0,0
533967_01406_01408_1,134.3,1,2022/10/18 08:30:00,-1.00,-1.00,0.0,0,0,0,0,0,0,0,0,0,0,0,0
533967_01406_01408_1,134.3,1,2022/10/18 08:45:00,-1.00,-1.00,0.0,0,0,0,0,0,0,0,0,0,0,0,0
533967_01406_01408_1,134.3,1,2022/10/18 09:00:00,-1.00,-1.00,0.0,0,0,0,0,0,0,0,0,0,0,0,0
533967_01406_01408_1,134.3,1,2022/10/18 09:15:00,-1.00,-1.00,0.0,0,0,0,0,0,0,0,0,0,0,0,0
533967_01406_01408_1,134.3,1,2022/10/18 09:30:00,-1.00,-1.00,0.0,0,0,0,0,0,0,0,0,0,0,0,0
533967_01406_01408_1,134.3,1,2022/10/18 09:45:00,-1.00,-1.00,0.0,0,0,0,0,0,0,0,0,0,0,0,0
533967_01406_01408_1,134.3,1,2022/10/18 10:00:00,-1.00,-1.00,0.0,0,0,0,0,0,0,0,0,0,0,0,0
533967_01406_01408_1,134.3,1,2022/10/18 10:15:00,-1.00,-1.00,0.0,0,0,0,0,0,0,0,0,0,0,0,0
533967_01406_01408_1,134.3,1,2022/10/18 10:30:00,-1.00,-1.00,0.0,0,0,0,0,0,0,0,0,0,0,0,0
533967_01406_01408_1,134.3,1,2022/10/18 10:45:00,-1.00,-1.00,0.0,0,0,0,0,0,0,0,0,0,0,0,0
533967_01406_01408_1,134.3,1,2022/10/18 11:00:00,-1.00,-1.00,0.0,0,0,0,0,0,0,0,0,0,0,0,0
533967_01406_01408_1,134.3,1,2022/10/18 11:15:00,-1.00,-1.00,0.0,0,0,0,0,0,0,0,0,0,0,0,0
533967_01406_01408_1,134.3,1,2022/10/18 11:30:00,-1.00,-1.00,0.0,0,0,0,0,0,0,0,0,0,0,0,0
533967_01406_01408_1,134.3,1,2022/10/18 11:45:00,-1.00,-1.00,0.0,0,0,0,0,0,0,0,0,0,0,0,0
533967_01406_01408_1,134.3,1,2022/10/18 12:00:00,-1.00,-1.00,0.0,0,0,0,0,0,0,0,0,0,0,0,0
533967_01406_01408_1,134.3,1,2022/10/18 12:15:00,-1.00,-1.00,0.0,0,0,0,0,0,0,0,0,0,0,0,0
533967_01406_01408_1,134.3,1,2022/10/18 12:30:00,-1.00,-1.00,0.0,0,0,0,0,0,0,0,0,0,0,0,0
533967_01406_01408_1,134.3,1,2022/10/18 12:45:00,-1.00,-1.00,0.0,0,0,0,0,0,0,0,0,0,0,0,0
533967_01406_01408_1,134.3,1,2022/10/18 13:00:00,-1.00,-1.00,0.0,0,0,0,0,0,0,0,0,0,0,0,0
533967_01406_01408_1,134.3,1,2022/10/18 13:15:00,-1.00,-1.00,0.0,0,0,0,0,0,0,0,0,0,0,0,0
533967_01406_01408_1,134.3,1,2022/10/18 13:30:00,-1.00,-1.00,0.0,0,0,0,0,0,0,0,0,0,0,0,0
533967_01406_01408_1,134.3,1,2022/10/18 13:45:00,-1.00,-1.00,0.0,0,0,0,0,0,0,0,0,0,0,0,0
533967_01406_01408_1,134.3,1,2022/10/18 14:00:00,-1.00,-1.00,0.0,0,0,0,0,0,0,0,0,0,0,0,0
533967_01406_01408_1,134.3,1,2022/10/18 14:15:00,-1.00,-1.00,0.0,0,0,0,0,0,0,0,0,0,0,0,0
533967_01406_01408_1,134.3,1,2022/10/18 14:30:00,-1.00,-1.00,0.0,0,0,0,0,0,0,0,0,0,0,0,0
533967_01406_01408_1,134.3,1,2022/10/18 14:45:00,-1.00,-1.00,0.0,0,0,0,0,0,0,0,0,0,0,0,0
533967_01406_01408_1,134.3,1,2022/10/18 15:00:00,-1.00,-1.00,0.0,0,0,0,0,0,0,0,0,0,0,0,0
533967_01406_01408_1,134.3,1,2022/10/18 15:15:00,-1.00,-1.00,0.0,0,0,0,0,0,0,0,0,0,0,0,0
533967_01406_01408_1,134.3,1,2022/10/18 15:30:00,-1.00,-1.00,0.0,0,0,0,0,0,0,0,0,0,0,0,0
533967_01406_01408_1,134.3,1,2022/10/18 15:45:00,-1.00,-1.00,0.0,0,0,0,0,0,0,0,0,0,0,0,0
533967_01406_01408_1,134.3,1,2022/10/18 16:00:00,-1.00,-1.00,0.0,0,0,0,0,0,0,0,0,0,0,0,0
533967_01406_01408_1,134.3,1,2022/10/18 16:15:00,-1.00,-1.00,0.0,0,0,0,0,0,0,0,0,0,0,0,0
533967_01406_01408_1,134.3,1,2022/10/18 16:30:00,-1.00,-1.00,0.0,0,0,0,0,0,0,0,0,0,0,0,0
533967_01406_01408_1,134.3,1,2022/10/18 16:45:00,-1.00,-1.00,0.0,0,0,0,0,0,0,0,0,0,0,0,0
533967_01406_01408_1,134.3,1,2022/10/18 17:00:00,-1.00,-1.00,0.0,0,0,0,0,0,0,0,0,0,0,0,0
533967_01406_01408_1,134.3,1,2022/10/18 17:15:00,-1.00,-1.00,0.0,0,0,0,0,0,0,0,0,0,0,0,0
533967_01406_01408_1,134.3,1,2022/10/18 17:30:00,-1.00,-1.00,0.0,0,0,0,0,0,0,0,0,0,0,0,0
533967_01406_01408_1,134.3,1,2022/10/18 17:45:00,-1.00,-1.00,0.0,0,0,0,0,0,0,0,0,0,0,0,0
533967_01406_01408_1,134.3,1,2022/10/18 18:00:00,-1.00,-1.00,0.0,0,0,0,0,0,0,0,0,0,0,0,0
533967_01406_01408_1,134.3,1,2022/10/18 18:15:00,-1.00,-1.00,0.0,0,0,0,0,0,0,0,0,0,0,0,0
533967_01406_01408_1,134.3,1,2022/10/18 18:30:00,-1.00,-1.00,0.0,0,0,0,0,0,0,0,0,0,0,0,0
533967_01406_01408_1,134.3,1,2022/10/18 18:45:00,-1.00,-1.00,0.0,0,0,0,0,0,0,0,0,0,0,0,0
533967_01406_01644_0,145.7,2,2022/10/18 06:30:00,50.48,10.39,28.0,23,0,18,2,3,0,0,0,0,0,0,0
533967_01406_01644_0,145.7,2,2022/10/18 06:45:00,49.69,10.56,51.0,43,0,35,3,5,0,0,0,0,0,0,0
533967_01406_01644_0,145.7,2,2022/10/18 07:00:00,50.72,10.34,37.0,32,0,27,3,2,0,0,0,0,0,0,0
533967_01406_01644_0,145.7,2,2022/10/18 07:15:00,50.09,10.47,38.0,36,0,34,2,0,0,0,0,0,0,0,0
533967_01406_01644_0,145.7,2,2022/10/18 07:30:00,49.59,10.58,72.0,64,0,56,5,3,0,0,0,0,0,0,0
533967_01406_01644_0,145.7,2,2022/10/18 07:45:00,49.61,10.57,48.0,47,0,46,1,0,0,0,0,0,0,0,0
533967_01406_01644_0,145.7,2,2022/10/18 08:00:00,49.53,10.59,72.0,66,0,60,6,0,0,0,0,0,0,0,0
533967_01406_01644_0,145.7,2,2022/10/18 08:15:00,50.71,10.34,63.0,61,0,59,2,0,0,0,0,0,0,0,0
533967_01406_01644_0,145.7,2,2022/10/18 08:30:00,50.44,10.40,56.0,55,0,54,1,0,0,0,0,0,0,0,0
533967_01406_01644_0,145.7,2,2022/10/18 08:45:00,50.38,10.41,46.0,46,0,46,0,0,0,0,0,0,0,0,0
533967_01406_01644_0,145.7,2,2022/10/18 09:00:00,50.27,10.44,66.0,62,0,58,4,0,0,0,0,0,0,0,0
533967_01406_01644_0,145.7,2,2022/10/18 09:15:00,50.09,10.47,59.0,57,0,55,2,0,0,0,0,0,0,0,0
533967_01406_01644_0,145.7,2,2022/10/18 09:30:00,50.23,10.44,57.0,54,0,51,3,0,0,0,0,0,0,0,0
533967_01406_01644_0,145.7,2,2022/10/18 09:45:00,49.52,10.59,66.0,59,0,52,7,0,0,0,0,0,0,0,0
533967_01406_01644_0,145.7,2,2022/10/18 10:00:00,50.27,10.43,48.0,46,0,44,2,0,0,0,0,0,0,0,0
533967_01406_01644_0,145.7,2,2022/10/18 10:15:00,48.62,10.79,74.0,71,0,68,3,0,0,0,0,0,0,0,0
533967_01406_01644_0,145.7,2,2022/10/18 10:30:00,50.01,10.49,45.0,45,0,45,0,0,0,0,0,0,0,0,0
533967_01406_01644_0,145.7,2,2022/10/18 10:45:00,49.21,10.66,59.0,59,0,59,0,0,0,0,0,0,0,0,0
533967_01406_01644_0,145.7,2,2022/10/18 11:00:00,49.64,10.57,47.0,44,0,41,3,0,0,0,0,0,0,0,0
533967_01406_01644_0,145.7,2,2022/10/18 11:15:00,49.72,10.55,45.0,40,0,35,5,0,0,0,0,0,0,0,0
533967_01406_01644_0,145.7,2,2022/10/18 11:30:00,49.96,10.50,54.0,52,0,50,2,0,0,0,0,0,0,0,0
533967_01406_01644_0,145.7,2,2022/10/18 11:45:00,50.09,10.47,36.0,36,0,36,0,0,0,0,0,0,0,0,0
533967_01406_01644_0,145.7,2,2022/10/18 12:00:00,47.77,10.98,57.0,54,0,51,3,0,0,0,0,0,0,0,0
533967_01406_01644_0,145.7,2,2022/10/18 12:15:00,34.89,15.03,61.0,59,0,57,2,0,0,0,0,0,0,0,0
533967_01406_01644_0,145.7,2,2022/10/18 12:30:00,50.29,10.43,37.0,37,0,37,0,0,0,0,0,0,0,0,0
533967_01406_01644_0,145.7,2,2022/10/18 12:45:00,51.02,10.28,41.0,39,0,37,2,0,0,0,0,0,0,0,0
533967_01406_01644_0,145.7,2,2022/10/18 13:00:00,50.69,10.35,44.0,43,0,42,0,1,0,0,0,0,0,0,0
533967_01406_01644_0,145.7,2,2022/10/18 13:15:00,50.82,10.32,33.0,31,0,29,2,0,0,0,0,0,0,0,0
533967_01406_01644_0,145.7,2,2022/10/18 13:30:00,50.19,10.45,47.0,42,0,37,5,0,0,0,0,0,0,0,0
533967_01406_01644_0,145.7,2,2022/10/18 13:45:00,51.07,10.27,22.0,22,0,22,0,0,0,0,0,0,0,0,0
533967_01406_01644_0,145.7,2,2022/10/18 14:00:00,50.48,10.39,56.0,51,0,46,5,0,0,0,0,0,0,0,0
533967_01406_01644_0,145.7,2,2022/10/18 14:15:00,50.16,10.46,41.0,37,0,33,4,0,0,0,0,0,0,0,0
533967_01406_01644_0,145.7,2,2022/10/18 14:30:00,49.96,10.50,51.0,50,0,49,1,0,0,0,0,0,0,0,0
533967_01406_01644_0,145.7,2,2022/10/18 14:45:00,49.15,10.67,60.0,58,0,56,0,2,0,0,0,0,0,0,0
533967_01406_01644_0,145.7,2,2022/10/18 15:00:00,50.58,10.37,43.0,43,0,43,0,0,0,0,0,0,0,0,0
533967_01406_01644_0,145.7,2,2022/10/18 15:15:00,50.82,10.32,34.0,34,0,34,0,0,0,0,0,0,0,0,0
533967_01406_01644_0,145.7,2,2022/10/18 15:30:00,49.62,10.57,35.0,35,0,35,0,0,0,0,0,0,0,0,0
533967_01406_01644_0,145.7,2,2022/10/18 15:45:00,50.48,10.39,23.0,23,0,23,0,0,0,0,0,0,0,0,0
533967_01406_01644_0,145.7,2,2022/10/18 16:00:00,49.44,10.61,59.0,59,0,59,0,0,0,0,0,0,0,0,0
533967_01406_01644_0,145.7,2,2022/10/18 16:15:00,50.19,10.45,43.0,42,0,41,1,0,0,0,0,0,0,0,0
533967_01406_01644_0,145.7,2,2022/10/18 16:30:00,49.03,10.70,40.0,40,0,40,0,0,0,0,0,0,0,0,0
533967_01406_01644_0,145.7,2,2022/10/18 16:45:00,48.82,10.74,50.0,47,0,44,3,0,0,0,0,0,0,0,0
533967_01406_01644_0,145.7,2,2022/10/18 17:00:00,47.32,11.09,50.0,46,0,42,4,0,0,0,0,0,0,0,0
533967_01406_01644_0,145.7,2,2022/10/18 17:15:00,32.69,16.05,66.0,66,0,66,0,0,0,0,0,0,0,0,0
533967_01406_01644_0,145.7,2,2022/10/18 17:30:00,49.87,10.52,27.0,27,0,27,0,0,0,0,0,0,0,0,0
533967_01406_01644_0,145.7,2,2022/10/18 17:45:00,50.93,10.30,30.0,30,0,30,0,0,0,0,0,0,0,0,0
533967_01406_01644_0,145.7,2,2022/10/18 18:00:00,49.39,10.62,66.0,66,0,66,0,0,0,0,0,0,0,0,0
533967_01406_01644_0,145.7,2,2022/10/18 18:15:00,44.97,11.67,69.0,69,0,69,0,0,0,0,0,0,0,0,0
533967_01406_01644_0,145.7,2,2022/10/18 18:30:00,49.89,10.52,34.0,33,0,32,1,0,0,0,0,0,0,0,0
533967_01406_01644_0,145.7,2,2022/10/18 18:45:00,50.58,10.37,36.0,35,0,34,0,1,0,0,0,0,0,0,0
533967_01407_01408_0,65.5,1,2022/10/18 06:30:00,-1.00,-1.00,0.0,0,0,0,0,0,0,0,0,0,0,0,0
533967_01407_01408_0,65.5,1,2022/10/18 06:45:00,-1.00,-1.00,0.0,0,0,0,0,0,0,0,0,0,0,0,0
533967_01407_01408_0,65.5,1,2022/10/18 07:00:00,-1.00,-1.00,0.0,0,0,0,0,0,0,0,0,0,0,0,0
533967_01407_01408_0,65.5,1,2022/10/18 07:15:00,-1.00,-1.00,0.0,0,0,0,0,0,0,0,0,0,0,0,0
533967_01407_01408_0,65.5,1,2022/10/18 07:30:00,-1.00,-1.00,0.0,0,0,0,0,0,0,0,0,0,0,0,0
533967_01407_01408_0,65.5,1,2022/10/18 07:45:00,-1.00,-1.00,0.0,0,0,0,0,0,0,0,0,0,0,0,0
533967_01407_01408_0,65.5,1,2022/10/18 08:00:00,-1.00,-1.00,0.0,0,0,0,0,0,0,0,0,0,0,0,0
533967_01407_01408_0,65.5,1,2022/10/18 08:15:00,-1.00,-1.00,0.0,0,0,0,0,0,0,0,0,0,0,0,0
533967_01407_01408_0,65.5,1,2022/10/18 08:30:00,-1.00,-1.00,0.0,0,0,0,0,0,0,0,0,0,0,0,0
533967_01407_01408_0,65.5,1,2022/10/18 08:45:00,-1.00,-1.00,0.0,0,0,0,0,0,0,0,0,0,0,0,0
533967_01407_01408_0,65.5,1,2022/10/18 09:00:00,-1.00,-1.00,0.0,0,0,0,0,0,0,0,0,0,0,0,0
533967_01407_01408_0,65.5,1,2022/10/18 09:15:00,-1.00,-1.00,0.0,0,0,0,0,0,0,0,0,0,0,0,0
533967_01407_01408_0,65.5,1,2022/10/18 09:30:00,-1.00,-1.00,0.0,0,0,0,0,0,0,0,0,0,0,0,0
533967_01407_01408_0,65.5,1,2022/10/18 09:45:00,-1.00,-1.00,0.0,0,0,0,0,0,0,0,0,0,0,0,0
533967_01407_01408_0,65.5,1,2022/10/18 10:00:00,-1.00,-1.00,0.0,0,0,0,0,0,0,0,0,0,0,0,0
533967_01407_01408_0,65.5,1,2022/10/18 10:15:00,-1.00,-1.00,0.0,0,0,0,0,0,0,0,0,0,0,0,0
533967_01407_01408_0,65.5,1,2022/10/18 10:30:00,-1.00,-1.00,0.0,0,0,0,0,0,0,0,0,0,0,0,0
533967_01407_01408_0,65.5,1,2022/10/18 10:45:00,-1.00,-1.00,0.0,0,0,0,0,0,0,0,0,0,0,0,0
533967_01407_01408_0,65.5,1,2022/10/18 11:00:00,-1.00,-1.00,0.0,0,0,0,0,0,0,0,0,0,0,0,0
533967_01407_01408_0,65.5,1,2022/10/18 11:15:00,-1.00,-1.00,0.0,0,0,0,0,0,0,0,0,0,0,0,0
533967_01407_01408_0,65.5,1,2022/10/18 11:30:00,-1.00,-1.00,0.0,0,0,0,0,0,0,0,0,0,0,0,0
533967_01407_01408_0,65.5,1,2022/10/18 11:45:00,-1.00,-1.00,0.0,0,0,0,0,0,0,0,0,0,0,0,0
533967_01407_01408_0,65.5,1,2022/10/18 12:00:00,-1.00,-1.00,0.0,0,0,0,0,0,0,0,0,0,0,0,0
533967_01407_01408_0,65.5,1,2022/10/18 12:15:00,-1.00,-1.00,0.0,0,0,0,0,0,0,0,0,0,0,0,0
533967_01407_01408_0,65.5,1,2022/10/18 12:30:00,-1.00,-1.00,0.0,0,0,0,0,0,0,0,0,0,0,0,0
533967_01407_01408_0,65.5,1,2022/10/18 12:45:00,-1.00,-1.00,0.0,0,0,0,0,0,0,0,0,0,0,0,0
533967_01407_01408_0,65.5,1,2022/10/18 13:00:00,-1.00,-1.00,0.0,0,0,0,0,0,0,0,0,0,0,0,0
533967_01407_01408_0,65.5,1,2022/10/18 13:15:00,-1.00,-1.00,0.0,0,0,0,0,0,0,0,0,0,0,0,0
533967_01407_01408_0,65.5,1,2022/10/18 13:30:00,-1.00,-1.00,0.0,0,0,0,0,0,0,0,0,0,0,0,0
533967_01407_01408_0,65.5,1,2022/10/18 13:45:00,-1.00,-1.00,0.0,0,0,0,0,0,0,0,0,0,0,0,0
533967_01407_01408_0,65.5,1,2022/10/18 14:00:00,-1.00,-1.00,0.0,0,0,0,0,0,0,0,0,0,0,0,0
533967_01407_01408_0,65.5,1,2022/10/18 14:15:00,-1.00,-1.00,0.0,0,0,0,0,0,0,0,0,0,0,0,0
533967_01407_01408_0,65.5,1,2022/10/18 14:30:00,-1.00,-1.00,0.0,0,0,0,0,0,0,0,0,0,0,0,0
533967_01407_01408_0,65.5,1,2022/10/18 14:45:00,-1.00,-1.00,0.0,0,0,0,0,0,0,0,0,0,0,0,0
533967_01407_01408_0,65.5,1,2022/10/18 15:00:00,-1.00,-1.00,0.0,0,0,0,0,0,0,0,0,0,0,0,0
533967_01407_01408_0,65.5,1,2022/10/18 15:15:00,-1.00,-1.00,0.0,0,0,0,0,0,0,0,0,0,0,0,0
533967_01407_01408_0,65.5,1,2022/10/18 15:30:00,-1.00,-1.00,0.0,0,0,0,0,0,0,0,0,0,0,0,0
533967_01407_01408_0,65.5,1,2022/10/18 15:45:00,-1.00,-1.00,0.0,0,0,0,0,0,0,0,0,0,0,0,0
533967_01407_01408_0,65.5,1,2022/10/18 16:00:00,-1.00,-1.00,0.0,0,0,0,0,0,0,0,0,0,0,0,0
533967_01407_01408_0,65.5,1,2022/10/18 16:15:00,-1.00,-1.00,0.0,0,0,0,0,0,0,0,0,0,0,0,0
533967_01407_01408_0,65.5,1,2022/10/18 16:30:00,-1.00,-1.00,0.0,0,0,0,0,0,0,0,0,0,0,0,0
533967_01407_01408_0,65.5,1,2022/10/18 16:45:00,-1.00,-1.00,0.0,0,0,0,0,0,0,0,0,0,0,0,0
533967_01407_01408_0,65.5,1,2022/10/18 17:00:00,-1.00,-1.00,0.0,0,0,0,0,0,0,0,0,0,0,0,0
533967_01407_01408_0,65.5,1,2022/10/18 17:15:00,-1.00,-1.00,0.0,0,0,0,0,0,0,0,0,0,0,0,0
533967_01407_01408_0,65.5,1,2022/10/18 17:30:00,-1.00,-1.00,0.0,0,0,0,0,0,0,0,0,0,0,0,0
533967_01407_01408_0,65.5,1,2022/10/18 17:45:00,-1.00,-1.00,0.0,0,0,0,0,0,0,0,0,0,0,0,0
533967_01407_01408_0,65.5,1,2022/10/18 18:00:00,-1.00,-1.00,0.0,0,0,0,0,0,0,0,0,0,0,0,0
533967_01407_01408_0,65.5,1,2022/10/18 18:15:00,-1.00,-1.00,0.0,0,0,0,0,0,0,0,0,0,0,0,0
533967_01407_01408_0,65.5,1,2022/10/18 18:30:00,-1.00,-1.00,0.0,0,0,0,0,0,0,0,0,0,0,0,0
533967_01407_01408_0,65.5,1,2022/10/18 18:45:00,-1.00,-1.00,0.0,0,0,0,0,0,0,0,0,0,0,0,0
533967_01407_01408_1,44.4,1,2022/10/18 06:30:00,-1.00,-1.00,0.0,0,0,0,0,0,0,0,0,0,0,0,0
533967_01407_01408_1,44.4,1,2022/10/18 06:45:00,-1.00,-1.00,0.0,0,0,0,0,0,0,0,0,0,0,0,0
533967_01407_01408_1,44.4,1,2022/10/18 07:00:00,-1.00,-1.00,0.0,0,0,0,0,0,0,0,0,0,0,0,0
533967_01407_01408_1,44.4,1,2022/10/18 07:15:00,-1.00,-1.00,0.0,0,0,0,0,0,0,0,0,0,0,0,0
533967_01407_01408_1,44.4,1,2022/10/18 07:30:00,-1.00,-1.00,0.0,0,0,0,0,0,0,0,0,0,0,0,0
533967_01407_01408_1,44.4,1,2022/10/18 07:45:00,-1.00,-1.00,0.0,0,0,0,0,0,0,0,0,0,0,0,0
533967_01407_01408_1,44.4,1,2022/10/18 08:00:00,-1.00,-1.00,0.0,0,0,0,0,0,0,0,0,0,0,0,0
533967_01407_01408_1,44.4,1,2022/10/18 08:15:00,-1.00,-1.00,0.0,0,0,0,0,0,0,0,0,0,0,0,0
533967_01407_01408_1,44.4,1,2022/10/18 08:30:00,-1.00,-1.00,0.0,0,0,0,0,0,0,0,0,0,0,0,0
533967_01407_01408_1,44.4,1,2022/10/18 08:45:00,-1.00,-1.00,0.0,0,0,0,0,0,0,0,0,0,0,0,0
533967_01407_01408_1,44.4,1,2022/10/18 09:00:00,-1.00,-1.00,0.0,0,0,0,0,0,0,0,0,0,0,0,0
533967_01407_01408_1,44.4,1,2022/10/18 09:15:00,-1.00,-1.00,0.0,0,0,0,0,0,0,0,0,0,0,0,0
533967_01407_01408_1,44.4,1,2022/10/18 09:30:00,-1.00,-1.00,0.0,0,0,0,0,0,0,0,0,0,0,0,0
533967_01407_01408_1,44.4,1,2022/10/18 09:45:00,-1.00,-1.00,0.0,0,0,0,0,0,0,0,0,0,0,0,0
533967_01407_01408_1,44.4,1,2022/10/18 10:00:00,-1.00,-1.00,0.0,0,0,0,0,0,0,0,0,0,0,0,0
533967_01407_01408_1,44.4,1,2022/10/18 10:15:00,-1.00,-1.00,0.0,0,0,0,0,0,0,0,0,0,0,0,0
533967_01407_01408_1,44.4,1,2022/10/18 10:30:00,-1.00,-1.00,0.0,0,0,0,0,0,0,0,0,0,0,0,0
533967_01407_01408_1,44.4,1,2022/10/18 10:45:00,-1.00,-1.00,0.0,0,0,0,0,0,0,0,0,0,0,0,0
533967_01407_01408_1,44.4,1,2022/10/18 11:00:00,-1.00,-1.00,0.0,0,0,0,0,0,0,0,0,0,0,0,0
533967_01407_01408_1,44.4,1,2022/10/18 11:15:00,-1.00,-1.00,0.0,0,0,0,0,0,0,0,0,0,0,0,0
533967_01407_01408_1,44.4,1,2022/10/18 11:30:00,-1.00,-1.00,0.0,0,0,0,0,0,0,0,0,0,0,0,0
533967_01407_01408_1,44.4,1,2022/10/18 11:45:00,-1.00,-1.00,0.0,0,0,0,0,0,0,0,0,0,0,0,0
533967_01407_01408_1,44.4,1,2022/10/18 12:00:00,-1.00,-1.00,0.0,0,0,0,0,0,0,0,0,0,0,0,0
533967_01407_01408_1,44.4,1,2022/10/18 12:15:00,-1.00,-1.00,0.0,0,0,0,0,0,0,0,0,0,0,0,0
533967_01407_01408_1,44.4,1,2022/10/18 12:30:00,-1.00,-1.00,0.0,0,0,0,0,0,0,0,0,0,0,0,0
533967_01407_01408_1,44.4,1,2022/10/18 12:45:00,-1.00,-1.00,0.0,0,0,0,0,0,0,0,0,0,0,0,0
533967_01407_01408_1,44.4,1,2022/10/18 13:00:00,-1.00,-1.00,0.0,0,0,0,0,0,0,0,0,0,0,0,0
533967_01407_01408_1,44.4,1,2022/10/18 13:15:00,-1.00,-1.00,0.0,0,0,0,0,0,0,0,0,0,0,0,0
533967_01407_01408_1,44.4,1,2022/10/18 13:30:00,-1.00,-1.00,0.0,0,0,0,0,0,0,0,0,0,0,0,0
533967_01407_01408_1,44.4,1,2022/10/18 13:45:00,-1.00,-1.00,0.0,0,0,0,0,0,0,0,0,0,0,0,0
533967_01407_01408_1,44.4,1,2022/10/18 14:00:00,-1.00,-1.00,0.0,0,0,0,0,0,0,0,0,0,0,0,0
533967_01407_01408_1,44.4,1,2022/10/18 14:15:00,-1.00,-1.00,0.0,0,0,0,0,0,0,0,0,0,0,0,0
533967_01407_01408_1,44.4,1,2022/10/18 14:30:00,-1.00,-1.00,0.0,0,0,0,0,0,0,0,0,0,0,0,0
533967_01407_01408_1,44.4,1,2022/10/18 14:45:00,-1.00,-1.00,0.0,0,0,0,0,0,0,0,0,0,0,0,0
533967_01407_01408_1,44.4,1,2022/10/18 15:00:00,-1.00,-1.00,0.0,0,0,0,0,0,0,0,0,0,0,0,0
533967_01407_01408_1,44.4,1,2022/10/18 15:15:00,-1.00,-1.00,0.0,0,0,0,0,0,0,0,0,0,0,0,0
533967_01407_01408_1,44.4,1,2022/10/18 15:30:00,-1.00,-1.00,0.0,0,0,0,0,0,0,0,0,0,0,0,0
533967_01407_01408_1,44.4,1,2022/10/18 15:45:00,-1.00,-1.00,0.0,0,0,0,0,0,0,0,0,0,0,0,0
533967_01407_01408_1,44.4,1,2022/10/18 16:00:00,-1.00,-1.00,0.0,0,0,0,0,0,0,0,0,0,0,0,0
533967_01407_01408_1,44.4,1,2022/10/18 16:15:00,-1.00,-1.00,0.0,0,0,0,0,0,0,0,0,0,0,0,0
533967_01407_01408_1,44.4,1,2022/10/18 16:30:00,-1.00,-1.00,0.0,0,0,0,0,0,0,0,0,0,0,0,0
533967_01407_01408_1,44.4,1,2022/10/18 16:45:00,-1.00,-1.00,0.0,0,0,0,0,0,0,0,0,0,0,0,0
533967_01407_01408_1,44.4,1,2022/10/18 17:00:00,-1.00,-1.00,0.0,0,0,0,0,0,0,0,0,0,0,0,0
533967_01407_01408_1,44.4,1,2022/10/18 17:15:00,-1.00,-1.00,0.0,0,0,0,0,0,0,0,0,0,0,0,0
533967_01407_01408_1,44.4,1,2022/10/18 17:30:00,-1.00,-1.00,0.0,0,0,0,0,0,0,0,0,0,0,0,0
533967_01407_01408_1,44.4,1,2022/10/18 17:45:00,-1.00,-1.00,0.0,0,0,0,0,0,0,0,0,0,0,0,0
533967_01407_01408_1,44.4,1,2022/10/18 18:00:00,-1.00,-1.00,0.0,0,0,0,0,0,0,0,0,0,0,0,0
533967_01407_01408_1,44.4,1,2022/10/18 18:15:00,-1.00,-1.00,0.0,0,0,0,0,0,0,0,0,0,0,0,0
533967_01407_01408_1,44.4,1,2022/10/18 18:30:00,-1.00,-1.00,0.0,0,0,0,0,0,0,0,0,0,0,0,0
533967_01407_01408_1,44.4,1,2022/10/18 18:45:00,-1.00,-1.00,0.0,0,0,0,0,0,0,0,0,0,0,0,0
533967_01408_01644_0,228.0,1,2022/10/18 06:30:00,-1.00,-1.00,0.0,0,0,0,0,0,0,0,0,0,0,0,0
533967_01408_01644_0,228.0,1,2022/10/18 06:45:00,-1.00,-1.00,0.0,0,0,0,0,0,0,0,0,0,0,0,0
533967_01408_01644_0,228.0,1,2022/10/18 07:00:00,-1.00,-1.00,0.0,0,0,0,0,0,0,0,0,0,0,0,0
533967_01408_01644_0,228.0,1,2022/10/18 07:15:00,-1.00,-1.00,0.0,0,0,0,0,0,0,0,0,0,0,0,0
533967_01408_01644_0,228.0,1,2022/10/18 07:30:00,-1.00,-1.00,0.0,0,0,0,0,0,0,0,0,0,0,0,0
533967_01408_01644_0,228.0,1,2022/10/18 07:45:00,-1.00,-1.00,0.0,0,0,0,0,0,0,0,0,0,0,0,0
533967_01408_01644_0,228.0,1,2022/10/18 08:00:00,-1.00,-1.00,0.0,0,0,0,0,0,0,0,0,0,0,0,0
533967_01408_01644_0,228.0,1,2022/10/18 08:15:00,-1.00,-1.00,0.0,0,0,0,0,0,0,0,0,0,0,0,0
533967_01408_01644_0,228.0,1,2022/10/18 08:30:00,-1.00,-1.00,0.0,0,0,0,0,0,0,0,0,0,0,0,0
533967_01408_01644_0,228.0,1,2022/10/18 08:45:00,-1.00,-1.00,0.0,0,0,0,0,0,0,0,0,0,0,0,0
533967_01408_01644_0,228.0,1,2022/10/18 09:00:00,-1.00,-1.00,0.0,0,0,0,0,0,0,0,0,0,0,0,0
533967_01408_01644_0,228.0,1,2022/10/18 09:15:00,-1.00,-1.00,0.0,0,0,0,0,0,0,0,0,0,0,0,0
533967_01408_01644_0,228.0,1,2022/10/18 09:30:00,-1.00,-1.00,0.0,0,0,0,0,0,0,0,0,0,0,0,0
533967_01408_01644_0,228.0,1,2022/10/18 09:45:00,-1.00,-1.00,0.0,0,0,0,0,0,0,0,0,0,0,0,0
533967_01408_01644_0,228.0,1,2022/10/18 10:00:00,-1.00,-1.00,0.0,0,0,0,0,0,0,0,0,0,0,0,0
533967_01408_01644_0,228.0,1,2022/10/18 10:15:00,-1.00,-1.00,0.0,0,0,0,0,0,0,0,0,0,0,0,0
533967_01408_01644_0,228.0,1,2022/10/18 10:30:00,-1.00,-1.00,0.0,0,0,0,0,0,0,0,0,0,0,0,0
533967_01408_01644_0,228.0,1,2022/10/18 10:45:00,-1.00,-1.00,0.0,0,0,0,0,0,0,0,0,0,0,0,0
533967_01408_01644_0,228.0,1,2022/10/18 11:00:00,-1.00,-1.00,0.0,0,0,0,0,0,0,0,0,0,0,0,0
533967_01408_01644_0,228.0,1,2022/10/18 11:15:00,-1.00,-1.00,0.0,0,0,0,0,0,0,0,0,0,0,0,0
533967_01408_01644_0,228.0,1,2022/10/18 11:30:00,-1.00,-1.00,0.0,0,0,0,0,0,0,0,0,0,0,0,0
533967_01408_01644_0,228.0,1,2022/10/18 11:45:00,-1.00,-1.00,0.0,0,0,0,0,0,0,0,0,0,0,0,0
533967_01408_01644_0,228.0,1,2022/10/18 12:00:00,-1.00,-1.00,0.0,0,0,0,0,0,0,0,0,0,0,0,0
533967_01408_01644_0,228.0,1,2022/10/18 12:15:00,-1.00,-1.00,0.0,0,0,0,0,0,0,0,0,0,0,0,0
533967_01408_01644_0,228.0,1,2022/10/18 12:30:00,-1.00,-1.00,0.0,0,0,0,0,0,0,0,0,0,0,0,0
533967_01408_01644_0,228.0,1,2022/10/18 12:45:00,-1.00,-1.00,0.0,0,0,0,0,0,0,0,0,0,0,0,0
533967_01408_01644_0,228.0,1,2022/10/18 13:00:00,-1.00,-1.00,0.0,0,0,0,0,0,0,0,0,0,0,0,0
533967_01408_01644_0,228.0,1,2022/10/18 13:15:00,-1.00,-1.00,0.0,0,0,0,0,0,0,0,0,0,0,0,0
533967_01408_01644_0,228.0,1,2022/10/18 13:30:00,-1.00,-1.00,0.0,0,0,0,0,0,0,0,0,0,0,0,0
533967_01408_01644_0,228.0,1,2022/10/18 13:45:00,-1.00,-1.00,0.0,0,0,0,0,0,0,0,0,0,0,0,0
533967_01408_01644_0,228.0,1,2022/10/18 14:00:00,-1.00,-1.00,0.0,0,0,0,0,0,0,0,0,0,0,0,0
533967_01408_01644_0,228.0,1,2022/10/18 14:15:00,-1.00,-1.00,0.0,0,0,0,0,0,0,0,0,0,0,0,0
533967_01408_01644_0,228.0,1,2022/10/18 14:30:00,-1.00,-1.00,0.0,0,0,0,0,0,0,0,0,0,0,0,0
533967_01408_01644_0,228.0,1,2022/10/18 14:45:00,-1.00,-1.00,0.0,0,0,0,0,0,0,0,0,0,0,0,0
533967_01408_01644_0,228.0,1,2022/10/18 15:00:00,-1.00,-1.00,0.0,0,0,0,0,0,0,0,0,0,0,0,0
533967_01408_01644_0,228.0,1,2022/10/18 15:15:00,-1.00,-1.00,0.0,0,0,0,0,0,0,0,0,0,0,0,0
533967_01408_01644_0,228.0,1,2022/10/18 15:30:00,-1.00,-1.00,0.0,0,0,0,0,0,0,0,0,0,0,0,0
533967_01408_01644_0,228.0,1,2022/10/18 15:45:00,-1.00,-1.00,0.0,0,0,0,0,0,0,0,0,0,0,0,0
533967_01408_01644_0,228.0,1,2022/10/18 16:00:00,-1.00,-1.00,0.0,0,0,0,0,0,0,0,0,0,0,0,0
533967_01408_01644_0,228.0,1,2022/10/18 16:15:00,-1.00,-1.00,0.0,0,0,0,0,0,0,0,0,0,0,0,0
533967_01408_01644_0,228.0,1,2022/10/18 16:30:00,-1.00,-1.00,0.0,0,0,0,0,0,0,0,0,0,0,0,0
533967_01408_01644_0,228.0,1,2022/10/18 16:45:00,-1.00,-1.00,0.0,0,0,0,0,0,0,0,0,0,0,0,0
533967_01408_01644_0,228.0,1,2022/10/18 17:00:00,-1.00,-1.00,0.0,0,0,0,0,0,0,0,0,0,0,0,0
533967_01408_01644_0,228.0,1,2022/10/18 17:15:00,-1.00,-1.00,0.0,0,0,0,0,0,0,0,0,0,0,0,0
533967_01408_01644_0,228.0,1,2022/10/18 17:30:00,-1.00,-1.00,0.0,0,0,0,0,0,0,0,0,0,0,0,0
533967_01408_01644_0,228.0,1,2022/10/18 17:45:00,-1.00,-1.00,0.0,0,0,0,0,0,0,0,0,0,0,0,0
533967_01408_01644_0,228.0,1,2022/10/18 18:00:00,-1.00,-1.00,0.0,0,0,0,0,0,0,0,0,0,0,0,0
533967_01408_01644_0,228.0,1,2022/10/18 18:15:00,-1.00,-1.00,0.0,0,0,0,0,0,0,0,0,0,0,0,0
533967_01408_01644_0,228.0,1,2022/10/18 18:30:00,-1.00,-1.00,0.0,0,0,0,0,0,0,0,0,0,0,0,0
533967_01408_01644_0,228.0,1,2022/10/18 18:45:00,-1.00,-1.00,0.0,0,0,0,0,0,0,0,0,0,0,0,0
533967_01408_01644_1,242.6,1,2022/10/18 06:30:00,-1.00,-1.00,0.0,0,0,0,0,0,0,0,0,0,0,0,0
533967_01408_01644_1,242.6,1,2022/10/18 06:45:00,-1.00,-1.00,0.0,0,0,0,0,0,0,0,0,0,0,0,0
533967_01408_01644_1,242.6,1,2022/10/18 07:00:00,-1.00,-1.00,0.0,0,0,0,0,0,0,0,0,0,0,0,0
533967_01408_01644_1,242.6,1,2022/10/18 07:15:00,-1.00,-1.00,0.0,0,0,0,0,0,0,0,0,0,0,0,0
533967_01408_01644_1,242.6,1,2022/10/18 07:30:00,-1.00,-1.00,0.0,0,0,0,0,0,0,0,0,0,0,0,0
533967_01408_01644_1,242.6,1,2022/10/18 07:45:00,-1.00,-1.00,0.0,0,0,0,0,0,0,0,0,0,0,0,0
533967_01408_01644_1,242.6,1,2022/10/18 08:00:00,-1.00,-1.00,0.0,0,0,0,0,0,0,0,0,0,0,0,0
533967_01408_01644_1,242.6,1,2022/10/18 08:15:00,-1.00,-1.00,0.0,0,0,0,0,0,0,0,0,0,0,0,0
533967_01408_01644_1,242.6,1,2022/10/18 08:30:00,-1.00,-1.00,0.0,0,0,0,0,0,0,0,0,0,0,0,0
533967_01408_01644_1,242.6,1,2022/10/18 08:45:00,-1.00,-1.00,0.0,0,0,0,0,0,0,0,0,0,0,0,0
533967_01408_01644_1,242.6,1,2022/10/18 09:00:00,-1.00,-1.00,0.0,0,0,0,0,0,0,0,0,0,0,0,0
533967_01408_01644_1,242.6,1,2022/10/18 09:15:00,-1.00,-1.00,0.0,0,0,0,0,0,0,0,0,0,0,0,0
533967_01408_01644_1,242.6,1,2022/10/18 09:30:00,-1.00,-1.00,0.0,0,0,0,0,0,0,0,0,0,0,0,0
533967_01408_01644_1,242.6,1,2022/10/18 09:45:00,-1.00,-1.00,0.0,0,0,0,0,0,0,0,0,0,0,0,0
533967_01408_01644_1,242.6,1,2022/10/18 10:00:00,-1.00,-1.00,0.0,0,0,0,0,0,0,0,0,0,0,0,0
533967_01408_01644_1,242.6,1,2022/10/18 10:15:00,-1.00,-1.00,0.0,0,0,0,0,0,0,0,0,0,0,0,0
533967_01408_01644_1,242.6,1,2022/10/18 10:30:00,-1.00,-1.00,0.0,0,0,0,0,0,0,0,0,0,0,0,0
533967_01408_01644_1,242.6,1,2022/10/18 10:45:00,-1.00,-1.00,0.0,0,0,0,0,0,0,0,0,0,0,0,0
533967_01408_01644_1,242.6,1,2022/10/18 11:00:00,-1.00,-1.00,0.0,0,0,0,0,0,0,0,0,0,0,0,0
533967_01408_01644_1,242.6,1,2022/10/18 11:15:00,-1.00,-1.00,0.0,0,0,0,0,0,0,0,0,0,0,0,0
533967_01408_01644_1,242.6,1,2022/10/18 11:30:00,-1.00,-1.00,0.0,0,0,0,0,0,0,0,0,0,0,0,0
533967_01408_01644_1,242.6,1,2022/10/18 11:45:00,-1.00,-1.00,0.0,0,0,0,0,0,0,0,0,0,0,0,0
533967_01408_01644_1,242.6,1,2022/10/18 12:00:00,-1.00,-1.00,0.0,0,0,0,0,0,0,0,0,0,0,0,0
533967_01408_01644_1,242.6,1,2022/10/18 12:15:00,-1.00,-1.00,0.0,0,0,0,0,0,0,0,0,0,0,0,0
533967_01408_01644_1,242.6,1,2022/10/18 12:30:00,-1.00,-1.00,0.0,0,0,0,0,0,0,0,0,0,0,0,0
533967_01408_01644_1,242.6,1,2022/10/18 12:45:00,-1.00,-1.00,0.0,0,0,0,0,0,0,0,0,0,0,0,0
533967_01408_01644_1,242.6,1,2022/10/18 13:00:00,-1.00,-1.00,0.0,0,0,0,0,0,0,0,0,0,0,0,0
533967_01408_01644_1,242.6,1,2022/10/18 13:15:00,-1.00,-1.00,0.0,0,0,0,0,0,0,0,0,0,0,0,0
533967_01408_01644_1,242.6,1,2022/10/18 13:30:00,-1.00,-1.00,0.0,0,0,0,0,0,0,0,0,0,0,0,0
533967_01408_01644_1,242.6,1,2022/10/18 13:45:00,-1.00,-1.00,0.0,0,0,0,0,0,0,0,0,0,0,0,0
533967_01408_01644_1,242.6,1,2022/10/18 14:00:00,-1.00,-1.00,0.0,0,0,0,0,0,0,0,0,0,0,0,0
533967_01408_01644_1,242.6,1,2022/10/18 14:15:00,-1.00,-1.00,0.0,0,0,0,0,0,0,0,0,0,0,0,0
533967_01408_01644_1,242.6,1,2022/10/18 14:30:00,-1.00,-1.00,0.0,0,0,0,0,0,0,0,0,0,0,0,0
533967_01408_01644_1,242.6,1,2022/10/18 14:45:00,-1.00,-1.00,0.0,0,0,0,0,0,0,0,0,0,0,0,0
533967_01408_01644_1,242.6,1,2022/10/18 15:00:00,-1.00,-1.00,0.0,0,0,0,0,0,0,0,0,0,0,0,0
533967_01408_01644_1,242.6,1,2022/10/18 15:15:00,-1.00,-1.00,0.0,0,0,0,0,0,0,0,0,0,0,0,0
533967_01408_01644_1,242.6,1,2022/10/18 15:30:00,-1.00,-1.00,0.0,0,0,0,0,0,0,0,0,0,0,0,0
533967_01408_01644_1,242.6,1,2022/10/18 15:45:00,-1.00,-1.00,0.0,0,0,0,0,0,0,0,0,0,0,0,0
533967_01408_01644_1,242.6,1,2022/10/18 16:00:00,-1.00,-1.00,0.0,0,0,0,0,0,0,0,0,0,0,0,0
533967_01408_01644_1,242.6,1,2022/10/18 16:15:00,-1.00,-1.00,0.0,0,0,0,0,0,0,0,0,0,0,0,0
533967_01408_01644_1,242.6,1,2022/10/18 16:30:00,-1.00,-1.00,0.0,0,0,0,0,0,0,0,0,0,0,0,0
533967_01408_01644_1,242.6,1,2022/10/18 16:45:00,-1.00,-1.00,0.0,0,0,0,0,0,0,0,0,0,0,0,0
533967_01408_01644_1,242.6,1,2022/10/18 17:00:00,-1.00,-1.00,0.0,0,0,0,0,0,0,0,0,0,0,0,0
533967_01408_01644_1,242.6,1,2022/10/18 17:15:00,-1.00,-1.00,0.0,0,0,0,0,0,0,0,0,0,0,0,0
533967_01408_01644_1,242.6,1,2022/10/18 17:30:00,-1.00,-1.00,0.0,0,0,0,0,0,0,0,0,0,0,0,0
533967_01408_01644_1,242.6,1,2022/10/18 17:45:00,-1.00,-1.00,0.0,0,0,0,0,0,0,0,0,0,0,0,0
533967_01408_01644_1,242.6,1,2022/10/18 18:00:00,-1.00,-1.00,0.0,0,0,0,0,0,0,0,0,0,0,0,0
533967_01408_01644_1,242.6,1,2022/10/18 18:15:00,-1.00,-1.00,0.0,0,0,0,0,0,0,0,0,0,0,0,0
533967_01408_01644_1,242.6,1,2022/10/18 18:30:00,-1.00,-1.00,0.0,0,0,0,0,0,0,0,0,0,0,0,0
533967_01408_01644_1,242.6,1,2022/10/18 18:45:00,-1.00,-1.00,0.0,0,0,0,0,0,0,0,0,0,0,0,0
533967_01408_13716_0,103.4,1,2022/10/18 06:30:00,-1.00,-1.00,0.0,0,0,0,0,0,0,0,0,0,0,0,0
533967_01408_13716_0,103.4,1,2022/10/18 06:45:00,-1.00,-1.00,0.0,0,0,0,0,0,0,0,0,0,0,0,0
533967_01408_13716_0,103.4,1,2022/10/18 07:00:00,-1.00,-1.00,0.0,0,0,0,0,0,0,0,0,0,0,0,0
533967_01408_13716_0,103.4,1,2022/10/18 07:15:00,-1.00,-1.00,0.0,0,0,0,0,0,0,0,0,0,0,0,0
533967_01408_13716_0,103.4,1,2022/10/18 07:30:00,-1.00,-1.00,0.0,0,0,0,0,0,0,0,0,0,0,0,0
533967_01408_13716_0,103.4,1,2022/10/18 07:45:00,-1.00,-1.00,0.0,0,0,0,0,0,0,0,0,0,0,0,0
533967_01408_13716_0,103.4,1,2022/10/18 08:00:00,-1.00,-1.00,0.0,0,0,0,0,0,0,0,0,0,0,0,0
533967_01408_13716_0,103.4,1,2022/10/18 08:15:00,-1.00,-1.00,0.0,0,0,0,0,0,0,0,0,0,0,0,0
533967_01408_13716_0,103.4,1,2022/10/18 08:30:00,-1.00,-1.00,0.0,0,0,0,0,0,0,0,0,0,0,0,0
533967_01408_13716_0,103.4,1,2022/10/18 08:45:00,-1.00,-1.00,0.0,0,0,0,0,0,0,0,0,0,0,0,0
533967_01408_13716_0,103.4,1,2022/10/18 09:00:00,-1.00,-1.00,0.0,0,0,0,0,0,0,0,0,0,0,0,0
533967_01408_13716_0,103.4,1,2022/10/18 09:15:00,-1.00,-1.00,0.0,0,0,0,0,0,0,0,0,0,0,0,0
533967_01408_13716_0,103.4,1,2022/10/18 09:30:00,-1.00,-1.00,0.0,0,0,0,0,0,0,0,0,0,0,0,0
533967_01408_13716_0,103.4,1,2022/10/18 09:45:00,-1.00,-1.00,0.0,0,0,0,0,0,0,0,0,0,0,0,0
533967_01408_13716_0,103.4,1,2022/10/18 10:00:00,-1.00,-1.00,0.0,0,0,0,0,0,0,0,0,0,0,0,0
533967_01408_13716_0,103.4,1,2022/10/18 10:15:00,-1.00,-1.00,0.0,0,0,0,0,0,0,0,0,0,0,0,0
533967_01408_13716_0,103.4,1,2022/10/18 10:30:00,-1.00,-1.00,0.0,0,0,0,0,0,0,0,0,0,0,0,0
533967_01408_13716_0,103.4,1,2022/10/18 10:45:00,-1.00,-1.00,0.0,0,0,0,0,0,0,0,0,0,0,0,0
533967_01408_13716_0,103.4,1,2022/10/18 11:00:00,-1.00,-1.00,0.0,0,0,0,0,0,0,0,0,0,0,0,0
533967_01408_13716_0,103.4,1,2022/10/18 11:15:00,-1.00,-1.00,0.0,0,0,0,0,0,0,0,0,0,0,0,0
533967_01408_13716_0,103.4,1,2022/10/18 11:30:00,-1.00,-1.00,0.0,0,0,0,0,0,0,0,0,0,0,0,0
533967_01408_13716_0,103.4,1,2022/10/18 11:45:00,-1.00,-1.00,0.0,0,0,0,0,0,0,0,0,0,0,0,0
533967_01408_13716_0,103.4,1,2022/10/18 12:00:00,-1.00,-1.00,0.0,0,0,0,0,0,0,0,0,0,0,0,0
533967_01408_13716_0,103.4,1,2022/10/18 12:15:00,-1.00,-1.00,0.0,0,0,0,0,0,0,0,0,0,0,0,0
533967_01408_13716_0,103.4,1,2022/10/18 12:30:00,-1.00,-1.00,0.0,0,0,0,0,0,0,0,0,0,0,0,0
533967_01408_13716_0,103.4,1,2022/10/18 12:45:00,-1.00,-1.00,0.0,0,0,0,0,0,0,0,0,0,0,0,0
533967_01408_13716_0,103.4,1,2022/10/18 13:00:00,-1.00,-1.00,0.0,0,0,0,0,0,0,0,0,0,0,0,0
533967_01408_13716_0,103.4,1,2022/10/18 13:15:00,-1.00,-1.00,0.0,0,0,0,0,0,0,0,0,0,0,0,0
533967_01408_13716_0,103.4,1,2022/10/18 13:30:00,-1.00,-1.00,0.0,0,0,0,0,0,0,0,0,0,0,0,0
533967_01408_13716_0,103.4,1,2022/10/18 13:45:00,-1.00,-1.00,0.0,0,0,0,0,0,0,0,0,0,0,0,0
533967_01408_13716_0,103.4,1,2022/10/18 14:00:00,-1.00,-1.00,0.0,0,0,0,0,0,0,0,0,0,0,0,0
533967_01408_13716_0,103.4,1,2022/10/18 14:15:00,-1.00,-1.00,0.0,0,0,0,0,0,0,0,0,0,0,0,0
533967_01408_13716_0,103.4,1,2022/10/18 14:30:00,-1.00,-1.00,0.0,0,0,0,0,0,0,0,0,0,0,0,0
533967_01408_13716_0,103.4,1,2022/10/18 14:45:00,-1.00,-1.00,0.0,0,0,0,0,0,0,0,0,0,0,0,0
533967_01408_13716_0,103.4,1,2022/10/18 15:00:00,-1.00,-1.00,0.0,0,0,0,0,0,0,0,0,0,0,0,0
533967_01408_13716_0,103.4,1,2022/10/18 15:15:00,-1.00,-1.00,0.0,0,0,0,0,0,0,0,0,0,0,0,0
533967_01408_13716_0,103.4,1,2022/10/18 15:30:00,-1.00,-1.00,0.0,0,0,0,0,0,0,0,0,0,0,0,0
533967_01408_13716_0,103.4,1,2022/10/18 15:45:00,-1.00,-1.00,0.0,0,0,0,0,0,0,0,0,0,0,0,0
533967_01408_13716_0,103.4,1,2022/10/18 16:00:00,-1.00,-1.00,0.0,0,0,0,0,0,0,0,0,0,0,0,0
533967_01408_13716_0,103.4,1,2022/10/18 16:15:00,-1.00,-1.00,0.0,0,0,0,0,0,0,0,0,0,0,0,0
533967_01408_13716_0,103.4,1,2022/10/18 16:30:00,-1.00,-1.00,0.0,0,0,0,0,0,0,0,0,0,0,0,0
533967_01408_13716_0,103.4,1,2022/10/18 16:45:00,-1.00,-1.00,0.0,0,0,0,0,0,0,0,0,0,0,0,0
533967_01408_13716_0,103.4,1,2022/10/18 17:00:00,-1.00,-1.00,0.0,0,0,0,0,0,0,0,0,0,0,0,0
533967_01408_13716_0,103.4,1,2022/10/18 17:15:00,-1.00,-1.00,0.0,0,0,0,0,0,0,0,0,0,0,0,0
533967_01408_13716_0,103.4,1,2022/10/18 17:30:00,-1.00,-1.00,0.0,0,0,0,0,0,0,0,0,0,0,0,0
533967_01408_13716_0,103.4,1,2022/10/18 17:45:00,-1.00,-1.00,0.0,0,0,0,0,0,0,0,0,0,0,0,0
533967_01408_13716_0,103.4,1,2022/10/18 18:00:00,-1.00,-1.00,0.0,0,0,0,0,0,0,0,0,0,0,0,0
533967_01408_13716_0,103.4,1,2022/10/18 18:15:00,-1.00,-1.00,0.0,0,0,0,0,0,0,0,0,0,0,0,0
533967_01408_13716_0,103.4,1,2022/10/18 18:30:00,-1.00,-1.00,0.0,0,0,0,0,0,0,0,0,0,0,0,0
533967_01408_13716_0,103.4,1,2022/10/18 18:45:00,-1.00,-1.00,0.0,0,0,0,0,0,0,0,0,0,0,0,0
533967_01408_13716_1,103.6,1,2022/10/18 06:30:00,-1.00,-1.00,0.0,0,0,0,0,0,0,0,0,0,0,0,0
533967_01408_13716_1,103.6,1,2022/10/18 06:45:00,-1.00,-1.00,0.0,0,0,0,0,0,0,0,0,0,0,0,0
533967_01408_13716_1,103.6,1,2022/10/18 07:00:00,-1.00,-1.00,0.0,0,0,0,0,0,0,0,0,0,0,0,0
533967_01408_13716_1,103.6,1,2022/10/18 07:15:00,-1.00,-1.00,0.0,0,0,0,0,0,0,0,0,0,0,0,0
533967_01408_13716_1,103.6,1,2022/10/18 07:30:00,-1.00,-1.00,0.0,0,0,0,0,0,0,0,0,0,0,0,0
533967_01408_13716_1,103.6,1,2022/10/18 07:45:00,-1.00,-1.00,0.0,0,0,0,0,0,0,0,0,0,0,0,0
533967_01408_13716_1,103.6,1,2022/10/18 08:00:00,-1.00,-1.00,0.0,0,0,0,0,0,0,0,0,0,0,0,0
533967_01408_13716_1,103.6,1,2022/10/18 08:15:00,-1.00,-1.00,0.0,0,0,0,0,0,0,0,0,0,0,0,0
533967_01408_13716_1,103.6,1,2022/10/18 08:30:00,-1.00,-1.00,0.0,0,0,0,0,0,0,0,0,0,0,0,0
533967_01408_13716_1,103.6,1,2022/10/18 08:45:00,-1.00,-1.00,0.0,0,0,0,0,0,0,0,0,0,0,0,0
533967_01408_13716_1,103.6,1,2022/10/18 09:00:00,-1.00,-1.00,0.0,0,0,0,0,0,0,0,0,0,0,0,0
533967_01408_13716_1,103.6,1,2022/10/18 09:15:00,-1.00,-1.00,0.0,0,0,0,0,0,0,0,0,0,0,0,0
533967_01408_13716_1,103.6,1,2022/10/18 09:30:00,-1.00,-1.00,0.0,0,0,0,0,0,0,0,0,0,0,0,0
533967_01408_13716_1,103.6,1,2022/10/18 09:45:00,-1.00,-1.00,0.0,0,0,0,0,0,0,0,0,0,0,0,0
533967_01408_13716_1,103.6,1,2022/10/18 10:00:00,-1.00,-1.00,0.0,0,0,0,0,0,0,0,0,0,0,0,0
533967_01408_13716_1,103.6,1,2022/10/18 10:15:00,-1.00,-1.00,0.0,0,0,0,0,0,0,0,0,0,0,0,0
533967_01408_13716_1,103.6,1,2022/10/18 10:30:00,-1.00,-1.00,0.0,0,0,0,0,0,0,0,0,0,0,0,0
533967_01408_13716_1,103.6,1,2022/10/18 10:45:00,-1.00,-1.00,0.0,0,0,0,0,0,0,0,0,0,0,0,0
533967_01408_13716_1,103.6,1,2022/10/18 11:00:00,-1.00,-1.00,0.0,0,0,0,0,0,0,0,0,0,0,0,0
533967_01408_13716_1,103.6,1,2022/10/18 11:15:00,-1.00,-1.00,0.0,0,0,0,0,0,0,0,0,0,0,0,0
533967_01408_13716_1,103.6,1,2022/10/18 11:30:00,-1.00,-1.00,0.0,0,0,0,0,0,0,0,0,0,0,0,0
533967_01408_13716_1,103.6,1,2022/10/18 11:45:00,-1.00,-1.00,0.0,0,0,0,0,0,0,0,0,0,0,0,0
533967_01408_13716_1,103.6,1,2022/10/18 12:00:00,-1.00,-1.00,0.0,0,0,0,0,0,0,0,0,0,0,0,0
533967_01408_13716_1,103.6,1,2022/10/18 12:15:00,-1.00,-1.00,0.0,0,0,0,0,0,0,0,0,0,0,0,0
533967_01408_13716_1,103.6,1,2022/10/18 12:30:00,-1.00,-1.00,0.0,0,0,0,0,0,0,0,0,0,0,0,0
533967_01408_13716_1,103.6,1,2022/10/18 12:45:00,-1.00,-1.00,0.0,0,0,0,0,0,0,0,0,0,0,0,0
533967_01408_13716_1,103.6,1,2022/10/18 13:00:00,-1.00,-1.00,0.0,0,0,0,0,0,0,0,0,0,0,0,0
533967_01408_13716_1,103.6,1,2022/10/18 13:15:00,-1.00,-1.00,0.0,0,0,0,0,0,0,0,0,0,0,0,0
533967_01408_13716_1,103.6,1,2022/10/18 13:30:00,-1.00,-1.00,0.0,0,0,0,0,0,0,0,0,0,0,0,0
533967_01408_13716_1,103.6,1,2022/10/18 13:45:00,-1.00,-1.00,0.0,0,0,0,0,0,0,0,0,0,0,0,0
533967_01408_13716_1,103.6,1,2022/10/18 14:00:00,-1.00,-1.00,0.0,0,0,0,0,0,0,0,0,0,0,0,0
533967_01408_13716_1,103.6,1,2022/10/18 14:15:00,-1.00,-1.00,0.0,0,0,0,0,0,0,0,0,0,0,0,0
533967_01408_13716_1,103.6,1,2022/10/18 14:30:00,-1.00,-1.00,0.0,0,0,0,0,0,0,0,0,0,0,0,0
533967_01408_13716_1,103.6,1,2022/10/18 14:45:00,-1.00,-1.00,0.0,0,0,0,0,0,0,0,0,0,0,0,0
533967_01408_13716_1,103.6,1,2022/10/18 15:00:00,-1.00,-1.00,0.0,0,0,0,0,0,0,0,0,0,0,0,0
533967_01408_13716_1,103.6,1,2022/10/18 15:15:00,-1.00,-1.00,0.0,0,0,0,0,0,0,0,0,0,0,0,0
533967_01408_13716_1,103.6,1,2022/10/18 15:30:00,-1.00,-1.00,0.0,0,0,0,0,0,0,0,0,0,0,0,0
533967_01408_13716_1,103.6,1,2022/10/18 15:45:00,-1.00,-1.00,0.0,0,0,0,0,0,0,0,0,0,0,0,0
533967_01408_13716_1,103.6,1,2022/10/18 16:00:00,-1.00,-1.00,0.0,0,0,0,0,0,0,0,0,0,0,0,0
533967_01408_13716_1,103.6,1,2022/10/18 16:15:00,-1.00,-1.00,0.0,0,0,0,0,0,0,0,0,0,0,0,0
533967_01408_13716_1,103.6,1,2022/10/18 16:30:00,-1.00,-1.00,0.0,0,0,0,0,0,0,0,0,0,0,0,0
533967_01408_13716_1,103.6,1,2022/10/18 16:45:00,-1.00,-1.00,0.0,0,0,0,0,0,0,0,0,0,0,0,0
533967_01408_13716_1,103.6,1,2022/10/18 17:00:00,-1.00,-1.00,0.0,0,0,0,0,0,0,0,0,0,0,0,0
533967_01408_13716_1,103.6,1,2022/10/18 17:15:00,-1.00,-1.00,0.0,0,0,0,0,0,0,0,0,0,0,0,0
533967_01408_13716_1,103.6,1,2022/10/18 17:30:00,-1.00,-1.00,0.0,0,0,0,0,0,0,0,0,0,0,0,0
533967_01408_13716_1,103.6,1,2022/10/18 17:45:00,-1.00,-1.00,0.0,0,0,0,0,0,0,0,0,0,0,0,0
533967_01408_13716_1,103.6,1,2022/10/18 18:00:00,-1.00,-1.00,0.0,0,0,0,0,0,0,0,0,0,0,0,0
533967_01408_13716_1,103.6,1,2022/10/18 18:15:00,-1.00,-1.00,0.0,0,0,0,0,0,0,0,0,0,0,0,0
533967_01408_13716_1,103.6,1,2022/10/18 18:30:00,-1.00,-1.00,0.0,0,0,0,0,0,0,0,0,0,0,0,0
533967_01408_13716_1,103.6,1,2022/10/18 18:45:00,-1.00,-1.00,0.0,0,0,0,0,0,0,0,0,0,0,0,0
533967_01409_01410_1,98.4,1,2022/10/18 06:30:00,59.04,6.00,11.0,11,0,11,0,0,0,0,0,0,0,0,0
533967_01409_01410_1,98.4,1,2022/10/18 06:45:00,59.04,6.00,19.0,19,0,19,0,0,0,0,0,0,0,0,0
533967_01409_01410_1,98.4,1,2022/10/18 07:00:00,59.04,6.00,19.0,19,0,19,0,0,0,0,0,0,0,0,0
533967_01409_01410_1,98.4,1,2022/10/18 07:15:00,59.04,6.00,23.0,23,0,23,0,0,0,0,0,0,0,0,0
533967_01409_01410_1,98.4,1,2022/10/18 07:30:00,58.76,6.03,35.0,35,0,35,0,0,0,0,0,0,0,0,0
533967_01409_01410_1,98.4,1,2022/10/18 07:45:00,59.04,6.00,22.0,22,0,22,0,0,0,0,0,0,0,0,0
533967_01409_01410_1,98.4,1,2022/10/18 08:00:00,59.04,6.00,17.0,17,0,17,0,0,0,0,0,0,0,0,0
533967_01409_01410_1,98.4,1,2022/10/18 08:15:00,58.07,6.10,10.0,10,0,10,0,0,0,0,0,0,0,0,0
533967_01409_01410_1,98.4,1,2022/10/18 08:30:00,59.04,6.00,28.0,28,0,28,0,0,0,0,0,0,0,0,0
533967_01409_01410_1,98.4,1,2022/10/18 08:45:00,58.50,6.06,18.0,18,0,18,0,0,0,0,0,0,0,0,0
533967_01409_01410_1,98.4,1,2022/10/18 09:00:00,58.57,6.05,21.0,21,0,21,0,0,0,0,0,0,0,0,0
533967_01409_01410_1,98.4,1,2022/10/18 09:15:00,59.04,6.00,24.0,19,0,14,5,0,0,0,0,0,0,0,0
533967_01409_01410_1,98.4,1,2022/10/18 09:30:00,59.04,6.00,13.0,13,0,13,0,0,0,0,0,0,0,0,0
533967_01409_01410_1,98.4,1,2022/10/18 09:45:00,59.04,6.00,19.0,19,0,19,0,0,0,0,0,0,0,0,0
533967_01409_01410_1,98.4,1,2022/10/18 10:00:00,59.04,6.00,20.0,16,0,12,4,0,0,0,0,0,0,0,0
533967_01409_01410_1,98.4,1,2022/10/18 10:15:00,59.04,6.00,8.0,8,0,8,0,0,0,0,0,0,0,0,0
533967_01409_01410_1,98.4,1,2022/10/18 10:30:00,59.04,6.00,26.0,23,0,20,3,0,0,0,0,0,0,0,0
533967_01409_01410_1,98.4,1,2022/10/18 10:45:00,59.04,6.00,12.0,12,0,12,0,0,0,0,0,0,0,0,0
533967_01409_01410_1,98.4,1,2022/10/18 11:00:00,59.04,6.00,16.0,16,0,16,0,0,0,0,0,0,0,0,0
533967_01409_01410_1,98.4,1,2022/10/18 11:15:00,59.04,6.00,19.0,19,0,19,0,0,0,0,0,0,0,0,0
533967_01409_01410_1,98.4,1,2022/10/18 11:30:00,59.04,6.00,16.0,16,0,16,0,0,0,0,0,0,0,0,0
533967_01409_01410_1,98.4,1,2022/10/18 11:45:00,58.12,6.10,21.0,21,0,21,0,0,0,0,0,0,0,0,0
533967_01409_01410_1,98.4,1,2022/10/18 12:00:00,58.60,6.05,26.0,22,0,18,4,0,0,0,0,0,0,0,0
533967_01409_01410_1,98.4,1,2022/10/18 12:15:00,58.60,6.05,22.0,22,0,22,0,0,0,0,0,0,0,0,0
533967_01409_01410_1,98.4,1,2022/10/18 12:30:00,59.04,6.00,24.0,24,0,24,0,0,0,0,0,0,0,0,0
533967_01409_01410_1,98.4,1,2022/10/18 12:45:00,58.57,6.05,21.0,21,0,21,0,0,0,0,0,0,0,0,0
533967_01409_01410_1,98.4,1,2022/10/18 13:00:00,58.57,6.05,23.0,21,0,19,2,0,0,0,0,0,0,0,0
533967_01409_01410_1,98.4,1,2022/10/18 13:15:00,59.04,6.00,20.0,20,0,20,0,0,0,0,0,0,0,0,0
533967_01409_01410_1,98.4,1,2022/10/18 13:30:00,57.76,6.13,15.0,15,0,15,0,0,0,0,0,0,0,0,0
533967_01409_01410_1,98.4,1,2022/10/18 13:45:00,59.04,6.00,21.0,21,0,21,0,0,0,0,0,0,0,0,0
533967_01409_01410_1,98.4,1,2022/10/18 14:00:00,58.39,6.07,30.0,30,0,30,0,0,0,0,0,0,0,0,0
533967_01409_01410_1,98.4,1,2022/10/18 14:15:00,57.97,6.11,27.0,27,0,27,0,0,0,0,0,0,0,0,0
533967_01409_01410_1,98.4,1,2022/10/18 14:30:00,58.16,6.09,11.0,11,0,11,0,0,0,0,0,0,0,0,0
533967_01409_01410_1,98.4,1,2022/10/18 14:45:00,58.63,6.04,24.0,24,0,24,0,0,0,0,0,0,0,0,0
533967_01409_01410_1,98.4,1,2022/10/18 15:00:00,59.04,6.00,24.0,22,0,20,2,0,0,0,0,0,0,0,0
533967_01409_01410_1,98.4,1,2022/10/18 15:15:00,59.04,6.00,22.0,22,0,22,0,0,0,0,0,0,0,0,0
533967_01409_01410_1,98.4,1,2022/10/18 15:30:00,58.60,6.05,22.0,22,0,22,0,0,0,0,0,0,0,0,0
533967_01409_01410_1,98.4,1,2022/10/18 15:45:00,56.40,6.28,34.0,32,0,30,2,0,0,0,0,0,0,0,0
533967_01409_01410_1,98.4,1,2022/10/18 16:00:00,30.98,11.43,30.0,30,0,30,0,0,0,0,0,0,0,0,0
533967_01409_01410_1,98.4,1,2022/10/18 16:15:00,58.47,6.06,17.0,17,0,17,0,0,0,0,0,0,0,0,0
533967_01409_01410_1,98.4,1,2022/10/18 16:30:00,58.70,6.03,29.0,29,0,29,0,0,0,0,0,0,0,0,0
533967_01409_01410_1,98.4,1,2022/10/18 16:45:00,59.04,6.00,16.0,16,0,16,0,0,0,0,0,0,0,0,0
533967_01409_01410_1,98.4,1,2022/10/18 17:00:00,58.43,6.06,16.0,16,0,16,0,0,0,0,0,0,0,0,0
533967_01409_01410_1,98.4,1,2022/10/18 17:15:00,58.60,6.05,22.0,22,0,22,0,0,0,0,0,0,0,0,0
533967_01409_01410_1,98.4,1,2022/10/18 17:30:00,58.63,6.04,24.0,24,0,24,0,0,0,0,0,0,0,0,0
533967_01409_01410_1,98.4,1,2022/10/18 17:45:00,57.59,6.15,33.0,33,0,33,0,0,0,0,0,0,0,0,0
533967_01409_01410_1,98.4,1,2022/10/18 18:00:00,59.04,6.00,29.0,29,0,29,0,0,0,0,0,0,0,0,0
533967_01409_01410_1,98.4,1,2022/10/18 18:15:00,59.04,6.00,24.0,24,0,24,0,0,0,0,0,0,0,0,0
533967_01409_01410_1,98.4,1,2022/10/18 18:30:00,59.04,6.00,16.0,16,0,16,0,0,0,0,0,0,0,0,0
533967_01409_01410_1,98.4,1,2022/10/18 18:45:00,59.04,6.00,22.0,22,0,22,0,0,0,0,0,0,0,0,0
533967_01409_01417_0,27.8,1,2022/10/18 06:30:00,-1.00,-1.00,0.0,0,0,0,0,0,0,0,0,0,0,0,0
533967_01409_01417_0,27.8,1,2022/10/18 06:45:00,-1.00,-1.00,0.0,0,0,0,0,0,0,0,0,0,0,0,0
533967_01409_01417_0,27.8,1,2022/10/18 07:00:00,-1.00,-1.00,0.0,0,0,0,0,0,0,0,0,0,0,0,0
533967_01409_01417_0,27.8,1,2022/10/18 07:15:00,-1.00,-1.00,0.0,0,0,0,0,0,0,0,0,0,0,0,0
533967_01409_01417_0,27.8,1,2022/10/18 07:30:00,-1.00,-1.00,0.0,0,0,0,0,0,0,0,0,0,0,0,0
533967_01409_01417_0,27.8,1,2022/10/18 07:45:00,-1.00,-1.00,0.0,0,0,0,0,0,0,0,0,0,0,0,0
533967_01409_01417_0,27.8,1,2022/10/18 08:00:00,-1.00,-1.00,0.0,0,0,0,0,0,0,0,0,0,0,0,0
533967_01409_01417_0,27.8,1,2022/10/18 08:15:00,-1.00,-1.00,0.0,0,0,0,0,0,0,0,0,0,0,0,0
533967_01409_01417_0,27.8,1,2022/10/18 08:30:00,-1.00,-1.00,0.0,0,0,0,0,0,0,0,0,0,0,0,0
533967_01409_01417_0,27.8,1,2022/10/18 08:45:00,-1.00,-1.00,0.0,0,0,0,0,0,0,0,0,0,0,0,0
533967_01409_01417_0,27.8,1,2022/10/18 09:00:00,-1.00,-1.00,0.0,0,0,0,0,0,0,0,0,0,0,0,0
533967_01409_01417_0,27.8,1,2022/10/18 09:15:00,-1.00,-1.00,0.0,0,0,0,0,0,0,0,0,0,0,0,0
533967_01409_01417_0,27.8,1,2022/10/18 09:30:00,-1.00,-1.00,0.0,0,0,0,0,0,0,0,0,0,0,0,0
533967_01409_01417_0,27.8,1,2022/10/18 09:45:00,-1.00,-1.00,0.0,0,0,0,0,0,0,0,0,0,0,0,0
533967_01409_01417_0,27.8,1,2022/10/18 10:00:00,-1.00,-1.00,0.0,0,0,0,0,0,0,0,0,0,0,0,0
533967_01409_01417_0,27.8,1,2022/10/18 10:15:00,-1.00,-1.00,0.0,0,0,0,0,0,0,0,0,0,0,0,0
533967_01409_01417_0,27.8,1,2022/10/18 10:30:00,-1.00,-1.00,0.0,0,0,0,0,0,0,0,0,0,0,0,0
533967_01409_01417_0,27.8,1,2022/10/18 10:45:00,-1.00,-1.00,0.0,0,0,0,0,0,0,0,0,0,0,0,0
533967_01409_01417_0,27.8,1,2022/10/18 11:00:00,-1.00,-1.00,0.0,0,0,0,0,0,0,0,0,0,0,0,0
533967_01409_01417_0,27.8,1,2022/10/18 11:15:00,-1.00,-1.00,0.0,0,0,0,0,0,0,0,0,0,0,0,0
533967_01409_01417_0,27.8,1,2022/10/18 11:30:00,-1.00,-1.00,0.0,0,0,0,0,0,0,0,0,0,0,0,0
533967_01409_01417_0,27.8,1,2022/10/18 11:45:00,-1.00,-1.00,0.0,0,0,0,0,0,0,0,0,0,0,0,0
533967_01409_01417_0,27.8,1,2022/10/18 12:00:00,-1.00,-1.00,0.0,0,0,0,0,0,0,0,0,0,0,0,0
533967_01409_01417_0,27.8,1,2022/10/18 12:15:00,-1.00,-1.00,0.0,0,0,0,0,0,0,0,0,0,0,0,0
533967_01409_01417_0,27.8,1,2022/10/18 12:30:00,-1.00,-1.00,0.0,0,0,0,0,0,0,0,0,0,0,0,0
533967_01409_01417_0,27.8,1,2022/10/18 12:45:00,-1.00,-1.00,0.0,0,0,0,0,0,0,0,0,0,0,0,0
533967_01409_01417_0,27.8,1,2022/10/18 13:00:00,-1.00,-1.00,0.0,0,0,0,0,0,0,0,0,0,0,0,0
533967_01409_01417_0,27.8,1,2022/10/18 13:15:00,-1.00,-1.00,0.0,0,0,0,0,0,0,0,0,0,0,0,0
533967_01409_01417_0,27.8,1,2022/10/18 13:30:00,-1.00,-1.00,0.0,0,0,0,0,0,0,0,0,0,0,0,0
533967_01409_01417_0,27.8,1,2022/10/18 13:45:00,-1.00,-1.00,0.0,0,0,0,0,0,0,0,0,0,0,0,0
533967_01409_01417_0,27.8,1,2022/10/18 14:00:00,-1.00,-1.00,0.0,0,0,0,0,0,0,0,0,0,0,0,0
533967_01409_01417_0,27.8,1,2022/10/18 14:15:00,-1.00,-1.00,0.0,0,0,0,0,0,0,0,0,0,0,0,0
533967_01409_01417_0,27.8,1,2022/10/18 14:30:00,-1.00,-1.00,0.0,0,0,0,0,0,0,0,0,0,0,0,0
533967_01409_01417_0,27.8,1,2022/10/18 14:45:00,-1.00,-1.00,0.0,0,0,0,0,0,0,0,0,0,0,0,0
533967_01409_01417_0,27.8,1,2022/10/18 15:00:00,-1.00,-1.00,0.0,0,0,0,0,0,0,0,0,0,0,0,0
533967_01409_01417_0,27.8,1,2022/10/18 15:15:00,-1.00,-1.00,0.0,0,0,0,0,0,0,0,0,0,0,0,0
533967_01409_01417_0,27.8,1,2022/10/18 15:30:00,-1.00,-1.00,0.0,0,0,0,0,0,0,0,0,0,0,0,0
533967_01409_01417_0,27.8,1,2022/10/18 15:45:00,-1.00,-1.00,0.0,0,0,0,0,0,0,0,0,0,0,0,0
533967_01409_01417_0,27.8,1,2022/10/18 16:00:00,-1.00,-1.00,0.0,0,0,0,0,0,0,0,0,0,0,0,0
533967_01409_01417_0,27.8,1,2022/10/18 16:15:00,-1.00,-1.00,0.0,0,0,0,0,0,0,0,0,0,0,0,0
533967_01409_01417_0,27.8,1,2022/10/18 16:30:00,-1.00,-1.00,0.0,0,0,0,0,0,0,0,0,0,0,0,0
533967_01409_01417_0,27.8,1,2022/10/18 16:45:00,-1.00,-1.00,0.0,0,0,0,0,0,0,0,0,0,0,0,0
533967_01409_01417_0,27.8,1,2022/10/18 17:00:00,-1.00,-1.00,0.0,0,0,0,0,0,0,0,0,0,0,0,0
533967_01409_01417_0,27.8,1,2022/10/18 17:15:00,-1.00,-1.00,0.0,0,0,0,0,0,0,0,0,0,0,0,0
533967_01409_01417_0,27.8,1,2022/10/18 17:30:00,-1.00,-1.00,0.0,0,0,0,0,0,0,0,0,0,0,0,0
533967_01409_01417_0,27.8,1,2022/10/18 17:45:00,-1.00,-1.00,0.0,0,0,0,0,0,0,0,0,0,0,0,0
533967_01409_01417_0,27.8,1,2022/10/18 18:00:00,-1.00,-1.00,0.0,0,0,0,0,0,0,0,0,0,0,0,0
533967_01409_01417_0,27.8,1,2022/10/18 18:15:00,-1.00,-1.00,0.0,0,0,0,0,0,0,0,0,0,0,0,0
533967_01409_01417_0,27.8,1,2022/10/18 18:30:00,-1.00,-1.00,0.0,0,0,0,0,0,0,0,0,0,0,0,0
533967_01409_01417_0,27.8,1,2022/10/18 18:45:00,-1.00,-1.00,0.0,0,0,0,0,0,0,0,0,0,0,0,0
533967_01410_01417_1,84.9,1,2022/10/18 06:30:00,50.96,6.00,45.0,40,0,35,4,1,0,0,0,0,0,0,0
533967_01410_01417_1,84.9,1,2022/10/18 06:45:00,50.82,6.02,69.0,58,0,47,8,3,0,0,0,0,0,0,0
533967_01410_01417_1,84.9,1,2022/10/18 07:00:00,50.96,6.00,75.0,70,0,65,4,1,0,0,0,0,0,0,0
533967_01410_01417_1,84.9,1,2022/10/18 07:15:00,50.96,6.00,96.0,81,0,66,9,6,0,0,0,0,0,0,0
533967_01410_01417_1,84.9,1,2022/10/18 07:30:00,50.89,6.01,134.0,118,0,102,13,3,0,0,0,0,0,0,0
533967_01410_01417_1,84.9,1,2022/10/18 07:45:00,50.32,6.08,103.0,92,0,81,10,1,0,0,0,0,0,0,0
533967_01410_01417_1,84.9,1,2022/10/18 08:00:00,50.68,6.03,73.0,59,0,45,8,6,0,0,0,0,0,0,0
533967_01410_01417_1,84.9,1,2022/10/18 08:15:00,50.96,6.00,64.0,51,0,38,7,6,0,0,0,0,0,0,0
533967_01410_01417_1,84.9,1,2022/10/18 08:30:00,50.96,6.00,129.0,107,0,85,17,5,0,0,0,0,0,0,0
533967_01410_01417_1,84.9,1,2022/10/18 08:45:00,50.68,6.03,103.0,90,0,77,10,3,0,0,0,0,0,0,0
533967_01410_01417_1,84.9,1,2022/10/18 09:00:00,50.96,6.00,79.0,71,0,63,5,3,0,0,0,0,0,0,0
533967_01410_01417_1,84.9,1,2022/10/18 09:15:00,50.96,6.00,86.0,76,0,66,4,6,0,0,0,0,0,0,0
533967_01410_01417_1,84.9,1,2022/10/18 09:30:00,50.71,6.03,82.0,66,0,50,11,5,0,0,0,0,0,0,0
533967_01410_01417_1,84.9,1,2022/10/18 09:45:00,50.89,6.01,123.0,113,0,103,8,2,0,0,0,0,0,0,0
533967_01410_01417_1,84.9,1,2022/10/18 10:00:00,50.75,6.02,170.0,162,0,154,5,3,0,0,0,0,0,0,0
533967_01410_01417_1,84.9,1,2022/10/18 10:15:00,50.60,6.04,187.0,162,0,137,22,3,0,0,0,0,0,0,0
533967_01410_01417_1,84.9,1,2022/10/18 10:30:00,50.57,6.05,100.0,86,0,72,7,7,0,0,0,0,0,0,0
533967_01410_01417_1,84.9,1,2022/10/18 10:45:00,50.67,6.03,100.0,86,0,72,12,2,0,0,0,0,0,0,0
533967_01410_01417_1,84.9,1,2022/10/18 11:00:00,50.96,6.00,108.0,95,0,82,12,1,0,0,0,0,0,0,0
533967_01410_01417_1,84.9,1,2022/10/18 11:15:00,50.40,6.07,118.0,104,0,90,10,4,0,0,0,0,0,0,0
533967_01410_01417_1,84.9,1,2022/10/18 11:30:00,50.96,6.00,57.0,54,0,51,1,2,0,0,0,0,0,0,0
533967_01410_01417_1,84.9,1,2022/10/18 11:45:00,50.84,6.01,80.0,71,0,62,5,3,1,0,0,0,0,0,0
533967_01410_01417_1,84.9,1,2022/10/18 12:00:00,50.96,6.00,93.0,82,0,71,7,4,0,0,0,0,0,0,0
533967_01410_01417_1,84.9,1,2022/10/18 12:15:00,50.96,6.00,63.0,51,0,39,10,2,0,0,0,0,0,0,0
533967_01410_01417_1,84.9,1,2022/10/18 12:30:00,50.84,6.01,75.0,70,0,65,0,5,0,0,0,0,0,0,0
533967_01410_01417_1,84.9,1,2022/10/18 12:45:00,50.96,6.00,51.0,42,0,33,7,2,0,0,0,0,0,0,0
533967_01410_01417_1,84.9,1,2022/10/18 13:00:00,50.96,6.00,63.0,49,0,35,10,4,0,0,0,0,0,0,0
533967_01410_01417_1,84.9,1,2022/10/18 13:15:00,50.96,6.00,74.0,70,0,66,1,3,0,0,0,0,0,0,0
533967_01410_01417_1,84.9,1,2022/10/18 13:30:00,50.96,6.00,41.0,29,0,17,10,2,0,0,0,0,0,0,0
533967_01410_01417_1,84.9,1,2022/10/18 13:45:00,50.96,6.00,65.0,60,0,55,2,3,0,0,0,0,0,0,0
533967_01410_01417_1,84.9,1,2022/10/18 14:00:00,50.68,6.03,71.0,60,0,49,7,4,0,0,0,0,0,0,0
533967_01410_01417_1,84.9,1,2022/10/18 14:15:00,50.96,6.00,51.0,42,0,33,9,0,0,0,0,0,0,0,0
533967_01410_01417_1,84.9,1,2022/10/18 14:30:00,50.96,6.00,51.0,40,0,29,8,3,0,0,0,0,0,0,0
533967_01410_01417_1,84.9,1,2022/10/18 14:45:00,50.96,6.00,40.0,36,0,32,0,4,0,0,0,0,0,0,0
533967_01410_01417_1,84.9,1,2022/10/18 15:00:00,50.96,6.00,104.0,89,0,74,12,3,0,0,0,0,0,0,0
533967_01410_01417_1,84.9,1,2022/10/18 15:15:00,50.96,6.00,108.0,100,0,92,3,5,0,0,0,0,0,0,0
533967_01410_01417_1,84.9,1,2022/10/18 15:30:00,50.96,6.00,34.0,23,0,12,9,2,0,0,0,0,0,0,0
533967_01410_01417_1,84.9,1,2022/10/18 15:45:00,50.96,6.00,54.0,46,0,38,4,4,0,0,0,0,0,0,0
533967_01410_01417_1,84.9,1,2022/10/18 16:00:00,50.96,6.00,79.0,69,0,59,7,3,0,0,0,0,0,0,0
533967_01410_01417_1,84.9,1,2022/10/18 16:15:00,50.96,6.00,83.0,79,0,75,3,1,0,0,0,0,0,0,0
533967_01410_01417_1,84.9,1,2022/10/18 16:30:00,50.96,6.00,67.0,64,0,61,3,0,0,0,0,0,0,0,0
533967_01410_01417_1,84.9,1,2022/10/18 16:45:00,50.96,6.00,52.0,42,0,32,7,3,0,0,0,0,0,0,0
533967_01410_01417_1,84.9,1,2022/10/18 17:00:00,50.96,6.00,54.0,42,0,30,8,4,0,0,0,0,0,0,0
533967_01410_01417_1,84.9,1,2022/10/18 17:15:00,50.96,6.00,83.0,76,0,69,2,5,0,0,0,0,0,0,0
533967_01410_01417_1,84.9,1,2022/10/18 17:30:00,50.96,6.00,59.0,55,0,51,1,3,0,0,0,0,0,0,0
533967_01410_01417_1,84.9,1,2022/10/18 17:45:00,50.96,6.00,68.0,64,0,60,0,4,0,0,0,0,0,0,0
533967_01410_01417_1,84.9,1,2022/10/18 18:00:00,50.81,6.02,115.0,108,0,101,2,5,0,0,0,0,0,0,0
533967_01410_01417_1,84.9,1,2022/10/18 18:15:00,50.96,6.00,55.0,46,0,37,3,6,0,0,0,0,0,0,0
533967_01410_01417_1,84.9,1,2022/10/18 18:30:00,50.75,6.02,87.0,81,0,75,4,2,0,0,0,0,0,0,0
533967_01410_01417_1,84.9,1,2022/10/18 18:45:00,50.52,6.05,82.0,76,0,70,1,5,0,0,0,0,0,0,0
533967_01412_01413_0,27.8,1,2022/10/18 06:30:00,-1.00,-1.00,0.0,0,0,0,0,0,0,0,0,0,0,0,0
533967_01412_01413_0,27.8,1,2022/10/18 06:45:00,-1.00,-1.00,0.0,0,0,0,0,0,0,0,0,0,0,0,0
533967_01412_01413_0,27.8,1,2022/10/18 07:00:00,-1.00,-1.00,0.0,0,0,0,0,0,0,0,0,0,0,0,0
533967_01412_01413_0,27.8,1,2022/10/18 07:15:00,-1.00,-1.00,0.0,0,0,0,0,0,0,0,0,0,0,0,0
533967_01412_01413_0,27.8,1,2022/10/18 07:30:00,-1.00,-1.00,0.0,0,0,0,0,0,0,0,0,0,0,0,0
533967_01412_01413_0,27.8,1,2022/10/18 07:45:00,-1.00,-1.00,0.0,0,0,0,0,0,0,0,0,0,0,0,0
533967_01412_01413_0,27.8,1,2022/10/18 08:00:00,-1.00,-1.00,0.0,0,0,0,0,0,0,0,0,0,0,0,0
533967_01412_01413_0,27.8,1,2022/10/18 08:15:00,-1.00,-1.00,0.0,0,0,0,0,0,0,0,0,0,0,0,0
533967_01412_01413_0,27.8,1,2022/10/18 08:30:00,-1.00,-1.00,0.0,0,0,0,0,0,0,0,0,0,0,0,0
533967_01412_01413_0,27.8,1,2022/10/18 08:45:00,-1.00,-1.00,0.0,0,0,0,0,0,0,0,0,0,0,0,0
533967_01412_01413_0,27.8,1,2022/10/18 09:00:00,-1.00,-1.00,0.0,0,0,0,0,0,0,0,0,0,0,0,0
533967_01412_01413_0,27.8,1,2022/10/18 09:15:00,-1.00,-1.00,0.0,0,0,0,0,0,0,0,0,0,0,0,0
533967_01412_01413_0,27.8,1,2022/10/18 09:30:00,-1.00,-1.00,0.0,0,0,0,0,0,0,0,0,0,0,0,0
533967_01412_01413_0,27.8,1,2022/10/18 09:45:00,-1.00,-1.00,0.0,0,0,0,0,0,0,0,0,0,0,0,0
533967_01412_01413_0,27.8,1,2022/10/18 10:00:00,-1.00,-1.00,0.0,0,0,0,0,0,0,0,0,0,0,0,0
533967_01412_01413_0,27.8,1,2022/10/18 10:15:00,-1.00,-1.00,0.0,0,0,0,0,0,0,0,0,0,0,0,0
533967_01412_01413_0,27.8,1,2022/10/18 10:30:00,-1.00,-1.00,0.0,0,0,0,0,0,0,0,0,0,0,0,0
533967_01412_01413_0,27.8,1,2022/10/18 10:45:00,-1.00,-1.00,0.0,0,0,0,0,0,0,0,0,0,0,0,0
533967_01412_01413_0,27.8,1,2022/10/18 11:00:00,-1.00,-1.00,0.0,0,0,0,0,0,0,0,0,0,0,0,0
533967_01412_01413_0,27.8,1,2022/10/18 11:15:00,-1.00,-1.00,0.0,0,0,0,0,0,0,0,0,0,0,0,0
533967_01412_01413_0,27.8,1,2022/10/18 11:30:00,-1.00,-1.00,0.0,0,0,0,0,0,0,0,0,0,0,0,0
533967_01412_01413_0,27.8,1,2022/10/18 11:45:00,-1.00,-1.00,0.0,0,0,0,0,0,0,0,0,0,0,0,0
533967_01412_01413_0,27.8,1,2022/10/18 12:00:00,-1.00,-1.00,0.0,0,0,0,0,0,0,0,0,0,0,0,0
533967_01412_01413_0,27.8,1,2022/10/18 12:15:00,-1.00,-1.00,0.0,0,0,0,0,0,0,0,0,0,0,0,0
533967_01412_01413_0,27.8,1,2022/10/18 12:30:00,-1.00,-1.00,0.0,0,0,0,0,0,0,0,0,0,0,0,0
533967_01412_01413_0,27.8,1,2022/10/18 12:45:00,-1.00,-1.00,0.0,0,0,0,0,0,0,0,0,0,0,0,0
533967_01412_01413_0,27.8,1,2022/10/18 13:00:00,-1.00,-1.00,0.0,0,0,0,0,0,0,0,0,0,0,0,0
533967_01412_01413_0,27.8,1,2022/10/18 13:15:00,-1.00,-1.00,0.0,0,0,0,0,0,0,0,0,0,0,0,0
533967_01412_01413_0,27.8,1,2022/10/18 13:30:00,-1.00,-1.00,0.0,0,0,0,0,0,0,0,0,0,0,0,0
533967_01412_01413_0,27.8,1,2022/10/18 13:45:00,-1.00,-1.00,0.0,0,0,0,0,0,0,0,0,0,0,0,0
533967_01412_01413_0,27.8,1,2022/10/18 14:00:00,-1.00,-1.00,0.0,0,0,0,0,0,0,0,0,0,0,0,0
533967_01412_01413_0,27.8,1,2022/10/18 14:15:00,-1.00,-1.00,0.0,0,0,0,0,0,0,0,0,0,0,0,0
533967_01412_01413_0,27.8,1,2022/10/18 14:30:00,-1.00,-1.00,0.0,0,0,0,0,0,0,0,0,0,0,0,0
533967_01412_01413_0,27.8,1,2022/10/18 14:45:00,-1.00,-1.00,0.0,0,0,0,0,0,0,0,0,0,0,0,0
533967_01412_01413_0,27.8,1,2022/10/18 15:00:00,-1.00,-1.00,0.0,0,0,0,0,0,0,0,0,0,0,0,0
533967_01412_01413_0,27.8,1,2022/10/18 15:15:00,-1.00,-1.00,0.0,0,0,0,0,0,0,0,0,0,0,0,0
533967_01412_01413_0,27.8,1,2022/10/18 15:30:00,-1.00,-1.00,0.0,0,0,0,0,0,0,0,0,0,0,0,0
533967_01412_01413_0,27.8,1,2022/10/18 15:45:00,-1.00,-1.00,0.0,0,0,0,0,0,0,0,0,0,0,0,0
533967_01412_01413_0,27.8,1,2022/10/18 16:00:00,-1.00,-1.00,0.0,0,0,0,0,0,0,0,0,0,0,0,0
533967_01412_01413_0,27.8,1,2022/10/18 16:15:00,-1.00,-1.00,0.0,0,0,0,0,0,0,0,0,0,0,0,0
533967_01412_01413_0,27.8,1,2022/10/18 16:30:00,-1.00,-1.00,0.0,0,0,0,0,0,0,0,0,0,0,0,0
533967_01412_01413_0,27.8,1,2022/10/18 16:45:00,-1.00,-1.00,0.0,0,0,0,0,0,0,0,0,0,0,0,0
533967_01412_01413_0,27.8,1,2022/10/18 17:00:00,-1.00,-1.00,0.0,0,0,0,0,0,0,0,0,0,0,0,0
533967_01412_01413_0,27.8,1,2022/10/18 17:15:00,-1.00,-1.00,0.0,0,0,0,0,0,0,0,0,0,0,0,0
533967_01412_01413_0,27.8,1,2022/10/18 17:30:00,-1.00,-1.00,0.0,0,0,0,0,0,0,0,0,0,0,0,0
533967_01412_01413_0,27.8,1,2022/10/18 17:45:00,-1.00,-1.00,0.0,0,0,0,0,0,0,0,0,0,0,0,0
533967_01412_01413_0,27.8,1,2022/10/18 18:00:00,-1.00,-1.00,0.0,0,0,0,0,0,0,0,0,0,0,0,0
533967_01412_01413_0,27.8,1,2022/10/18 18:15:00,-1.00,-1.00,0.0,0,0,0,0,0,0,0,0,0,0,0,0
533967_01412_01413_0,27.8,1,2022/10/18 18:30:00,-1.00,-1.00,0.0,0,0,0,0,0,0,0,0,0,0,0,0
533967_01412_01413_0,27.8,1,2022/10/18 18:45:00,-1.00,-1.00,0.0,0,0,0,0,0,0,0,0,0,0,0,0
533967_01412_01414_1,139.9,1,2022/10/18 06:30:00,55.42,9.09,23.0,23,0,23,0,0,0,0,0,0,0,0,0
533967_01412_01414_1,139.9,1,2022/10/18 06:45:00,55.96,9.00,34.0,34,0,34,0,0,0,0,0,0,0,0,0
533967_01412_01414_1,139.9,1,2022/10/18 07:00:00,55.68,9.05,22.0,22,0,22,0,0,0,0,0,0,0,0,0
533967_01412_01414_1,139.9,1,2022/10/18 07:15:00,55.96,9.00,22.0,22,0,22,0,0,0,0,0,0,0,0,0
533967_01412_01414_1,139.9,1,2022/10/18 07:30:00,55.96,9.00,17.0,17,0,17,0,0,0,0,0,0,0,0,0
533967_01412_01414_1,139.9,1,2022/10/18 07:45:00,55.96,9.00,14.0,13,0,12,1,0,0,0,0,0,0,0,0
533967_01412_01414_1,139.9,1,2022/10/18 08:00:00,55.96,9.00,13.0,13,0,13,0,0,0,0,0,0,0,0,0
533967_01412_01414_1,139.9,1,2022/10/18 08:15:00,55.96,9.00,18.0,16,0,14,2,0,0,0,0,0,0,0,0
533967_01412_01414_1,139.9,1,2022/10/18 08:30:00,55.34,9.10,20.0,20,0,20,0,0,0,0,0,0,0,0,0
533967_01412_01414_1,139.9,1,2022/10/18 08:45:00,55.96,9.00,9.0,8,0,7,1,0,0,0,0,0,0,0,0
533967_01412_01414_1,139.9,1,2022/10/18 09:00:00,55.96,9.00,11.0,10,0,9,1,0,0,0,0,0,0,0,0
533967_01412_01414_1,139.9,1,2022/10/18 09:15:00,55.60,9.06,22.0,17,0,12,5,0,0,0,0,0,0,0,0
533967_01412_01414_1,139.9,1,2022/10/18 09:30:00,55.96,9.00,13.0,13,0,13,0,0,0,0,0,0,0,0,0
533967_01412_01414_1,139.9,1,2022/10/18 09:45:00,55.96,9.00,11.0,11,0,11,0,0,0,0,0,0,0,0,0
533967_01412_01414_1,139.9,1,2022/10/18 10:00:00,55.96,9.00,7.0,7,0,7,0,0,0,0,0,0,0,0,0
533967_01412_01414_1,139.9,1,2022/10/18 10:15:00,55.96,9.00,8.0,8,0,8,0,0,0,0,0,0,0,0,0
533967_01412_01414_1,139.9,1,2022/10/18 10:30:00,55.96,9.00,4.0,4,0,4,0,0,0,0,0,0,0,0,0
533967_01412_01414_1,139.9,1,2022/10/18 10:45:00,55.96,9.00,9.0,9,0,9,0,0,0,0,0,0,0,0,0
533967_01412_01414_1,139.9,1,2022/10/18 11:00:00,55.96,9.00,9.0,9,0,9,0,0,0,0,0,0,0,0,0
533967_01412_01414_1,139.9,1,2022/10/18 11:15:00,55.96,9.00,8.0,8,0,8,0,0,0,0,0,0,0,0,0
533967_01412_01414_1,139.9,1,2022/10/18 11:30:00,55.24,9.12,17.0,17,0,17,0,0,0,0,0,0,0,0,0
533967_01412_01414_1,139.9,1,2022/10/18 11:45:00,55.96,9.00,3.0,3,0,3,0,0,0,0,0,0,0,0,0
533967_01412_01414_1,139.9,1,2022/10/18 12:00:00,55.96,9.00,4.0,4,0,4,0,0,0,0,0,0,0,0,0
533967_01412_01414_1,139.9,1,2022/10/18 12:15:00,55.96,9.00,8.0,8,0,8,0,0,0,0,0,0,0,0,0
533967_01412_01414_1,139.9,1,2022/10/18 12:30:00,55.96,9.00,7.0,7,0,7,0,0,0,0,0,0,0,0,0
533967_01412_01414_1,139.9,1,2022/10/18 12:45:00,55.96,9.00,10.0,8,0,6,2,0,0,0,0,0,0,0,0
533967_01412_01414_1,139.9,1,2022/10/18 13:00:00,55.96,9.00,4.0,4,0,4,0,0,0,0,0,0,0,0,0
533967_01412_01414_1,139.9,1,2022/10/18 13:15:00,55.96,9.00,13.0,11,0,9,2,0,0,0,0,0,0,0,0
533967_01412_01414_1,139.9,1,2022/10/18 13:30:00,55.96,9.00,13.0,12,0,11,1,0,0,0,0,0,0,0,0
533967_01412_01414_1,139.9,1,2022/10/18 13:45:00,55.96,9.00,1.0,1,0,1,0,0,0,0,0,0,0,0,0
533967_01412_01414_1,139.9,1,2022/10/18 14:00:00,55.96,9.00,13.0,12,0,11,1,0,0,0,0,0,0,0,0
533967_01412_01414_1,139.9,1,2022/10/18 14:15:00,55.96,9.00,5.0,5,0,5,0,0,0,0,0,0,0,0,0
533967_01412_01414_1,139.9,1,2022/10/18 14:30:00,55.96,9.00,10.0,10,0,10,0,0,0,0,0,0,0,0,0
533967_01412_01414_1,139.9,1,2022/10/18 14:45:00,55.96,9.00,7.0,7,0,7,0,0,0,0,0,0,0,0,0
533967_01412_01414_1,139.9,1,2022/10/18 15:00:00,55.96,9.00,4.0,4,0,4,0,0,0,0,0,0,0,0,0
533967_01412_01414_1,139.9,1,2022/10/18 15:15:00,55.96,9.00,15.0,14,0,13,1,0,0,0,0,0,0,0,0
533967_01412_01414_1,139.9,1,2022/10/18 15:30:00,55.96,9.00,11.0,9,0,7,2,0,0,0,0,0,0,0,0
533967_01412_01414_1,139.9,1,2022/10/18 15:45:00,55.96,9.00,12.0,12,0,12,0,0,0,0,0,0,0,0,0
533967_01412_01414_1,139.9,1,2022/10/18 16:00:00,55.96,9.00,8.0,8,0,8,0,0,0,0,0,0,0,0,0
533967_01412_01414_1,139.9,1,2022/10/18 16:15:00,55.96,9.00,12.0,12,0,12,0,0,0,0,0,0,0,0,0
533967_01412_01414_1,139.9,1,2022/10/18 16:30:00,55.96,9.00,16.0,16,0,16,0,0,0,0,0,0,0,0,0
533967_01412_01414_1,139.9,1,2022/10/18 16:45:00,55.96,9.00,13.0,13,0,13,0,0,0,0,0,0,0,0,0
533967_01412_01414_1,139.9,1,2022/10/18 17:00:00,55.96,9.00,17.0,16,0,15,1,0,0,0,0,0,0,0,0
533967_01412_01414_1,139.9,1,2022/10/18 17:15:00,55.96,9.00,6.0,6,0,6,0,0,0,0,0,0,0,0,0
533967_01412_01414_1,139.9,1,2022/10/18 17:30:00,55.96,9.00,9.0,9,0,9,0,0,0,0,0,0,0,0,0
533967_01412_01414_1,139.9,1,2022/10/18 17:45:00,55.71,9.04,26.0,25,0,24,1,0,0,0,0,0,0,0,0
533967_01412_01414_1,139.9,1,2022/10/18 18:00:00,55.96,9.00,8.0,8,0,8,0,0,0,0,0,0,0,0,0
533967_01412_01414_1,139.9,1,2022/10/18 18:15:00,55.96,9.00,10.0,10,0,10,0,0,0,0,0,0,0,0,0
533967_01412_01414_1,139.9,1,2022/10/18 18:30:00,55.96,9.00,17.0,17,0,17,0,0,0,0,0,0,0,0,0
533967_01412_01414_1,139.9,1,2022/10/18 18:45:00,55.96,9.00,12.0,12,0,12,0,0,0,0,0,0,0,0,0
533967_01413_01414_0,75.7,1,2022/10/18 06:30:00,-1.00,-1.00,0.0,0,0,0,0,0,0,0,0,0,0,0,0
533967_01413_01414_0,75.7,1,2022/10/18 06:45:00,-1.00,-1.00,0.0,0,0,0,0,0,0,0,0,0,0,0,0
533967_01413_01414_0,75.7,1,2022/10/18 07:00:00,-1.00,-1.00,0.0,0,0,0,0,0,0,0,0,0,0,0,0
533967_01413_01414_0,75.7,1,2022/10/18 07:15:00,-1.00,-1.00,0.0,0,0,0,0,0,0,0,0,0,0,0,0
533967_01413_01414_0,75.7,1,2022/10/18 07:30:00,-1.00,-1.00,0.0,0,0,0,0,0,0,0,0,0,0,0,0
533967_01413_01414_0,75.7,1,2022/10/18 07:45:00,-1.00,-1.00,0.0,0,0,0,0,0,0,0,0,0,0,0,0
533967_01413_01414_0,75.7,1,2022/10/18 08:00:00,-1.00,-1.00,0.0,0,0,0,0,0,0,0,0,0,0,0,0
533967_01413_01414_0,75.7,1,2022/10/18 08:15:00,-1.00,-1.00,0.0,0,0,0,0,0,0,0,0,0,0,0,0
533967_01413_01414_0,75.7,1,2022/10/18 08:30:00,-1.00,-1.00,0.0,0,0,0,0,0,0,0,0,0,0,0,0
533967_01413_01414_0,75.7,1,2022/10/18 08:45:00,-1.00,-1.00,0.0,0,0,0,0,0,0,0,0,0,0,0,0
533967_01413_01414_0,75.7,1,2022/10/18 09:00:00,-1.00,-1.00,0.0,0,0,0,0,0,0,0,0,0,0,0,0
533967_01413_01414_0,75.7,1,2022/10/18 09:15:00,-1.00,-1.00,0.0,0,0,0,0,0,0,0,0,0,0,0,0
533967_01413_01414_0,75.7,1,2022/10/18 09:30:00,-1.00,-1.00,0.0,0,0,0,0,0,0,0,0,0,0,0,0
533967_01413_01414_0,75.7,1,2022/10/18 09:45:00,-1.00,-1.00,0.0,0,0,0,0,0,0,0,0,0,0,0,0
533967_01413_01414_0,75.7,1,2022/10/18 10:00:00,-1.00,-1.00,0.0,0,0,0,0,0,0,0,0,0,0,0,0
533967_01413_01414_0,75.7,1,2022/10/18 10:15:00,-1.00,-1.00,0.0,0,0,0,0,0,0,0,0,0,0,0,0
533967_01413_01414_0,75.7,1,2022/10/18 10:30:00,-1.00,-1.00,0.0,0,0,0,0,0,0,0,0,0,0,0,0
533967_01413_01414_0,75.7,1,2022/10/18 10:45:00,-1.00,-1.00,0.0,0,0,0,0,0,0,0,0,0,0,0,0
533967_01413_01414_0,75.7,1,2022/10/18 11:00:00,-1.00,-1.00,0.0,0,0,0,0,0,0,0,0,0,0,0,0
533967_01413_01414_0,75.7,1,2022/10/18 11:15:00,-1.00,-1.00,0.0,0,0,0,0,0,0,0,0,0,0,0,0
533967_01413_01414_0,75.7,1,2022/10/18 11:30:00,-1.00,-1.00,0.0,0,0,0,0,0,0,0,0,0,0,0,0
533967_01413_01414_0,75.7,1,2022/10/18 11:45:00,-1.00,-1.00,0.0,0,0,0,0,0,0,0,0,0,0,0,0
533967_01413_01414_0,75.7,1,2022/10/18 12:00:00,-1.00,-1.00,0.0,0,0,0,0,0,0,0,0,0,0,0,0
533967_01413_01414_0,75.7,1,2022/10/18 12:15:00,-1.00,-1.00,0.0,0,0,0,0,0,0,0,0,0,0,0,0
533967_01413_01414_0,75.7,1,2022/10/18 12:30:00,-1.00,-1.00,0.0,0,0,0,0,0,0,0,0,0,0,0,0
533967_01413_01414_0,75.7,1,2022/10/18 12:45:00,-1.00,-1.00,0.0,0,0,0,0,0,0,0,0,0,0,0,0
533967_01413_01414_0,75.7,1,2022/10/18 13:00:00,-1.00,-1.00,0.0,0,0,0,0,0,0,0,0,0,0,0,0
533967_01413_01414_0,75.7,1,2022/10/18 13:15:00,-1.00,-1.00,0.0,0,0,0,0,0,0,0,0,0,0,0,0
533967_01413_01414_0,75.7,1,2022/10/18 13:30:00,-1.00,-1.00,0.0,0,0,0,0,0,0,0,0,0,0,0,0
533967_01413_01414_0,75.7,1,2022/10/18 13:45:00,-1.00,-1.00,0.0,0,0,0,0,0,0,0,0,0,0,0,0
533967_01413_01414_0,75.7,1,2022/10/18 14:00:00,-1.00,-1.00,0.0,0,0,0,0,0,0,0,0,0,0,0,0
533967_01413_01414_0,75.7,1,2022/10/18 14:15:00,-1.00,-1.00,0.0,0,0,0,0,0,0,0,0,0,0,0,0
533967_01413_01414_0,75.7,1,2022/10/18 14:30:00,-1.00,-1.00,0.0,0,0,0,0,0,0,0,0,0,0,0,0
533967_01413_01414_0,75.7,1,2022/10/18 14:45:00,-1.00,-1.00,0.0,0,0,0,0,0,0,0,0,0,0,0,0
533967_01413_01414_0,75.7,1,2022/10/18 15:00:00,-1.00,-1.00,0.0,0,0,0,0,0,0,0,0,0,0,0,0
533967_01413_01414_0,75.7,1,2022/10/18 15:15:00,-1.00,-1.00,0.0,0,0,0,0,0,0,0,0,0,0,0,0
533967_01413_01414_0,75.7,1,2022/10/18 15:30:00,-1.00,-1.00,0.0,0,0,0,0,0,0,0,0,0,0,0,0
533967_01413_01414_0,75.7,1,2022/10/18 15:45:00,-1.00,-1.00,0.0,0,0,0,0,0,0,0,0,0,0,0,0
533967_01413_01414_0,75.7,1,2022/10/18 16:00:00,-1.00,-1.00,0.0,0,0,0,0,0,0,0,0,0,0,0,0
533967_01413_01414_0,75.7,1,2022/10/18 16:15:00,-1.00,-1.00,0.0,0,0,0,0,0,0,0,0,0,0,0,0
533967_01413_01414_0,75.7,1,2022/10/18 16:30:00,-1.00,-1.00,0.0,0,0,0,0,0,0,0,0,0,0,0,0
533967_01413_01414_0,75.7,1,2022/10/18 16:45:00,-1.00,-1.00,0.0,0,0,0,0,0,0,0,0,0,0,0,0
533967_01413_01414_0,75.7,1,2022/10/18 17:00:00,-1.00,-1.00,0.0,0,0,0,0,0,0,0,0,0,0,0,0
533967_01413_01414_0,75.7,1,2022/10/18 17:15:00,-1.00,-1.00,0.0,0,0,0,0,0,0,0,0,0,0,0,0
533967_01413_01414_0,75.7,1,2022/10/18 17:30:00,-1.00,-1.00,0.0,0,0,0,0,0,0,0,0,0,0,0,0
533967_01413_01414_0,75.7,1,2022/10/18 17:45:00,-1.00,-1.00,0.0,0,0,0,0,0,0,0,0,0,0,0,0
533967_01413_01414_0,75.7,1,2022/10/18 18:00:00,-1.00,-1.00,0.0,0,0,0,0,0,0,0,0,0,0,0,0
533967_01413_01414_0,75.7,1,2022/10/18 18:15:00,-1.00,-1.00,0.0,0,0,0,0,0,0,0,0,0,0,0,0
533967_01413_01414_0,75.7,1,2022/10/18 18:30:00,-1.00,-1.00,0.0,0,0,0,0,0,0,0,0,0,0,0,0
533967_01413_01414_0,75.7,1,2022/10/18 18:45:00,-1.00,-1.00,0.0,0,0,0,0,0,0,0,0,0,0,0,0
533967_01418_01419_0,31.5,1,2022/10/18 06:30:00,-1.00,-1.00,0.0,0,0,0,0,0,0,0,0,0,0,0,0
533967_01418_01419_0,31.5,1,2022/10/18 06:45:00,-1.00,-1.00,0.0,0,0,0,0,0,0,0,0,0,0,0,0
533967_01418_01419_0,31.5,1,2022/10/18 07:00:00,-1.00,-1.00,0.0,0,0,0,0,0,0,0,0,0,0,0,0
533967_01418_01419_0,31.5,1,2022/10/18 07:15:00,-1.00,-1.00,0.0,0,0,0,0,0,0,0,0,0,0,0,0
533967_01418_01419_0,31.5,1,2022/10/18 07:30:00,-1.00,-1.00,0.0,0,0,0,0,0,0,0,0,0,0,0,0
533967_01418_01419_0,31.5,1,2022/10/18 07:45:00,-1.00,-1.00,0.0,0,0,0,0,0,0,0,0,0,0,0,0
533967_01418_01419_0,31.5,1,2022/10/18 08:00:00,-1.00,-1.00,0.0,0,0,0,0,0,0,0,0,0,0,0,0
533967_01418_01419_0,31.5,1,2022/10/18 08:15:00,-1.00,-1.00,0.0,0,0,0,0,0,0,0,0,0,0,0,0
533967_01418_01419_0,31.5,1,2022/10/18 08:30:00,-1.00,-1.00,0.0,0,0,0,0,0,0,0,0,0,0,0,0
533967_01418_01419_0,31.5,1,2022/10/18 08:45:00,-1.00,-1.00,0.0,0,0,0,0,0,0,0,0,0,0,0,0
533967_01418_01419_0,31.5,1,2022/10/18 09:00:00,-1.00,-1.00,0.0,0,0,0,0,0,0,0,0,0,0,0,0
533967_01418_01419_0,31.5,1,2022/10/18 09:15:00,-1.00,-1.00,0.0,0,0,0,0,0,0,0,0,0,0,0,0
533967_01418_01419_0,31.5,1,2022/10/18 09:30:00,-1.00,-1.00,0.0,0,0,0,0,0,0,0,0,0,0,0,0
533967_01418_01419_0,31.5,1,2022/10/18 09:45:00,-1.00,-1.00,0.0,0,0,0,0,0,0,0,0,0,0,0,0
533967_01418_01419_0,31.5,1,2022/10/18 10:00:00,-1.00,-1.00,0.0,0,0,0,0,0,0,0,0,0,0,0,0
533967_01418_01419_0,31.5,1,2022/10/18 10:15:00,-1.00,-1.00,0.0,0,0,0,0,0,0,0,0,0,0,0,0
533967_01418_01419_0,31.5,1,2022/10/18 10:30:00,-1.00,-1.00,0.0,0,0,0,0,0,0,0,0,0,0,0,0
533967_01418_01419_0,31.5,1,2022/10/18 10:45:00,-1.00,-1.00,0.0,0,0,0,0,0,0,0,0,0,0,0,0
533967_01418_01419_0,31.5,1,2022/10/18 11:00:00,-1.00,-1.00,0.0,0,0,0,0,0,0,0,0,0,0,0,0
533967_01418_01419_0,31.5,1,2022/10/18 11:15:00,-1.00,-1.00,0.0,0,0,0,0,0,0,0,0,0,0,0,0
533967_01418_01419_0,31.5,1,2022/10/18 11:30:00,-1.00,-1.00,0.0,0,0,0,0,0,0,0,0,0,0,0,0
533967_01418_01419_0,31.5,1,2022/10/18 11:45:00,-1.00,-1.00,0.0,0,0,0,0,0,0,0,0,0,0,0,0
533967_01418_01419_0,31.5,1,2022/10/18 12:00:00,-1.00,-1.00,0.0,0,0,0,0,0,0,0,0,0,0,0,0
533967_01418_01419_0,31.5,1,2022/10/18 12:15:00,-1.00,-1.00,0.0,0,0,0,0,0,0,0,0,0,0,0,0
533967_01418_01419_0,31.5,1,2022/10/18 12:30:00,-1.00,-1.00,0.0,0,0,0,0,0,0,0,0,0,0,0,0
533967_01418_01419_0,31.5,1,2022/10/18 12:45:00,-1.00,-1.00,0.0,0,0,0,0,0,0,0,0,0,0,0,0
533967_01418_01419_0,31.5,1,2022/10/18 13:00:00,-1.00,-1.00,0.0,0,0,0,0,0,0,0,0,0,0,0,0
533967_01418_01419_0,31.5,1,2022/10/18 13:15:00,-1.00,-1.00,0.0,0,0,0,0,0,0,0,0,0,0,0,0
533967_01418_01419_0,31.5,1,2022/10/18 13:30:00,-1.00,-1.00,0.0,0,0,0,0,0,0,0,0,0,0,0,0
533967_01418_01419_0,31.5,1,2022/10/18 13:45:00,-1.00,-1.00,0.0,0,0,0,0,0,0,0,0,0,0,0,0
533967_01418_01419_0,31.5,1,2022/10/18 14:00:00,-1.00,-1.00,0.0,0,0,0,0,0,0,0,0,0,0,0,0
533967_01418_01419_0,31.5,1,2022/10/18 14:15:00,-1.00,-1.00,0.0,0,0,0,0,0,0,0,0,0,0,0,0
533967_01418_01419_0,31.5,1,2022/10/18 14:30:00,-1.00,-1.00,0.0,0,0,0,0,0,0,0,0,0,0,0,0
533967_01418_01419_0,31.5,1,2022/10/18 14:45:00,-1.00,-1.00,0.0,0,0,0,0,0,0,0,0,0,0,0,0
533967_01418_01419_0,31.5,1,2022/10/18 15:00:00,-1.00,-1.00,0.0,0,0,0,0,0,0,0,0,0,0,0,0
533967_01418_01419_0,31.5,1,2022/10/18 15:15:00,-1.00,-1.00,0.0,0,0,0,0,0,0,0,0,0,0,0,0
533967_01418_01419_0,31.5,1,2022/10/18 15:30:00,-1.00,-1.00,0.0,0,0,0,0,0,0,0,0,0,0,0,0
533967_01418_01419_0,31.5,1,2022/10/18 15:45:00,-1.00,-1.00,0.0,0,0,0,0,0,0,0,0,0,0,0,0
533967_01418_01419_0,31.5,1,2022/10/18 16:00:00,-1.00,-1.00,0.0,0,0,0,0,0,0,0,0,0,0,0,0
533967_01418_01419_0,31.5,1,2022/10/18 16:15:00,-1.00,-1.00,0.0,0,0,0,0,0,0,0,0,0,0,0,0
533967_01418_01419_0,31.5,1,2022/10/18 16:30:00,-1.00,-1.00,0.0,0,0,0,0,0,0,0,0,0,0,0,0
533967_01418_01419_0,31.5,1,2022/10/18 16:45:00,-1.00,-1.00,0.0,0,0,0,0,0,0,0,0,0,0,0,0
533967_01418_01419_0,31.5,1,2022/10/18 17:00:00,-1.00,-1.00,0.0,0,0,0,0,0,0,0,0,0,0,0,0
533967_01418_01419_0,31.5,1,2022/10/18 17:15:00,-1.00,-1.00,0.0,0,0,0,0,0,0,0,0,0,0,0,0
533967_01418_01419_0,31.5,1,2022/10/18 17:30:00,-1.00,-1.00,0.0,0,0,0,0,0,0,0,0,0,0,0,0
533967_01418_01419_0,31.5,1,2022/10/18 17:45:00,-1.00,-1.00,0.0,0,0,0,0,0,0,0,0,0,0,0,0
533967_01418_01419_0,31.5,1,2022/10/18 18:00:00,-1.00,-1.00,0.0,0,0,0,0,0,0,0,0,0,0,0,0
533967_01418_01419_0,31.5,1,2022/10/18 18:15:00,-1.00,-1.00,0.0,0,0,0,0,0,0,0,0,0,0,0,0
533967_01418_01419_0,31.5,1,2022/10/18 18:30:00,-1.00,-1.00,0.0,0,0,0,0,0,0,0,0,0,0,0,0
533967_01418_01419_0,31.5,1,2022/10/18 18:45:00,-1.00,-1.00,0.0,0,0,0,0,0,0,0,0,0,0,0,0
533967_01418_01419_1,33.7,1,2022/10/18 06:30:00,-1.00,-1.00,0.0,0,0,0,0,0,0,0,0,0,0,0,0
533967_01418_01419_1,33.7,1,2022/10/18 06:45:00,-1.00,-1.00,0.0,0,0,0,0,0,0,0,0,0,0,0,0
533967_01418_01419_1,33.7,1,2022/10/18 07:00:00,-1.00,-1.00,0.0,0,0,0,0,0,0,0,0,0,0,0,0
533967_01418_01419_1,33.7,1,2022/10/18 07:15:00,-1.00,-1.00,0.0,0,0,0,0,0,0,0,0,0,0,0,0
533967_01418_01419_1,33.7,1,2022/10/18 07:30:00,-1.00,-1.00,0.0,0,0,0,0,0,0,0,0,0,0,0,0
533967_01418_01419_1,33.7,1,2022/10/18 07:45:00,-1.00,-1.00,0.0,0,0,0,0,0,0,0,0,0,0,0,0
533967_01418_01419_1,33.7,1,2022/10/18 08:00:00,-1.00,-1.00,0.0,0,0,0,0,0,0,0,0,0,0,0,0
533967_01418_01419_1,33.7,1,2022/10/18 08:15:00,-1.00,-1.00,0.0,0,0,0,0,0,0,0,0,0,0,0,0
533967_01418_01419_1,33.7,1,2022/10/18 08:30:00,-1.00,-1.00,0.0,0,0,0,0,0,0,0,0,0,0,0,0
533967_01418_01419_1,33.7,1,2022/10/18 08:45:00,-1.00,-1.00,0.0,0,0,0,0,0,0,0,0,0,0,0,0
533967_01418_01419_1,33.7,1,2022/10/18 09:00:00,-1.00,-1.00,0.0,0,0,0,0,0,0,0,0,0,0,0,0
533967_01418_01419_1,33.7,1,2022/10/18 09:15:00,-1.00,-1.00,0.0,0,0,0,0,0,0,0,0,0,0,0,0
533967_01418_01419_1,33.7,1,2022/10/18 09:30:00,-1.00,-1.00,0.0,0,0,0,0,0,0,0,0,0,0,0,0
533967_01418_01419_1,33.7,1,2022/10/18 09:45:00,-1.00,-1.00,0.0,0,0,0,0,0,0,0,0,0,0,0,0
533967_01418_01419_1,33.7,1,2022/10/18 10:00:00,-1.00,-1.00,0.0,0,0,0,0,0,0,0,0,0,0,0,0
533967_01418_01419_1,33.7,1,2022/10/18 10:15:00,-1.00,-1.00,0.0,0,0,0,0,0,0,0,0,0,0,0,0
533967_01418_01419_1,33.7,1,2022/10/18 10:30:00,-1.00,-1.00,0.0,0,0,0,0,0,0,0,0,0,0,0,0
533967_01418_01419_1,33.7,1,2022/10/18 10:45:00,-1.00,-1.00,0.0,0,0,0,0,0,0,0,0,0,0,0,0
533967_01418_01419_1,33.7,1,2022/10/18 11:00:00,-1.00,-1.00,0.0,0,0,0,0,0,0,0,0,0,0,0,0
533967_01418_01419_1,33.7,1,2022/10/18 11:15:00,-1.00,-1.00,0.0,0,0,0,0,0,0,0,0,0,0,0,0
533967_01418_01419_1,33.7,1,2022/10/18 11:30:00,-1.00,-1.00,0.0,0,0,0,0,0,0,0,0,0,0,0,0
533967_01418_01419_1,33.7,1,2022/10/18 11:45:00,-1.00,-1.00,0.0,0,0,0,0,0,0,0,0,0,0,0,0
533967_01418_01419_1,33.7,1,2022/10/18 12:00:00,-1.00,-1.00,0.0,0,0,0,0,0,0,0,0,0,0,0,0
533967_01418_01419_1,33.7,1,2022/10/18 12:15:00,-1.00,-1.00,0.0,0,0,0,0,0,0,0,0,0,0,0,0
533967_01418_01419_1,33.7,1,2022/10/18 12:30:00,-1.00,-1.00,0.0,0,0,0,0,0,0,0,0,0,0,0,0
533967_01418_01419_1,33.7,1,2022/10/18 12:45:00,-1.00,-1.00,0.0,0,0,0,0,0,0,0,0,0,0,0,0
533967_01418_01419_1,33.7,1,2022/10/18 13:00:00,-1.00,-1.00,0.0,0,0,0,0,0,0,0,0,0,0,0,0
533967_01418_01419_1,33.7,1,2022/10/18 13:15:00,-1.00,-1.00,0.0,0,0,0,0,0,0,0,0,0,0,0,0
533967_01418_01419_1,33.7,1,2022/10/18 13:30:00,-1.00,-1.00,0.0,0,0,0,0,0,0,0,0,0,0,0,0
533967_01418_01419_1,33.7,1,2022/10/18 13:45:00,-1.00,-1.00,0.0,0,0,0,0,0,0,0,0,0,0,0,0
533967_01418_01419_1,33.7,1,2022/10/18 14:00:00,-1.00,-1.00,0.0,0,0,0,0,0,0,0,0,0,0,0,0
533967_01418_01419_1,33.7,1,2022/10/18 14:15:00,-1.00,-1.00,0.0,0,0,0,0,0,0,0,0,0,0,0,0
533967_01418_01419_1,33.7,1,2022/10/18 14:30:00,-1.00,-1.00,0.0,0,0,0,0,0,0,0,0,0,0,0,0
533967_01418_01419_1,33.7,1,2022/10/18 14:45:00,-1.00,-1.00,0.0,0,0,0,0,0,0,0,0,0,0,0,0
533967_01418_01419_1,33.7,1,2022/10/18 15:00:00,-1.00,-1.00,0.0,0,0,0,0,0,0,0,0,0,0,0,0
533967_01418_01419_1,33.7,1,2022/10/18 15:15:00,-1.00,-1.00,0.0,0,0,0,0,0,0,0,0,0,0,0,0
533967_01418_01419_1,33.7,1,2022/10/18 15:30:00,-1.00,-1.00,0.0,0,0,0,0,0,0,0,0,0,0,0,0
533967_01418_01419_1,33.7,1,2022/10/18 15:45:00,-1.00,-1.00,0.0,0,0,0,0,0,0,0,0,0,0,0,0
533967_01418_01419_1,33.7,1,2022/10/18 16:00:00,-1.00,-1.00,0.0,0,0,0,0,0,0,0,0,0,0,0,0
533967_01418_01419_1,33.7,1,2022/10/18 16:15:00,-1.00,-1.00,0.0,0,0,0,0,0,0,0,0,0,0,0,0
533967_01418_01419_1,33.7,1,2022/10/18 16:30:00,-1.00,-1.00,0.0,0,0,0,0,0,0,0,0,0,0,0,0
533967_01418_01419_1,33.7,1,2022/10/18 16:45:00,-1.00,-1.00,0.0,0,0,0,0,0,0,0,0,0,0,0,0
533967_01418_01419_1,33.7,1,2022/10/18 17:00:00,-1.00,-1.00,0.0,0,0,0,0,0,0,0,0,0,0,0,0
533967_01418_01419_1,33.7,1,2022/10/18 17:15:00,-1.00,-1.00,0.0,0,0,0,0,0,0,0,0,0,0,0,0
533967_01418_01419_1,33.7,1,2022/10/18 17:30:00,-1.00,-1.00,0.0,0,0,0,0,0,0,0,0,0,0,0,0
533967_01418_01419_1,33.7,1,2022/10/18 17:45:00,-1.00,-1.00,0.0,0,0,0,0,0,0,0,0,0,0,0,0
533967_01418_01419_1,33.7,1,2022/10/18 18:00:00,-1.00,-1.00,0.0,0,0,0,0,0,0,0,0,0,0,0,0
533967_01418_01419_1,33.7,1,2022/10/18 18:15:00,-1.00,-1.00,0.0,0,0,0,0,0,0,0,0,0,0,0,0
533967_01418_01419_1,33.7,1,2022/10/18 18:30:00,-1.00,-1.00,0.0,0,0,0,0,0,0,0,0,0,0,0,0
533967_01418_01419_1,33.7,1,2022/10/18 18:45:00,-1.00,-1.00,0.0,0,0,0,0,0,0,0,0,0,0,0,0
533967_01418_01420_1,131.3,2,2022/10/18 06:30:00,44.53,10.62,41.0,39,0,37,2,0,0,0,0,0,0,0,0
533967_01418_01420_1,131.3,2,2022/10/18 06:45:00,43.04,10.98,62.0,62,0,62,0,0,0,0,0,0,0,0,0
533967_01418_01420_1,131.3,2,2022/10/18 07:00:00,43.30,10.92,74.0,73,0,72,1,0,0,0,0,0,0,0,0
533967_01418_01420_1,131.3,2,2022/10/18 07:15:00,39.35,12.01,83.0,78,0,73,5,0,0,0,0,0,0,0,0
533967_01418_01420_1,131.3,2,2022/10/18 07:30:00,42.61,11.10,87.0,84,0,81,3,0,0,0,0,0,0,0,0
533967_01418_01420_1,131.3,2,2022/10/18 07:45:00,40.23,11.75,102.0,100,0,98,0,2,0,0,0,0,0,0,0
533967_01418_01420_1,131.3,2,2022/10/18 08:00:00,45.24,10.45,92.0,89,0,86,3,0,0,0,0,0,0,0,0
533967_01418_01420_1,131.3,2,2022/10/18 08:15:00,37.72,12.53,111.0,105,0,99,6,0,0,0,0,0,0,0,0
533967_01418_01420_1,131.3,2,2022/10/18 08:30:00,42.29,11.18,87.0,84,0,81,3,0,0,0,0,0,0,0,0
533967_01418_01420_1,131.3,2,2022/10/18 08:45:00,40.29,11.73,83.0,82,0,81,1,0,0,0,0,0,0,0,0
533967_01418_01420_1,131.3,2,2022/10/18 09:00:00,32.95,14.35,79.0,69,0,59,10,0,0,0,0,0,0,0,0
533967_01418_01420_1,131.3,2,2022/10/18 09:15:00,39.86,11.86,47.0,43,0,39,4,0,0,0,0,0,0,0,0
533967_01418_01420_1,131.3,2,2022/10/18 09:30:00,41.16,11.49,77.0,72,0,67,5,0,0,0,0,0,0,0,0
533967_01418_01420_1,131.3,2,2022/10/18 09:45:00,35.04,13.49,56.0,51,0,46,5,0,0,0,0,0,0,0,0
533967_01418_01420_1,131.3,2,2022/10/18 10:00:00,39.03,12.11,75.0,71,0,67,4,0,0,0,0,0,0,0,0
533967_01418_01420_1,131.3,2,2022/10/18 10:15:00,33.97,13.92,51.0,48,0,45,3,0,0,0,0,0,0,0,0
533967_01418_01420_1,131.3,2,2022/10/18 10:30:00,22.26,21.24,46.0,46,0,46,0,0,0,0,0,0,0,0,0
533967_01418_01420_1,131.3,2,2022/10/18 10:45:00,39.51,11.96,55.0,55,0,55,0,0,0,0,0,0,0,0,0
533967_01418_01420_1,131.3,2,2022/10/18 11:00:00,14.03,33.70,89.0,77,0,65,12,0,0,0,0,0,0,0,0
533967_01418_01420_1,131.3,2,2022/10/18 11:15:00,12.38,38.18,61.0,60,0,59,1,0,0,0,0,0,0,0,0
533967_01418_01420_1,131.3,2,2022/10/18 11:30:00,13.76,34.34,80.0,70,0,60,10,0,0,0,0,0,0,0,0
533967_01418_01420_1,131.3,2,2022/10/18 11:45:00,14.10,33.53,47.0,45,0,43,2,0,0,0,0,0,0,0,0
533967_01418_01420_1,131.3,2,2022/10/18 12:00:00,16.72,28.27,73.0,66,0,59,7,0,0,0,0,0,0,0,0
533967_01418_01420_1,131.3,2,2022/10/18 12:15:00,29.30,16.14,59.0,59,0,59,0,0,0,0,0,0,0,0,0
533967_01418_01420_1,131.3,2,2022/10/18 12:30:00,18.10,26.12,49.0,49,0,49,0,0,0,0,0,0,0,0,0
533967_01418_01420_1,131.3,2,2022/10/18 12:45:00,28.10,16.82,72.0,68,0,64,4,0,0,0,0,0,0,0,0
533967_01418_01420_1,131.3,2,2022/10/18 13:00:00,33.84,13.97,69.0,69,0,69,0,0,0,0,0,0,0,0,0
533967_01418_01420_1,131.3,2,2022/10/18 13:15:00,37.38,12.65,62.0,62,0,62,0,0,0,0,0,0,0,0,0
533967_01418_01420_1,131.3,2,2022/10/18 13:30:00,14.20,33.30,47.0,47,0,47,0,0,0,0,0,0,0,0,0
533967_01418_01420_1,131.3,2,2022/10/18 13:45:00,9.77,48.39,69.0,64,0,59,5,0,0,0,0,0,0,0,0
533967_01418_01420_1,131.3,2,2022/10/18 14:00:00,10.17,46.50,53.0,48,0,43,5,0,0,0,0,0,0,0,0
533967_01418_01420_1,131.3,2,2022/10/18 14:15:00,10.32,45.80,51.0,51,0,51,0,0,0,0,0,0,0,0,0
533967_01418_01420_1,131.3,2,2022/10/18 14:30:00,18.74,25.22,45.0,45,0,45,0,0,0,0,0,0,0,0,0
533967_01418_01420_1,131.3,2,2022/10/18 14:45:00,37.71,12.53,58.0,58,0,58,0,0,0,0,0,0,0,0,0
533967_01418_01420_1,131.3,2,2022/10/18 15:00:00,33.32,14.19,63.0,59,0,55,4,0,0,0,0,0,0,0,0
533967_01418_01420_1,131.3,2,2022/10/18 15:15:00,20.40,23.17,48.0,47,0,46,1,0,0,0,0,0,0,0,0
533967_01418_01420_1,131.3,2,2022/10/18 15:30:00,16.30,29.00,60.0,57,0,54,3,0,0,0,0,0,0,0,0
533967_01418_01420_1,131.3,2,2022/10/18 15:45:00,31.01,15.24,75.0,74,0,73,1,0,0,0,0,0,0,0,0
533967_01418_01420_1,131.3,2,2022/10/18 16:00:00,10.73,44.07,81.0,75,0,69,6,0,0,0,0,0,0,0,0
533967_01418_01420_1,131.3,2,2022/10/18 16:15:00,11.13,42.47,59.0,58,0,57,1,0,0,0,0,0,0,0,0
533967_01418_01420_1,131.3,2,2022/10/18 16:30:00,10.40,45.47,63.0,60,0,57,3,0,0,0,0,0,0,0,0
533967_01418_01420_1,131.3,2,2022/10/18 16:45:00,10.87,43.50,61.0,56,0,51,5,0,0,0,0,0,0,0,0
533967_01418_01420_1,131.3,2,2022/10/18 17:00:00,11.31,41.81,66.0,62,0,58,4,0,0,0,0,0,0,0,0
533967_01418_01420_1,131.3,2,2022/10/18 17:15:00,11.17,42.31,61.0,61,0,61,0,0,0,0,0,0,0,0,0
533967_01418_01420_1,131.3,2,2022/10/18 17:30:00,10.89,43.42,80.0,80,0,80,0,0,0,0,0,0,0,0,0
533967_01418_01420_1,131.3,2,2022/10/18 17:45:00,11.43,41.37,38.0,38,0,38,0,0,0,0,0,0,0,0,0
533967_01418_01420_1,131.3,2,2022/10/18 18:00:00,10.61,44.57,85.0,84,0,83,1,0,0,0,0,0,0,0,0
533967_01418_01420_1,131.3,2,2022/10/18 18:15:00,11.51,41.07,46.0,46,0,46,0,0,0,0,0,0,0,0,0
533967_01418_01420_1,131.3,2,2022/10/18 18:30:00,10.79,43.81,65.0,63,0,61,2,0,0,0,0,0,0,0,0
533967_01418_01420_1,131.3,2,2022/10/18 18:45:00,12.54,37.69,35.0,35,0,35,0,0,0,0,0,0,0,0,0
533967_01418_01421_0,125.5,1,2022/10/18 06:30:00,20.09,22.50,3.0,2,0,1,1,0,0,0,0,0,0,0,0
533967_01418_01421_0,125.5,1,2022/10/18 06:45:00,20.09,22.50,14.0,14,0,14,0,0,0,0,0,0,0,0,0
533967_01418_01421_0,125.5,1,2022/10/18 07:00:00,19.79,22.83,18.0,18,0,18,0,0,0,0,0,0,0,0,0
533967_01418_01421_0,125.5,1,2022/10/18 07:15:00,19.47,23.21,31.0,29,0,27,2,0,0,0,0,0,0,0,0
533967_01418_01421_0,125.5,1,2022/10/18 07:30:00,18.60,24.30,31.0,30,0,29,1,0,0,0,0,0,0,0,0
533967_01418_01421_0,125.5,1,2022/10/18 07:45:00,19.83,22.79,19.0,19,0,19,0,0,0,0,0,0,0,0,0
533967_01418_01421_0,125.5,1,2022/10/18 08:00:00,20.05,22.54,13.0,13,0,13,0,0,0,0,0,0,0,0,0
533967_01418_01421_0,125.5,1,2022/10/18 08:15:00,18.08,25.00,25.0,25,0,25,0,0,0,0,0,0,0,0,0
533967_01418_01421_0,125.5,1,2022/10/18 08:30:00,18.79,24.06,20.0,18,0,16,2,0,0,0,0,0,0,0,0
533967_01418_01421_0,125.5,1,2022/10/18 08:45:00,17.61,25.67,16.0,15,0,14,1,0,0,0,0,0,0,0,0
533967_01418_01421_0,125.5,1,2022/10/18 09:00:00,19.85,22.77,25.0,22,0,19,3,0,0,0,0,0,0,0,0
533967_01418_01421_0,125.5,1,2022/10/18 09:15:00,19.94,22.67,10.0,9,0,8,1,0,0,0,0,0,0,0,0
533967_01418_01421_0,125.5,1,2022/10/18 09:30:00,19.16,23.58,26.0,24,0,22,2,0,0,0,0,0,0,0,0
533967_01418_01421_0,125.5,1,2022/10/18 09:45:00,14.02,32.24,17.0,17,0,17,0,0,0,0,0,0,0,0,0
533967_01418_01421_0,125.5,1,2022/10/18 10:00:00,2.66,169.79,29.0,28,0,27,1,0,0,0,0,0,0,0,0
533967_01418_01421_0,125.5,1,2022/10/18 10:15:00,5.28,85.55,22.0,22,0,22,0,0,0,0,0,0,0,0,0
533967_01418_01421_0,125.5,1,2022/10/18 10:30:00,19.95,22.65,26.0,26,0,26,0,0,0,0,0,0,0,0,0
533967_01418_01421_0,125.5,1,2022/10/18 10:45:00,18.78,24.06,31.0,31,0,31,0,0,0,0,0,0,0,0,0
533967_01418_01421_0,125.5,1,2022/10/18 11:00:00,14.23,31.75,28.0,24,0,20,4,0,0,0,0,0,0,0,0
533967_01418_01421_0,125.5,1,2022/10/18 11:15:00,16.33,27.68,34.0,34,0,34,0,0,0,0,0,0,0,0,0
533967_01418_01421_0,125.5,1,2022/10/18 11:30:00,20.02,22.57,21.0,21,0,21,0,0,0,0,0,0,0,0,0
533967_01418_01421_0,125.5,1,2022/10/18 11:45:00,18.89,23.92,26.0,26,0,26,0,0,0,0,0,0,0,0,0
533967_01418_01421_0,125.5,1,2022/10/18 12:00:00,18.50,24.43,34.0,30,0,26,4,0,0,0,0,0,0,0,0
533967_01418_01421_0,125.5,1,2022/10/18 12:15:00,19.58,23.08,25.0,25,0,25,0,0,0,0,0,0,0,0,0
533967_01418_01421_0,125.5,1,2022/10/18 12:30:00,19.65,23.00,17.0,17,0,17,0,0,0,0,0,0,0,0,0
533967_01418_01421_0,125.5,1,2022/10/18 12:45:00,19.21,23.52,27.0,25,0,23,2,0,0,0,0,0,0,0,0
533967_01418_01421_0,125.5,1,2022/10/18 13:00:00,19.14,23.61,33.0,33,0,33,0,0,0,0,0,0,0,0,0
533967_01418_01421_0,125.5,1,2022/10/18 13:15:00,19.08,23.69,32.0,32,0,32,0,0,0,0,0,0,0,0,0
533967_01418_01421_0,125.5,1,2022/10/18 13:30:00,19.30,23.42,24.0,24,0,24,0,0,0,0,0,0,0,0,0
533967_01418_01421_0,125.5,1,2022/10/18 13:45:00,19.99,22.61,23.0,23,0,23,0,0,0,0,0,0,0,0,0
533967_01418_01421_0,125.5,1,2022/10/18 14:00:00,19.83,22.79,24.0,24,0,24,0,0,0,0,0,0,0,0,0
533967_01418_01421_0,125.5,1,2022/10/18 14:15:00,19.65,23.00,28.0,28,0,28,0,0,0,0,0,0,0,0,0
533967_01418_01421_0,125.5,1,2022/10/18 14:30:00,19.69,22.95,21.0,21,0,21,0,0,0,0,0,0,0,0,0
533967_01418_01421_0,125.5,1,2022/10/18 14:45:00,19.72,22.92,25.0,25,0,25,0,0,0,0,0,0,0,0,0
533967_01418_01421_0,125.5,1,2022/10/18 15:00:00,17.79,25.40,30.0,30,0,30,0,0,0,0,0,0,0,0,0
533967_01418_01421_0,125.5,1,2022/10/18 15:15:00,18.22,24.80,25.0,25,0,25,0,0,0,0,0,0,0,0,0
533967_01418_01421_0,125.5,1,2022/10/18 15:30:00,19.51,23.17,25.0,24,0,23,1,0,0,0,0,0,0,0,0
533967_01418_01421_0,125.5,1,2022/10/18 15:45:00,19.08,23.68,19.0,19,0,19,0,0,0,0,0,0,0,0,0
533967_01418_01421_0,125.5,1,2022/10/18 16:00:00,19.50,23.17,25.0,23,0,21,2,0,0,0,0,0,0,0,0
533967_01418_01421_0,125.5,1,2022/10/18 16:15:00,19.71,22.92,26.0,26,0,26,0,0,0,0,0,0,0,0,0
533967_01418_01421_0,125.5,1,2022/10/18 16:30:00,20.02,22.58,19.0,19,0,19,0,0,0,0,0,0,0,0,0
533967_01418_01421_0,125.5,1,2022/10/18 16:45:00,16.56,27.29,39.0,38,0,37,1,0,0,0,0,0,0,0,0
533967_01418_01421_0,125.5,1,2022/10/18 17:00:00,18.67,24.20,26.0,25,0,24,1,0,0,0,0,0,0,0,0
533967_01418_01421_0,125.5,1,2022/10/18 17:15:00,19.47,23.21,25.0,24,0,23,1,0,0,0,0,0,0,0,0
533967_01418_01421_0,125.5,1,2022/10/18 17:30:00,18.37,24.60,15.0,15,0,15,0,0,0,0,0,0,0,0,0
533967_01418_01421_0,125.5,1,2022/10/18 17:45:00,19.19,23.56,18.0,18,0,18,0,0,0,0,0,0,0,0,0
533967_01418_01421_0,125.5,1,2022/10/18 18:00:00,18.83,24.00,33.0,33,0,33,0,0,0,0,0,0,0,0,0
533967_01418_01421_0,125.5,1,2022/10/18 18:15:00,15.19,29.75,8.0,8,0,8,0,0,0,0,0,0,0,0,0
533967_01418_01421_0,125.5,1,2022/10/18 18:30:00,15.94,28.35,25.0,23,0,21,2,0,0,0,0,0,0,0,0
533967_01418_01421_0,125.5,1,2022/10/18 18:45:00,14.20,31.83,12.0,12,0,12,0,0,0,0,0,0,0,0,0
533967_01418_01421_1,129.3,1,2022/10/18 06:30:00,-1.00,-1.00,0.0,0,0,0,0,0,0,0,0,0,0,0,0
533967_01418_01421_1,129.3,1,2022/10/18 06:45:00,-1.00,-1.00,0.0,0,0,0,0,0,0,0,0,0,0,0,0
533967_01418_01421_1,129.3,1,2022/10/18 07:00:00,-1.00,-1.00,0.0,0,0,0,0,0,0,0,0,0,0,0,0
533967_01418_01421_1,129.3,1,2022/10/18 07:15:00,-1.00,-1.00,0.0,0,0,0,0,0,0,0,0,0,0,0,0
533967_01418_01421_1,129.3,1,2022/10/18 07:30:00,-1.00,-1.00,0.0,0,0,0,0,0,0,0,0,0,0,0,0
533967_01418_01421_1,129.3,1,2022/10/18 07:45:00,-1.00,-1.00,0.0,0,0,0,0,0,0,0,0,0,0,0,0
533967_01418_01421_1,129.3,1,2022/10/18 08:00:00,-1.00,-1.00,0.0,0,0,0,0,0,0,0,0,0,0,0,0
533967_01418_01421_1,129.3,1,2022/10/18 08:15:00,-1.00,-1.00,0.0,0,0,0,0,0,0,0,0,0,0,0,0
533967_01418_01421_1,129.3,1,2022/10/18 08:30:00,-1.00,-1.00,0.0,0,0,0,0,0,0,0,0,0,0,0,0
533967_01418_01421_1,129.3,1,2022/10/18 08:45:00,-1.00,-1.00,0.0,0,0,0,0,0,0,0,0,0,0,0,0
533967_01418_01421_1,129.3,1,2022/10/18 09:00:00,-1.00,-1.00,0.0,0,0,0,0,0,0,0,0,0,0,0,0
533967_01418_01421_1,129.3,1,2022/10/18 09:15:00,-1.00,-1.00,0.0,0,0,0,0,0,0,0,0,0,0,0,0
533967_01418_01421_1,129.3,1,2022/10/18 09:30:00,-1.00,-1.00,0.0,0,0,0,0,0,0,0,0,0,0,0,0
533967_01418_01421_1,129.3,1,2022/10/18 09:45:00,-1.00,-1.00,0.0,0,0,0,0,0,0,0,0,0,0,0,0
533967_01418_01421_1,129.3,1,2022/10/18 10:00:00,-1.00,-1.00,0.0,0,0,0,0,0,0,0,0,0,0,0,0
533967_01418_01421_1,129.3,1,2022/10/18 10:15:00,-1.00,-1.00,0.0,0,0,0,0,0,0,0,0,0,0,0,0
533967_01418_01421_1,129.3,1,2022/10/18 10:30:00,-1.00,-1.00,0.0,0,0,0,0,0,0,0,0,0,0,0,0
533967_01418_01421_1,129.3,1,2022/10/18 10:45:00,-1.00,-1.00,0.0,0,0,0,0,0,0,0,0,0,0,0,0
533967_01418_01421_1,129.3,1,2022/10/18 11:00:00,-1.00,-1.00,0.0,0,0,0,0,0,0,0,0,0,0,0,0
533967_01418_01421_1,129.3,1,2022/10/18 11:15:00,-1.00,-1.00,0.0,0,0,0,0,0,0,0,0,0,0,0,0
533967_01418_01421_1,129.3,1,2022/10/18 11:30:00,-1.00,-1.00,0.0,0,0,0,0,0,0,0,0,0,0,0,0
533967_01418_01421_1,129.3,1,2022/10/18 11:45:00,-1.00,-1.00,0.0,0,0,0,0,0,0,0,0,0,0,0,0
533967_01418_01421_1,129.3,1,2022/10/18 12:00:00,-1.00,-1.00,0.0,0,0,0,0,0,0,0,0,0,0,0,0
533967_01418_01421_1,129.3,1,2022/10/18 12:15:00,-1.00,-1.00,0.0,0,0,0,0,0,0,0,0,0,0,0,0
533967_01418_01421_1,129.3,1,2022/10/18 12:30:00,-1.00,-1.00,0.0,0,0,0,0,0,0,0,0,0,0,0,0
533967_01418_01421_1,129.3,1,2022/10/18 12:45:00,-1.00,-1.00,0.0,0,0,0,0,0,0,0,0,0,0,0,0
533967_01418_01421_1,129.3,1,2022/10/18 13:00:00,-1.00,-1.00,0.0,0,0,0,0,0,0,0,0,0,0,0,0
533967_01418_01421_1,129.3,1,2022/10/18 13:15:00,-1.00,-1.00,0.0,0,0,0,0,0,0,0,0,0,0,0,0
533967_01418_01421_1,129.3,1,2022/10/18 13:30:00,-1.00,-1.00,0.0,0,0,0,0,0,0,0,0,0,0,0,0
533967_01418_01421_1,129.3,1,2022/10/18 13:45:00,-1.00,-1.00,0.0,0,0,0,0,0,0,0,0,0,0,0,0
533967_01418_01421_1,129.3,1,2022/10/18 14:00:00,-1.00,-1.00,0.0,0,0,0,0,0,0,0,0,0,0,0,0
533967_01418_01421_1,129.3,1,2022/10/18 14:15:00,-1.00,-1.00,0.0,0,0,0,0,0,0,0,0,0,0,0,0
533967_01418_01421_1,129.3,1,2022/10/18 14:30:00,-1.00,-1.00,0.0,0,0,0,0,0,0,0,0,0,0,0,0
533967_01418_01421_1,129.3,1,2022/10/18 14:45:00,-1.00,-1.00,0.0,0,0,0,0,0,0,0,0,0,0,0,0
533967_01418_01421_1,129.3,1,2022/10/18 15:00:00,-1.00,-1.00,0.0,0,0,0,0,0,0,0,0,0,0,0,0
533967_01418_01421_1,129.3,1,2022/10/18 15:15:00,-1.00,-1.00,0.0,0,0,0,0,0,0,0,0,0,0,0,0
533967_01418_01421_1,129.3,1,2022/10/18 15:30:00,-1.00,-1.00,0.0,0,0,0,0,0,0,0,0,0,0,0,0
533967_01418_01421_1,129.3,1,2022/10/18 15:45:00,-1.00,-1.00,0.0,0,0,0,0,0,0,0,0,0,0,0,0
533967_01418_01421_1,129.3,1,2022/10/18 16:00:00,-1.00,-1.00,0.0,0,0,0,0,0,0,0,0,0,0,0,0
533967_01418_01421_1,129.3,1,2022/10/18 16:15:00,-1.00,-1.00,0.0,0,0,0,0,0,0,0,0,0,0,0,0
533967_01418_01421_1,129.3,1,2022/10/18 16:30:00,-1.00,-1.00,0.0,0,0,0,0,0,0,0,0,0,0,0,0
533967_01418_01421_1,129.3,1,2022/10/18 16:45:00,-1.00,-1.00,0.0,0,0,0,0,0,0,0,0,0,0,0,0
533967_01418_01421_1,129.3,1,2022/10/18 17:00:00,-1.00,-1.00,0.0,0,0,0,0,0,0,0,0,0,0,0,0
533967_01418_01421_1,129.3,1,2022/10/18 17:15:00,-1.00,-1.00,0.0,0,0,0,0,0,0,0,0,0,0,0,0
533967_01418_01421_1,129.3,1,2022/10/18 17:30:00,-1.00,-1.00,0.0,0,0,0,0,0,0,0,0,0,0,0,0
533967_01418_01421_1,129.3,1,2022/10/18 17:45:00,-1.00,-1.00,0.0,0,0,0,0,0,0,0,0,0,0,0,0
533967_01418_01421_1,129.3,1,2022/10/18 18:00:00,-1.00,-1.00,0.0,0,0,0,0,0,0,0,0,0,0,0,0
533967_01418_01421_1,129.3,1,2022/10/18 18:15:00,-1.00,-1.00,0.0,0,0,0,0,0,0,0,0,0,0,0,0
533967_01418_01421_1,129.3,1,2022/10/18 18:30:00,-1.00,-1.00,0.0,0,0,0,0,0,0,0,0,0,0,0,0
533967_01418_01421_1,129.3,1,2022/10/18 18:45:00,-1.00,-1.00,0.0,0,0,0,0,0,0,0,0,0,0,0,0
533967_01419_01420_0,133.5,2,2022/10/18 06:30:00,11.86,40.50,16.0,14,0,12,2,0,0,0,0,0,0,0,0
533967_01419_01420_0,133.5,2,2022/10/18 06:45:00,11.97,40.14,29.0,29,0,29,0,0,0,0,0,0,0,0,0
533967_01419_01420_0,133.5,2,2022/10/18 07:00:00,9.33,51.48,31.0,31,0,31,0,0,0,0,0,0,0,0,0
533967_01419_01420_0,133.5,2,2022/10/18 07:15:00,11.19,42.94,20.0,18,0,16,0,2,0,0,0,0,0,0,0
533967_01419_01420_0,133.5,2,2022/10/18 07:30:00,9.74,49.35,36.0,34,0,32,0,2,0,0,0,0,0,0,0
533967_01419_01420_0,133.5,2,2022/10/18 07:45:00,10.82,44.41,75.0,73,0,71,0,2,0,0,0,0,0,0,0
533967_01419_01420_0,133.5,2,2022/10/18 08:00:00,9.28,51.78,42.0,36,0,30,0,6,0,0,0,0,0,0,0
533967_01419_01420_0,133.5,2,2022/10/18 08:15:00,9.47,50.76,49.0,45,0,41,0,4,0,0,0,0,0,0,0
533967_01419_01420_0,133.5,2,2022/10/18 08:30:00,9.79,49.07,62.0,55,0,48,5,2,0,0,0,0,0,0,0
533967_01419_01420_0,133.5,2,2022/10/18 08:45:00,10.29,46.71,60.0,55,0,50,5,0,0,0,0,0,0,0,0
533967_01419_01420_0,133.5,2,2022/10/18 09:00:00,9.85,48.77,51.0,48,0,45,3,0,0,0,0,0,0,0,0
533967_01419_01420_0,133.5,2,2022/10/18 09:15:00,9.22,52.13,49.0,47,0,45,2,0,0,0,0,0,0,0,0
533967_01419_01420_0,133.5,2,2022/10/18 09:30:00,10.32,46.57,46.0,44,0,42,2,0,0,0,0,0,0,0,0
533967_01419_01420_0,133.5,2,2022/10/18 09:45:00,10.68,45.00,58.0,52,0,46,6,0,0,0,0,0,0,0,0
533967_01419_01420_0,133.5,2,2022/10/18 10:00:00,9.39,51.16,40.0,38,0,36,2,0,0,0,0,0,0,0,0
533967_01419_01420_0,133.5,2,2022/10/18 10:15:00,11.29,42.55,52.0,51,0,50,1,0,0,0,0,0,0,0,0
533967_01419_01420_0,133.5,2,2022/10/18 10:30:00,12.73,37.75,40.0,40,0,40,0,0,0,0,0,0,0,0,0
533967_01419_01420_0,133.5,2,2022/10/18 10:45:00,9.75,49.27,45.0,44,0,43,1,0,0,0,0,0,0,0,0
533967_01419_01420_0,133.5,2,2022/10/18 11:00:00,15.96,30.11,55.0,53,0,51,2,0,0,0,0,0,0,0,0
533967_01419_01420_0,133.5,2,2022/10/18 11:15:00,19.63,24.48,60.0,58,0,56,2,0,0,0,0,0,0,0,0
533967_01419_01420_0,133.5,2,2022/10/18 11:30:00,13.40,35.85,40.0,40,0,40,0,0,0,0,0,0,0,0,0
533967_01419_01420_0,133.5,2,2022/10/18 11:45:00,26.92,17.85,54.0,53,0,52,1,0,0,0,0,0,0,0,0
533967_01419_01420_0,133.5,2,2022/10/18 12:00:00,14.44,33.28,47.0,46,0,45,1,0,0,0,0,0,0,0,0
533967_01419_01420_0,133.5,2,2022/10/18 12:15:00,10.75,44.71,44.0,38,0,32,6,0,0,0,0,0,0,0,0
533967_01419_01420_0,133.5,2,2022/10/18 12:30:00,17.65,27.23,49.0,48,0,47,1,0,0,0,0,0,0,0,0
533967_01419_01420_0,133.5,2,2022/10/18 12:45:00,13.18,36.46,39.0,39,0,39,0,0,0,0,0,0,0,0,0
533967_01419_01420_0,133.5,2,2022/10/18 13:00:00,9.00,53.40,44.0,43,0,42,1,0,0,0,0,0,0,0,0
533967_01419_01420_0,133.5,2,2022/10/18 13:15:00,10.50,45.76,42.0,42,0,42,0,0,0,0,0,0,0,0,0
533967_01419_01420_0,133.5,2,2022/10/18 13:30:00,14.03,34.26,39.0,39,0,39,0,0,0,0,0,0,0,0,0
533967_01419_01420_0,133.5,2,2022/10/18 13:45:00,25.91,18.55,33.0,33,0,33,0,0,0,0,0,0,0,0,0
533967_01419_01420_0,133.5,2,2022/10/18 14:00:00,18.50,25.98,58.0,53,0,48,5,0,0,0,0,0,0,0,0
533967_01419_01420_0,133.5,2,2022/10/18 14:15:00,23.19,20.72,50.0,43,0,36,7,0,0,0,0,0,0,0,0
533967_01419_01420_0,133.5,2,2022/10/18 14:30:00,12.37,38.83,62.0,60,0,58,2,0,0,0,0,0,0,0,0
533967_01419_01420_0,133.5,2,2022/10/18 14:45:00,10.56,45.49,41.0,41,0,41,0,0,0,0,0,0,0,0,0
533967_01419_01420_0,133.5,2,2022/10/18 15:00:00,10.65,45.11,74.0,70,0,66,4,0,0,0,0,0,0,0,0
533967_01419_01420_0,133.5,2,2022/10/18 15:15:00,12.85,37.41,60.0,54,0,48,5,1,0,0,0,0,0,0,0
533967_01419_01420_0,133.5,2,2022/10/18 15:30:00,14.37,33.45,77.0,69,0,61,7,1,0,0,0,0,0,0,0
533967_01419_01420_0,133.5,2,2022/10/18 15:45:00,11.42,42.08,54.0,52,0,50,1,1,0,0,0,0,0,0,0
533967_01419_01420_0,133.5,2,2022/10/18 16:00:00,19.16,25.08,56.0,52,0,48,3,1,0,0,0,0,0,0,0
533967_01419_01420_0,133.5,2,2022/10/18 16:15:00,20.59,23.33,92.0,87,0,82,5,0,0,0,0,0,0,0,0
533967_01419_01420_0,133.5,2,2022/10/18 16:30:00,29.76,16.15,54.0,54,0,54,0,0,0,0,0,0,0,0,0
533967_01419_01420_0,133.5,2,2022/10/18 16:45:00,22.40,21.46,46.0,46,0,46,0,0,0,0,0,0,0,0,0
533967_01419_01420_0,133.5,2,2022/10/18 17:00:00,22.46,21.39,94.0,89,0,84,3,2,0,0,0,0,0,0,0
533967_01419_01420_0,133.5,2,2022/10/18 17:15:00,30.86,15.57,104.0,100,0,96,2,2,0,0,0,0,0,0,0
533967_01419_01420_0,133.5,2,2022/10/18 17:30:00,22.57,21.29,66.0,65,0,64,0,1,0,0,0,0,0,0,0
533967_01419_01420_0,133.5,2,2022/10/18 17:45:00,24.61,19.53,60.0,59,0,58,1,0,0,0,0,0,0,0,0
533967_01419_01420_0,133.5,2,2022/10/18 18:00:00,31.14,15.43,69.0,67,0,65,2,0,0,0,0,0,0,0,0
533967_01419_01420_0,133.5,2,2022/10/18 18:15:00,44.40,10.82,46.0,45,0,44,0,1,0,0,0,0,0,0,0
533967_01419_01420_0,133.5,2,2022/10/18 18:30:00,16.98,28.30,48.0,47,0,46,1,0,0,0,0,0,0,0,0
533967_01419_01420_0,133.5,2,2022/10/18 18:45:00,20.16,23.84,25.0,25,0,25,0,0,0,0,0,0,0,0,0
533967_01419_01425_1,174.0,2,2022/10/18 06:30:00,18.58,33.71,16.0,14,0,12,2,0,0,0,0,0,0,0,0
533967_01419_01425_1,174.0,2,2022/10/18 06:45:00,25.83,24.24,29.0,29,0,29,0,0,0,0,0,0,0,0,0
533967_01419_01425_1,174.0,2,2022/10/18 07:00:00,18.74,33.42,31.0,31,0,31,0,0,0,0,0,0,0,0,0
533967_01419_01425_1,174.0,2,2022/10/18 07:15:00,21.64,28.94,20.0,18,0,16,0,2,0,0,0,0,0,0,0
533967_01419_01425_1,174.0,2,2022/10/18 07:30:00,20.22,30.97,36.0,34,0,32,0,2,0,0,0,0,0,0,0
533967_01419_01425_1,174.0,2,2022/10/18 07:45:00,21.45,29.19,75.0,73,0,71,0,2,0,0,0,0,0,0,0
533967_01419_01425_1,174.0,2,2022/10/18 08:00:00,19.24,32.56,42.0,36,0,30,0,6,0,0,0,0,0,0,0
533967_01419_01425_1,174.0,2,2022/10/18 08:15:00,25.93,24.16,49.0,45,0,41,0,4,0,0,0,0,0,0,0
533967_01419_01425_1,174.0,2,2022/10/18 08:30:00,18.66,33.56,62.0,55,0,48,5,2,0,0,0,0,0,0,0
533967_01419_01425_1,174.0,2,2022/10/18 08:45:00,20.35,30.78,60.0,55,0,50,5,0,0,0,0,0,0,0,0
533967_01419_01425_1,174.0,2,2022/10/18 09:00:00,18.86,33.20,52.0,49,0,46,3,0,0,0,0,0,0,0,0
533967_01419_01425_1,174.0,2,2022/10/18 09:15:00,20.05,31.23,49.0,47,0,45,2,0,0,0,0,0,0,0,0
533967_01419_01425_1,174.0,2,2022/10/18 09:30:00,27.07,23.14,47.0,44,0,41,3,0,0,0,0,0,0,0,0
533967_01419_01425_1,174.0,2,2022/10/18 09:45:00,22.70,27.59,56.0,51,0,46,5,0,0,0,0,0,0,0,0
533967_01419_01425_1,174.0,2,2022/10/18 10:00:00,21.62,28.97,40.0,38,0,36,2,0,0,0,0,0,0,0,0
533967_01419_01425_1,174.0,2,2022/10/18 10:15:00,21.25,29.47,52.0,51,0,50,1,0,0,0,0,0,0,0,0
533967_01419_01425_1,174.0,2,2022/10/18 10:30:00,20.52,30.52,40.0,40,0,40,0,0,0,0,0,0,0,0,0
533967_01419_01425_1,174.0,2,2022/10/18 10:45:00,22.75,27.52,45.0,44,0,43,1,0,0,0,0,0,0,0,0
533967_01419_01425_1,174.0,2,2022/10/18 11:00:00,21.64,28.94,56.0,54,0,52,2,0,0,0,0,0,0,0,0
533967_01419_01425_1,174.0,2,2022/10/18 11:15:00,32.25,19.42,59.0,57,0,55,2,0,0,0,0,0,0,0,0
533967_01419_01425_1,174.0,2,2022/10/18 11:30:00,23.95,26.15,40.0,40,0,40,0,0,0,0,0,0,0,0,0
533967_01419_01425_1,174.0,2,2022/10/18 11:45:00,22.83,27.43,54.0,53,0,52,1,0,0,0,0,0,0,0,0
533967_01419_01425_1,174.0,2,2022/10/18 12:00:00,18.74,33.41,47.0,46,0,45,1,0,0,0,0,0,0,0,0
533967_01419_01425_1,174.0,2,2022/10/18 12:15:00,23.54,26.60,46.0,40,0,34,6,0,0,0,0,0,0,0,0
533967_01419_01425_1,174.0,2,2022/10/18 12:30:00,19.87,31.52,47.0,46,0,45,1,0,0,0,0,0,0,0,0
533967_01419_01425_1,174.0,2,2022/10/18 12:45:00,21.48,29.15,39.0,39,0,39,0,0,0,0,0,0,0,0,0
533967_01419_01425_1,174.0,2,2022/10/18 13:00:00,18.61,33.64,46.0,45,0,44,1,0,0,0,0,0,0,0,0
533967_01419_01425_1,174.0,2,2022/10/18 13:15:00,30.95,20.24,42.0,42,0,42,0,0,0,0,0,0,0,0,0
533967_01419_01425_1,174.0,2,2022/10/18 13:30:00,20.24,30.95,37.0,37,0,37,0,0,0,0,0,0,0,0,0
533967_01419_01425_1,174.0,2,2022/10/18 13:45:00,22.71,27.57,35.0,35,0,35,0,0,0,0,0,0,0,0,0
533967_01419_01425_1,174.0,2,2022/10/18 14:00:00,22.99,27.25,59.0,53,0,47,6,0,0,0,0,0,0,0,0
533967_01419_01425_1,174.0,2,2022/10/18 14:15:00,21.08,29.71,47.0,41,0,35,6,0,0,0,0,0,0,0,0
533967_01419_01425_1,174.0,2,2022/10/18 14:30:00,23.86,26.25,62.0,60,0,58,2,0,0,0,0,0,0,0,0
533967_01419_01425_1,174.0,2,2022/10/18 14:45:00,23.42,26.74,43.0,43,0,43,0,0,0,0,0,0,0,0,0
533967_01419_01425_1,174.0,2,2022/10/18 15:00:00,24.93,25.12,72.0,68,0,64,4,0,0,0,0,0,0,0,0
533967_01419_01425_1,174.0,2,2022/10/18 15:15:00,23.43,26.73,62.0,55,0,48,5,2,0,0,0,0,0,0,0
533967_01419_01425_1,174.0,2,2022/10/18 15:30:00,25.98,24.10,75.0,68,0,61,7,0,0,0,0,0,0,0,0
533967_01419_01425_1,174.0,2,2022/10/18 15:45:00,25.94,24.15,57.0,55,0,53,1,1,0,0,0,0,0,0,0
533967_01419_01425_1,174.0,2,2022/10/18 16:00:00,20.72,30.22,53.0,49,0,45,3,1,0,0,0,0,0,0,0
533967_01419_01425_1,174.0,2,2022/10/18 16:15:00,22.61,27.69,93.0,88,0,83,5,0,0,0,0,0,0,0,0
533967_01419_01425_1,174.0,2,2022/10/18 16:30:00,22.89,27.36,53.0,53,0,53,0,0,0,0,0,0,0,0,0
533967_01419_01425_1,174.0,2,2022/10/18 16:45:00,27.38,22.87,47.0,47,0,47,0,0,0,0,0,0,0,0,0
533967_01419_01425_1,174.0,2,2022/10/18 17:00:00,21.20,29.54,95.0,90,0,85,3,2,0,0,0,0,0,0,0
533967_01419_01425_1,174.0,2,2022/10/18 17:15:00,18.97,33.02,102.0,98,0,94,2,2,0,0,0,0,0,0,0
533967_01419_01425_1,174.0,2,2022/10/18 17:30:00,34.79,18.00,66.0,65,0,64,0,1,0,0,0,0,0,0,0
533967_01419_01425_1,174.0,2,2022/10/18 17:45:00,24.95,25.10,62.0,61,0,60,1,0,0,0,0,0,0,0,0
533967_01419_01425_1,174.0,2,2022/10/18 18:00:00,28.35,22.09,67.0,65,0,63,2,0,0,0,0,0,0,0,0
533967_01419_01425_1,174.0,2,2022/10/18 18:15:00,27.63,22.67,46.0,45,0,44,0,1,0,0,0,0,0,0,0
533967_01419_01425_1,174.0,2,2022/10/18 18:30:00,22.54,27.79,48.0,47,0,46,1,0,0,0,0,0,0,0,0
533967_01419_01425_1,174.0,2,2022/10/18 18:45:00,29.08,21.54,26.0,26,0,26,0,0,0,0,0,0,0,0,0
533967_01419_01608_0,181.2,1,2022/10/18 06:30:00,-1.00,-1.00,0.0,0,0,0,0,0,0,0,0,0,0,0,0
533967_01419_01608_0,181.2,1,2022/10/18 06:45:00,-1.00,-1.00,0.0,0,0,0,0,0,0,0,0,0,0,0,0
533967_01419_01608_0,181.2,1,2022/10/18 07:00:00,-1.00,-1.00,0.0,0,0,0,0,0,0,0,0,0,0,0,0
533967_01419_01608_0,181.2,1,2022/10/18 07:15:00,-1.00,-1.00,0.0,0,0,0,0,0,0,0,0,0,0,0,0
533967_01419_01608_0,181.2,1,2022/10/18 07:30:00,-1.00,-1.00,0.0,0,0,0,0,0,0,0,0,0,0,0,0
533967_01419_01608_0,181.2,1,2022/10/18 07:45:00,-1.00,-1.00,0.0,0,0,0,0,0,0,0,0,0,0,0,0
533967_01419_01608_0,181.2,1,2022/10/18 08:00:00,-1.00,-1.00,0.0,0,0,0,0,0,0,0,0,0,0,0,0
533967_01419_01608_0,181.2,1,2022/10/18 08:15:00,-1.00,-1.00,0.0,0,0,0,0,0,0,0,0,0,0,0,0
533967_01419_01608_0,181.2,1,2022/10/18 08:30:00,-1.00,-1.00,0.0,0,0,0,0,0,0,0,0,0,0,0,0
533967_01419_01608_0,181.2,1,2022/10/18 08:45:00,-1.00,-1.00,0.0,0,0,0,0,0,0,0,0,0,0,0,0
533967_01419_01608_0,181.2,1,2022/10/18 09:00:00,-1.00,-1.00,0.0,0,0,0,0,0,0,0,0,0,0,0,0
533967_01419_01608_0,181.2,1,2022/10/18 09:15:00,-1.00,-1.00,0.0,0,0,0,0,0,0,0,0,0,0,0,0
533967_01419_01608_0,181.2,1,2022/10/18 09:30:00,-1.00,-1.00,0.0,0,0,0,0,0,0,0,0,0,0,0,0
533967_01419_01608_0,181.2,1,2022/10/18 09:45:00,-1.00,-1.00,0.0,0,0,0,0,0,0,0,0,0,0,0,0
533967_01419_01608_0,181.2,1,2022/10/18 10:00:00,-1.00,-1.00,0.0,0,0,0,0,0,0,0,0,0,0,0,0
533967_01419_01608_0,181.2,1,2022/10/18 10:15:00,-1.00,-1.00,0.0,0,0,0,0,0,0,0,0,0,0,0,0
533967_01419_01608_0,181.2,1,2022/10/18 10:30:00,-1.00,-1.00,0.0,0,0,0,0,0,0,0,0,0,0,0,0
533967_01419_01608_0,181.2,1,2022/10/18 10:45:00,-1.00,-1.00,0.0,0,0,0,0,0,0,0,0,0,0,0,0
533967_01419_01608_0,181.2,1,2022/10/18 11:00:00,-1.00,-1.00,0.0,0,0,0,0,0,0,0,0,0,0,0,0
533967_01419_01608_0,181.2,1,2022/10/18 11:15:00,-1.00,-1.00,0.0,0,0,0,0,0,0,0,0,0,0,0,0
533967_01419_01608_0,181.2,1,2022/10/18 11:30:00,-1.00,-1.00,0.0,0,0,0,0,0,0,0,0,0,0,0,0
533967_01419_01608_0,181.2,1,2022/10/18 11:45:00,-1.00,-1.00,0.0,0,0,0,0,0,0,0,0,0,0,0,0
533967_01419_01608_0,181.2,1,2022/10/18 12:00:00,-1.00,-1.00,0.0,0,0,0,0,0,0,0,0,0,0,0,0
533967_01419_01608_0,181.2,1,2022/10/18 12:15:00,-1.00,-1.00,0.0,0,0,0,0,0,0,0,0,0,0,0,0
533967_01419_01608_0,181.2,1,2022/10/18 12:30:00,-1.00,-1.00,0.0,0,0,0,0,0,0,0,0,0,0,0,0
533967_01419_01608_0,181.2,1,2022/10/18 12:45:00,-1.00,-1.00,0.0,0,0,0,0,0,0,0,0,0,0,0,0
533967_01419_01608_0,181.2,1,2022/10/18 13:00:00,-1.00,-1.00,0.0,0,0,0,0,0,0,0,0,0,0,0,0
533967_01419_01608_0,181.2,1,2022/10/18 13:15:00,-1.00,-1.00,0.0,0,0,0,0,0,0,0,0,0,0,0,0
533967_01419_01608_0,181.2,1,2022/10/18 13:30:00,-1.00,-1.00,0.0,0,0,0,0,0,0,0,0,0,0,0,0
533967_01419_01608_0,181.2,1,2022/10/18 13:45:00,-1.00,-1.00,0.0,0,0,0,0,0,0,0,0,0,0,0,0
533967_01419_01608_0,181.2,1,2022/10/18 14:00:00,-1.00,-1.00,0.0,0,0,0,0,0,0,0,0,0,0,0,0
533967_01419_01608_0,181.2,1,2022/10/18 14:15:00,-1.00,-1.00,0.0,0,0,0,0,0,0,0,0,0,0,0,0
533967_01419_01608_0,181.2,1,2022/10/18 14:30:00,-1.00,-1.00,0.0,0,0,0,0,0,0,0,0,0,0,0,0
533967_01419_01608_0,181.2,1,2022/10/18 14:45:00,-1.00,-1.00,0.0,0,0,0,0,0,0,0,0,0,0,0,0
533967_01419_01608_0,181.2,1,2022/10/18 15:00:00,-1.00,-1.00,0.0,0,0,0,0,0,0,0,0,0,0,0,0
533967_01419_01608_0,181.2,1,2022/10/18 15:15:00,-1.00,-1.00,0.0,0,0,0,0,0,0,0,0,0,0,0,0
533967_01419_01608_0,181.2,1,2022/10/18 15:30:00,-1.00,-1.00,0.0,0,0,0,0,0,0,0,0,0,0,0,0
533967_01419_01608_0,181.2,1,2022/10/18 15:45:00,-1.00,-1.00,0.0,0,0,0,0,0,0,0,0,0,0,0,0
533967_01419_01608_0,181.2,1,2022/10/18 16:00:00,-1.00,-1.00,0.0,0,0,0,0,0,0,0,0,0,0,0,0
533967_01419_01608_0,181.2,1,2022/10/18 16:15:00,-1.00,-1.00,0.0,0,0,0,0,0,0,0,0,0,0,0,0
533967_01419_01608_0,181.2,1,2022/10/18 16:30:00,-1.00,-1.00,0.0,0,0,0,0,0,0,0,0,0,0,0,0
533967_01419_01608_0,181.2,1,2022/10/18 16:45:00,-1.00,-1.00,0.0,0,0,0,0,0,0,0,0,0,0,0,0
533967_01419_01608_0,181.2,1,2022/10/18 17:00:00,-1.00,-1.00,0.0,0,0,0,0,0,0,0,0,0,0,0,0
533967_01419_01608_0,181.2,1,2022/10/18 17:15:00,-1.00,-1.00,0.0,0,0,0,0,0,0,0,0,0,0,0,0
533967_01419_01608_0,181.2,1,2022/10/18 17:30:00,-1.00,-1.00,0.0,0,0,0,0,0,0,0,0,0,0,0,0
533967_01419_01608_0,181.2,1,2022/10/18 17:45:00,-1.00,-1.00,0.0,0,0,0,0,0,0,0,0,0,0,0,0
533967_01419_01608_0,181.2,1,2022/10/18 18:00:00,-1.00,-1.00,0.0,0,0,0,0,0,0,0,0,0,0,0,0
533967_01419_01608_0,181.2,1,2022/10/18 18:15:00,-1.00,-1.00,0.0,0,0,0,0,0,0,0,0,0,0,0,0
533967_01419_01608_0,181.2,1,2022/10/18 18:30:00,-1.00,-1.00,0.0,0,0,0,0,0,0,0,0,0,0,0,0
533967_01419_01608_0,181.2,1,2022/10/18 18:45:00,-1.00,-1.00,0.0,0,0,0,0,0,0,0,0,0,0,0,0
533967_01419_01608_1,173.6,1,2022/10/18 06:30:00,-1.00,-1.00,0.0,0,0,0,0,0,0,0,0,0,0,0,0
533967_01419_01608_1,173.6,1,2022/10/18 06:45:00,-1.00,-1.00,0.0,0,0,0,0,0,0,0,0,0,0,0,0
533967_01419_01608_1,173.6,1,2022/10/18 07:00:00,-1.00,-1.00,0.0,0,0,0,0,0,0,0,0,0,0,0,0
533967_01419_01608_1,173.6,1,2022/10/18 07:15:00,-1.00,-1.00,0.0,0,0,0,0,0,0,0,0,0,0,0,0
533967_01419_01608_1,173.6,1,2022/10/18 07:30:00,-1.00,-1.00,0.0,0,0,0,0,0,0,0,0,0,0,0,0
533967_01419_01608_1,173.6,1,2022/10/18 07:45:00,-1.00,-1.00,0.0,0,0,0,0,0,0,0,0,0,0,0,0
533967_01419_01608_1,173.6,1,2022/10/18 08:00:00,-1.00,-1.00,0.0,0,0,0,0,0,0,0,0,0,0,0,0
533967_01419_01608_1,173.6,1,2022/10/18 08:15:00,-1.00,-1.00,0.0,0,0,0,0,0,0,0,0,0,0,0,0
533967_01419_01608_1,173.6,1,2022/10/18 08:30:00,-1.00,-1.00,0.0,0,0,0,0,0,0,0,0,0,0,0,0
533967_01419_01608_1,173.6,1,2022/10/18 08:45:00,-1.00,-1.00,0.0,0,0,0,0,0,0,0,0,0,0,0,0
533967_01419_01608_1,173.6,1,2022/10/18 09:00:00,-1.00,-1.00,0.0,0,0,0,0,0,0,0,0,0,0,0,0
533967_01419_01608_1,173.6,1,2022/10/18 09:15:00,-1.00,-1.00,0.0,0,0,0,0,0,0,0,0,0,0,0,0
533967_01419_01608_1,173.6,1,2022/10/18 09:30:00,-1.00,-1.00,0.0,0,0,0,0,0,0,0,0,0,0,0,0
533967_01419_01608_1,173.6,1,2022/10/18 09:45:00,-1.00,-1.00,0.0,0,0,0,0,0,0,0,0,0,0,0,0
533967_01419_01608_1,173.6,1,2022/10/18 10:00:00,-1.00,-1.00,0.0,0,0,0,0,0,0,0,0,0,0,0,0
533967_01419_01608_1,173.6,1,2022/10/18 10:15:00,-1.00,-1.00,0.0,0,0,0,0,0,0,0,0,0,0,0,0
533967_01419_01608_1,173.6,1,2022/10/18 10:30:00,-1.00,-1.00,0.0,0,0,0,0,0,0,0,0,0,0,0,0
533967_01419_01608_1,173.6,1,2022/10/18 10:45:00,-1.00,-1.00,0.0,0,0,0,0,0,0,0,0,0,0,0,0
533967_01419_01608_1,173.6,1,2022/10/18 11:00:00,-1.00,-1.00,0.0,0,0,0,0,0,0,0,0,0,0,0,0
533967_01419_01608_1,173.6,1,2022/10/18 11:15:00,-1.00,-1.00,0.0,0,0,0,0,0,0,0,0,0,0,0,0
533967_01419_01608_1,173.6,1,2022/10/18 11:30:00,-1.00,-1.00,0.0,0,0,0,0,0,0,0,0,0,0,0,0
533967_01419_01608_1,173.6,1,2022/10/18 11:45:00,-1.00,-1.00,0.0,0,0,0,0,0,0,0,0,0,0,0,0
533967_01419_01608_1,173.6,1,2022/10/18 12:00:00,-1.00,-1.00,0.0,0,0,0,0,0,0,0,0,0,0,0,0
533967_01419_01608_1,173.6,1,2022/10/18 12:15:00,-1.00,-1.00,0.0,0,0,0,0,0,0,0,0,0,0,0,0
533967_01419_01608_1,173.6,1,2022/10/18 12:30:00,-1.00,-1.00,0.0,0,0,0,0,0,0,0,0,0,0,0,0
533967_01419_01608_1,173.6,1,2022/10/18 12:45:00,-1.00,-1.00,0.0,0,0,0,0,0,0,0,0,0,0,0,0
533967_01419_01608_1,173.6,1,2022/10/18 13:00:00,-1.00,-1.00,0.0,0,0,0,0,0,0,0,0,0,0,0,0
533967_01419_01608_1,173.6,1,2022/10/18 13:15:00,-1.00,-1.00,0.0,0,0,0,0,0,0,0,0,0,0,0,0
533967_01419_01608_1,173.6,1,2022/10/18 13:30:00,-1.00,-1.00,0.0,0,0,0,0,0,0,0,0,0,0,0,0
533967_01419_01608_1,173.6,1,2022/10/18 13:45:00,-1.00,-1.00,0.0,0,0,0,0,0,0,0,0,0,0,0,0
533967_01419_01608_1,173.6,1,2022/10/18 14:00:00,-1.00,-1.00,0.0,0,0,0,0,0,0,0,0,0,0,0,0
533967_01419_01608_1,173.6,1,2022/10/18 14:15:00,-1.00,-1.00,0.0,0,0,0,0,0,0,0,0,0,0,0,0
533967_01419_01608_1,173.6,1,2022/10/18 14:30:00,-1.00,-1.00,0.0,0,0,0,0,0,0,0,0,0,0,0,0
533967_01419_01608_1,173.6,1,2022/10/18 14:45:00,-1.00,-1.00,0.0,0,0,0,0,0,0,0,0,0,0,0,0
533967_01419_01608_1,173.6,1,2022/10/18 15:00:00,-1.00,-1.00,0.0,0,0,0,0,0,0,0,0,0,0,0,0
533967_01419_01608_1,173.6,1,2022/10/18 15:15:00,-1.00,-1.00,0.0,0,0,0,0,0,0,0,0,0,0,0,0
533967_01419_01608_1,173.6,1,2022/10/18 15:30:00,-1.00,-1.00,0.0,0,0,0,0,0,0,0,0,0,0,0,0
533967_01419_01608_1,173.6,1,2022/10/18 15:45:00,-1.00,-1.00,0.0,0,0,0,0,0,0,0,0,0,0,0,0
533967_01419_01608_1,173.6,1,2022/10/18 16:00:00,-1.00,-1.00,0.0,0,0,0,0,0,0,0,0,0,0,0,0
533967_01419_01608_1,173.6,1,2022/10/18 16:15:00,-1.00,-1.00,0.0,0,0,0,0,0,0,0,0,0,0,0,0
533967_01419_01608_1,173.6,1,2022/10/18 16:30:00,-1.00,-1.00,0.0,0,0,0,0,0,0,0,0,0,0,0,0
533967_01419_01608_1,173.6,1,2022/10/18 16:45:00,-1.00,-1.00,0.0,0,0,0,0,0,0,0,0,0,0,0,0
533967_01419_01608_1,173.6,1,2022/10/18 17:00:00,-1.00,-1.00,0.0,0,0,0,0,0,0,0,0,0,0,0,0
533967_01419_01608_1,173.6,1,2022/10/18 17:15:00,-1.00,-1.00,0.0,0,0,0,0,0,0,0,0,0,0,0,0
533967_01419_01608_1,173.6,1,2022/10/18 17:30:00,-1.00,-1.00,0.0,0,0,0,0,0,0,0,0,0,0,0,0
533967_01419_01608_1,173.6,1,2022/10/18 17:45:00,-1.00,-1.00,0.0,0,0,0,0,0,0,0,0,0,0,0,0
533967_01419_01608_1,173.6,1,2022/10/18 18:00:00,-1.00,-1.00,0.0,0,0,0,0,0,0,0,0,0,0,0,0
533967_01419_01608_1,173.6,1,2022/10/18 18:15:00,-1.00,-1.00,0.0,0,0,0,0,0,0,0,0,0,0,0,0
533967_01419_01608_1,173.6,1,2022/10/18 18:30:00,-1.00,-1.00,0.0,0,0,0,0,0,0,0,0,0,0,0,0
533967_01419_01608_1,173.6,1,2022/10/18 18:45:00,-1.00,-1.00,0.0,0,0,0,0,0,0,0,0,0,0,0,0
533967_01420_01654_0,223.6,2,2022/10/18 06:30:00,12.78,63.00,13.0,11,0,9,2,0,0,0,0,0,0,0,0
533967_01420_01654_0,223.6,2,2022/10/18 06:45:00,21.52,37.40,30.0,30,0,30,0,0,0,0,0,0,0,0,0
533967_01420_01654_0,223.6,2,2022/10/18 07:00:00,16.41,49.06,33.0,33,0,33,0,0,0,0,0,0,0,0,0
533967_01420_01654_0,223.6,2,2022/10/18 07:15:00,15.39,52.29,19.0,17,0,15,0,2,0,0,0,0,0,0,0
533967_01420_01654_0,223.6,2,2022/10/18 07:30:00,14.33,56.17,37.0,35,0,33,0,2,0,0,0,0,0,0,0
533967_01420_01654_0,223.6,2,2022/10/18 07:45:00,12.07,66.71,71.0,69,0,67,0,2,0,0,0,0,0,0,0
533967_01420_01654_0,223.6,2,2022/10/18 08:00:00,14.64,54.98,46.0,40,0,34,0,6,0,0,0,0,0,0,0
533967_01420_01654_0,223.6,2,2022/10/18 08:15:00,16.11,49.95,46.0,42,0,38,0,4,0,0,0,0,0,0,0
533967_01420_01654_0,223.6,2,2022/10/18 08:30:00,16.51,48.76,65.0,58,0,51,5,2,0,0,0,0,0,0,0
533967_01420_01654_0,223.6,2,2022/10/18 08:45:00,13.67,58.86,55.0,50,0,45,5,0,0,0,0,0,0,0,0
533967_01420_01654_0,223.6,2,2022/10/18 09:00:00,15.24,52.83,56.0,53,0,50,3,0,0,0,0,0,0,0,0
533967_01420_01654_0,223.6,2,2022/10/18 09:15:00,18.29,44.00,42.0,40,0,38,2,0,0,0,0,0,0,0,0
533967_01420_01654_0,223.6,2,2022/10/18 09:30:00,11.42,70.45,53.0,51,0,49,2,0,0,0,0,0,0,0,0
533967_01420_01654_0,223.6,2,2022/10/18 09:45:00,14.18,56.77,54.0,48,0,42,6,0,0,0,0,0,0,0,0
533967_01420_01654_0,223.6,2,2022/10/18 10:00:00,16.28,49.43,44.0,42,0,40,2,0,0,0,0,0,0,0,0
533967_01420_01654_0,223.6,2,2022/10/18 10:15:00,17.50,46.00,46.0,45,0,44,1,0,0,0,0,0,0,0,0
533967_01420_01654_0,223.6,2,2022/10/18 10:30:00,16.98,47.41,46.0,46,0,46,0,0,0,0,0,0,0,0,0
533967_01420_01654_0,223.6,2,2022/10/18 10:45:00,18.68,43.08,38.0,37,0,36,1,0,0,0,0,0,0,0,0
533967_01420_01654_0,223.6,2,2022/10/18 11:00:00,14.20,56.69,60.0,58,0,56,2,0,0,0,0,0,0,0,0
533967_01420_01654_0,223.6,2,2022/10/18 11:15:00,16.81,47.88,53.0,51,0,49,2,0,0,0,0,0,0,0,0
533967_01420_01654_0,223.6,2,2022/10/18 11:30:00,14.34,56.12,49.0,49,0,49,0,0,0,0,0,0,0,0,0
533967_01420_01654_0,223.6,2,2022/10/18 11:45:00,15.74,51.15,46.0,46,0,46,0,0,0,0,0,0,0,0,0
533967_01420_01654_0,223.6,2,2022/10/18 12:00:00,11.35,70.89,55.0,53,0,51,2,0,0,0,0,0,0,0,0
533967_01420_01654_0,223.6,2,2022/10/18 12:15:00,14.55,55.32,37.0,31,0,25,6,0,0,0,0,0,0,0,0
533967_01420_01654_0,223.6,2,2022/10/18 12:30:00,16.88,47.67,56.0,55,0,54,1,0,0,0,0,0,0,0,0
533967_01420_01654_0,223.6,2,2022/10/18 12:45:00,16.90,47.64,36.0,36,0,36,0,0,0,0,0,0,0,0,0
533967_01420_01654_0,223.6,2,2022/10/18 13:00:00,17.18,46.85,47.0,46,0,45,1,0,0,0,0,0,0,0,0
533967_01420_01654_0,223.6,2,2022/10/18 13:15:00,16.61,48.46,37.0,37,0,37,0,0,0,0,0,0,0,0,0
533967_01420_01654_0,223.6,2,2022/10/18 13:30:00,14.50,55.52,44.0,44,0,44,0,0,0,0,0,0,0,0,0
533967_01420_01654_0,223.6,2,2022/10/18 13:45:00,15.03,53.56,27.0,27,0,27,0,0,0,0,0,0,0,0,0
533967_01420_01654_0,223.6,2,2022/10/18 14:00:00,14.34,56.12,64.0,59,0,54,5,0,0,0,0,0,0,0,0
533967_01420_01654_0,223.6,2,2022/10/18 14:15:00,22.81,35.29,45.0,38,0,31,7,0,0,0,0,0,0,0,0
533967_01420_01654_0,223.6,2,2022/10/18 14:30:00,14.56,55.28,67.0,65,0,63,2,0,0,0,0,0,0,0,0
533967_01420_01654_0,223.6,2,2022/10/18 14:45:00,17.15,46.95,37.0,37,0,37,0,0,0,0,0,0,0,0,0
533967_01420_01654_0,223.6,2,2022/10/18 15:00:00,15.74,51.15,78.0,74,0,70,4,0,0,0,0,0,0,0,0
533967_01420_01654_0,223.6,2,2022/10/18 15:15:00,14.52,55.45,55.0,49,0,43,5,1,0,0,0,0,0,0,0
533967_01420_01654_0,223.6,2,2022/10/18 15:30:00,14.25,56.49,82.0,74,0,66,7,1,0,0,0,0,0,0,0
533967_01420_01654_0,223.6,2,2022/10/18 15:45:00,15.45,52.09,45.0,43,0,41,1,1,0,0,0,0,0,0,0
533967_01420_01654_0,223.6,2,2022/10/18 16:00:00,12.57,64.02,65.0,61,0,57,3,1,0,0,0,0,0,0,0
533967_01420_01654_0,223.6,2,2022/10/18 16:15:00,10.76,74.78,83.0,78,0,73,5,0,0,0,0,0,0,0,0
533967_01420_01654_0,223.6,2,2022/10/18 16:30:00,13.65,58.98,63.0,63,0,63,0,0,0,0,0,0,0,0,0
533967_01420_01654_0,223.6,2,2022/10/18 16:45:00,16.34,49.26,42.0,42,0,42,0,0,0,0,0,0,0,0,0
533967_01420_01654_0,223.6,2,2022/10/18 17:00:00,8.77,91.73,95.0,90,0,85,3,2,0,0,0,0,0,0,0
533967_01420_01654_0,223.6,2,2022/10/18 17:15:00,10.47,76.87,91.0,87,0,83,2,2,0,0,0,0,0,0,0
533967_01420_01654_0,223.6,2,2022/10/18 17:30:00,12.18,66.06,82.0,81,0,80,0,1,0,0,0,0,0,0,0
533967_01420_01654_0,223.6,2,2022/10/18 17:45:00,15.68,51.34,57.0,56,0,55,1,0,0,0,0,0,0,0,0
533967_01420_01654_0,223.6,2,2022/10/18 18:00:00,12.51,64.35,70.0,68,0,66,2,0,0,0,0,0,0,0,0
533967_01420_01654_0,223.6,2,2022/10/18 18:15:00,16.05,50.16,46.0,45,0,44,0,1,0,0,0,0,0,0,0
533967_01420_01654_0,223.6,2,2022/10/18 18:30:00,13.00,61.92,50.0,49,0,48,1,0,0,0,0,0,0,0,0
533967_01420_01654_0,223.6,2,2022/10/18 18:45:00,16.90,47.64,22.0,22,0,22,0,0,0,0,0,0,0,0,0
533967_01420_01654_1,227.3,2,2022/10/18 06:30:00,23.21,35.26,41.0,39,0,37,2,0,0,0,0,0,0,0,0
533967_01420_01654_1,227.3,2,2022/10/18 06:45:00,23.12,35.39,62.0,62,0,62,0,0,0,0,0,0,0,0,0
533967_01420_01654_1,227.3,2,2022/10/18 07:00:00,21.31,38.40,74.0,73,0,72,1,0,0,0,0,0,0,0,0
533967_01420_01654_1,227.3,2,2022/10/18 07:15:00,20.32,40.27,83.0,78,0,73,5,0,0,0,0,0,0,0,0
533967_01420_01654_1,227.3,2,2022/10/18 07:30:00,23.62,34.65,88.0,85,0,82,3,0,0,0,0,0,0,0,0
533967_01420_01654_1,227.3,2,2022/10/18 07:45:00,23.23,35.22,101.0,99,0,97,0,2,0,0,0,0,0,0,0
533967_01420_01654_1,227.3,2,2022/10/18 08:00:00,22.08,37.06,92.0,89,0,86,3,0,0,0,0,0,0,0,0
533967_01420_01654_1,227.3,2,2022/10/18 08:15:00,20.39,40.12,111.0,105,0,99,6,0,0,0,0,0,0,0,0
533967_01420_01654_1,227.3,2,2022/10/18 08:30:00,22.51,36.36,87.0,84,0,81,3,0,0,0,0,0,0,0,0
533967_01420_01654_1,227.3,2,2022/10/18 08:45:00,19.14,42.75,84.0,83,0,82,1,0,0,0,0,0,0,0,0
533967_01420_01654_1,227.3,2,2022/10/18 09:00:00,23.35,35.04,78.0,68,0,58,10,0,0,0,0,0,0,0,0
533967_01420_01654_1,227.3,2,2022/10/18 09:15:00,23.01,35.56,47.0,43,0,39,4,0,0,0,0,0,0,0,0
533967_01420_01654_1,227.3,2,2022/10/18 09:30:00,19.29,42.42,77.0,72,0,67,5,0,0,0,0,0,0,0,0
533967_01420_01654_1,227.3,2,2022/10/18 09:45:00,25.68,31.86,56.0,51,0,46,5,0,0,0,0,0,0,0,0
533967_01420_01654_1,227.3,2,2022/10/18 10:00:00,26.63,30.73,75.0,71,0,67,4,0,0,0,0,0,0,0,0
533967_01420_01654_1,227.3,2,2022/10/18 10:15:00,27.14,30.15,51.0,48,0,45,3,0,0,0,0,0,0,0,0
533967_01420_01654_1,227.3,2,2022/10/18 10:30:00,21.75,37.63,46.0,46,0,46,0,0,0,0,0,0,0,0,0
533967_01420_01654_1,227.3,2,2022/10/18 10:45:00,25.56,32.02,55.0,55,0,55,0,0,0,0,0,0,0,0,0
533967_01420_01654_1,227.3,2,2022/10/18 11:00:00,19.01,43.04,89.0,77,0,65,12,0,0,0,0,0,0,0,0
533967_01420_01654_1,227.3,2,2022/10/18 11:15:00,24.48,33.43,61.0,60,0,59,1,0,0,0,0,0,0,0,0
533967_01420_01654_1,227.3,2,2022/10/18 11:30:00,21.25,38.50,80.0,70,0,60,10,0,0,0,0,0,0,0,0
533967_01420_01654_1,227.3,2,2022/10/18 11:45:00,20.80,39.33,47.0,45,0,43,2,0,0,0,0,0,0,0,0
533967_01420_01654_1,227.3,2,2022/10/18 12:00:00,27.40,29.86,73.0,66,0,59,7,0,0,0,0,0,0,0,0
533967_01420_01654_1,227.3,2,2022/10/18 12:15:00,24.32,33.64,59.0,59,0,59,0,0,0,0,0,0,0,0,0
533967_01420_01654_1,227.3,2,2022/10/18 12:30:00,20.69,39.55,49.0,49,0,49,0,0,0,0,0,0,0,0,0
533967_01420_01654_1,227.3,2,2022/10/18 12:45:00,22.17,36.91,72.0,68,0,64,4,0,0,0,0,0,0,0,0
533967_01420_01654_1,227.3,2,2022/10/18 13:00:00,22.22,36.83,69.0,69,0,69,0,0,0,0,0,0,0,0,0
533967_01420_01654_1,227.3,2,2022/10/18 13:15:00,23.01,35.56,62.0,62,0,62,0,0,0,0,0,0,0,0,0
533967_01420_01654_1,227.3,2,2022/10/18 13:30:00,20.80,39.34,47.0,47,0,47,0,0,0,0,0,0,0,0,0
533967_01420_01654_1,227.3,2,2022/10/18 13:45:00,22.41,36.52,69.0,64,0,59,5,0,0,0,0,0,0,0,0
533967_01420_01654_1,227.3,2,2022/10/18 14:00:00,22.97,35.62,53.0,48,0,43,5,0,0,0,0,0,0,0,0
533967_01420_01654_1,227.3,2,2022/10/18 14:15:00,21.46,38.14,51.0,51,0,51,0,0,0,0,0,0,0,0,0
533967_01420_01654_1,227.3,2,2022/10/18 14:30:00,20.00,40.91,45.0,45,0,45,0,0,0,0,0,0,0,0,0
533967_01420_01654_1,227.3,2,2022/10/18 14:45:00,21.49,38.09,58.0,58,0,58,0,0,0,0,0,0,0,0,0
533967_01420_01654_1,227.3,2,2022/10/18 15:00:00,20.70,39.53,63.0,59,0,55,4,0,0,0,0,0,0,0,0
533967_01420_01654_1,227.3,2,2022/10/18 15:15:00,21.06,38.85,48.0,47,0,46,1,0,0,0,0,0,0,0,0
533967_01420_01654_1,227.3,2,2022/10/18 15:30:00,19.76,41.40,60.0,57,0,54,3,0,0,0,0,0,0,0,0
533967_01420_01654_1,227.3,2,2022/10/18 15:45:00,20.13,40.65,75.0,74,0,73,1,0,0,0,0,0,0,0,0
533967_01420_01654_1,227.3,2,2022/10/18 16:00:00,24.20,33.81,81.0,75,0,69,6,0,0,0,0,0,0,0,0
533967_01420_01654_1,227.3,2,2022/10/18 16:15:00,26.32,31.09,59.0,58,0,57,1,0,0,0,0,0,0,0,0
533967_01420_01654_1,227.3,2,2022/10/18 16:30:00,22.70,36.05,63.0,60,0,57,3,0,0,0,0,0,0,0,0
533967_01420_01654_1,227.3,2,2022/10/18 16:45:00,19.48,42.00,61.0,56,0,51,5,0,0,0,0,0,0,0,0
533967_01420_01654_1,227.3,2,2022/10/18 17:00:00,24.70,33.13,66.0,62,0,58,4,0,0,0,0,0,0,0,0
533967_01420_01654_1,227.3,2,2022/10/18 17:15:00,21.25,38.51,61.0,61,0,61,0,0,0,0,0,0,0,0,0
533967_01420_01654_1,227.3,2,2022/10/18 17:30:00,21.28,38.46,80.0,80,0,80,0,0,0,0,0,0,0,0,0
533967_01420_01654_1,227.3,2,2022/10/18 17:45:00,23.90,34.24,38.0,38,0,38,0,0,0,0,0,0,0,0,0
533967_01420_01654_1,227.3,2,2022/10/18 18:00:00,20.64,39.65,85.0,84,0,83,1,0,0,0,0,0,0,0,0
533967_01420_01654_1,227.3,2,2022/10/18 18:15:00,22.95,35.65,46.0,46,0,46,0,0,0,0,0,0,0,0,0
533967_01420_01654_1,227.3,2,2022/10/18 18:30:00,22.69,36.06,65.0,63,0,61,2,0,0,0,0,0,0,0,0
533967_01420_01654_1,227.3,2,2022/10/18 18:45:00,24.03,34.06,35.0,35,0,35,0,0,0,0,0,0,0,0,0
533967_01424_01425_0,75.7,1,2022/10/18 06:30:00,-1.00,-1.00,0.0,0,0,0,0,0,0,0,0,0,0,0,0
533967_01424_01425_0,75.7,1,2022/10/18 06:45:00,-1.00,-1.00,0.0,0,0,0,0,0,0,0,0,0,0,0,0
533967_01424_01425_0,75.7,1,2022/10/18 07:00:00,-1.00,-1.00,0.0,0,0,0,0,0,0,0,0,0,0,0,0
533967_01424_01425_0,75.7,1,2022/10/18 07:15:00,-1.00,-1.00,0.0,0,0,0,0,0,0,0,0,0,0,0,0
533967_01424_01425_0,75.7,1,2022/10/18 07:30:00,-1.00,-1.00,0.0,0,0,0,0,0,0,0,0,0,0,0,0
533967_01424_01425_0,75.7,1,2022/10/18 07:45:00,-1.00,-1.00,0.0,0,0,0,0,0,0,0,0,0,0,0,0
533967_01424_01425_0,75.7,1,2022/10/18 08:00:00,-1.00,-1.00,0.0,0,0,0,0,0,0,0,0,0,0,0,0
533967_01424_01425_0,75.7,1,2022/10/18 08:15:00,-1.00,-1.00,0.0,0,0,0,0,0,0,0,0,0,0,0,0
533967_01424_01425_0,75.7,1,2022/10/18 08:30:00,-1.00,-1.00,0.0,0,0,0,0,0,0,0,0,0,0,0,0
533967_01424_01425_0,75.7,1,2022/10/18 08:45:00,-1.00,-1.00,0.0,0,0,0,0,0,0,0,0,0,0,0,0
533967_01424_01425_0,75.7,1,2022/10/18 09:00:00,-1.00,-1.00,0.0,0,0,0,0,0,0,0,0,0,0,0,0
533967_01424_01425_0,75.7,1,2022/10/18 09:15:00,-1.00,-1.00,0.0,0,0,0,0,0,0,0,0,0,0,0,0
533967_01424_01425_0,75.7,1,2022/10/18 09:30:00,-1.00,-1.00,0.0,0,0,0,0,0,0,0,0,0,0,0,0
533967_01424_01425_0,75.7,1,2022/10/18 09:45:00,-1.00,-1.00,0.0,0,0,0,0,0,0,0,0,0,0,0,0
533967_01424_01425_0,75.7,1,2022/10/18 10:00:00,-1.00,-1.00,0.0,0,0,0,0,0,0,0,0,0,0,0,0
533967_01424_01425_0,75.7,1,2022/10/18 10:15:00,-1.00,-1.00,0.0,0,0,0,0,0,0,0,0,0,0,0,0
533967_01424_01425_0,75.7,1,2022/10/18 10:30:00,-1.00,-1.00,0.0,0,0,0,0,0,0,0,0,0,0,0,0
533967_01424_01425_0,75.7,1,2022/10/18 10:45:00,-1.00,-1.00,0.0,0,0,0,0,0,0,0,0,0,0,0,0
533967_01424_01425_0,75.7,1,2022/10/18 11:00:00,-1.00,-1.00,0.0,0,0,0,0,0,0,0,0,0,0,0,0
533967_01424_01425_0,75.7,1,2022/10/18 11:15:00,-1.00,-1.00,0.0,0,0,0,0,0,0,0,0,0,0,0,0
533967_01424_01425_0,75.7,1,2022/10/18 11:30:00,-1.00,-1.00,0.0,0,0,0,0,0,0,0,0,0,0,0,0
533967_01424_01425_0,75.7,1,2022/10/18 11:45:00,-1.00,-1.00,0.0,0,0,0,0,0,0,0,0,0,0,0,0
533967_01424_01425_0,75.7,1,2022/10/18 12:00:00,-1.00,-1.00,0.0,0,0,0,0,0,0,0,0,0,0,0,0
533967_01424_01425_0,75.7,1,2022/10/18 12:15:00,-1.00,-1.00,0.0,0,0,0,0,0,0,0,0,0,0,0,0
533967_01424_01425_0,75.7,1,2022/10/18 12:30:00,-1.00,-1.00,0.0,0,0,0,0,0,0,0,0,0,0,0,0
533967_01424_01425_0,75.7,1,2022/10/18 12:45:00,-1.00,-1.00,0.0,0,0,0,0,0,0,0,0,0,0,0,0
533967_01424_01425_0,75.7,1,2022/10/18 13:00:00,-1.00,-1.00,0.0,0,0,0,0,0,0,0,0,0,0,0,0
533967_01424_01425_0,75.7,1,2022/10/18 13:15:00,-1.00,-1.00,0.0,0,0,0,0,0,0,0,0,0,0,0,0
533967_01424_01425_0,75.7,1,2022/10/18 13:30:00,-1.00,-1.00,0.0,0,0,0,0,0,0,0,0,0,0,0,0
533967_01424_01425_0,75.7,1,2022/10/18 13:45:00,-1.00,-1.00,0.0,0,0,0,0,0,0,0,0,0,0,0,0
533967_01424_01425_0,75.7,1,2022/10/18 14:00:00,-1.00,-1.00,0.0,0,0,0,0,0,0,0,0,0,0,0,0
533967_01424_01425_0,75.7,1,2022/10/18 14:15:00,-1.00,-1.00,0.0,0,0,0,0,0,0,0,0,0,0,0,0
533967_01424_01425_0,75.7,1,2022/10/18 14:30:00,-1.00,-1.00,0.0,0,0,0,0,0,0,0,0,0,0,0,0
533967_01424_01425_0,75.7,1,2022/10/18 14:45:00,-1.00,-1.00,0.0,0,0,0,0,0,0,0,0,0,0,0,0
533967_01424_01425_0,75.7,1,2022/10/18 15:00:00,-1.00,-1.00,0.0,0,0,0,0,0,0,0,0,0,0,0,0
533967_01424_01425_0,75.7,1,2022/10/18 15:15:00,-1.00,-1.00,0.0,0,0,0,0,0,0,0,0,0,0,0,0
533967_01424_01425_0,75.7,1,2022/10/18 15:30:00,-1.00,-1.00,0.0,0,0,0,0,0,0,0,0,0,0,0,0
533967_01424_01425_0,75.7,1,2022/10/18 15:45:00,-1.00,-1.00,0.0,0,0,0,0,0,0,0,0,0,0,0,0
533967_01424_01425_0,75.7,1,2022/10/18 16:00:00,-1.00,-1.00,0.0,0,0,0,0,0,0,0,0,0,0,0,0
533967_01424_01425_0,75.7,1,2022/10/18 16:15:00,-1.00,-1.00,0.0,0,0,0,0,0,0,0,0,0,0,0,0
533967_01424_01425_0,75.7,1,2022/10/18 16:30:00,-1.00,-1.00,0.0,0,0,0,0,0,0,0,0,0,0,0,0
533967_01424_01425_0,75.7,1,2022/10/18 16:45:00,-1.00,-1.00,0.0,0,0,0,0,0,0,0,0,0,0,0,0
533967_01424_01425_0,75.7,1,2022/10/18 17:00:00,-1.00,-1.00,0.0,0,0,0,0,0,0,0,0,0,0,0,0
533967_01424_01425_0,75.7,1,2022/10/18 17:15:00,-1.00,-1.00,0.0,0,0,0,0,0,0,0,0,0,0,0,0
533967_01424_01425_0,75.7,1,2022/10/18 17:30:00,-1.00,-1.00,0.0,0,0,0,0,0,0,0,0,0,0,0,0
533967_01424_01425_0,75.7,1,2022/10/18 17:45:00,-1.00,-1.00,0.0,0,0,0,0,0,0,0,0,0,0,0,0
533967_01424_01425_0,75.7,1,2022/10/18 18:00:00,-1.00,-1.00,0.0,0,0,0,0,0,0,0,0,0,0,0,0
533967_01424_01425_0,75.7,1,2022/10/18 18:15:00,-1.00,-1.00,0.0,0,0,0,0,0,0,0,0,0,0,0,0
533967_01424_01425_0,75.7,1,2022/10/18 18:30:00,-1.00,-1.00,0.0,0,0,0,0,0,0,0,0,0,0,0,0
533967_01424_01425_0,75.7,1,2022/10/18 18:45:00,-1.00,-1.00,0.0,0,0,0,0,0,0,0,0,0,0,0,0
533967_01424_01425_1,86.8,1,2022/10/18 06:30:00,-1.00,-1.00,0.0,0,0,0,0,0,0,0,0,0,0,0,0
533967_01424_01425_1,86.8,1,2022/10/18 06:45:00,-1.00,-1.00,0.0,0,0,0,0,0,0,0,0,0,0,0,0
533967_01424_01425_1,86.8,1,2022/10/18 07:00:00,-1.00,-1.00,0.0,0,0,0,0,0,0,0,0,0,0,0,0
533967_01424_01425_1,86.8,1,2022/10/18 07:15:00,-1.00,-1.00,0.0,0,0,0,0,0,0,0,0,0,0,0,0
533967_01424_01425_1,86.8,1,2022/10/18 07:30:00,-1.00,-1.00,0.0,0,0,0,0,0,0,0,0,0,0,0,0
533967_01424_01425_1,86.8,1,2022/10/18 07:45:00,-1.00,-1.00,0.0,0,0,0,0,0,0,0,0,0,0,0,0
533967_01424_01425_1,86.8,1,2022/10/18 08:00:00,-1.00,-1.00,0.0,0,0,0,0,0,0,0,0,0,0,0,0
533967_01424_01425_1,86.8,1,2022/10/18 08:15:00,-1.00,-1.00,0.0,0,0,0,0,0,0,0,0,0,0,0,0
533967_01424_01425_1,86.8,1,2022/10/18 08:30:00,-1.00,-1.00,0.0,0,0,0,0,0,0,0,0,0,0,0,0
533967_01424_01425_1,86.8,1,2022/10/18 08:45:00,-1.00,-1.00,0.0,0,0,0,0,0,0,0,0,0,0,0,0
533967_01424_01425_1,86.8,1,2022/10/18 09:00:00,-1.00,-1.00,0.0,0,0,0,0,0,0,0,0,0,0,0,0
533967_01424_01425_1,86.8,1,2022/10/18 09:15:00,-1.00,-1.00,0.0,0,0,0,0,0,0,0,0,0,0,0,0
533967_01424_01425_1,86.8,1,2022/10/18 09:30:00,-1.00,-1.00,0.0,0,0,0,0,0,0,0,0,0,0,0,0
533967_01424_01425_1,86.8,1,2022/10/18 09:45:00,-1.00,-1.00,0.0,0,0,0,0,0,0,0,0,0,0,0,0
533967_01424_01425_1,86.8,1,2022/10/18 10:00:00,-1.00,-1.00,0.0,0,0,0,0,0,0,0,0,0,0,0,0
533967_01424_01425_1,86.8,1,2022/10/18 10:15:00,-1.00,-1.00,0.0,0,0,0,0,0,0,0,0,0,0,0,0
533967_01424_01425_1,86.8,1,2022/10/18 10:30:00,-1.00,-1.00,0.0,0,0,0,0,0,0,0,0,0,0,0,0
533967_01424_01425_1,86.8,1,2022/10/18 10:45:00,-1.00,-1.00,0.0,0,0,0,0,0,0,0,0,0,0,0,0
533967_01424_01425_1,86.8,1,2022/10/18 11:00:00,-1.00,-1.00,0.0,0,0,0,0,0,0,0,0,0,0,0,0
533967_01424_01425_1,86.8,1,2022/10/18 11:15:00,-1.00,-1.00,0.0,0,0,0,0,0,0,0,0,0,0,0,0
533967_01424_01425_1,86.8,1,2022/10/18 11:30:00,-1.00,-1.00,0.0,0,0,0,0,0,0,0,0,0,0,0,0
533967_01424_01425_1,86.8,1,2022/10/18 11:45:00,-1.00,-1.00,0.0,0,0,0,0,0,0,0,0,0,0,0,0
533967_01424_01425_1,86.8,1,2022/10/18 12:00:00,-1.00,-1.00,0.0,0,0,0,0,0,0,0,0,0,0,0,0
533967_01424_01425_1,86.8,1,2022/10/18 12:15:00,-1.00,-1.00,0.0,0,0,0,0,0,0,0,0,0,0,0,0
533967_01424_01425_1,86.8,1,2022/10/18 12:30:00,-1.00,-1.00,0.0,0,0,0,0,0,0,0,0,0,0,0,0
533967_01424_01425_1,86.8,1,2022/10/18 12:45:00,-1.00,-1.00,0.0,0,0,0,0,0,0,0,0,0,0,0,0
533967_01424_01425_1,86.8,1,2022/10/18 13:00:00,-1.00,-1.00,0.0,0,0,0,0,0,0,0,0,0,0,0,0
533967_01424_01425_1,86.8,1,2022/10/18 13:15:00,-1.00,-1.00,0.0,0,0,0,0,0,0,0,0,0,0,0,0
533967_01424_01425_1,86.8,1,2022/10/18 13:30:00,-1.00,-1.00,0.0,0,0,0,0,0,0,0,0,0,0,0,0
533967_01424_01425_1,86.8,1,2022/10/18 13:45:00,-1.00,-1.00,0.0,0,0,0,0,0,0,0,0,0,0,0,0
533967_01424_01425_1,86.8,1,2022/10/18 14:00:00,-1.00,-1.00,0.0,0,0,0,0,0,0,0,0,0,0,0,0
533967_01424_01425_1,86.8,1,2022/10/18 14:15:00,-1.00,-1.00,0.0,0,0,0,0,0,0,0,0,0,0,0,0
533967_01424_01425_1,86.8,1,2022/10/18 14:30:00,-1.00,-1.00,0.0,0,0,0,0,0,0,0,0,0,0,0,0
533967_01424_01425_1,86.8,1,2022/10/18 14:45:00,-1.00,-1.00,0.0,0,0,0,0,0,0,0,0,0,0,0,0
533967_01424_01425_1,86.8,1,2022/10/18 15:00:00,-1.00,-1.00,0.0,0,0,0,0,0,0,0,0,0,0,0,0
533967_01424_01425_1,86.8,1,2022/10/18 15:15:00,-1.00,-1.00,0.0,0,0,0,0,0,0,0,0,0,0,0,0
533967_01424_01425_1,86.8,1,2022/10/18 15:30:00,-1.00,-1.00,0.0,0,0,0,0,0,0,0,0,0,0,0,0
533967_01424_01425_1,86.8,1,2022/10/18 15:45:00,-1.00,-1.00,0.0,0,0,0,0,0,0,0,0,0,0,0,0
533967_01424_01425_1,86.8,1,2022/10/18 16:00:00,-1.00,-1.00,0.0,0,0,0,0,0,0,0,0,0,0,0,0
533967_01424_01425_1,86.8,1,2022/10/18 16:15:00,-1.00,-1.00,0.0,0,0,0,0,0,0,0,0,0,0,0,0
533967_01424_01425_1,86.8,1,2022/10/18 16:30:00,-1.00,-1.00,0.0,0,0,0,0,0,0,0,0,0,0,0,0
533967_01424_01425_1,86.8,1,2022/10/18 16:45:00,-1.00,-1.00,0.0,0,0,0,0,0,0,0,0,0,0,0,0
533967_01424_01425_1,86.8,1,2022/10/18 17:00:00,-1.00,-1.00,0.0,0,0,0,0,0,0,0,0,0,0,0,0
533967_01424_01425_1,86.8,1,2022/10/18 17:15:00,-1.00,-1.00,0.0,0,0,0,0,0,0,0,0,0,0,0,0
533967_01424_01425_1,86.8,1,2022/10/18 17:30:00,-1.00,-1.00,0.0,0,0,0,0,0,0,0,0,0,0,0,0
533967_01424_01425_1,86.8,1,2022/10/18 17:45:00,-1.00,-1.00,0.0,0,0,0,0,0,0,0,0,0,0,0,0
533967_01424_01425_1,86.8,1,2022/10/18 18:00:00,-1.00,-1.00,0.0,0,0,0,0,0,0,0,0,0,0,0,0
533967_01424_01425_1,86.8,1,2022/10/18 18:15:00,-1.00,-1.00,0.0,0,0,0,0,0,0,0,0,0,0,0,0
533967_01424_01425_1,86.8,1,2022/10/18 18:30:00,-1.00,-1.00,0.0,0,0,0,0,0,0,0,0,0,0,0,0
533967_01424_01425_1,86.8,1,2022/10/18 18:45:00,-1.00,-1.00,0.0,0,0,0,0,0,0,0,0,0,0,0,0
533967_01424_01604_0,148.3,1,2022/10/18 06:30:00,-1.00,-1.00,0.0,0,0,0,0,0,0,0,0,0,0,0,0
533967_01424_01604_0,148.3,1,2022/10/18 06:45:00,-1.00,-1.00,0.0,0,0,0,0,0,0,0,0,0,0,0,0
533967_01424_01604_0,148.3,1,2022/10/18 07:00:00,-1.00,-1.00,0.0,0,0,0,0,0,0,0,0,0,0,0,0
533967_01424_01604_0,148.3,1,2022/10/18 07:15:00,-1.00,-1.00,0.0,0,0,0,0,0,0,0,0,0,0,0,0
533967_01424_01604_0,148.3,1,2022/10/18 07:30:00,-1.00,-1.00,0.0,0,0,0,0,0,0,0,0,0,0,0,0
533967_01424_01604_0,148.3,1,2022/10/18 07:45:00,-1.00,-1.00,0.0,0,0,0,0,0,0,0,0,0,0,0,0
533967_01424_01604_0,148.3,1,2022/10/18 08:00:00,-1.00,-1.00,0.0,0,0,0,0,0,0,0,0,0,0,0,0
533967_01424_01604_0,148.3,1,2022/10/18 08:15:00,-1.00,-1.00,0.0,0,0,0,0,0,0,0,0,0,0,0,0
533967_01424_01604_0,148.3,1,2022/10/18 08:30:00,-1.00,-1.00,0.0,0,0,0,0,0,0,0,0,0,0,0,0
533967_01424_01604_0,148.3,1,2022/10/18 08:45:00,-1.00,-1.00,0.0,0,0,0,0,0,0,0,0,0,0,0,0
533967_01424_01604_0,148.3,1,2022/10/18 09:00:00,-1.00,-1.00,0.0,0,0,0,0,0,0,0,0,0,0,0,0
533967_01424_01604_0,148.3,1,2022/10/18 09:15:00,-1.00,-1.00,0.0,0,0,0,0,0,0,0,0,0,0,0,0
533967_01424_01604_0,148.3,1,2022/10/18 09:30:00,-1.00,-1.00,0.0,0,0,0,0,0,0,0,0,0,0,0,0
533967_01424_01604_0,148.3,1,2022/10/18 09:45:00,-1.00,-1.00,0.0,0,0,0,0,0,0,0,0,0,0,0,0
533967_01424_01604_0,148.3,1,2022/10/18 10:00:00,-1.00,-1.00,0.0,0,0,0,0,0,0,0,0,0,0,0,0
533967_01424_01604_0,148.3,1,2022/10/18 10:15:00,-1.00,-1.00,0.0,0,0,0,0,0,0,0,0,0,0,0,0
533967_01424_01604_0,148.3,1,2022/10/18 10:30:00,-1.00,-1.00,0.0,0,0,0,0,0,0,0,0,0,0,0,0
533967_01424_01604_0,148.3,1,2022/10/18 10:45:00,-1.00,-1.00,0.0,0,0,0,0,0,0,0,0,0,0,0,0
533967_01424_01604_0,148.3,1,2022/10/18 11:00:00,-1.00,-1.00,0.0,0,0,0,0,0,0,0,0,0,0,0,0
533967_01424_01604_0,148.3,1,2022/10/18 11:15:00,-1.00,-1.00,0.0,0,0,0,0,0,0,0,0,0,0,0,0
533967_01424_01604_0,148.3,1,2022/10/18 11:30:00,-1.00,-1.00,0.0,0,0,0,0,0,0,0,0,0,0,0,0
533967_01424_01604_0,148.3,1,2022/10/18 11:45:00,-1.00,-1.00,0.0,0,0,0,0,0,0,0,0,0,0,0,0
533967_01424_01604_0,148.3,1,2022/10/18 12:00:00,-1.00,-1.00,0.0,0,0,0,0,0,0,0,0,0,0,0,0
533967_01424_01604_0,148.3,1,2022/10/18 12:15:00,-1.00,-1.00,0.0,0,0,0,0,0,0,0,0,0,0,0,0
533967_01424_01604_0,148.3,1,2022/10/18 12:30:00,-1.00,-1.00,0.0,0,0,0,0,0,0,0,0,0,0,0,0
533967_01424_01604_0,148.3,1,2022/10/18 12:45:00,-1.00,-1.00,0.0,0,0,0,0,0,0,0,0,0,0,0,0
533967_01424_01604_0,148.3,1,2022/10/18 13:00:00,-1.00,-1.00,0.0,0,0,0,0,0,0,0,0,0,0,0,0
533967_01424_01604_0,148.3,1,2022/10/18 13:15:00,-1.00,-1.00,0.0,0,0,0,0,0,0,0,0,0,0,0,0
533967_01424_01604_0,148.3,1,2022/10/18 13:30:00,-1.00,-1.00,0.0,0,0,0,0,0,0,0,0,0,0,0,0
533967_01424_01604_0,148.3,1,2022/10/18 13:45:00,-1.00,-1.00,0.0,0,0,0,0,0,0,0,0,0,0,0,0
533967_01424_01604_0,148.3,1,2022/10/18 14:00:00,-1.00,-1.00,0.0,0,0,0,0,0,0,0,0,0,0,0,0
533967_01424_01604_0,148.3,1,2022/10/18 14:15:00,-1.00,-1.00,0.0,0,0,0,0,0,0,0,0,0,0,0,0
533967_01424_01604_0,148.3,1,2022/10/18 14:30:00,-1.00,-1.00,0.0,0,0,0,0,0,0,0,0,0,0,0,0
533967_01424_01604_0,148.3,1,2022/10/18 14:45:00,-1.00,-1.00,0.0,0,0,0,0,0,0,0,0,0,0,0,0
533967_01424_01604_0,148.3,1,2022/10/18 15:00:00,-1.00,-1.00,0.0,0,0,0,0,0,0,0,0,0,0,0,0
533967_01424_01604_0,148.3,1,2022/10/18 15:15:00,-1.00,-1.00,0.0,0,0,0,0,0,0,0,0,0,0,0,0
533967_01424_01604_0,148.3,1,2022/10/18 15:30:00,-1.00,-1.00,0.0,0,0,0,0,0,0,0,0,0,0,0,0
533967_01424_01604_0,148.3,1,2022/10/18 15:45:00,-1.00,-1.00,0.0,0,0,0,0,0,0,0,0,0,0,0,0
533967_01424_01604_0,148.3,1,2022/10/18 16:00:00,-1.00,-1.00,0.0,0,0,0,0,0,0,0,0,0,0,0,0
533967_01424_01604_0,148.3,1,2022/10/18 16:15:00,-1.00,-1.00,0.0,0,0,0,0,0,0,0,0,0,0,0,0
533967_01424_01604_0,148.3,1,2022/10/18 16:30:00,-1.00,-1.00,0.0,0,0,0,0,0,0,0,0,0,0,0,0
533967_01424_01604_0,148.3,1,2022/10/18 16:45:00,-1.00,-1.00,0.0,0,0,0,0,0,0,0,0,0,0,0,0
533967_01424_01604_0,148.3,1,2022/10/18 17:00:00,-1.00,-1.00,0.0,0,0,0,0,0,0,0,0,0,0,0,0
533967_01424_01604_0,148.3,1,2022/10/18 17:15:00,-1.00,-1.00,0.0,0,0,0,0,0,0,0,0,0,0,0,0
533967_01424_01604_0,148.3,1,2022/10/18 17:30:00,-1.00,-1.00,0.0,0,0,0,0,0,0,0,0,0,0,0,0
533967_01424_01604_0,148.3,1,2022/10/18 17:45:00,-1.00,-1.00,0.0,0,0,0,0,0,0,0,0,0,0,0,0
533967_01424_01604_0,148.3,1,2022/10/18 18:00:00,-1.00,-1.00,0.0,0,0,0,0,0,0,0,0,0,0,0,0
533967_01424_01604_0,148.3,1,2022/10/18 18:15:00,-1.00,-1.00,0.0,0,0,0,0,0,0,0,0,0,0,0,0
533967_01424_01604_0,148.3,1,2022/10/18 18:30:00,-1.00,-1.00,0.0,0,0,0,0,0,0,0,0,0,0,0,0
533967_01424_01604_0,148.3,1,2022/10/18 18:45:00,-1.00,-1.00,0.0,0,0,0,0,0,0,0,0,0,0,0,0
533967_01424_01604_1,148.7,1,2022/10/18 06:30:00,-1.00,-1.00,0.0,0,0,0,0,0,0,0,0,0,0,0,0
533967_01424_01604_1,148.7,1,2022/10/18 06:45:00,-1.00,-1.00,0.0,0,0,0,0,0,0,0,0,0,0,0,0
533967_01424_01604_1,148.7,1,2022/10/18 07:00:00,-1.00,-1.00,0.0,0,0,0,0,0,0,0,0,0,0,0,0
533967_01424_01604_1,148.7,1,2022/10/18 07:15:00,-1.00,-1.00,0.0,0,0,0,0,0,0,0,0,0,0,0,0
533967_01424_01604_1,148.7,1,2022/10/18 07:30:00,-1.00,-1.00,0.0,0,0,0,0,0,0,0,0,0,0,0,0
533967_01424_01604_1,148.7,1,2022/10/18 07:45:00,-1.00,-1.00,0.0,0,0,0,0,0,0,0,0,0,0,0,0
533967_01424_01604_1,148.7,1,2022/10/18 08:00:00,-1.00,-1.00,0.0,0,0,0,0,0,0,0,0,0,0,0,0
533967_01424_01604_1,148.7,1,2022/10/18 08:15:00,-1.00,-1.00,0.0,0,0,0,0,0,0,0,0,0,0,0,0
533967_01424_01604_1,148.7,1,2022/10/18 08:30:00,-1.00,-1.00,0.0,0,0,0,0,0,0,0,0,0,0,0,0
533967_01424_01604_1,148.7,1,2022/10/18 08:45:00,-1.00,-1.00,0.0,0,0,0,0,0,0,0,0,0,0,0,0
533967_01424_01604_1,148.7,1,2022/10/18 09:00:00,-1.00,-1.00,0.0,0,0,0,0,0,0,0,0,0,0,0,0
533967_01424_01604_1,148.7,1,2022/10/18 09:15:00,-1.00,-1.00,0.0,0,0,0,0,0,0,0,0,0,0,0,0
533967_01424_01604_1,148.7,1,2022/10/18 09:30:00,-1.00,-1.00,0.0,0,0,0,0,0,0,0,0,0,0,0,0
533967_01424_01604_1,148.7,1,2022/10/18 09:45:00,-1.00,-1.00,0.0,0,0,0,0,0,0,0,0,0,0,0,0
533967_01424_01604_1,148.7,1,2022/10/18 10:00:00,-1.00,-1.00,0.0,0,0,0,0,0,0,0,0,0,0,0,0
533967_01424_01604_1,148.7,1,2022/10/18 10:15:00,-1.00,-1.00,0.0,0,0,0,0,0,0,0,0,0,0,0,0
533967_01424_01604_1,148.7,1,2022/10/18 10:30:00,-1.00,-1.00,0.0,0,0,0,0,0,0,0,0,0,0,0,0
533967_01424_01604_1,148.7,1,2022/10/18 10:45:00,-1.00,-1.00,0.0,0,0,0,0,0,0,0,0,0,0,0,0
533967_01424_01604_1,148.7,1,2022/10/18 11:00:00,-1.00,-1.00,0.0,0,0,0,0,0,0,0,0,0,0,0,0
533967_01424_01604_1,148.7,1,2022/10/18 11:15:00,-1.00,-1.00,0.0,0,0,0,0,0,0,0,0,0,0,0,0
533967_01424_01604_1,148.7,1,2022/10/18 11:30:00,-1.00,-1.00,0.0,0,0,0,0,0,0,0,0,0,0,0,0
533967_01424_01604_1,148.7,1,2022/10/18 11:45:00,-1.00,-1.00,0.0,0,0,0,0,0,0,0,0,0,0,0,0
533967_01424_01604_1,148.7,1,2022/10/18 12:00:00,-1.00,-1.00,0.0,0,0,0,0,0,0,0,0,0,0,0,0
533967_01424_01604_1,148.7,1,2022/10/18 12:15:00,-1.00,-1.00,0.0,0,0,0,0,0,0,0,0,0,0,0,0
533967_01424_01604_1,148.7,1,2022/10/18 12:30:00,-1.00,-1.00,0.0,0,0,0,0,0,0,0,0,0,0,0,0
533967_01424_01604_1,148.7,1,2022/10/18 12:45:00,-1.00,-1.00,0.0,0,0,0,0,0,0,0,0,0,0,0,0
533967_01424_01604_1,148.7,1,2022/10/18 13:00:00,-1.00,-1.00,0.0,0,0,0,0,0,0,0,0,0,0,0,0
533967_01424_01604_1,148.7,1,2022/10/18 13:15:00,-1.00,-1.00,0.0,0,0,0,0,0,0,0,0,0,0,0,0
533967_01424_01604_1,148.7,1,2022/10/18 13:30:00,-1.00,-1.00,0.0,0,0,0,0,0,0,0,0,0,0,0,0
533967_01424_01604_1,148.7,1,2022/10/18 13:45:00,-1.00,-1.00,0.0,0,0,0,0,0,0,0,0,0,0,0,0
533967_01424_01604_1,148.7,1,2022/10/18 14:00:00,-1.00,-1.00,0.0,0,0,0,0,0,0,0,0,0,0,0,0
533967_01424_01604_1,148.7,1,2022/10/18 14:15:00,-1.00,-1.00,0.0,0,0,0,0,0,0,0,0,0,0,0,0
533967_01424_01604_1,148.7,1,2022/10/18 14:30:00,-1.00,-1.00,0.0,0,0,0,0,0,0,0,0,0,0,0,0
533967_01424_01604_1,148.7,1,2022/10/18 14:45:00,-1.00,-1.00,0.0,0,0,0,0,0,0,0,0,0,0,0,0
533967_01424_01604_1,148.7,1,2022/10/18 15:00:00,-1.00,-1.00,0.0,0,0,0,0,0,0,0,0,0,0,0,0
533967_01424_01604_1,148.7,1,2022/10/18 15:15:00,-1.00,-1.00,0.0,0,0,0,0,0,0,0,0,0,0,0,0
533967_01424_01604_1,148.7,1,2022/10/18 15:30:00,-1.00,-1.00,0.0,0,0,0,0,0,0,0,0,0,0,0,0
533967_01424_01604_1,148.7,1,2022/10/18 15:45:00,-1.00,-1.00,0.0,0,0,0,0,0,0,0,0,0,0,0,0
533967_01424_01604_1,148.7,1,2022/10/18 16:00:00,-1.00,-1.00,0.0,0,0,0,0,0,0,0,0,0,0,0,0
533967_01424_01604_1,148.7,1,2022/10/18 16:15:00,-1.00,-1.00,0.0,0,0,0,0,0,0,0,0,0,0,0,0
533967_01424_01604_1,148.7,1,2022/10/18 16:30:00,-1.00,-1.00,0.0,0,0,0,0,0,0,0,0,0,0,0,0
533967_01424_01604_1,148.7,1,2022/10/18 16:45:00,-1.00,-1.00,0.0,0,0,0,0,0,0,0,0,0,0,0,0
533967_01424_01604_1,148.7,1,2022/10/18 17:00:00,-1.00,-1.00,0.0,0,0,0,0,0,0,0,0,0,0,0,0
533967_01424_01604_1,148.7,1,2022/10/18 17:15:00,-1.00,-1.00,0.0,0,0,0,0,0,0,0,0,0,0,0,0
533967_01424_01604_1,148.7,1,2022/10/18 17:30:00,-1.00,-1.00,0.0,0,0,0,0,0,0,0,0,0,0,0,0
533967_01424_01604_1,148.7,1,2022/10/18 17:45:00,-1.00,-1.00,0.0,0,0,0,0,0,0,0,0,0,0,0,0
533967_01424_01604_1,148.7,1,2022/10/18 18:00:00,-1.00,-1.00,0.0,0,0,0,0,0,0,0,0,0,0,0,0
533967_01424_01604_1,148.7,1,2022/10/18 18:15:00,-1.00,-1.00,0.0,0,0,0,0,0,0,0,0,0,0,0,0
533967_01424_01604_1,148.7,1,2022/10/18 18:30:00,-1.00,-1.00,0.0,0,0,0,0,0,0,0,0,0,0,0,0
533967_01424_01604_1,148.7,1,2022/10/18 18:45:00,-1.00,-1.00,0.0,0,0,0,0,0,0,0,0,0,0,0,0
533967_01424_01605_0,270.7,1,2022/10/18 06:30:00,-1.00,-1.00,0.0,0,0,0,0,0,0,0,0,0,0,0,0
533967_01424_01605_0,270.7,1,2022/10/18 06:45:00,-1.00,-1.00,0.0,0,0,0,0,0,0,0,0,0,0,0,0
533967_01424_01605_0,270.7,1,2022/10/18 07:00:00,-1.00,-1.00,0.0,0,0,0,0,0,0,0,0,0,0,0,0
533967_01424_01605_0,270.7,1,2022/10/18 07:15:00,-1.00,-1.00,0.0,0,0,0,0,0,0,0,0,0,0,0,0
533967_01424_01605_0,270.7,1,2022/10/18 07:30:00,-1.00,-1.00,0.0,0,0,0,0,0,0,0,0,0,0,0,0
533967_01424_01605_0,270.7,1,2022/10/18 07:45:00,-1.00,-1.00,0.0,0,0,0,0,0,0,0,0,0,0,0,0
533967_01424_01605_0,270.7,1,2022/10/18 08:00:00,-1.00,-1.00,0.0,0,0,0,0,0,0,0,0,0,0,0,0
533967_01424_01605_0,270.7,1,2022/10/18 08:15:00,-1.00,-1.00,0.0,0,0,0,0,0,0,0,0,0,0,0,0
533967_01424_01605_0,270.7,1,2022/10/18 08:30:00,-1.00,-1.00,0.0,0,0,0,0,0,0,0,0,0,0,0,0
533967_01424_01605_0,270.7,1,2022/10/18 08:45:00,-1.00,-1.00,0.0,0,0,0,0,0,0,0,0,0,0,0,0
533967_01424_01605_0,270.7,1,2022/10/18 09:00:00,-1.00,-1.00,0.0,0,0,0,0,0,0,0,0,0,0,0,0
533967_01424_01605_0,270.7,1,2022/10/18 09:15:00,-1.00,-1.00,0.0,0,0,0,0,0,0,0,0,0,0,0,0
533967_01424_01605_0,270.7,1,2022/10/18 09:30:00,-1.00,-1.00,0.0,0,0,0,0,0,0,0,0,0,0,0,0
533967_01424_01605_0,270.7,1,2022/10/18 09:45:00,-1.00,-1.00,0.0,0,0,0,0,0,0,0,0,0,0,0,0
533967_01424_01605_0,270.7,1,2022/10/18 10:00:00,-1.00,-1.00,0.0,0,0,0,0,0,0,0,0,0,0,0,0
533967_01424_01605_0,270.7,1,2022/10/18 10:15:00,-1.00,-1.00,0.0,0,0,0,0,0,0,0,0,0,0,0,0
533967_01424_01605_0,270.7,1,2022/10/18 10:30:00,-1.00,-1.00,0.0,0,0,0,0,0,0,0,0,0,0,0,0
533967_01424_01605_0,270.7,1,2022/10/18 10:45:00,-1.00,-1.00,0.0,0,0,0,0,0,0,0,0,0,0,0,0
533967_01424_01605_0,270.7,1,2022/10/18 11:00:00,-1.00,-1.00,0.0,0,0,0,0,0,0,0,0,0,0,0,0
533967_01424_01605_0,270.7,1,2022/10/18 11:15:00,-1.00,-1.00,0.0,0,0,0,0,0,0,0,0,0,0,0,0
533967_01424_01605_0,270.7,1,2022/10/18 11:30:00,-1.00,-1.00,0.0,0,0,0,0,0,0,0,0,0,0,0,0
533967_01424_01605_0,270.7,1,2022/10/18 11:45:00,-1.00,-1.00,0.0,0,0,0,0,0,0,0,0,0,0,0,0
533967_01424_01605_0,270.7,1,2022/10/18 12:00:00,-1.00,-1.00,0.0,0,0,0,0,0,0,0,0,0,0,0,0
533967_01424_01605_0,270.7,1,2022/10/18 12:15:00,-1.00,-1.00,0.0,0,0,0,0,0,0,0,0,0,0,0,0
533967_01424_01605_0,270.7,1,2022/10/18 12:30:00,-1.00,-1.00,0.0,0,0,0,0,0,0,0,0,0,0,0,0
533967_01424_01605_0,270.7,1,2022/10/18 12:45:00,-1.00,-1.00,0.0,0,0,0,0,0,0,0,0,0,0,0,0
533967_01424_01605_0,270.7,1,2022/10/18 13:00:00,-1.00,-1.00,0.0,0,0,0,0,0,0,0,0,0,0,0,0
533967_01424_01605_0,270.7,1,2022/10/18 13:15:00,-1.00,-1.00,0.0,0,0,0,0,0,0,0,0,0,0,0,0
533967_01424_01605_0,270.7,1,2022/10/18 13:30:00,-1.00,-1.00,0.0,0,0,0,0,0,0,0,0,0,0,0,0
533967_01424_01605_0,270.7,1,2022/10/18 13:45:00,-1.00,-1.00,0.0,0,0,0,0,0,0,0,0,0,0,0,0
533967_01424_01605_0,270.7,1,2022/10/18 14:00:00,-1.00,-1.00,0.0,0,0,0,0,0,0,0,0,0,0,0,0
533967_01424_01605_0,270.7,1,2022/10/18 14:15:00,-1.00,-1.00,0.0,0,0,0,0,0,0,0,0,0,0,0,0
533967_01424_01605_0,270.7,1,2022/10/18 14:30:00,-1.00,-1.00,0.0,0,0,0,0,0,0,0,0,0,0,0,0
533967_01424_01605_0,270.7,1,2022/10/18 14:45:00,-1.00,-1.00,0.0,0,0,0,0,0,0,0,0,0,0,0,0
533967_01424_01605_0,270.7,1,2022/10/18 15:00:00,-1.00,-1.00,0.0,0,0,0,0,0,0,0,0,0,0,0,0
533967_01424_01605_0,270.7,1,2022/10/18 15:15:00,-1.00,-1.00,0.0,0,0,0,0,0,0,0,0,0,0,0,0
533967_01424_01605_0,270.7,1,2022/10/18 15:30:00,-1.00,-1.00,0.0,0,0,0,0,0,0,0,0,0,0,0,0
533967_01424_01605_0,270.7,1,2022/10/18 15:45:00,-1.00,-1.00,0.0,0,0,0,0,0,0,0,0,0,0,0,0
533967_01424_01605_0,270.7,1,2022/10/18 16:00:00,-1.00,-1.00,0.0,0,0,0,0,0,0,0,0,0,0,0,0
533967_01424_01605_0,270.7,1,2022/10/18 16:15:00,-1.00,-1.00,0.0,0,0,0,0,0,0,0,0,0,0,0,0
533967_01424_01605_0,270.7,1,2022/10/18 16:30:00,-1.00,-1.00,0.0,0,0,0,0,0,0,0,0,0,0,0,0
533967_01424_01605_0,270.7,1,2022/10/18 16:45:00,-1.00,-1.00,0.0,0,0,0,0,0,0,0,0,0,0,0,0
533967_01424_01605_0,270.7,1,2022/10/18 17:00:00,-1.00,-1.00,0.0,0,0,0,0,0,0,0,0,0,0,0,0
533967_01424_01605_0,270.7,1,2022/10/18 17:15:00,-1.00,-1.00,0.0,0,0,0,0,0,0,0,0,0,0,0,0
533967_01424_01605_0,270.7,1,2022/10/18 17:30:00,-1.00,-1.00,0.0,0,0,0,0,0,0,0,0,0,0,0,0
533967_01424_01605_0,270.7,1,2022/10/18 17:45:00,-1.00,-1.00,0.0,0,0,0,0,0,0,0,0,0,0,0,0
533967_01424_01605_0,270.7,1,2022/10/18 18:00:00,-1.00,-1.00,0.0,0,0,0,0,0,0,0,0,0,0,0,0
533967_01424_01605_0,270.7,1,2022/10/18 18:15:00,-1.00,-1.00,0.0,0,0,0,0,0,0,0,0,0,0,0,0
533967_01424_01605_0,270.7,1,2022/10/18 18:30:00,-1.00,-1.00,0.0,0,0,0,0,0,0,0,0,0,0,0,0
533967_01424_01605_0,270.7,1,2022/10/18 18:45:00,-1.00,-1.00,0.0,0,0,0,0,0,0,0,0,0,0,0,0
533967_01424_01605_1,270.6,1,2022/10/18 06:30:00,-1.00,-1.00,0.0,0,0,0,0,0,0,0,0,0,0,0,0
533967_01424_01605_1,270.6,1,2022/10/18 06:45:00,-1.00,-1.00,0.0,0,0,0,0,0,0,0,0,0,0,0,0
533967_01424_01605_1,270.6,1,2022/10/18 07:00:00,-1.00,-1.00,0.0,0,0,0,0,0,0,0,0,0,0,0,0
533967_01424_01605_1,270.6,1,2022/10/18 07:15:00,-1.00,-1.00,0.0,0,0,0,0,0,0,0,0,0,0,0,0
533967_01424_01605_1,270.6,1,2022/10/18 07:30:00,-1.00,-1.00,0.0,0,0,0,0,0,0,0,0,0,0,0,0
533967_01424_01605_1,270.6,1,2022/10/18 07:45:00,-1.00,-1.00,0.0,0,0,0,0,0,0,0,0,0,0,0,0
533967_01424_01605_1,270.6,1,2022/10/18 08:00:00,-1.00,-1.00,0.0,0,0,0,0,0,0,0,0,0,0,0,0
533967_01424_01605_1,270.6,1,2022/10/18 08:15:00,-1.00,-1.00,0.0,0,0,0,0,0,0,0,0,0,0,0,0
533967_01424_01605_1,270.6,1,2022/10/18 08:30:00,-1.00,-1.00,0.0,0,0,0,0,0,0,0,0,0,0,0,0
533967_01424_01605_1,270.6,1,2022/10/18 08:45:00,-1.00,-1.00,0.0,0,0,0,0,0,0,0,0,0,0,0,0
533967_01424_01605_1,270.6,1,2022/10/18 09:00:00,-1.00,-1.00,0.0,0,0,0,0,0,0,0,0,0,0,0,0
533967_01424_01605_1,270.6,1,2022/10/18 09:15:00,-1.00,-1.00,0.0,0,0,0,0,0,0,0,0,0,0,0,0
533967_01424_01605_1,270.6,1,2022/10/18 09:30:00,-1.00,-1.00,0.0,0,0,0,0,0,0,0,0,0,0,0,0
533967_01424_01605_1,270.6,1,2022/10/18 09:45:00,-1.00,-1.00,0.0,0,0,0,0,0,0,0,0,0,0,0,0
533967_01424_01605_1,270.6,1,2022/10/18 10:00:00,-1.00,-1.00,0.0,0,0,0,0,0,0,0,0,0,0,0,0
533967_01424_01605_1,270.6,1,2022/10/18 10:15:00,-1.00,-1.00,0.0,0,0,0,0,0,0,0,0,0,0,0,0
533967_01424_01605_1,270.6,1,2022/10/18 10:30:00,-1.00,-1.00,0.0,0,0,0,0,0,0,0,0,0,0,0,0
533967_01424_01605_1,270.6,1,2022/10/18 10:45:00,-1.00,-1.00,0.0,0,0,0,0,0,0,0,0,0,0,0,0
533967_01424_01605_1,270.6,1,2022/10/18 11:00:00,-1.00,-1.00,0.0,0,0,0,0,0,0,0,0,0,0,0,0
533967_01424_01605_1,270.6,1,2022/10/18 11:15:00,-1.00,-1.00,0.0,0,0,0,0,0,0,0,0,0,0,0,0
533967_01424_01605_1,270.6,1,2022/10/18 11:30:00,-1.00,-1.00,0.0,0,0,0,0,0,0,0,0,0,0,0,0
533967_01424_01605_1,270.6,1,2022/10/18 11:45:00,-1.00,-1.00,0.0,0,0,0,0,0,0,0,0,0,0,0,0
533967_01424_01605_1,270.6,1,2022/10/18 12:00:00,-1.00,-1.00,0.0,0,0,0,0,0,0,0,0,0,0,0,0
533967_01424_01605_1,270.6,1,2022/10/18 12:15:00,-1.00,-1.00,0.0,0,0,0,0,0,0,0,0,0,0,0,0
533967_01424_01605_1,270.6,1,2022/10/18 12:30:00,-1.00,-1.00,0.0,0,0,0,0,0,0,0,0,0,0,0,0
533967_01424_01605_1,270.6,1,2022/10/18 12:45:00,-1.00,-1.00,0.0,0,0,0,0,0,0,0,0,0,0,0,0
533967_01424_01605_1,270.6,1,2022/10/18 13:00:00,-1.00,-1.00,0.0,0,0,0,0,0,0,0,0,0,0,0,0
533967_01424_01605_1,270.6,1,2022/10/18 13:15:00,-1.00,-1.00,0.0,0,0,0,0,0,0,0,0,0,0,0,0
533967_01424_01605_1,270.6,1,2022/10/18 13:30:00,-1.00,-1.00,0.0,0,0,0,0,0,0,0,0,0,0,0,0
533967_01424_01605_1,270.6,1,2022/10/18 13:45:00,-1.00,-1.00,0.0,0,0,0,0,0,0,0,0,0,0,0,0
533967_01424_01605_1,270.6,1,2022/10/18 14:00:00,-1.00,-1.00,0.0,0,0,0,0,0,0,0,0,0,0,0,0
533967_01424_01605_1,270.6,1,2022/10/18 14:15:00,-1.00,-1.00,0.0,0,0,0,0,0,0,0,0,0,0,0,0
533967_01424_01605_1,270.6,1,2022/10/18 14:30:00,-1.00,-1.00,0.0,0,0,0,0,0,0,0,0,0,0,0,0
533967_01424_01605_1,270.6,1,2022/10/18 14:45:00,-1.00,-1.00,0.0,0,0,0,0,0,0,0,0,0,0,0,0
533967_01424_01605_1,270.6,1,2022/10/18 15:00:00,-1.00,-1.00,0.0,0,0,0,0,0,0,0,0,0,0,0,0
533967_01424_01605_1,270.6,1,2022/10/18 15:15:00,-1.00,-1.00,0.0,0,0,0,0,0,0,0,0,0,0,0,0
533967_01424_01605_1,270.6,1,2022/10/18 15:30:00,-1.00,-1.00,0.0,0,0,0,0,0,0,0,0,0,0,0,0
533967_01424_01605_1,270.6,1,2022/10/18 15:45:00,-1.00,-1.00,0.0,0,0,0,0,0,0,0,0,0,0,0,0
533967_01424_01605_1,270.6,1,2022/10/18 16:00:00,-1.00,-1.00,0.0,0,0,0,0,0,0,0,0,0,0,0,0
533967_01424_01605_1,270.6,1,2022/10/18 16:15:00,-1.00,-1.00,0.0,0,0,0,0,0,0,0,0,0,0,0,0
533967_01424_01605_1,270.6,1,2022/10/18 16:30:00,-1.00,-1.00,0.0,0,0,0,0,0,0,0,0,0,0,0,0
533967_01424_01605_1,270.6,1,2022/10/18 16:45:00,-1.00,-1.00,0.0,0,0,0,0,0,0,0,0,0,0,0,0
533967_01424_01605_1,270.6,1,2022/10/18 17:00:00,-1.00,-1.00,0.0,0,0,0,0,0,0,0,0,0,0,0,0
533967_01424_01605_1,270.6,1,2022/10/18 17:15:00,-1.00,-1.00,0.0,0,0,0,0,0,0,0,0,0,0,0,0
533967_01424_01605_1,270.6,1,2022/10/18 17:30:00,-1.00,-1.00,0.0,0,0,0,0,0,0,0,0,0,0,0,0
533967_01424_01605_1,270.6,1,2022/10/18 17:45:00,-1.00,-1.00,0.0,0,0,0,0,0,0,0,0,0,0,0,0
533967_01424_01605_1,270.6,1,2022/10/18 18:00:00,-1.00,-1.00,0.0,0,0,0,0,0,0,0,0,0,0,0,0
533967_01424_01605_1,270.6,1,2022/10/18 18:15:00,-1.00,-1.00,0.0,0,0,0,0,0,0,0,0,0,0,0,0
533967_01424_01605_1,270.6,1,2022/10/18 18:30:00,-1.00,-1.00,0.0,0,0,0,0,0,0,0,0,0,0,0,0
533967_01424_01605_1,270.6,1,2022/10/18 18:45:00,-1.00,-1.00,0.0,0,0,0,0,0,0,0,0,0,0,0,0
533967_01530_13891_0,118.0,1,2022/10/18 06:30:00,49.22,8.63,42.0,41,0,40,0,1,0,0,0,0,0,0,0
533967_01530_13891_0,118.0,1,2022/10/18 06:45:00,49.41,8.60,58.0,55,0,52,2,1,0,0,0,0,0,0,0
533967_01530_13891_0,118.0,1,2022/10/18 07:00:00,49.18,8.64,42.0,39,0,36,1,2,0,0,0,0,0,0,0
533967_01530_13891_0,118.0,1,2022/10/18 07:15:00,48.72,8.72,19.0,18,0,17,0,1,0,0,0,0,0,0,0
533967_01530_13891_0,118.0,1,2022/10/18 07:30:00,48.77,8.71,44.0,42,0,40,1,1,0,0,0,0,0,0,0
533967_01530_13891_0,118.0,1,2022/10/18 07:45:00,49.29,8.62,37.0,37,0,37,0,0,0,0,0,0,0,0,0
533967_01530_13891_0,118.0,1,2022/10/18 08:00:00,49.72,8.55,56.0,53,0,50,0,3,0,0,0,0,0,0,0
533967_01530_13891_0,118.0,1,2022/10/18 08:15:00,49.84,8.53,78.0,74,0,70,2,2,0,0,0,0,0,0,0
533967_01530_13891_0,118.0,1,2022/10/18 08:30:00,49.75,8.54,64.0,59,0,54,4,1,0,0,0,0,0,0,0
533967_01530_13891_0,118.0,1,2022/10/18 08:45:00,49.41,8.60,78.0,70,0,62,8,0,0,0,0,0,0,0,0
533967_01530_13891_0,118.0,1,2022/10/18 09:00:00,48.92,8.69,54.0,51,0,48,1,2,0,0,0,0,0,0,0
533967_01530_13891_0,118.0,1,2022/10/18 09:15:00,49.29,8.62,30.0,29,0,28,0,1,0,0,0,0,0,0,0
533967_01530_13891_0,118.0,1,2022/10/18 09:30:00,49.44,8.59,40.0,37,0,34,2,1,0,0,0,0,0,0,0
533967_01530_13891_0,118.0,1,2022/10/18 09:45:00,49.27,8.63,35.0,32,0,29,3,0,0,0,0,0,0,0,0
533967_01530_13891_0,118.0,1,2022/10/18 10:00:00,49.13,8.65,68.0,60,0,52,7,1,0,0,0,0,0,0,0
533967_01530_13891_0,118.0,1,2022/10/18 10:15:00,49.46,8.59,77.0,71,0,65,5,1,0,0,0,0,0,0,0
533967_01530_13891_0,118.0,1,2022/10/18 10:30:00,49.37,8.61,54.0,51,0,48,0,3,0,0,0,0,0,0,0
533967_01530_13891_0,118.0,1,2022/10/18 10:45:00,48.68,8.73,47.0,37,0,27,8,2,0,0,0,0,0,0,0
533967_01530_13891_0,118.0,1,2022/10/18 11:00:00,49.78,8.54,49.0,41,0,33,6,2,0,0,0,0,0,0,0
533967_01530_13891_0,118.0,1,2022/10/18 11:15:00,48.67,8.73,29.0,26,0,23,2,1,0,0,0,0,0,0,0
533967_01530_13891_0,118.0,1,2022/10/18 11:30:00,49.38,8.61,44.0,38,0,32,4,2,0,0,0,0,0,0,0
533967_01530_13891_0,118.0,1,2022/10/18 11:45:00,48.49,8.76,40.0,38,0,36,1,1,0,0,0,0,0,0,0
533967_01530_13891_0,118.0,1,2022/10/18 12:00:00,49.53,8.58,57.0,50,0,43,5,2,0,0,0,0,0,0,0
533967_01530_13891_0,118.0,1,2022/10/18 12:15:00,49.77,8.54,40.0,39,0,38,1,0,0,0,0,0,0,0,0
533967_01530_13891_0,118.0,1,2022/10/18 12:30:00,48.85,8.70,48.0,40,0,32,7,1,0,0,0,0,0,0,0
533967_01530_13891_0,118.0,1,2022/10/18 12:45:00,49.87,8.52,52.0,46,0,40,4,2,0,0,0,0,0,0,0
533967_01530_13891_0,118.0,1,2022/10/18 13:00:00,48.95,8.68,76.0,66,0,56,8,2,0,0,0,0,0,0,0
533967_01530_13891_0,118.0,1,2022/10/18 13:15:00,50.67,8.39,37.0,31,0,25,4,2,0,0,0,0,0,0,0
533967_01530_13891_0,118.0,1,2022/10/18 13:30:00,48.39,8.78,25.0,23,0,21,0,2,0,0,0,0,0,0,0
533967_01530_13891_0,118.0,1,2022/10/18 13:45:00,48.11,8.83,22.0,18,0,14,4,0,0,0,0,0,0,0,0
533967_01530_13891_0,118.0,1,2022/10/18 14:00:00,48.92,8.69,42.0,32,0,22,5,5,0,0,0,0,0,0,0
533967_01530_13891_0,118.0,1,2022/10/18 14:15:00,48.81,8.71,60.0,58,0,56,1,1,0,0,0,0,0,0,0
533967_01530_13891_0,118.0,1,2022/10/18 14:30:00,49.80,8.53,64.0,60,0,56,2,2,0,0,0,0,0,0,0
533967_01530_13891_0,118.0,1,2022/10/18 14:45:00,49.53,8.58,39.0,38,0,37,0,1,0,0,0,0,0,0,0
533967_01530_13891_0,118.0,1,2022/10/18 15:00:00,49.64,8.56,27.0,25,0,23,1,1,0,0,0,0,0,0,0
533967_01530_13891_0,118.0,1,2022/10/18 15:15:00,47.95,8.86,31.0,29,0,27,2,0,0,0,0,0,0,0,0
533967_01530_13891_0,118.0,1,2022/10/18 15:30:00,49.14,8.65,52.0,51,0,50,0,1,0,0,0,0,0,0,0
533967_01530_13891_0,118.0,1,2022/10/18 15:45:00,48.74,8.72,40.0,39,0,38,0,1,0,0,0,0,0,0,0
533967_01530_13891_0,118.0,1,2022/10/18 16:00:00,49.26,8.63,63.0,59,0,55,0,4,0,0,0,0,0,0,0
533967_01530_13891_0,118.0,1,2022/10/18 16:15:00,49.38,8.61,38.0,38,0,38,0,0,0,0,0,0,0,0,0
533967_01530_13891_0,118.0,1,2022/10/18 16:30:00,49.12,8.65,63.0,63,0,63,0,0,0,0,0,0,0,0,0
533967_01530_13891_0,118.0,1,2022/10/18 16:45:00,49.68,8.55,65.0,65,0,65,0,0,0,0,0,0,0,0,0
533967_01530_13891_0,118.0,1,2022/10/18 17:00:00,50.12,8.48,69.0,69,0,69,0,0,0,0,0,0,0,0,0
533967_01530_13891_0,118.0,1,2022/10/18 17:15:00,49.81,8.53,81.0,81,0,81,0,0,0,0,0,0,0,0,0
533967_01530_13891_0,118.0,1,2022/10/18 17:30:00,49.39,8.60,55.0,53,0,51,0,2,0,0,0,0,0,0,0
533967_01530_13891_0,118.0,1,2022/10/18 17:45:00,49.43,8.60,68.0,67,0,66,0,1,0,0,0,0,0,0,0
533967_01530_13891_0,118.0,1,2022/10/18 18:00:00,49.48,8.59,73.0,68,0,63,0,5,0,0,0,0,0,0,0
533967_01530_13891_0,118.0,1,2022/10/18 18:15:00,49.09,8.66,39.0,35,0,31,0,4,0,0,0,0,0,0,0
533967_01530_13891_0,118.0,1,2022/10/18 18:30:00,49.91,8.51,35.0,35,0,35,0,0,0,0,0,0,0,0,0
533967_01530_13891_0,118.0,1,2022/10/18 18:45:00,48.46,8.77,39.0,39,0,39,0,0,0,0,0,0,0,0,0
533967_01530_13891_1,117.5,1,2022/10/18 06:30:00,48.90,8.65,17.0,17,0,17,0,0,0,0,0,0,0,0,0
533967_01530_13891_1,117.5,1,2022/10/18 06:45:00,47.98,8.81,16.0,16,0,16,0,0,0,0,0,0,0,0,0
533967_01530_13891_1,117.5,1,2022/10/18 07:00:00,50.21,8.42,19.0,19,0,19,0,0,0,0,0,0,0,0,0
533967_01530_13891_1,117.5,1,2022/10/18 07:15:00,49.33,8.57,35.0,35,0,35,0,0,0,0,0,0,0,0,0
533967_01530_13891_1,117.5,1,2022/10/18 07:30:00,49.47,8.55,58.0,53,0,48,5,0,0,0,0,0,0,0,0
533967_01530_13891_1,117.5,1,2022/10/18 07:45:00,49.43,8.55,50.0,47,0,44,1,2,0,0,0,0,0,0,0
533967_01530_13891_1,117.5,1,2022/10/18 08:00:00,49.31,8.57,53.0,47,0,41,5,1,0,0,0,0,0,0,0
533967_01530_13891_1,117.5,1,2022/10/18 08:15:00,49.28,8.58,52.0,50,0,48,2,0,0,0,0,0,0,0,0
533967_01530_13891_1,117.5,1,2022/10/18 08:30:00,50.20,8.42,60.0,52,0,44,5,3,0,0,0,0,0,0,0
533967_01530_13891_1,117.5,1,2022/10/18 08:45:00,48.22,8.77,44.0,39,0,34,2,3,0,0,0,0,0,0,0
533967_01530_13891_1,117.5,1,2022/10/18 09:00:00,49.38,8.56,52.0,48,0,44,4,0,0,0,0,0,0,0,0
533967_01530_13891_1,117.5,1,2022/10/18 09:15:00,50.01,8.45,34.0,33,0,32,1,0,0,0,0,0,0,0,0
533967_01530_13891_1,117.5,1,2022/10/18 09:30:00,50.09,8.44,37.0,34,0,31,3,0,0,0,0,0,0,0,0
533967_01530_13891_1,117.5,1,2022/10/18 09:45:00,48.63,8.69,44.0,36,0,28,6,2,0,0,0,0,0,0,0
533967_01530_13891_1,117.5,1,2022/10/18 10:00:00,48.40,8.74,36.0,34,0,32,1,1,0,0,0,0,0,0,0
533967_01530_13891_1,117.5,1,2022/10/18 10:15:00,49.60,8.52,50.0,42,0,34,8,0,0,0,0,0,0,0,0
533967_01530_13891_1,117.5,1,2022/10/18 10:30:00,49.47,8.55,43.0,42,0,41,0,1,0,0,0,0,0,0,0
533967_01530_13891_1,117.5,1,2022/10/18 10:45:00,48.90,8.65,48.0,48,0,48,0,0,0,0,0,0,0,0,0
533967_01530_13891_1,117.5,1,2022/10/18 11:00:00,49.37,8.56,39.0,39,0,39,0,0,0,0,0,0,0,0,0
533967_01530_13891_1,117.5,1,2022/10/18 11:15:00,48.76,8.67,84.0,82,0,80,0,2,0,0,0,0,0,0,0
533967_01530_13891_1,117.5,1,2022/10/18 11:30:00,49.82,8.49,46.0,39,0,32,6,1,0,0,0,0,0,0,0
533967_01530_13891_1,117.5,1,2022/10/18 11:45:00,49.31,8.57,49.0,47,0,45,2,0,0,0,0,0,0,0,0
533967_01530_13891_1,117.5,1,2022/10/18 12:00:00,48.76,8.67,62.0,61,0,60,0,1,0,0,0,0,0,0,0
533967_01530_13891_1,117.5,1,2022/10/18 12:15:00,49.13,8.61,68.0,66,0,64,2,0,0,0,0,0,0,0,0
533967_01530_13891_1,117.5,1,2022/10/18 12:30:00,48.86,8.65,80.0,75,0,70,3,2,0,0,0,0,0,0,0
533967_01530_13891_1,117.5,1,2022/10/18 12:45:00,49.12,8.61,61.0,56,0,51,5,0,0,0,0,0,0,0,0
533967_01530_13891_1,117.5,1,2022/10/18 13:00:00,48.98,8.63,61.0,60,0,59,0,1,0,0,0,0,0,0,0
533967_01530_13891_1,117.5,1,2022/10/18 13:15:00,48.88,8.65,43.0,40,0,37,2,1,0,0,0,0,0,0,0
533967_01530_13891_1,117.5,1,2022/10/18 13:30:00,49.13,8.61,61.0,61,0,61,0,0,0,0,0,0,0,0,0
533967_01530_13891_1,117.5,1,2022/10/18 13:45:00,49.43,8.55,47.0,47,0,47,0,0,0,0,0,0,0,0,0
533967_01530_13891_1,117.5,1,2022/10/18 14:00:00,49.25,8.59,71.0,70,0,69,0,1,0,0,0,0,0,0,0
533967_01530_13891_1,117.5,1,2022/10/18 14:15:00,49.82,8.49,37.0,37,0,37,0,0,0,0,0,0,0,0,0
533967_01530_13891_1,117.5,1,2022/10/18 14:30:00,48.87,8.65,49.0,46,0,43,2,1,0,0,0,0,0,0,0
533967_01530_13891_1,117.5,1,2022/10/18 14:45:00,49.01,8.63,45.0,43,0,41,0,2,0,0,0,0,0,0,0
533967_01530_13891_1,117.5,1,2022/10/18 15:00:00,48.94,8.64,54.0,50,0,46,2,2,0,0,0,0,0,0,0
533967_01530_13891_1,117.5,1,2022/10/18 15:15:00,49.33,8.57,36.0,35,0,34,0,1,0,0,0,0,0,0,0
533967_01530_13891_1,117.5,1,2022/10/18 15:30:00,49.33,8.57,38.0,35,0,32,2,1,0,0,0,0,0,0,0
533967_01530_13891_1,117.5,1,2022/10/18 15:45:00,49.46,8.55,31.0,31,0,31,0,0,0,0,0,0,0,0,0
533967_01530_13891_1,117.5,1,2022/10/18 16:00:00,49.79,8.49,67.0,63,0,59,0,4,0,0,0,0,0,0,0
533967_01530_13891_1,117.5,1,2022/10/18 16:15:00,48.97,8.63,52.0,52,0,52,0,0,0,0,0,0,0,0,0
533967_01530_13891_1,117.5,1,2022/10/18 16:30:00,49.70,8.51,61.0,61,0,61,0,0,0,0,0,0,0,0,0
533967_01530_13891_1,117.5,1,2022/10/18 16:45:00,49.14,8.60,54.0,53,0,52,0,1,0,0,0,0,0,0,0
533967_01530_13891_1,117.5,1,2022/10/18 17:00:00,49.58,8.53,55.0,55,0,55,0,0,0,0,0,0,0,0,0
533967_01530_13891_1,117.5,1,2022/10/18 17:15:00,49.63,8.52,52.0,52,0,52,0,0,0,0,0,0,0,0,0
533967_01530_13891_1,117.5,1,2022/10/18 17:30:00,49.42,8.56,73.0,72,0,71,0,1,0,0,0,0,0,0,0
533967_01530_13891_1,117.5,1,2022/10/18 17:45:00,49.60,8.52,63.0,63,0,63,0,0,0,0,0,0,0,0,0
533967_01530_13891_1,117.5,1,2022/10/18 18:00:00,49.45,8.55,79.0,78,0,77,0,1,0,0,0,0,0,0,0
533967_01530_13891_1,117.5,1,2022/10/18 18:15:00,49.24,8.59,63.0,63,0,63,0,0,0,0,0,0,0,0,0
533967_01530_13891_1,117.5,1,2022/10/18 18:30:00,48.24,8.77,82.0,81,0,80,0,1,0,0,0,0,0,0,0
533967_01530_13891_1,117.5,1,2022/10/18 18:45:00,50.09,8.44,34.0,34,0,34,0,0,0,0,0,0,0,0,0
533967_01555_01556_0,188.1,1,2022/10/18 06:30:00,-1.00,-1.00,0.0,0,0,0,0,0,0,0,0,0,0,0,0
533967_01555_01556_0,188.1,1,2022/10/18 06:45:00,-1.00,-1.00,0.0,0,0,0,0,0,0,0,0,0,0,0,0
533967_01555_01556_0,188.1,1,2022/10/18 07:00:00,-1.00,-1.00,0.0,0,0,0,0,0,0,0,0,0,0,0,0
533967_01555_01556_0,188.1,1,2022/10/18 07:15:00,-1.00,-1.00,0.0,0,0,0,0,0,0,0,0,0,0,0,0
533967_01555_01556_0,188.1,1,2022/10/18 07:30:00,-1.00,-1.00,0.0,0,0,0,0,0,0,0,0,0,0,0,0
533967_01555_01556_0,188.1,1,2022/10/18 07:45:00,-1.00,-1.00,0.0,0,0,0,0,0,0,0,0,0,0,0,0
533967_01555_01556_0,188.1,1,2022/10/18 08:00:00,-1.00,-1.00,0.0,0,0,0,0,0,0,0,0,0,0,0,0
533967_01555_01556_0,188.1,1,2022/10/18 08:15:00,-1.00,-1.00,0.0,0,0,0,0,0,0,0,0,0,0,0,0
533967_01555_01556_0,188.1,1,2022/10/18 08:30:00,-1.00,-1.00,0.0,0,0,0,0,0,0,0,0,0,0,0,0
533967_01555_01556_0,188.1,1,2022/10/18 08:45:00,-1.00,-1.00,0.0,0,0,0,0,0,0,0,0,0,0,0,0
533967_01555_01556_0,188.1,1,2022/10/18 09:00:00,-1.00,-1.00,0.0,0,0,0,0,0,0,0,0,0,0,0,0
533967_01555_01556_0,188.1,1,2022/10/18 09:15:00,-1.00,-1.00,0.0,0,0,0,0,0,0,0,0,0,0,0,0
533967_01555_01556_0,188.1,1,2022/10/18 09:30:00,-1.00,-1.00,0.0,0,0,0,0,0,0,0,0,0,0,0,0
533967_01555_01556_0,188.1,1,2022/10/18 09:45:00,-1.00,-1.00,0.0,0,0,0,0,0,0,0,0,0,0,0,0
533967_01555_01556_0,188.1,1,2022/10/18 10:00:00,-1.00,-1.00,0.0,0,0,0,0,0,0,0,0,0,0,0,0
533967_01555_01556_0,188.1,1,2022/10/18 10:15:00,-1.00,-1.00,0.0,0,0,0,0,0,0,0,0,0,0,0,0
533967_01555_01556_0,188.1,1,2022/10/18 10:30:00,-1.00,-1.00,0.0,0,0,0,0,0,0,0,0,0,0,0,0
533967_01555_01556_0,188.1,1,2022/10/18 10:45:00,-1.00,-1.00,0.0,0,0,0,0,0,0,0,0,0,0,0,0
533967_01555_01556_0,188.1,1,2022/10/18 11:00:00,-1.00,-1.00,0.0,0,0,0,0,0,0,0,0,0,0,0,0
533967_01555_01556_0,188.1,1,2022/10/18 11:15:00,-1.00,-1.00,0.0,0,0,0,0,0,0,0,0,0,0,0,0
533967_01555_01556_0,188.1,1,2022/10/18 11:30:00,-1.00,-1.00,0.0,0,0,0,0,0,0,0,0,0,0,0,0
533967_01555_01556_0,188.1,1,2022/10/18 11:45:00,-1.00,-1.00,0.0,0,0,0,0,0,0,0,0,0,0,0,0
533967_01555_01556_0,188.1,1,2022/10/18 12:00:00,-1.00,-1.00,0.0,0,0,0,0,0,0,0,0,0,0,0,0
533967_01555_01556_0,188.1,1,2022/10/18 12:15:00,-1.00,-1.00,0.0,0,0,0,0,0,0,0,0,0,0,0,0
533967_01555_01556_0,188.1,1,2022/10/18 12:30:00,-1.00,-1.00,0.0,0,0,0,0,0,0,0,0,0,0,0,0
533967_01555_01556_0,188.1,1,2022/10/18 12:45:00,-1.00,-1.00,0.0,0,0,0,0,0,0,0,0,0,0,0,0
533967_01555_01556_0,188.1,1,2022/10/18 13:00:00,-1.00,-1.00,0.0,0,0,0,0,0,0,0,0,0,0,0,0
533967_01555_01556_0,188.1,1,2022/10/18 13:15:00,-1.00,-1.00,0.0,0,0,0,0,0,0,0,0,0,0,0,0
533967_01555_01556_0,188.1,1,2022/10/18 13:30:00,-1.00,-1.00,0.0,0,0,0,0,0,0,0,0,0,0,0,0
533967_01555_01556_0,188.1,1,2022/10/18 13:45:00,-1.00,-1.00,0.0,0,0,0,0,0,0,0,0,0,0,0,0
533967_01555_01556_0,188.1,1,2022/10/18 14:00:00,-1.00,-1.00,0.0,0,0,0,0,0,0,0,0,0,0,0,0
533967_01555_01556_0,188.1,1,2022/10/18 14:15:00,-1.00,-1.00,0.0,0,0,0,0,0,0,0,0,0,0,0,0
533967_01555_01556_0,188.1,1,2022/10/18 14:30:00,-1.00,-1.00,0.0,0,0,0,0,0,0,0,0,0,0,0,0
533967_01555_01556_0,188.1,1,2022/10/18 14:45:00,-1.00,-1.00,0.0,0,0,0,0,0,0,0,0,0,0,0,0
533967_01555_01556_0,188.1,1,2022/10/18 15:00:00,-1.00,-1.00,0.0,0,0,0,0,0,0,0,0,0,0,0,0
533967_01555_01556_0,188.1,1,2022/10/18 15:15:00,-1.00,-1.00,0.0,0,0,0,0,0,0,0,0,0,0,0,0
533967_01555_01556_0,188.1,1,2022/10/18 15:30:00,-1.00,-1.00,0.0,0,0,0,0,0,0,0,0,0,0,0,0
533967_01555_01556_0,188.1,1,2022/10/18 15:45:00,-1.00,-1.00,0.0,0,0,0,0,0,0,0,0,0,0,0,0
533967_01555_01556_0,188.1,1,2022/10/18 16:00:00,-1.00,-1.00,0.0,0,0,0,0,0,0,0,0,0,0,0,0
533967_01555_01556_0,188.1,1,2022/10/18 16:15:00,-1.00,-1.00,0.0,0,0,0,0,0,0,0,0,0,0,0,0
533967_01555_01556_0,188.1,1,2022/10/18 16:30:00,-1.00,-1.00,0.0,0,0,0,0,0,0,0,0,0,0,0,0
533967_01555_01556_0,188.1,1,2022/10/18 16:45:00,-1.00,-1.00,0.0,0,0,0,0,0,0,0,0,0,0,0,0
533967_01555_01556_0,188.1,1,2022/10/18 17:00:00,-1.00,-1.00,0.0,0,0,0,0,0,0,0,0,0,0,0,0
533967_01555_01556_0,188.1,1,2022/10/18 17:15:00,-1.00,-1.00,0.0,0,0,0,0,0,0,0,0,0,0,0,0
533967_01555_01556_0,188.1,1,2022/10/18 17:30:00,-1.00,-1.00,0.0,0,0,0,0,0,0,0,0,0,0,0,0
533967_01555_01556_0,188.1,1,2022/10/18 17:45:00,-1.00,-1.00,0.0,0,0,0,0,0,0,0,0,0,0,0,0
533967_01555_01556_0,188.1,1,2022/10/18 18:00:00,-1.00,-1.00,0.0,0,0,0,0,0,0,0,0,0,0,0,0
533967_01555_01556_0,188.1,1,2022/10/18 18:15:00,-1.00,-1.00,0.0,0,0,0,0,0,0,0,0,0,0,0,0
533967_01555_01556_0,188.1,1,2022/10/18 18:30:00,-1.00,-1.00,0.0,0,0,0,0,0,0,0,0,0,0,0,0
533967_01555_01556_0,188.1,1,2022/10/18 18:45:00,-1.00,-1.00,0.0,0,0,0,0,0,0,0,0,0,0,0,0
533967_01555_01556_1,187.7,1,2022/10/18 06:30:00,-1.00,-1.00,0.0,0,0,0,0,0,0,0,0,0,0,0,0
533967_01555_01556_1,187.7,1,2022/10/18 06:45:00,-1.00,-1.00,0.0,0,0,0,0,0,0,0,0,0,0,0,0
533967_01555_01556_1,187.7,1,2022/10/18 07:00:00,-1.00,-1.00,0.0,0,0,0,0,0,0,0,0,0,0,0,0
533967_01555_01556_1,187.7,1,2022/10/18 07:15:00,-1.00,-1.00,0.0,0,0,0,0,0,0,0,0,0,0,0,0
533967_01555_01556_1,187.7,1,2022/10/18 07:30:00,-1.00,-1.00,0.0,0,0,0,0,0,0,0,0,0,0,0,0
533967_01555_01556_1,187.7,1,2022/10/18 07:45:00,-1.00,-1.00,0.0,0,0,0,0,0,0,0,0,0,0,0,0
533967_01555_01556_1,187.7,1,2022/10/18 08:00:00,-1.00,-1.00,0.0,0,0,0,0,0,0,0,0,0,0,0,0
533967_01555_01556_1,187.7,1,2022/10/18 08:15:00,-1.00,-1.00,0.0,0,0,0,0,0,0,0,0,0,0,0,0
533967_01555_01556_1,187.7,1,2022/10/18 08:30:00,-1.00,-1.00,0.0,0,0,0,0,0,0,0,0,0,0,0,0
533967_01555_01556_1,187.7,1,2022/10/18 08:45:00,-1.00,-1.00,0.0,0,0,0,0,0,0,0,0,0,0,0,0
533967_01555_01556_1,187.7,1,2022/10/18 09:00:00,-1.00,-1.00,0.0,0,0,0,0,0,0,0,0,0,0,0,0
533967_01555_01556_1,187.7,1,2022/10/18 09:15:00,-1.00,-1.00,0.0,0,0,0,0,0,0,0,0,0,0,0,0
533967_01555_01556_1,187.7,1,2022/10/18 09:30:00,-1.00,-1.00,0.0,0,0,0,0,0,0,0,0,0,0,0,0
533967_01555_01556_1,187.7,1,2022/10/18 09:45:00,-1.00,-1.00,0.0,0,0,0,0,0,0,0,0,0,0,0,0
533967_01555_01556_1,187.7,1,2022/10/18 10:00:00,-1.00,-1.00,0.0,0,0,0,0,0,0,0,0,0,0,0,0
533967_01555_01556_1,187.7,1,2022/10/18 10:15:00,-1.00,-1.00,0.0,0,0,0,0,0,0,0,0,0,0,0,0
533967_01555_01556_1,187.7,1,2022/10/18 10:30:00,-1.00,-1.00,0.0,0,0,0,0,0,0,0,0,0,0,0,0
533967_01555_01556_1,187.7,1,2022/10/18 10:45:00,-1.00,-1.00,0.0,0,0,0,0,0,0,0,0,0,0,0,0
533967_01555_01556_1,187.7,1,2022/10/18 11:00:00,-1.00,-1.00,0.0,0,0,0,0,0,0,0,0,0,0,0,0
533967_01555_01556_1,187.7,1,2022/10/18 11:15:00,-1.00,-1.00,0.0,0,0,0,0,0,0,0,0,0,0,0,0
533967_01555_01556_1,187.7,1,2022/10/18 11:30:00,-1.00,-1.00,0.0,0,0,0,0,0,0,0,0,0,0,0,0
533967_01555_01556_1,187.7,1,2022/10/18 11:45:00,-1.00,-1.00,0.0,0,0,0,0,0,0,0,0,0,0,0,0
533967_01555_01556_1,187.7,1,2022/10/18 12:00:00,-1.00,-1.00,0.0,0,0,0,0,0,0,0,0,0,0,0,0
533967_01555_01556_1,187.7,1,2022/10/18 12:15:00,-1.00,-1.00,0.0,0,0,0,0,0,0,0,0,0,0,0,0
533967_01555_01556_1,187.7,1,2022/10/18 12:30:00,-1.00,-1.00,0.0,0,0,0,0,0,0,0,0,0,0,0,0
533967_01555_01556_1,187.7,1,2022/10/18 12:45:00,-1.00,-1.00,0.0,0,0,0,0,0,0,0,0,0,0,0,0
533967_01555_01556_1,187.7,1,2022/10/18 13:00:00,-1.00,-1.00,0.0,0,0,0,0,0,0,0,0,0,0,0,0
533967_01555_01556_1,187.7,1,2022/10/18 13:15:00,-1.00,-1.00,0.0,0,0,0,0,0,0,0,0,0,0,0,0
533967_01555_01556_1,187.7,1,2022/10/18 13:30:00,-1.00,-1.00,0.0,0,0,0,0,0,0,0,0,0,0,0,0
533967_01555_01556_1,187.7,1,2022/10/18 13:45:00,-1.00,-1.00,0.0,0,0,0,0,0,0,0,0,0,0,0,0
533967_01555_01556_1,187.7,1,2022/10/18 14:00:00,-1.00,-1.00,0.0,0,0,0,0,0,0,0,0,0,0,0,0
533967_01555_01556_1,187.7,1,2022/10/18 14:15:00,-1.00,-1.00,0.0,0,0,0,0,0,0,0,0,0,0,0,0
533967_01555_01556_1,187.7,1,2022/10/18 14:30:00,-1.00,-1.00,0.0,0,0,0,0,0,0,0,0,0,0,0,0
533967_01555_01556_1,187.7,1,2022/10/18 14:45:00,-1.00,-1.00,0.0,0,0,0,0,0,0,0,0,0,0,0,0
533967_01555_01556_1,187.7,1,2022/10/18 15:00:00,-1.00,-1.00,0.0,0,0,0,0,0,0,0,0,0,0,0,0
533967_01555_01556_1,187.7,1,2022/10/18 15:15:00,-1.00,-1.00,0.0,0,0,0,0,0,0,0,0,0,0,0,0
533967_01555_01556_1,187.7,1,2022/10/18 15:30:00,-1.00,-1.00,0.0,0,0,0,0,0,0,0,0,0,0,0,0
533967_01555_01556_1,187.7,1,2022/10/18 15:45:00,-1.00,-1.00,0.0,0,0,0,0,0,0,0,0,0,0,0,0
533967_01555_01556_1,187.7,1,2022/10/18 16:00:00,-1.00,-1.00,0.0,0,0,0,0,0,0,0,0,0,0,0,0
533967_01555_01556_1,187.7,1,2022/10/18 16:15:00,-1.00,-1.00,0.0,0,0,0,0,0,0,0,0,0,0,0,0
533967_01555_01556_1,187.7,1,2022/10/18 16:30:00,-1.00,-1.00,0.0,0,0,0,0,0,0,0,0,0,0,0,0
533967_01555_01556_1,187.7,1,2022/10/18 16:45:00,-1.00,-1.00,0.0,0,0,0,0,0,0,0,0,0,0,0,0
533967_01555_01556_1,187.7,1,2022/10/18 17:00:00,-1.00,-1.00,0.0,0,0,0,0,0,0,0,0,0,0,0,0
533967_01555_01556_1,187.7,1,2022/10/18 17:15:00,-1.00,-1.00,0.0,0,0,0,0,0,0,0,0,0,0,0,0
533967_01555_01556_1,187.7,1,2022/10/18 17:30:00,-1.00,-1.00,0.0,0,0,0,0,0,0,0,0,0,0,0,0
533967_01555_01556_1,187.7,1,2022/10/18 17:45:00,-1.00,-1.00,0.0,0,0,0,0,0,0,0,0,0,0,0,0
533967_01555_01556_1,187.7,1,2022/10/18 18:00:00,-1.00,-1.00,0.0,0,0,0,0,0,0,0,0,0,0,0,0
533967_01555_01556_1,187.7,1,2022/10/18 18:15:00,-1.00,-1.00,0.0,0,0,0,0,0,0,0,0,0,0,0,0
533967_01555_01556_1,187.7,1,2022/10/18 18:30:00,-1.00,-1.00,0.0,0,0,0,0,0,0,0,0,0,0,0,0
533967_01555_01556_1,187.7,1,2022/10/18 18:45:00,-1.00,-1.00,0.0,0,0,0,0,0,0,0,0,0,0,0,0
533967_01555_13718_0,313.6,1,2022/10/18 06:30:00,-1.00,-1.00,0.0,0,0,0,0,0,0,0,0,0,0,0,0
533967_01555_13718_0,313.6,1,2022/10/18 06:45:00,-1.00,-1.00,0.0,0,0,0,0,0,0,0,0,0,0,0,0
533967_01555_13718_0,313.6,1,2022/10/18 07:00:00,-1.00,-1.00,0.0,0,0,0,0,0,0,0,0,0,0,0,0
533967_01555_13718_0,313.6,1,2022/10/18 07:15:00,-1.00,-1.00,0.0,0,0,0,0,0,0,0,0,0,0,0,0
533967_01555_13718_0,313.6,1,2022/10/18 07:30:00,-1.00,-1.00,0.0,0,0,0,0,0,0,0,0,0,0,0,0
533967_01555_13718_0,313.6,1,2022/10/18 07:45:00,-1.00,-1.00,0.0,0,0,0,0,0,0,0,0,0,0,0,0
533967_01555_13718_0,313.6,1,2022/10/18 08:00:00,-1.00,-1.00,0.0,0,0,0,0,0,0,0,0,0,0,0,0
533967_01555_13718_0,313.6,1,2022/10/18 08:15:00,-1.00,-1.00,0.0,0,0,0,0,0,0,0,0,0,0,0,0
533967_01555_13718_0,313.6,1,2022/10/18 08:30:00,-1.00,-1.00,0.0,0,0,0,0,0,0,0,0,0,0,0,0
533967_01555_13718_0,313.6,1,2022/10/18 08:45:00,-1.00,-1.00,0.0,0,0,0,0,0,0,0,0,0,0,0,0
533967_01555_13718_0,313.6,1,2022/10/18 09:00:00,-1.00,-1.00,0.0,0,0,0,0,0,0,0,0,0,0,0,0
533967_01555_13718_0,313.6,1,2022/10/18 09:15:00,-1.00,-1.00,0.0,0,0,0,0,0,0,0,0,0,0,0,0
533967_01555_13718_0,313.6,1,2022/10/18 09:30:00,-1.00,-1.00,0.0,0,0,0,0,0,0,0,0,0,0,0,0
533967_01555_13718_0,313.6,1,2022/10/18 09:45:00,-1.00,-1.00,0.0,0,0,0,0,0,0,0,0,0,0,0,0
533967_01555_13718_0,313.6,1,2022/10/18 10:00:00,-1.00,-1.00,0.0,0,0,0,0,0,0,0,0,0,0,0,0
533967_01555_13718_0,313.6,1,2022/10/18 10:15:00,-1.00,-1.00,0.0,0,0,0,0,0,0,0,0,0,0,0,0
533967_01555_13718_0,313.6,1,2022/10/18 10:30:00,-1.00,-1.00,0.0,0,0,0,0,0,0,0,0,0,0,0,0
533967_01555_13718_0,313.6,1,2022/10/18 10:45:00,-1.00,-1.00,0.0,0,0,0,0,0,0,0,0,0,0,0,0
533967_01555_13718_0,313.6,1,2022/10/18 11:00:00,-1.00,-1.00,0.0,0,0,0,0,0,0,0,0,0,0,0,0
533967_01555_13718_0,313.6,1,2022/10/18 11:15:00,-1.00,-1.00,0.0,0,0,0,0,0,0,0,0,0,0,0,0
533967_01555_13718_0,313.6,1,2022/10/18 11:30:00,-1.00,-1.00,0.0,0,0,0,0,0,0,0,0,0,0,0,0
533967_01555_13718_0,313.6,1,2022/10/18 11:45:00,-1.00,-1.00,0.0,0,0,0,0,0,0,0,0,0,0,0,0
533967_01555_13718_0,313.6,1,2022/10/18 12:00:00,-1.00,-1.00,0.0,0,0,0,0,0,0,0,0,0,0,0,0
533967_01555_13718_0,313.6,1,2022/10/18 12:15:00,-1.00,-1.00,0.0,0,0,0,0,0,0,0,0,0,0,0,0
533967_01555_13718_0,313.6,1,2022/10/18 12:30:00,-1.00,-1.00,0.0,0,0,0,0,0,0,0,0,0,0,0,0
533967_01555_13718_0,313.6,1,2022/10/18 12:45:00,-1.00,-1.00,0.0,0,0,0,0,0,0,0,0,0,0,0,0
533967_01555_13718_0,313.6,1,2022/10/18 13:00:00,-1.00,-1.00,0.0,0,0,0,0,0,0,0,0,0,0,0,0
533967_01555_13718_0,313.6,1,2022/10/18 13:15:00,-1.00,-1.00,0.0,0,0,0,0,0,0,0,0,0,0,0,0
533967_01555_13718_0,313.6,1,2022/10/18 13:30:00,-1.00,-1.00,0.0,0,0,0,0,0,0,0,0,0,0,0,0
533967_01555_13718_0,313.6,1,2022/10/18 13:45:00,-1.00,-1.00,0.0,0,0,0,0,0,0,0,0,0,0,0,0
533967_01555_13718_0,313.6,1,2022/10/18 14:00:00,-1.00,-1.00,0.0,0,0,0,0,0,0,0,0,0,0,0,0
533967_01555_13718_0,313.6,1,2022/10/18 14:15:00,-1.00,-1.00,0.0,0,0,0,0,0,0,0,0,0,0,0,0
533967_01555_13718_0,313.6,1,2022/10/18 14:30:00,-1.00,-1.00,0.0,0,0,0,0,0,0,0,0,0,0,0,0
533967_01555_13718_0,313.6,1,2022/10/18 14:45:00,-1.00,-1.00,0.0,0,0,0,0,0,0,0,0,0,0,0,0
533967_01555_13718_0,313.6,1,2022/10/18 15:00:00,-1.00,-1.00,0.0,0,0,0,0,0,0,0,0,0,0,0,0
533967_01555_13718_0,313.6,1,2022/10/18 15:15:00,-1.00,-1.00,0.0,0,0,0,0,0,0,0,0,0,0,0,0
533967_01555_13718_0,313.6,1,2022/10/18 15:30:00,-1.00,-1.00,0.0,0,0,0,0,0,0,0,0,0,0,0,0
533967_01555_13718_0,313.6,1,2022/10/18 15:45:00,-1.00,-1.00,0.0,0,0,0,0,0,0,0,0,0,0,0,0
533967_01555_13718_0,313.6,1,2022/10/18 16:00:00,-1.00,-1.00,0.0,0,0,0,0,0,0,0,0,0,0,0,0
533967_01555_13718_0,313.6,1,2022/10/18 16:15:00,-1.00,-1.00,0.0,0,0,0,0,0,0,0,0,0,0,0,0
533967_01555_13718_0,313.6,1,2022/10/18 16:30:00,-1.00,-1.00,0.0,0,0,0,0,0,0,0,0,0,0,0,0
533967_01555_13718_0,313.6,1,2022/10/18 16:45:00,-1.00,-1.00,0.0,0,0,0,0,0,0,0,0,0,0,0,0
533967_01555_13718_0,313.6,1,2022/10/18 17:00:00,-1.00,-1.00,0.0,0,0,0,0,0,0,0,0,0,0,0,0
533967_01555_13718_0,313.6,1,2022/10/18 17:15:00,-1.00,-1.00,0.0,0,0,0,0,0,0,0,0,0,0,0,0
533967_01555_13718_0,313.6,1,2022/10/18 17:30:00,-1.00,-1.00,0.0,0,0,0,0,0,0,0,0,0,0,0,0
533967_01555_13718_0,313.6,1,2022/10/18 17:45:00,-1.00,-1.00,0.0,0,0,0,0,0,0,0,0,0,0,0,0
533967_01555_13718_0,313.6,1,2022/10/18 18:00:00,-1.00,-1.00,0.0,0,0,0,0,0,0,0,0,0,0,0,0
533967_01555_13718_0,313.6,1,2022/10/18 18:15:00,-1.00,-1.00,0.0,0,0,0,0,0,0,0,0,0,0,0,0
533967_01555_13718_0,313.6,1,2022/10/18 18:30:00,-1.00,-1.00,0.0,0,0,0,0,0,0,0,0,0,0,0,0
533967_01555_13718_0,313.6,1,2022/10/18 18:45:00,-1.00,-1.00,0.0,0,0,0,0,0,0,0,0,0,0,0,0
533967_01555_13718_1,330.8,1,2022/10/18 06:30:00,-1.00,-1.00,0.0,0,0,0,0,0,0,0,0,0,0,0,0
533967_01555_13718_1,330.8,1,2022/10/18 06:45:00,-1.00,-1.00,0.0,0,0,0,0,0,0,0,0,0,0,0,0
533967_01555_13718_1,330.8,1,2022/10/18 07:00:00,-1.00,-1.00,0.0,0,0,0,0,0,0,0,0,0,0,0,0
533967_01555_13718_1,330.8,1,2022/10/18 07:15:00,-1.00,-1.00,0.0,0,0,0,0,0,0,0,0,0,0,0,0
533967_01555_13718_1,330.8,1,2022/10/18 07:30:00,-1.00,-1.00,0.0,0,0,0,0,0,0,0,0,0,0,0,0
533967_01555_13718_1,330.8,1,2022/10/18 07:45:00,-1.00,-1.00,0.0,0,0,0,0,0,0,0,0,0,0,0,0
533967_01555_13718_1,330.8,1,2022/10/18 08:00:00,-1.00,-1.00,0.0,0,0,0,0,0,0,0,0,0,0,0,0
533967_01555_13718_1,330.8,1,2022/10/18 08:15:00,-1.00,-1.00,0.0,0,0,0,0,0,0,0,0,0,0,0,0
533967_01555_13718_1,330.8,1,2022/10/18 08:30:00,-1.00,-1.00,0.0,0,0,0,0,0,0,0,0,0,0,0,0
533967_01555_13718_1,330.8,1,2022/10/18 08:45:00,-1.00,-1.00,0.0,0,0,0,0,0,0,0,0,0,0,0,0
533967_01555_13718_1,330.8,1,2022/10/18 09:00:00,-1.00,-1.00,0.0,0,0,0,0,0,0,0,0,0,0,0,0
533967_01555_13718_1,330.8,1,2022/10/18 09:15:00,-1.00,-1.00,0.0,0,0,0,0,0,0,0,0,0,0,0,0
533967_01555_13718_1,330.8,1,2022/10/18 09:30:00,-1.00,-1.00,0.0,0,0,0,0,0,0,0,0,0,0,0,0
533967_01555_13718_1,330.8,1,2022/10/18 09:45:00,-1.00,-1.00,0.0,0,0,0,0,0,0,0,0,0,0,0,0
533967_01555_13718_1,330.8,1,2022/10/18 10:00:00,-1.00,-1.00,0.0,0,0,0,0,0,0,0,0,0,0,0,0
533967_01555_13718_1,330.8,1,2022/10/18 10:15:00,-1.00,-1.00,0.0,0,0,0,0,0,0,0,0,0,0,0,0
533967_01555_13718_1,330.8,1,2022/10/18 10:30:00,-1.00,-1.00,0.0,0,0,0,0,0,0,0,0,0,0,0,0
533967_01555_13718_1,330.8,1,2022/10/18 10:45:00,-1.00,-1.00,0.0,0,0,0,0,0,0,0,0,0,0,0,0
533967_01555_13718_1,330.8,1,2022/10/18 11:00:00,-1.00,-1.00,0.0,0,0,0,0,0,0,0,0,0,0,0,0
533967_01555_13718_1,330.8,1,2022/10/18 11:15:00,-1.00,-1.00,0.0,0,0,0,0,0,0,0,0,0,0,0,0
533967_01555_13718_1,330.8,1,2022/10/18 11:30:00,-1.00,-1.00,0.0,0,0,0,0,0,0,0,0,0,0,0,0
533967_01555_13718_1,330.8,1,2022/10/18 11:45:00,-1.00,-1.00,0.0,0,0,0,0,0,0,0,0,0,0,0,0
533967_01555_13718_1,330.8,1,2022/10/18 12:00:00,-1.00,-1.00,0.0,0,0,0,0,0,0,0,0,0,0,0,0
533967_01555_13718_1,330.8,1,2022/10/18 12:15:00,-1.00,-1.00,0.0,0,0,0,0,0,0,0,0,0,0,0,0
533967_01555_13718_1,330.8,1,2022/10/18 12:30:00,-1.00,-1.00,0.0,0,0,0,0,0,0,0,0,0,0,0,0
533967_01555_13718_1,330.8,1,2022/10/18 12:45:00,-1.00,-1.00,0.0,0,0,0,0,0,0,0,0,0,0,0,0
533967_01555_13718_1,330.8,1,2022/10/18 13:00:00,-1.00,-1.00,0.0,0,0,0,0,0,0,0,0,0,0,0,0
533967_01555_13718_1,330.8,1,2022/10/18 13:15:00,-1.00,-1.00,0.0,0,0,0,0,0,0,0,0,0,0,0,0
533967_01555_13718_1,330.8,1,2022/10/18 13:30:00,-1.00,-1.00,0.0,0,0,0,0,0,0,0,0,0,0,0,0
533967_01555_13718_1,330.8,1,2022/10/18 13:45:00,-1.00,-1.00,0.0,0,0,0,0,0,0,0,0,0,0,0,0
533967_01555_13718_1,330.8,1,2022/10/18 14:00:00,-1.00,-1.00,0.0,0,0,0,0,0,0,0,0,0,0,0,0
533967_01555_13718_1,330.8,1,2022/10/18 14:15:00,-1.00,-1.00,0.0,0,0,0,0,0,0,0,0,0,0,0,0
533967_01555_13718_1,330.8,1,2022/10/18 14:30:00,-1.00,-1.00,0.0,0,0,0,0,0,0,0,0,0,0,0,0
533967_01555_13718_1,330.8,1,2022/10/18 14:45:00,-1.00,-1.00,0.0,0,0,0,0,0,0,0,0,0,0,0,0
533967_01555_13718_1,330.8,1,2022/10/18 15:00:00,-1.00,-1.00,0.0,0,0,0,0,0,0,0,0,0,0,0,0
533967_01555_13718_1,330.8,1,2022/10/18 15:15:00,-1.00,-1.00,0.0,0,0,0,0,0,0,0,0,0,0,0,0
533967_01555_13718_1,330.8,1,2022/10/18 15:30:00,-1.00,-1.00,0.0,0,0,0,0,0,0,0,0,0,0,0,0
533967_01555_13718_1,330.8,1,2022/10/18 15:45:00,-1.00,-1.00,0.0,0,0,0,0,0,0,0,0,0,0,0,0
533967_01555_13718_1,330.8,1,2022/10/18 16:00:00,-1.00,-1.00,0.0,0,0,0,0,0,0,0,0,0,0,0,0
533967_01555_13718_1,330.8,1,2022/10/18 16:15:00,-1.00,-1.00,0.0,0,0,0,0,0,0,0,0,0,0,0,0
533967_01555_13718_1,330.8,1,2022/10/18 16:30:00,-1.00,-1.00,0.0,0,0,0,0,0,0,0,0,0,0,0,0
533967_01555_13718_1,330.8,1,2022/10/18 16:45:00,-1.00,-1.00,0.0,0,0,0,0,0,0,0,0,0,0,0,0
533967_01555_13718_1,330.8,1,2022/10/18 17:00:00,-1.00,-1.00,0.0,0,0,0,0,0,0,0,0,0,0,0,0
533967_01555_13718_1,330.8,1,2022/10/18 17:15:00,-1.00,-1.00,0.0,0,0,0,0,0,0,0,0,0,0,0,0
533967_01555_13718_1,330.8,1,2022/10/18 17:30:00,-1.00,-1.00,0.0,0,0,0,0,0,0,0,0,0,0,0,0
533967_01555_13718_1,330.8,1,2022/10/18 17:45:00,-1.00,-1.00,0.0,0,0,0,0,0,0,0,0,0,0,0,0
533967_01555_13718_1,330.8,1,2022/10/18 18:00:00,-1.00,-1.00,0.0,0,0,0,0,0,0,0,0,0,0,0,0
533967_01555_13718_1,330.8,1,2022/10/18 18:15:00,-1.00,-1.00,0.0,0,0,0,0,0,0,0,0,0,0,0,0
533967_01555_13718_1,330.8,1,2022/10/18 18:30:00,-1.00,-1.00,0.0,0,0,0,0,0,0,0,0,0,0,0,0
533967_01555_13718_1,330.8,1,2022/10/18 18:45:00,-1.00,-1.00,0.0,0,0,0,0,0,0,0,0,0,0,0,0
533967_01555_14156_0,146.2,1,2022/10/18 06:30:00,49.05,10.73,24.0,22,0,20,0,2,0,0,0,0,0,0,0
533967_01555_14156_0,146.2,1,2022/10/18 06:45:00,49.18,10.70,20.0,20,0,20,0,0,0,0,0,0,0,0,0
533967_01555_14156_0,146.2,1,2022/10/18 07:00:00,49.61,10.61,31.0,28,0,25,0,3,0,0,0,0,0,0,0
533967_01555_14156_0,146.2,1,2022/10/18 07:15:00,49.62,10.61,38.0,33,0,28,2,3,0,0,0,0,0,0,0
533967_01555_14156_0,146.2,1,2022/10/18 07:30:00,50.40,10.44,46.0,43,0,40,1,2,0,0,0,0,0,0,0
533967_01555_14156_0,146.2,1,2022/10/18 07:45:00,50.64,10.39,52.0,46,0,40,0,6,0,0,0,0,0,0,0
533967_01555_14156_0,146.2,1,2022/10/18 08:00:00,49.47,10.64,50.0,44,0,38,2,4,0,0,0,0,0,0,0
533967_01555_14156_0,146.2,1,2022/10/18 08:15:00,49.60,10.61,49.0,46,0,43,0,3,0,0,0,0,0,0,0
533967_01555_14156_0,146.2,1,2022/10/18 08:30:00,49.96,10.53,49.0,45,0,41,0,4,0,0,0,0,0,0,0
533967_01555_14156_0,146.2,1,2022/10/18 08:45:00,49.94,10.54,57.0,54,0,51,0,3,0,0,0,0,0,0,0
533967_01555_14156_0,146.2,1,2022/10/18 09:00:00,49.42,10.65,46.0,34,0,22,8,4,0,0,0,0,0,0,0
533967_01555_14156_0,146.2,1,2022/10/18 09:15:00,49.78,10.57,52.0,42,0,32,9,1,0,0,0,0,0,0,0
533967_01555_14156_0,146.2,1,2022/10/18 09:30:00,49.81,10.56,44.0,39,0,34,0,5,0,0,0,0,0,0,0
533967_01555_14156_0,146.2,1,2022/10/18 09:45:00,49.59,10.61,21.0,18,0,15,1,2,0,0,0,0,0,0,0
533967_01555_14156_0,146.2,1,2022/10/18 10:00:00,49.55,10.62,33.0,29,0,25,0,4,0,0,0,0,0,0,0
533967_01555_14156_0,146.2,1,2022/10/18 10:15:00,49.33,10.67,32.0,27,0,22,4,1,0,0,0,0,0,0,0
533967_01555_14156_0,146.2,1,2022/10/18 10:30:00,49.55,10.62,34.0,29,0,24,0,5,0,0,0,0,0,0,0
533967_01555_14156_0,146.2,1,2022/10/18 10:45:00,49.22,10.69,14.0,13,0,12,0,1,0,0,0,0,0,0,0
533967_01555_14156_0,146.2,1,2022/10/18 11:00:00,49.40,10.65,25.0,23,0,21,0,2,0,0,0,0,0,0,0
533967_01555_14156_0,146.2,1,2022/10/18 11:15:00,49.44,10.64,15.0,14,0,13,0,1,0,0,0,0,0,0,0
533967_01555_14156_0,146.2,1,2022/10/18 11:30:00,49.99,10.53,49.0,38,0,27,6,4,1,0,0,0,0,0,0
533967_01555_14156_0,146.2,1,2022/10/18 11:45:00,50.65,10.39,21.0,18,0,15,2,1,0,0,0,0,0,0,0
533967_01555_14156_0,146.2,1,2022/10/18 12:00:00,49.68,10.59,27.0,27,0,27,0,0,0,0,0,0,0,0,0
533967_01555_14156_0,146.2,1,2022/10/18 12:15:00,49.54,10.62,39.0,37,0,35,0,2,0,0,0,0,0,0,0
533967_01555_14156_0,146.2,1,2022/10/18 12:30:00,51.01,10.32,23.0,19,0,15,1,3,0,0,0,0,0,0,0
533967_01555_14156_0,146.2,1,2022/10/18 12:45:00,49.62,10.61,37.0,33,0,29,4,0,0,0,0,0,0,0,0
533967_01555_14156_0,146.2,1,2022/10/18 13:00:00,49.64,10.60,50.0,45,0,40,3,2,0,0,0,0,0,0,0
533967_01555_14156_0,146.2,1,2022/10/18 13:15:00,49.89,10.55,32.0,31,0,30,0,1,0,0,0,0,0,0,0
533967_01555_14156_0,146.2,1,2022/10/18 13:30:00,50.78,10.36,26.0,22,0,18,0,4,0,0,0,0,0,0,0
533967_01555_14156_0,146.2,1,2022/10/18 13:45:00,49.60,10.61,24.0,23,0,22,0,1,0,0,0,0,0,0,0
533967_01555_14156_0,146.2,1,2022/10/18 14:00:00,50.26,10.47,20.0,17,0,14,1,2,0,0,0,0,0,0,0
533967_01555_14156_0,146.2,1,2022/10/18 14:15:00,49.64,10.60,24.0,20,0,16,2,2,0,0,0,0,0,0,0
533967_01555_14156_0,146.2,1,2022/10/18 14:30:00,50.06,10.51,42.0,39,0,36,0,3,0,0,0,0,0,0,0
533967_01555_14156_0,146.2,1,2022/10/18 14:45:00,49.40,10.65,51.0,49,0,47,0,2,0,0,0,0,0,0,0
533967_01555_14156_0,146.2,1,2022/10/18 15:00:00,50.03,10.52,30.0,27,0,24,2,1,0,0,0,0,0,0,0
533967_01555_14156_0,146.2,1,2022/10/18 15:15:00,50.21,10.48,28.0,25,0,22,1,2,0,0,0,0,0,0,0
533967_01555_14156_0,146.2,1,2022/10/18 15:30:00,49.96,10.53,31.0,30,0,29,0,1,0,0,0,0,0,0,0
533967_01555_14156_0,146.2,1,2022/10/18 15:45:00,50.03,10.52,30.0,29,0,28,0,1,0,0,0,0,0,0,0
533967_01555_14156_0,146.2,1,2022/10/18 16:00:00,49.84,10.56,44.0,43,0,42,0,1,0,0,0,0,0,0,0
533967_01555_14156_0,146.2,1,2022/10/18 16:15:00,49.25,10.68,21.0,19,0,17,0,2,0,0,0,0,0,0,0
533967_01555_14156_0,146.2,1,2022/10/18 16:30:00,49.78,10.57,25.0,21,0,17,0,4,0,0,0,0,0,0,0
533967_01555_14156_0,146.2,1,2022/10/18 16:45:00,50.12,10.50,37.0,36,0,35,0,1,0,0,0,0,0,0,0
533967_01555_14156_0,146.2,1,2022/10/18 17:00:00,49.13,10.71,40.0,38,0,36,0,2,0,0,0,0,0,0,0
533967_01555_14156_0,146.2,1,2022/10/18 17:15:00,50.20,10.48,33.0,29,0,25,0,4,0,0,0,0,0,0,0
533967_01555_14156_0,146.2,1,2022/10/18 17:30:00,50.03,10.52,34.0,29,0,24,0,5,0,0,0,0,0,0,0
533967_01555_14156_0,146.2,1,2022/10/18 17:45:00,49.44,10.64,16.0,14,0,12,0,2,0,0,0,0,0,0,0
533967_01555_14156_0,146.2,1,2022/10/18 18:00:00,49.55,10.62,27.0,21,0,15,0,6,0,0,0,0,0,0,0
533967_01555_14156_0,146.2,1,2022/10/18 18:15:00,49.93,10.54,28.0,26,0,24,0,2,0,0,0,0,0,0,0
533967_01555_14156_0,146.2,1,2022/10/18 18:30:00,49.98,10.53,20.0,17,0,14,0,3,0,0,0,0,0,0,0
533967_01555_14156_0,146.2,1,2022/10/18 18:45:00,49.50,10.63,22.0,19,0,16,0,3,0,0,0,0,0,0,0
533967_01555_14156_1,146.3,1,2022/10/18 06:30:00,49.24,10.69,14.0,13,0,12,0,1,0,0,0,0,0,0,0
533967_01555_14156_1,146.3,1,2022/10/18 06:45:00,49.41,10.66,34.0,32,0,30,1,1,0,0,0,0,0,0,0
533967_01555_14156_1,146.3,1,2022/10/18 07:00:00,49.18,10.71,34.0,34,0,34,0,0,0,0,0,0,0,0,0
533967_01555_14156_1,146.3,1,2022/10/18 07:15:00,50.00,10.53,75.0,68,0,61,0,7,0,0,0,0,0,0,0
533967_01555_14156_1,146.3,1,2022/10/18 07:30:00,49.65,10.61,73.0,71,0,69,0,2,0,0,0,0,0,0,0
533967_01555_14156_1,146.3,1,2022/10/18 07:45:00,49.28,10.68,60.0,57,0,54,0,3,0,0,0,0,0,0,0
533967_01555_14156_1,146.3,1,2022/10/18 08:00:00,49.46,10.65,76.0,65,0,54,0,11,0,0,0,0,0,0,0
533967_01555_14156_1,146.3,1,2022/10/18 08:15:00,50.14,10.50,74.0,66,0,58,0,8,0,0,0,0,0,0,0
533967_01555_14156_1,146.3,1,2022/10/18 08:30:00,49.09,10.72,85.0,80,0,75,0,5,0,0,0,0,0,0,0
533967_01555_14156_1,146.3,1,2022/10/18 08:45:00,49.32,10.68,79.0,74,0,69,2,3,0,0,0,0,0,0,0
533967_01555_14156_1,146.3,1,2022/10/18 09:00:00,49.11,10.72,66.0,54,0,42,9,3,0,0,0,0,0,0,0
533967_01555_14156_1,146.3,1,2022/10/18 09:15:00,49.56,10.62,46.0,40,0,34,2,4,0,0,0,0,0,0,0
533967_01555_14156_1,146.3,1,2022/10/18 09:30:00,49.64,10.61,59.0,56,0,53,0,3,0,0,0,0,0,0,0
533967_01555_14156_1,146.3,1,2022/10/18 09:45:00,49.11,10.72,91.0,86,0,81,3,2,0,0,0,0,0,0,0
533967_01555_14156_1,146.3,1,2022/10/18 10:00:00,49.43,10.65,76.0,72,0,68,1,3,0,0,0,0,0,0,0
533967_01555_14156_1,146.3,1,2022/10/18 10:15:00,49.17,10.71,55.0,48,0,41,4,3,0,0,0,0,0,0,0
533967_01555_14156_1,146.3,1,2022/10/18 10:30:00,49.66,10.60,63.0,58,0,53,2,3,0,0,0,0,0,0,0
533967_01555_14156_1,146.3,1,2022/10/18 10:45:00,49.38,10.66,79.0,77,0,75,0,2,0,0,0,0,0,0,0
533967_01555_14156_1,146.3,1,2022/10/18 11:00:00,49.44,10.65,77.0,77,0,77,0,0,0,0,0,0,0,0,0
533967_01555_14156_1,146.3,1,2022/10/18 11:15:00,49.61,10.61,60.0,57,0,54,0,3,0,0,0,0,0,0,0
533967_01555_14156_1,146.3,1,2022/10/18 11:30:00,49.26,10.69,47.0,45,0,43,0,2,0,0,0,0,0,0,0
533967_01555_14156_1,146.3,1,2022/10/18 11:45:00,49.31,10.68,94.0,87,0,80,2,4,1,0,0,0,0,0,0
533967_01555_14156_1,146.3,1,2022/10/18 12:00:00,49.56,10.62,52.0,48,0,44,4,0,0,0,0,0,0,0,0
533967_01555_14156_1,146.3,1,2022/10/18 12:15:00,49.36,10.67,47.0,42,0,37,4,1,0,0,0,0,0,0,0
533967_01555_14156_1,146.3,1,2022/10/18 12:30:00,49.26,10.69,61.0,58,0,55,0,3,0,0,0,0,0,0,0
533967_01555_14156_1,146.3,1,2022/10/18 12:45:00,49.21,10.70,32.0,30,0,28,0,2,0,0,0,0,0,0,0
533967_01555_14156_1,146.3,1,2022/10/18 13:00:00,49.65,10.60,49.0,48,0,47,0,1,0,0,0,0,0,0,0
533967_01555_14156_1,146.3,1,2022/10/18 13:15:00,49.64,10.61,59.0,56,0,53,0,3,0,0,0,0,0,0,0
533967_01555_14156_1,146.3,1,2022/10/18 13:30:00,49.84,10.56,43.0,39,0,35,3,1,0,0,0,0,0,0,0
533967_01555_14156_1,146.3,1,2022/10/18 13:45:00,49.20,10.70,69.0,67,0,65,0,2,0,0,0,0,0,0,0
533967_01555_14156_1,146.3,1,2022/10/18 14:00:00,49.90,10.55,73.0,69,0,65,1,3,0,0,0,0,0,0,0
533967_01555_14156_1,146.3,1,2022/10/18 14:15:00,49.41,10.66,29.0,29,0,29,0,0,0,0,0,0,0,0,0
533967_01555_14156_1,146.3,1,2022/10/18 14:30:00,49.27,10.69,66.0,64,0,62,1,1,0,0,0,0,0,0,0
533967_01555_14156_1,146.3,1,2022/10/18 14:45:00,49.21,10.70,57.0,50,0,43,4,3,0,0,0,0,0,0,0
533967_01555_14156_1,146.3,1,2022/10/18 15:00:00,49.81,10.57,74.0,70,0,66,2,2,0,0,0,0,0,0,0
533967_01555_14156_1,146.3,1,2022/10/18 15:15:00,49.16,10.71,83.0,76,0,69,4,3,0,0,0,0,0,0,0
533967_01555_14156_1,146.3,1,2022/10/18 15:30:00,49.52,10.63,58.0,57,0,56,0,1,0,0,0,0,0,0,0
533967_01555_14156_1,146.3,1,2022/10/18 15:45:00,49.19,10.70,59.0,54,0,49,0,5,0,0,0,0,0,0,0
533967_01555_14156_1,146.3,1,2022/10/18 16:00:00,49.36,10.67,64.0,63,0,62,0,1,0,0,0,0,0,0,0
533967_01555_14156_1,146.3,1,2022/10/18 16:15:00,49.28,10.68,80.0,79,0,78,0,1,0,0,0,0,0,0,0
533967_01555_14156_1,146.3,1,2022/10/18 16:30:00,49.49,10.64,73.0,72,0,71,0,1,0,0,0,0,0,0,0
533967_01555_14156_1,146.3,1,2022/10/18 16:45:00,49.84,10.57,49.0,46,0,43,0,3,0,0,0,0,0,0,0
533967_01555_14156_1,146.3,1,2022/10/18 17:00:00,49.56,10.62,70.0,64,0,58,0,6,0,0,0,0,0,0,0
533967_01555_14156_1,146.3,1,2022/10/18 17:15:00,49.41,10.66,75.0,70,0,65,0,5,0,0,0,0,0,0,0
533967_01555_14156_1,146.3,1,2022/10/18 17:30:00,49.23,10.69,62.0,59,0,56,0,3,0,0,0,0,0,0,0
533967_01555_14156_1,146.3,1,2022/10/18 17:45:00,49.63,10.61,69.0,64,0,59,0,5,0,0,0,0,0,0,0
533967_01555_14156_1,146.3,1,2022/10/18 18:00:00,50.11,10.51,71.0,69,0,67,0,2,0,0,0,0,0,0,0
533967_01555_14156_1,146.3,1,2022/10/18 18:15:00,49.45,10.65,59.0,54,0,49,0,5,0,0,0,0,0,0,0
533967_01555_14156_1,146.3,1,2022/10/18 18:30:00,49.84,10.56,42.0,39,0,36,1,2,0,0,0,0,0,0,0
533967_01555_14156_1,146.3,1,2022/10/18 18:45:00,49.67,10.60,45.0,40,0,35,0,5,0,0,0,0,0,0,0
533967_01556_01656_0,181.9,1,2022/10/18 06:30:00,-1.00,-1.00,0.0,0,0,0,0,0,0,0,0,0,0,0,0
533967_01556_01656_0,181.9,1,2022/10/18 06:45:00,-1.00,-1.00,0.0,0,0,0,0,0,0,0,0,0,0,0,0
533967_01556_01656_0,181.9,1,2022/10/18 07:00:00,-1.00,-1.00,0.0,0,0,0,0,0,0,0,0,0,0,0,0
533967_01556_01656_0,181.9,1,2022/10/18 07:15:00,-1.00,-1.00,0.0,0,0,0,0,0,0,0,0,0,0,0,0
533967_01556_01656_0,181.9,1,2022/10/18 07:30:00,-1.00,-1.00,0.0,0,0,0,0,0,0,0,0,0,0,0,0
533967_01556_01656_0,181.9,1,2022/10/18 07:45:00,-1.00,-1.00,0.0,0,0,0,0,0,0,0,0,0,0,0,0
533967_01556_01656_0,181.9,1,2022/10/18 08:00:00,-1.00,-1.00,0.0,0,0,0,0,0,0,0,0,0,0,0,0
533967_01556_01656_0,181.9,1,2022/10/18 08:15:00,-1.00,-1.00,0.0,0,0,0,0,0,0,0,0,0,0,0,0
533967_01556_01656_0,181.9,1,2022/10/18 08:30:00,-1.00,-1.00,0.0,0,0,0,0,0,0,0,0,0,0,0,0
533967_01556_01656_0,181.9,1,2022/10/18 08:45:00,-1.00,-1.00,0.0,0,0,0,0,0,0,0,0,0,0,0,0
533967_01556_01656_0,181.9,1,2022/10/18 09:00:00,-1.00,-1.00,0.0,0,0,0,0,0,0,0,0,0,0,0,0
533967_01556_01656_0,181.9,1,2022/10/18 09:15:00,-1.00,-1.00,0.0,0,0,0,0,0,0,0,0,0,0,0,0
533967_01556_01656_0,181.9,1,2022/10/18 09:30:00,-1.00,-1.00,0.0,0,0,0,0,0,0,0,0,0,0,0,0
533967_01556_01656_0,181.9,1,2022/10/18 09:45:00,-1.00,-1.00,0.0,0,0,0,0,0,0,0,0,0,0,0,0
533967_01556_01656_0,181.9,1,2022/10/18 10:00:00,-1.00,-1.00,0.0,0,0,0,0,0,0,0,0,0,0,0,0
533967_01556_01656_0,181.9,1,2022/10/18 10:15:00,-1.00,-1.00,0.0,0,0,0,0,0,0,0,0,0,0,0,0
533967_01556_01656_0,181.9,1,2022/10/18 10:30:00,-1.00,-1.00,0.0,0,0,0,0,0,0,0,0,0,0,0,0
533967_01556_01656_0,181.9,1,2022/10/18 10:45:00,-1.00,-1.00,0.0,0,0,0,0,0,0,0,0,0,0,0,0
533967_01556_01656_0,181.9,1,2022/10/18 11:00:00,-1.00,-1.00,0.0,0,0,0,0,0,0,0,0,0,0,0,0
533967_01556_01656_0,181.9,1,2022/10/18 11:15:00,-1.00,-1.00,0.0,0,0,0,0,0,0,0,0,0,0,0,0
533967_01556_01656_0,181.9,1,2022/10/18 11:30:00,-1.00,-1.00,0.0,0,0,0,0,0,0,0,0,0,0,0,0
533967_01556_01656_0,181.9,1,2022/10/18 11:45:00,-1.00,-1.00,0.0,0,0,0,0,0,0,0,0,0,0,0,0
533967_01556_01656_0,181.9,1,2022/10/18 12:00:00,-1.00,-1.00,0.0,0,0,0,0,0,0,0,0,0,0,0,0
533967_01556_01656_0,181.9,1,2022/10/18 12:15:00,-1.00,-1.00,0.0,0,0,0,0,0,0,0,0,0,0,0,0
533967_01556_01656_0,181.9,1,2022/10/18 12:30:00,-1.00,-1.00,0.0,0,0,0,0,0,0,0,0,0,0,0,0
533967_01556_01656_0,181.9,1,2022/10/18 12:45:00,-1.00,-1.00,0.0,0,0,0,0,0,0,0,0,0,0,0,0
533967_01556_01656_0,181.9,1,2022/10/18 13:00:00,-1.00,-1.00,0.0,0,0,0,0,0,0,0,0,0,0,0,0
533967_01556_01656_0,181.9,1,2022/10/18 13:15:00,-1.00,-1.00,0.0,0,0,0,0,0,0,0,0,0,0,0,0
533967_01556_01656_0,181.9,1,2022/10/18 13:30:00,-1.00,-1.00,0.0,0,0,0,0,0,0,0,0,0,0,0,0
533967_01556_01656_0,181.9,1,2022/10/18 13:45:00,-1.00,-1.00,0.0,0,0,0,0,0,0,0,0,0,0,0,0
533967_01556_01656_0,181.9,1,2022/10/18 14:00:00,-1.00,-1.00,0.0,0,0,0,0,0,0,0,0,0,0,0,0
533967_01556_01656_0,181.9,1,2022/10/18 14:15:00,-1.00,-1.00,0.0,0,0,0,0,0,0,0,0,0,0,0,0
533967_01556_01656_0,181.9,1,2022/10/18 14:30:00,-1.00,-1.00,0.0,0,0,0,0,0,0,0,0,0,0,0,0
533967_01556_01656_0,181.9,1,2022/10/18 14:45:00,-1.00,-1.00,0.0,0,0,0,0,0,0,0,0,0,0,0,0
533967_01556_01656_0,181.9,1,2022/10/18 15:00:00,-1.00,-1.00,0.0,0,0,0,0,0,0,0,0,0,0,0,0
533967_01556_01656_0,181.9,1,2022/10/18 15:15:00,-1.00,-1.00,0.0,0,0,0,0,0,0,0,0,0,0,0,0
533967_01556_01656_0,181.9,1,2022/10/18 15:30:00,-1.00,-1.00,0.0,0,0,0,0,0,0,0,0,0,0,0,0
533967_01556_01656_0,181.9,1,2022/10/18 15:45:00,-1.00,-1.00,0.0,0,0,0,0,0,0,0,0,0,0,0,0
533967_01556_01656_0,181.9,1,2022/10/18 16:00:00,-1.00,-1.00,0.0,0,0,0,0,0,0,0,0,0,0,0,0
533967_01556_01656_0,181.9,1,2022/10/18 16:15:00,-1.00,-1.00,0.0,0,0,0,0,0,0,0,0,0,0,0,0
533967_01556_01656_0,181.9,1,2022/10/18 16:30:00,-1.00,-1.00,0.0,0,0,0,0,0,0,0,0,0,0,0,0
533967_01556_01656_0,181.9,1,2022/10/18 16:45:00,-1.00,-1.00,0.0,0,0,0,0,0,0,0,0,0,0,0,0
533967_01556_01656_0,181.9,1,2022/10/18 17:00:00,-1.00,-1.00,0.0,0,0,0,0,0,0,0,0,0,0,0,0
533967_01556_01656_0,181.9,1,2022/10/18 17:15:00,-1.00,-1.00,0.0,0,0,0,0,0,0,0,0,0,0,0,0
533967_01556_01656_0,181.9,1,2022/10/18 17:30:00,-1.00,-1.00,0.0,0,0,0,0,0,0,0,0,0,0,0,0
533967_01556_01656_0,181.9,1,2022/10/18 17:45:00,-1.00,-1.00,0.0,0,0,0,0,0,0,0,0,0,0,0,0
533967_01556_01656_0,181.9,1,2022/10/18 18:00:00,-1.00,-1.00,0.0,0,0,0,0,0,0,0,0,0,0,0,0
533967_01556_01656_0,181.9,1,2022/10/18 18:15:00,-1.00,-1.00,0.0,0,0,0,0,0,0,0,0,0,0,0,0
533967_01556_01656_0,181.9,1,2022/10/18 18:30:00,-1.00,-1.00,0.0,0,0,0,0,0,0,0,0,0,0,0,0
533967_01556_01656_0,181.9,1,2022/10/18 18:45:00,-1.00,-1.00,0.0,0,0,0,0,0,0,0,0,0,0,0,0
533967_01556_01656_1,181.2,1,2022/10/18 06:30:00,-1.00,-1.00,0.0,0,0,0,0,0,0,0,0,0,0,0,0
533967_01556_01656_1,181.2,1,2022/10/18 06:45:00,-1.00,-1.00,0.0,0,0,0,0,0,0,0,0,0,0,0,0
533967_01556_01656_1,181.2,1,2022/10/18 07:00:00,-1.00,-1.00,0.0,0,0,0,0,0,0,0,0,0,0,0,0
533967_01556_01656_1,181.2,1,2022/10/18 07:15:00,-1.00,-1.00,0.0,0,0,0,0,0,0,0,0,0,0,0,0
533967_01556_01656_1,181.2,1,2022/10/18 07:30:00,-1.00,-1.00,0.0,0,0,0,0,0,0,0,0,0,0,0,0
533967_01556_01656_1,181.2,1,2022/10/18 07:45:00,-1.00,-1.00,0.0,0,0,0,0,0,0,0,0,0,0,0,0
533967_01556_01656_1,181.2,1,2022/10/18 08:00:00,-1.00,-1.00,0.0,0,0,0,0,0,0,0,0,0,0,0,0
533967_01556_01656_1,181.2,1,2022/10/18 08:15:00,-1.00,-1.00,0.0,0,0,0,0,0,0,0,0,0,0,0,0
533967_01556_01656_1,181.2,1,2022/10/18 08:30:00,-1.00,-1.00,0.0,0,0,0,0,0,0,0,0,0,0,0,0
533967_01556_01656_1,181.2,1,2022/10/18 08:45:00,-1.00,-1.00,0.0,0,0,0,0,0,0,0,0,0,0,0,0
533967_01556_01656_1,181.2,1,2022/10/18 09:00:00,-1.00,-1.00,0.0,0,0,0,0,0,0,0,0,0,0,0,0
533967_01556_01656_1,181.2,1,2022/10/18 09:15:00,-1.00,-1.00,0.0,0,0,0,0,0,0,0,0,0,0,0,0
533967_01556_01656_1,181.2,1,2022/10/18 09:30:00,-1.00,-1.00,0.0,0,0,0,0,0,0,0,0,0,0,0,0
533967_01556_01656_1,181.2,1,2022/10/18 09:45:00,-1.00,-1.00,0.0,0,0,0,0,0,0,0,0,0,0,0,0
533967_01556_01656_1,181.2,1,2022/10/18 10:00:00,-1.00,-1.00,0.0,0,0,0,0,0,0,0,0,0,0,0,0
533967_01556_01656_1,181.2,1,2022/10/18 10:15:00,-1.00,-1.00,0.0,0,0,0,0,0,0,0,0,0,0,0,0
533967_01556_01656_1,181.2,1,2022/10/18 10:30:00,-1.00,-1.00,0.0,0,0,0,0,0,0,0,0,0,0,0,0
533967_01556_01656_1,181.2,1,2022/10/18 10:45:00,-1.00,-1.00,0.0,0,0,0,0,0,0,0,0,0,0,0,0
533967_01556_01656_1,181.2,1,2022/10/18 11:00:00,-1.00,-1.00,0.0,0,0,0,0,0,0,0,0,0,0,0,0
533967_01556_01656_1,181.2,1,2022/10/18 11:15:00,-1.00,-1.00,0.0,0,0,0,0,0,0,0,0,0,0,0,0
533967_01556_01656_1,181.2,1,2022/10/18 11:30:00,-1.00,-1.00,0.0,0,0,0,0,0,0,0,0,0,0,0,0
533967_01556_01656_1,181.2,1,2022/10/18 11:45:00,-1.00,-1.00,0.0,0,0,0,0,0,0,0,0,0,0,0,0
533967_01556_01656_1,181.2,1,2022/10/18 12:00:00,-1.00,-1.00,0.0,0,0,0,0,0,0,0,0,0,0,0,0
533967_01556_01656_1,181.2,1,2022/10/18 12:15:00,-1.00,-1.00,0.0,0,0,0,0,0,0,0,0,0,0,0,0
533967_01556_01656_1,181.2,1,2022/10/18 12:30:00,-1.00,-1.00,0.0,0,0,0,0,0,0,0,0,0,0,0,0
533967_01556_01656_1,181.2,1,2022/10/18 12:45:00,-1.00,-1.00,0.0,0,0,0,0,0,0,0,0,0,0,0,0
533967_01556_01656_1,181.2,1,2022/10/18 13:00:00,-1.00,-1.00,0.0,0,0,0,0,0,0,0,0,0,0,0,0
533967_01556_01656_1,181.2,1,2022/10/18 13:15:00,-1.00,-1.00,0.0,0,0,0,0,0,0,0,0,0,0,0,0
533967_01556_01656_1,181.2,1,2022/10/18 13:30:00,-1.00,-1.00,0.0,0,0,0,0,0,0,0,0,0,0,0,0
533967_01556_01656_1,181.2,1,2022/10/18 13:45:00,-1.00,-1.00,0.0,0,0,0,0,0,0,0,0,0,0,0,0
533967_01556_01656_1,181.2,1,2022/10/18 14:00:00,-1.00,-1.00,0.0,0,0,0,0,0,0,0,0,0,0,0,0
533967_01556_01656_1,181.2,1,2022/10/18 14:15:00,-1.00,-1.00,0.0,0,0,0,0,0,0,0,0,0,0,0,0
533967_01556_01656_1,181.2,1,2022/10/18 14:30:00,-1.00,-1.00,0.0,0,0,0,0,0,0,0,0,0,0,0,0
533967_01556_01656_1,181.2,1,2022/10/18 14:45:00,-1.00,-1.00,0.0,0,0,0,0,0,0,0,0,0,0,0,0
533967_01556_01656_1,181.2,1,2022/10/18 15:00:00,-1.00,-1.00,0.0,0,0,0,0,0,0,0,0,0,0,0,0
533967_01556_01656_1,181.2,1,2022/10/18 15:15:00,-1.00,-1.00,0.0,0,0,0,0,0,0,0,0,0,0,0,0
533967_01556_01656_1,181.2,1,2022/10/18 15:30:00,-1.00,-1.00,0.0,0,0,0,0,0,0,0,0,0,0,0,0
533967_01556_01656_1,181.2,1,2022/10/18 15:45:00,-1.00,-1.00,0.0,0,0,0,0,0,0,0,0,0,0,0,0
533967_01556_01656_1,181.2,1,2022/10/18 16:00:00,-1.00,-1.00,0.0,0,0,0,0,0,0,0,0,0,0,0,0
533967_01556_01656_1,181.2,1,2022/10/18 16:15:00,-1.00,-1.00,0.0,0,0,0,0,0,0,0,0,0,0,0,0
533967_01556_01656_1,181.2,1,2022/10/18 16:30:00,-1.00,-1.00,0.0,0,0,0,0,0,0,0,0,0,0,0,0
533967_01556_01656_1,181.2,1,2022/10/18 16:45:00,-1.00,-1.00,0.0,0,0,0,0,0,0,0,0,0,0,0,0
533967_01556_01656_1,181.2,1,2022/10/18 17:00:00,-1.00,-1.00,0.0,0,0,0,0,0,0,0,0,0,0,0,0
533967_01556_01656_1,181.2,1,2022/10/18 17:15:00,-1.00,-1.00,0.0,0,0,0,0,0,0,0,0,0,0,0,0
533967_01556_01656_1,181.2,1,2022/10/18 17:30:00,-1.00,-1.00,0.0,0,0,0,0,0,0,0,0,0,0,0,0
533967_01556_01656_1,181.2,1,2022/10/18 17:45:00,-1.00,-1.00,0.0,0,0,0,0,0,0,0,0,0,0,0,0
533967_01556_01656_1,181.2,1,2022/10/18 18:00:00,-1.00,-1.00,0.0,0,0,0,0,0,0,0,0,0,0,0,0
533967_01556_01656_1,181.2,1,2022/10/18 18:15:00,-1.00,-1.00,0.0,0,0,0,0,0,0,0,0,0,0,0,0
533967_01556_01656_1,181.2,1,2022/10/18 18:30:00,-1.00,-1.00,0.0,0,0,0,0,0,0,0,0,0,0,0,0
533967_01556_01656_1,181.2,1,2022/10/18 18:45:00,-1.00,-1.00,0.0,0,0,0,0,0,0,0,0,0,0,0,0
533967_01556_88302_0,61.7,1,2022/10/18 06:30:00,-1.00,-1.00,0.0,0,0,0,0,0,0,0,0,0,0,0,0
533967_01556_88302_0,61.7,1,2022/10/18 06:45:00,-1.00,-1.00,0.0,0,0,0,0,0,0,0,0,0,0,0,0
533967_01556_88302_0,61.7,1,2022/10/18 07:00:00,-1.00,-1.00,0.0,0,0,0,0,0,0,0,0,0,0,0,0
533967_01556_88302_0,61.7,1,2022/10/18 07:15:00,-1.00,-1.00,0.0,0,0,0,0,0,0,0,0,0,0,0,0
533967_01556_88302_0,61.7,1,2022/10/18 07:30:00,-1.00,-1.00,0.0,0,0,0,0,0,0,0,0,0,0,0,0
533967_01556_88302_0,61.7,1,2022/10/18 07:45:00,-1.00,-1.00,0.0,0,0,0,0,0,0,0,0,0,0,0,0
533967_01556_88302_0,61.7,1,2022/10/18 08:00:00,-1.00,-1.00,0.0,0,0,0,0,0,0,0,0,0,0,0,0
533967_01556_88302_0,61.7,1,2022/10/18 08:15:00,-1.00,-1.00,0.0,0,0,0,0,0,0,0,0,0,0,0,0
533967_01556_88302_0,61.7,1,2022/10/18 08:30:00,-1.00,-1.00,0.0,0,0,0,0,0,0,0,0,0,0,0,0
533967_01556_88302_0,61.7,1,2022/10/18 08:45:00,-1.00,-1.00,0.0,0,0,0,0,0,0,0,0,0,0,0,0
533967_01556_88302_0,61.7,1,2022/10/18 09:00:00,-1.00,-1.00,0.0,0,0,0,0,0,0,0,0,0,0,0,0
533967_01556_88302_0,61.7,1,2022/10/18 09:15:00,-1.00,-1.00,0.0,0,0,0,0,0,0,0,0,0,0,0,0
533967_01556_88302_0,61.7,1,2022/10/18 09:30:00,-1.00,-1.00,0.0,0,0,0,0,0,0,0,0,0,0,0,0
533967_01556_88302_0,61.7,1,2022/10/18 09:45:00,-1.00,-1.00,0.0,0,0,0,0,0,0,0,0,0,0,0,0
533967_01556_88302_0,61.7,1,2022/10/18 10:00:00,-1.00,-1.00,0.0,0,0,0,0,0,0,0,0,0,0,0,0
533967_01556_88302_0,61.7,1,2022/10/18 10:15:00,-1.00,-1.00,0.0,0,0,0,0,0,0,0,0,0,0,0,0
533967_01556_88302_0,61.7,1,2022/10/18 10:30:00,-1.00,-1.00,0.0,0,0,0,0,0,0,0,0,0,0,0,0
533967_01556_88302_0,61.7,1,2022/10/18 10:45:00,-1.00,-1.00,0.0,0,0,0,0,0,0,0,0,0,0,0,0
533967_01556_88302_0,61.7,1,2022/10/18 11:00:00,-1.00,-1.00,0.0,0,0,0,0,0,0,0,0,0,0,0,0
533967_01556_88302_0,61.7,1,2022/10/18 11:15:00,-1.00,-1.00,0.0,0,0,0,0,0,0,0,0,0,0,0,0
533967_01556_88302_0,61.7,1,2022/10/18 11:30:00,-1.00,-1.00,0.0,0,0,0,0,0,0,0,0,0,0,0,0
533967_01556_88302_0,61.7,1,2022/10/18 11:45:00,-1.00,-1.00,0.0,0,0,0,0,0,0,0,0,0,0,0,0
533967_01556_88302_0,61.7,1,2022/10/18 12:00:00,-1.00,-1.00,0.0,0,0,0,0,0,0,0,0,0,0,0,0
533967_01556_88302_0,61.7,1,2022/10/18 12:15:00,-1.00,-1.00,0.0,0,0,0,0,0,0,0,0,0,0,0,0
533967_01556_88302_0,61.7,1,2022/10/18 12:30:00,-1.00,-1.00,0.0,0,0,0,0,0,0,0,0,0,0,0,0
533967_01556_88302_0,61.7,1,2022/10/18 12:45:00,-1.00,-1.00,0.0,0,0,0,0,0,0,0,0,0,0,0,0
533967_01556_88302_0,61.7,1,2022/10/18 13:00:00,-1.00,-1.00,0.0,0,0,0,0,0,0,0,0,0,0,0,0
533967_01556_88302_0,61.7,1,2022/10/18 13:15:00,-1.00,-1.00,0.0,0,0,0,0,0,0,0,0,0,0,0,0
533967_01556_88302_0,61.7,1,2022/10/18 13:30:00,-1.00,-1.00,0.0,0,0,0,0,0,0,0,0,0,0,0,0
533967_01556_88302_0,61.7,1,2022/10/18 13:45:00,-1.00,-1.00,0.0,0,0,0,0,0,0,0,0,0,0,0,0
533967_01556_88302_0,61.7,1,2022/10/18 14:00:00,-1.00,-1.00,0.0,0,0,0,0,0,0,0,0,0,0,0,0
533967_01556_88302_0,61.7,1,2022/10/18 14:15:00,-1.00,-1.00,0.0,0,0,0,0,0,0,0,0,0,0,0,0
533967_01556_88302_0,61.7,1,2022/10/18 14:30:00,-1.00,-1.00,0.0,0,0,0,0,0,0,0,0,0,0,0,0
533967_01556_88302_0,61.7,1,2022/10/18 14:45:00,-1.00,-1.00,0.0,0,0,0,0,0,0,0,0,0,0,0,0
533967_01556_88302_0,61.7,1,2022/10/18 15:00:00,-1.00,-1.00,0.0,0,0,0,0,0,0,0,0,0,0,0,0
533967_01556_88302_0,61.7,1,2022/10/18 15:15:00,-1.00,-1.00,0.0,0,0,0,0,0,0,0,0,0,0,0,0
533967_01556_88302_0,61.7,1,2022/10/18 15:30:00,-1.00,-1.00,0.0,0,0,0,0,0,0,0,0,0,0,0,0
533967_01556_88302_0,61.7,1,2022/10/18 15:45:00,-1.00,-1.00,0.0,0,0,0,0,0,0,0,0,0,0,0,0
533967_01556_88302_0,61.7,1,2022/10/18 16:00:00,-1.00,-1.00,0.0,0,0,0,0,0,0,0,0,0,0,0,0
533967_01556_88302_0,61.7,1,2022/10/18 16:15:00,-1.00,-1.00,0.0,0,0,0,0,0,0,0,0,0,0,0,0
533967_01556_88302_0,61.7,1,2022/10/18 16:30:00,-1.00,-1.00,0.0,0,0,0,0,0,0,0,0,0,0,0,0
533967_01556_88302_0,61.7,1,2022/10/18 16:45:00,-1.00,-1.00,0.0,0,0,0,0,0,0,0,0,0,0,0,0
533967_01556_88302_0,61.7,1,2022/10/18 17:00:00,-1.00,-1.00,0.0,0,0,0,0,0,0,0,0,0,0,0,0
533967_01556_88302_0,61.7,1,2022/10/18 17:15:00,-1.00,-1.00,0.0,0,0,0,0,0,0,0,0,0,0,0,0
533967_01556_88302_0,61.7,1,2022/10/18 17:30:00,-1.00,-1.00,0.0,0,0,0,0,0,0,0,0,0,0,0,0
533967_01556_88302_0,61.7,1,2022/10/18 17:45:00,-1.00,-1.00,0.0,0,0,0,0,0,0,0,0,0,0,0,0
533967_01556_88302_0,61.7,1,2022/10/18 18:00:00,-1.00,-1.00,0.0,0,0,0,0,0,0,0,0,0,0,0,0
533967_01556_88302_0,61.7,1,2022/10/18 18:15:00,-1.00,-1.00,0.0,0,0,0,0,0,0,0,0,0,0,0,0
533967_01556_88302_0,61.7,1,2022/10/18 18:30:00,-1.00,-1.00,0.0,0,0,0,0,0,0,0,0,0,0,0,0
533967_01556_88302_0,61.7,1,2022/10/18 18:45:00,-1.00,-1.00,0.0,0,0,0,0,0,0,0,0,0,0,0,0
533967_01556_88302_1,61.2,1,2022/10/18 06:30:00,-1.00,-1.00,0.0,0,0,0,0,0,0,0,0,0,0,0,0
533967_01556_88302_1,61.2,1,2022/10/18 06:45:00,-1.00,-1.00,0.0,0,0,0,0,0,0,0,0,0,0,0,0
533967_01556_88302_1,61.2,1,2022/10/18 07:00:00,-1.00,-1.00,0.0,0,0,0,0,0,0,0,0,0,0,0,0
533967_01556_88302_1,61.2,1,2022/10/18 07:15:00,-1.00,-1.00,0.0,0,0,0,0,0,0,0,0,0,0,0,0
533967_01556_88302_1,61.2,1,2022/10/18 07:30:00,-1.00,-1.00,0.0,0,0,0,0,0,0,0,0,0,0,0,0
533967_01556_88302_1,61.2,1,2022/10/18 07:45:00,-1.00,-1.00,0.0,0,0,0,0,0,0,0,0,0,0,0,0
533967_01556_88302_1,61.2,1,2022/10/18 08:00:00,-1.00,-1.00,0.0,0,0,0,0,0,0,0,0,0,0,0,0
533967_01556_88302_1,61.2,1,2022/10/18 08:15:00,-1.00,-1.00,0.0,0,0,0,0,0,0,0,0,0,0,0,0
533967_01556_88302_1,61.2,1,2022/10/18 08:30:00,-1.00,-1.00,0.0,0,0,0,0,0,0,0,0,0,0,0,0
533967_01556_88302_1,61.2,1,2022/10/18 08:45:00,-1.00,-1.00,0.0,0,0,0,0,0,0,0,0,0,0,0,0
533967_01556_88302_1,61.2,1,2022/10/18 09:00:00,-1.00,-1.00,0.0,0,0,0,0,0,0,0,0,0,0,0,0
533967_01556_88302_1,61.2,1,2022/10/18 09:15:00,-1.00,-1.00,0.0,0,0,0,0,0,0,0,0,0,0,0,0
533967_01556_88302_1,61.2,1,2022/10/18 09:30:00,-1.00,-1.00,0.0,0,0,0,0,0,0,0,0,0,0,0,0
533967_01556_88302_1,61.2,1,2022/10/18 09:45:00,-1.00,-1.00,0.0,0,0,0,0,0,0,0,0,0,0,0,0
533967_01556_88302_1,61.2,1,2022/10/18 10:00:00,-1.00,-1.00,0.0,0,0,0,0,0,0,0,0,0,0,0,0
533967_01556_88302_1,61.2,1,2022/10/18 10:15:00,-1.00,-1.00,0.0,0,0,0,0,0,0,0,0,0,0,0,0
533967_01556_88302_1,61.2,1,2022/10/18 10:30:00,-1.00,-1.00,0.0,0,0,0,0,0,0,0,0,0,0,0,0
533967_01556_88302_1,61.2,1,2022/10/18 10:45:00,-1.00,-1.00,0.0,0,0,0,0,0,0,0,0,0,0,0,0
533967_01556_88302_1,61.2,1,2022/10/18 11:00:00,-1.00,-1.00,0.0,0,0,0,0,0,0,0,0,0,0,0,0
533967_01556_88302_1,61.2,1,2022/10/18 11:15:00,-1.00,-1.00,0.0,0,0,0,0,0,0,0,0,0,0,0,0
533967_01556_88302_1,61.2,1,2022/10/18 11:30:00,-1.00,-1.00,0.0,0,0,0,0,0,0,0,0,0,0,0,0
533967_01556_88302_1,61.2,1,2022/10/18 11:45:00,-1.00,-1.00,0.0,0,0,0,0,0,0,0,0,0,0,0,0
533967_01556_88302_1,61.2,1,2022/10/18 12:00:00,-1.00,-1.00,0.0,0,0,0,0,0,0,0,0,0,0,0,0
533967_01556_88302_1,61.2,1,2022/10/18 12:15:00,-1.00,-1.00,0.0,0,0,0,0,0,0,0,0,0,0,0,0
533967_01556_88302_1,61.2,1,2022/10/18 12:30:00,-1.00,-1.00,0.0,0,0,0,0,0,0,0,0,0,0,0,0
533967_01556_88302_1,61.2,1,2022/10/18 12:45:00,-1.00,-1.00,0.0,0,0,0,0,0,0,0,0,0,0,0,0
533967_01556_88302_1,61.2,1,2022/10/18 13:00:00,-1.00,-1.00,0.0,0,0,0,0,0,0,0,0,0,0,0,0
533967_01556_88302_1,61.2,1,2022/10/18 13:15:00,-1.00,-1.00,0.0,0,0,0,0,0,0,0,0,0,0,0,0
533967_01556_88302_1,61.2,1,2022/10/18 13:30:00,-1.00,-1.00,0.0,0,0,0,0,0,0,0,0,0,0,0,0
533967_01556_88302_1,61.2,1,2022/10/18 13:45:00,-1.00,-1.00,0.0,0,0,0,0,0,0,0,0,0,0,0,0
533967_01556_88302_1,61.2,1,2022/10/18 14:00:00,-1.00,-1.00,0.0,0,0,0,0,0,0,0,0,0,0,0,0
533967_01556_88302_1,61.2,1,2022/10/18 14:15:00,-1.00,-1.00,0.0,0,0,0,0,0,0,0,0,0,0,0,0
533967_01556_88302_1,61.2,1,2022/10/18 14:30:00,-1.00,-1.00,0.0,0,0,0,0,0,0,0,0,0,0,0,0
533967_01556_88302_1,61.2,1,2022/10/18 14:45:00,-1.00,-1.00,0.0,0,0,0,0,0,0,0,0,0,0,0,0
533967_01556_88302_1,61.2,1,2022/10/18 15:00:00,-1.00,-1.00,0.0,0,0,0,0,0,0,0,0,0,0,0,0
533967_01556_88302_1,61.2,1,2022/10/18 15:15:00,-1.00,-1.00,0.0,0,0,0,0,0,0,0,0,0,0,0,0
533967_01556_88302_1,61.2,1,2022/10/18 15:30:00,-1.00,-1.00,0.0,0,0,0,0,0,0,0,0,0,0,0,0
533967_01556_88302_1,61.2,1,2022/10/18 15:45:00,-1.00,-1.00,0.0,0,0,0,0,0,0,0,0,0,0,0,0
533967_01556_88302_1,61.2,1,2022/10/18 16:00:00,-1.00,-1.00,0.0,0,0,0,0,0,0,0,0,0,0,0,0
533967_01556_88302_1,61.2,1,2022/10/18 16:15:00,-1.00,-1.00,0.0,0,0,0,0,0,0,0,0,0,0,0,0
533967_01556_88302_1,61.2,1,2022/10/18 16:30:00,-1.00,-1.00,0.0,0,0,0,0,0,0,0,0,0,0,0,0
533967_01556_88302_1,61.2,1,2022/10/18 16:45:00,-1.00,-1.00,0.0,0,0,0,0,0,0,0,0,0,0,0,0
533967_01556_88302_1,61.2,1,2022/10/18 17:00:00,-1.00,-1.00,0.0,0,0,0,0,0,0,0,0,0,0,0,0
533967_01556_88302_1,61.2,1,2022/10/18 17:15:00,-1.00,-1.00,0.0,0,0,0,0,0,0,0,0,0,0,0,0
533967_01556_88302_1,61.2,1,2022/10/18 17:30:00,-1.00,-1.00,0.0,0,0,0,0,0,0,0,0,0,0,0,0
533967_01556_88302_1,61.2,1,2022/10/18 17:45:00,-1.00,-1.00,0.0,0,0,0,0,0,0,0,0,0,0,0,0
533967_01556_88302_1,61.2,1,2022/10/18 18:00:00,-1.00,-1.00,0.0,0,0,0,0,0,0,0,0,0,0,0,0
533967_01556_88302_1,61.2,1,2022/10/18 18:15:00,-1.00,-1.00,0.0,0,0,0,0,0,0,0,0,0,0,0,0
533967_01556_88302_1,61.2,1,2022/10/18 18:30:00,-1.00,-1.00,0.0,0,0,0,0,0,0,0,0,0,0,0,0
533967_01556_88302_1,61.2,1,2022/10/18 18:45:00,-1.00,-1.00,0.0,0,0,0,0,0,0,0,0,0,0,0,0
533967_01602_01603_0,165.2,1,2022/10/18 06:30:00,-1.00,-1.00,0.0,0,0,0,0,0,0,0,0,0,0,0,0
533967_01602_01603_0,165.2,1,2022/10/18 06:45:00,-1.00,-1.00,0.0,0,0,0,0,0,0,0,0,0,0,0,0
533967_01602_01603_0,165.2,1,2022/10/18 07:00:00,-1.00,-1.00,0.0,0,0,0,0,0,0,0,0,0,0,0,0
533967_01602_01603_0,165.2,1,2022/10/18 07:15:00,-1.00,-1.00,0.0,0,0,0,0,0,0,0,0,0,0,0,0
533967_01602_01603_0,165.2,1,2022/10/18 07:30:00,-1.00,-1.00,0.0,0,0,0,0,0,0,0,0,0,0,0,0
533967_01602_01603_0,165.2,1,2022/10/18 07:45:00,-1.00,-1.00,0.0,0,0,0,0,0,0,0,0,0,0,0,0
533967_01602_01603_0,165.2,1,2022/10/18 08:00:00,-1.00,-1.00,0.0,0,0,0,0,0,0,0,0,0,0,0,0
533967_01602_01603_0,165.2,1,2022/10/18 08:15:00,-1.00,-1.00,0.0,0,0,0,0,0,0,0,0,0,0,0,0
533967_01602_01603_0,165.2,1,2022/10/18 08:30:00,-1.00,-1.00,0.0,0,0,0,0,0,0,0,0,0,0,0,0
533967_01602_01603_0,165.2,1,2022/10/18 08:45:00,-1.00,-1.00,0.0,0,0,0,0,0,0,0,0,0,0,0,0
533967_01602_01603_0,165.2,1,2022/10/18 09:00:00,-1.00,-1.00,0.0,0,0,0,0,0,0,0,0,0,0,0,0
533967_01602_01603_0,165.2,1,2022/10/18 09:15:00,-1.00,-1.00,0.0,0,0,0,0,0,0,0,0,0,0,0,0
533967_01602_01603_0,165.2,1,2022/10/18 09:30:00,-1.00,-1.00,0.0,0,0,0,0,0,0,0,0,0,0,0,0
533967_01602_01603_0,165.2,1,2022/10/18 09:45:00,-1.00,-1.00,0.0,0,0,0,0,0,0,0,0,0,0,0,0
533967_01602_01603_0,165.2,1,2022/10/18 10:00:00,-1.00,-1.00,0.0,0,0,0,0,0,0,0,0,0,0,0,0
533967_01602_01603_0,165.2,1,2022/10/18 10:15:00,-1.00,-1.00,0.0,0,0,0,0,0,0,0,0,0,0,0,0
533967_01602_01603_0,165.2,1,2022/10/18 10:30:00,-1.00,-1.00,0.0,0,0,0,0,0,0,0,0,0,0,0,0
533967_01602_01603_0,165.2,1,2022/10/18 10:45:00,-1.00,-1.00,0.0,0,0,0,0,0,0,0,0,0,0,0,0
533967_01602_01603_0,165.2,1,2022/10/18 11:00:00,-1.00,-1.00,0.0,0,0,0,0,0,0,0,0,0,0,0,0
533967_01602_01603_0,165.2,1,2022/10/18 11:15:00,-1.00,-1.00,0.0,0,0,0,0,0,0,0,0,0,0,0,0
533967_01602_01603_0,165.2,1,2022/10/18 11:30:00,-1.00,-1.00,0.0,0,0,0,0,0,0,0,0,0,0,0,0
533967_01602_01603_0,165.2,1,2022/10/18 11:45:00,-1.00,-1.00,0.0,0,0,0,0,0,0,0,0,0,0,0,0
533967_01602_01603_0,165.2,1,2022/10/18 12:00:00,-1.00,-1.00,0.0,0,0,0,0,0,0,0,0,0,0,0,0
533967_01602_01603_0,165.2,1,2022/10/18 12:15:00,-1.00,-1.00,0.0,0,0,0,0,0,0,0,0,0,0,0,0
533967_01602_01603_0,165.2,1,2022/10/18 12:30:00,-1.00,-1.00,0.0,0,0,0,0,0,0,0,0,0,0,0,0
533967_01602_01603_0,165.2,1,2022/10/18 12:45:00,-1.00,-1.00,0.0,0,0,0,0,0,0,0,0,0,0,0,0
533967_01602_01603_0,165.2,1,2022/10/18 13:00:00,-1.00,-1.00,0.0,0,0,0,0,0,0,0,0,0,0,0,0
533967_01602_01603_0,165.2,1,2022/10/18 13:15:00,-1.00,-1.00,0.0,0,0,0,0,0,0,0,0,0,0,0,0
533967_01602_01603_0,165.2,1,2022/10/18 13:30:00,-1.00,-1.00,0.0,0,0,0,0,0,0,0,0,0,0,0,0
533967_01602_01603_0,165.2,1,2022/10/18 13:45:00,-1.00,-1.00,0.0,0,0,0,0,0,0,0,0,0,0,0,0
533967_01602_01603_0,165.2,1,2022/10/18 14:00:00,-1.00,-1.00,0.0,0,0,0,0,0,0,0,0,0,0,0,0
533967_01602_01603_0,165.2,1,2022/10/18 14:15:00,-1.00,-1.00,0.0,0,0,0,0,0,0,0,0,0,0,0,0
533967_01602_01603_0,165.2,1,2022/10/18 14:30:00,-1.00,-1.00,0.0,0,0,0,0,0,0,0,0,0,0,0,0
533967_01602_01603_0,165.2,1,2022/10/18 14:45:00,-1.00,-1.00,0.0,0,0,0,0,0,0,0,0,0,0,0,0
533967_01602_01603_0,165.2,1,2022/10/18 15:00:00,-1.00,-1.00,0.0,0,0,0,0,0,0,0,0,0,0,0,0
533967_01602_01603_0,165.2,1,2022/10/18 15:15:00,-1.00,-1.00,0.0,0,0,0,0,0,0,0,0,0,0,0,0
533967_01602_01603_0,165.2,1,2022/10/18 15:30:00,-1.00,-1.00,0.0,0,0,0,0,0,0,0,0,0,0,0,0
533967_01602_01603_0,165.2,1,2022/10/18 15:45:00,-1.00,-1.00,0.0,0,0,0,0,0,0,0,0,0,0,0,0
533967_01602_01603_0,165.2,1,2022/10/18 16:00:00,-1.00,-1.00,0.0,0,0,0,0,0,0,0,0,0,0,0,0
533967_01602_01603_0,165.2,1,2022/10/18 16:15:00,-1.00,-1.00,0.0,0,0,0,0,0,0,0,0,0,0,0,0
533967_01602_01603_0,165.2,1,2022/10/18 16:30:00,-1.00,-1.00,0.0,0,0,0,0,0,0,0,0,0,0,0,0
533967_01602_01603_0,165.2,1,2022/10/18 16:45:00,-1.00,-1.00,0.0,0,0,0,0,0,0,0,0,0,0,0,0
533967_01602_01603_0,165.2,1,2022/10/18 17:00:00,-1.00,-1.00,0.0,0,0,0,0,0,0,0,0,0,0,0,0
533967_01602_01603_0,165.2,1,2022/10/18 17:15:00,-1.00,-1.00,0.0,0,0,0,0,0,0,0,0,0,0,0,0
533967_01602_01603_0,165.2,1,2022/10/18 17:30:00,-1.00,-1.00,0.0,0,0,0,0,0,0,0,0,0,0,0,0
533967_01602_01603_0,165.2,1,2022/10/18 17:45:00,-1.00,-1.00,0.0,0,0,0,0,0,0,0,0,0,0,0,0
533967_01602_01603_0,165.2,1,2022/10/18 18:00:00,-1.00,-1.00,0.0,0,0,0,0,0,0,0,0,0,0,0,0
533967_01602_01603_0,165.2,1,2022/10/18 18:15:00,-1.00,-1.00,0.0,0,0,0,0,0,0,0,0,0,0,0,0
533967_01602_01603_0,165.2,1,2022/10/18 18:30:00,-1.00,-1.00,0.0,0,0,0,0,0,0,0,0,0,0,0,0
533967_01602_01603_0,165.2,1,2022/10/18 18:45:00,-1.00,-1.00,0.0,0,0,0,0,0,0,0,0,0,0,0,0
533967_01602_01603_1,164.3,1,2022/10/18 06:30:00,-1.00,-1.00,0.0,0,0,0,0,0,0,0,0,0,0,0,0
533967_01602_01603_1,164.3,1,2022/10/18 06:45:00,-1.00,-1.00,0.0,0,0,0,0,0,0,0,0,0,0,0,0
533967_01602_01603_1,164.3,1,2022/10/18 07:00:00,-1.00,-1.00,0.0,0,0,0,0,0,0,0,0,0,0,0,0
533967_01602_01603_1,164.3,1,2022/10/18 07:15:00,-1.00,-1.00,0.0,0,0,0,0,0,0,0,0,0,0,0,0
533967_01602_01603_1,164.3,1,2022/10/18 07:30:00,-1.00,-1.00,0.0,0,0,0,0,0,0,0,0,0,0,0,0
533967_01602_01603_1,164.3,1,2022/10/18 07:45:00,-1.00,-1.00,0.0,0,0,0,0,0,0,0,0,0,0,0,0
533967_01602_01603_1,164.3,1,2022/10/18 08:00:00,-1.00,-1.00,0.0,0,0,0,0,0,0,0,0,0,0,0,0
533967_01602_01603_1,164.3,1,2022/10/18 08:15:00,-1.00,-1.00,0.0,0,0,0,0,0,0,0,0,0,0,0,0
533967_01602_01603_1,164.3,1,2022/10/18 08:30:00,-1.00,-1.00,0.0,0,0,0,0,0,0,0,0,0,0,0,0
533967_01602_01603_1,164.3,1,2022/10/18 08:45:00,-1.00,-1.00,0.0,0,0,0,0,0,0,0,0,0,0,0,0
533967_01602_01603_1,164.3,1,2022/10/18 09:00:00,-1.00,-1.00,0.0,0,0,0,0,0,0,0,0,0,0,0,0
533967_01602_01603_1,164.3,1,2022/10/18 09:15:00,-1.00,-1.00,0.0,0,0,0,0,0,0,0,0,0,0,0,0
533967_01602_01603_1,164.3,1,2022/10/18 09:30:00,-1.00,-1.00,0.0,0,0,0,0,0,0,0,0,0,0,0,0
533967_01602_01603_1,164.3,1,2022/10/18 09:45:00,-1.00,-1.00,0.0,0,0,0,0,0,0,0,0,0,0,0,0
533967_01602_01603_1,164.3,1,2022/10/18 10:00:00,-1.00,-1.00,0.0,0,0,0,0,0,0,0,0,0,0,0,0
533967_01602_01603_1,164.3,1,2022/10/18 10:15:00,-1.00,-1.00,0.0,0,0,0,0,0,0,0,0,0,0,0,0
533967_01602_01603_1,164.3,1,2022/10/18 10:30:00,-1.00,-1.00,0.0,0,0,0,0,0,0,0,0,0,0,0,0
533967_01602_01603_1,164.3,1,2022/10/18 10:45:00,-1.00,-1.00,0.0,0,0,0,0,0,0,0,0,0,0,0,0
533967_01602_01603_1,164.3,1,2022/10/18 11:00:00,-1.00,-1.00,0.0,0,0,0,0,0,0,0,0,0,0,0,0
533967_01602_01603_1,164.3,1,2022/10/18 11:15:00,-1.00,-1.00,0.0,0,0,0,0,0,0,0,0,0,0,0,0
533967_01602_01603_1,164.3,1,2022/10/18 11:30:00,-1.00,-1.00,0.0,0,0,0,0,0,0,0,0,0,0,0,0
533967_01602_01603_1,164.3,1,2022/10/18 11:45:00,-1.00,-1.00,0.0,0,0,0,0,0,0,0,0,0,0,0,0
533967_01602_01603_1,164.3,1,2022/10/18 12:00:00,-1.00,-1.00,0.0,0,0,0,0,0,0,0,0,0,0,0,0
533967_01602_01603_1,164.3,1,2022/10/18 12:15:00,-1.00,-1.00,0.0,0,0,0,0,0,0,0,0,0,0,0,0
533967_01602_01603_1,164.3,1,2022/10/18 12:30:00,-1.00,-1.00,0.0,0,0,0,0,0,0,0,0,0,0,0,0
533967_01602_01603_1,164.3,1,2022/10/18 12:45:00,-1.00,-1.00,0.0,0,0,0,0,0,0,0,0,0,0,0,0
533967_01602_01603_1,164.3,1,2022/10/18 13:00:00,-1.00,-1.00,0.0,0,0,0,0,0,0,0,0,0,0,0,0
533967_01602_01603_1,164.3,1,2022/10/18 13:15:00,-1.00,-1.00,0.0,0,0,0,0,0,0,0,0,0,0,0,0
533967_01602_01603_1,164.3,1,2022/10/18 13:30:00,-1.00,-1.00,0.0,0,0,0,0,0,0,0,0,0,0,0,0
533967_01602_01603_1,164.3,1,2022/10/18 13:45:00,-1.00,-1.00,0.0,0,0,0,0,0,0,0,0,0,0,0,0
533967_01602_01603_1,164.3,1,2022/10/18 14:00:00,-1.00,-1.00,0.0,0,0,0,0,0,0,0,0,0,0,0,0
533967_01602_01603_1,164.3,1,2022/10/18 14:15:00,-1.00,-1.00,0.0,0,0,0,0,0,0,0,0,0,0,0,0
533967_01602_01603_1,164.3,1,2022/10/18 14:30:00,-1.00,-1.00,0.0,0,0,0,0,0,0,0,0,0,0,0,0
533967_01602_01603_1,164.3,1,2022/10/18 14:45:00,-1.00,-1.00,0.0,0,0,0,0,0,0,0,0,0,0,0,0
533967_01602_01603_1,164.3,1,2022/10/18 15:00:00,-1.00,-1.00,0.0,0,0,0,0,0,0,0,0,0,0,0,0
533967_01602_01603_1,164.3,1,2022/10/18 15:15:00,-1.00,-1.00,0.0,0,0,0,0,0,0,0,0,0,0,0,0
533967_01602_01603_1,164.3,1,2022/10/18 15:30:00,-1.00,-1.00,0.0,0,0,0,0,0,0,0,0,0,0,0,0
533967_01602_01603_1,164.3,1,2022/10/18 15:45:00,-1.00,-1.00,0.0,0,0,0,0,0,0,0,0,0,0,0,0
533967_01602_01603_1,164.3,1,2022/10/18 16:00:00,-1.00,-1.00,0.0,0,0,0,0,0,0,0,0,0,0,0,0
533967_01602_01603_1,164.3,1,2022/10/18 16:15:00,-1.00,-1.00,0.0,0,0,0,0,0,0,0,0,0,0,0,0
533967_01602_01603_1,164.3,1,2022/10/18 16:30:00,-1.00,-1.00,0.0,0,0,0,0,0,0,0,0,0,0,0,0
533967_01602_01603_1,164.3,1,2022/10/18 16:45:00,-1.00,-1.00,0.0,0,0,0,0,0,0,0,0,0,0,0,0
533967_01602_01603_1,164.3,1,2022/10/18 17:00:00,-1.00,-1.00,0.0,0,0,0,0,0,0,0,0,0,0,0,0
533967_01602_01603_1,164.3,1,2022/10/18 17:15:00,-1.00,-1.00,0.0,0,0,0,0,0,0,0,0,0,0,0,0
533967_01602_01603_1,164.3,1,2022/10/18 17:30:00,-1.00,-1.00,0.0,0,0,0,0,0,0,0,0,0,0,0,0
533967_01602_01603_1,164.3,1,2022/10/18 17:45:00,-1.00,-1.00,0.0,0,0,0,0,0,0,0,0,0,0,0,0
533967_01602_01603_1,164.3,1,2022/10/18 18:00:00,-1.00,-1.00,0.0,0,0,0,0,0,0,0,0,0,0,0,0
533967_01602_01603_1,164.3,1,2022/10/18 18:15:00,-1.00,-1.00,0.0,0,0,0,0,0,0,0,0,0,0,0,0
533967_01602_01603_1,164.3,1,2022/10/18 18:30:00,-1.00,-1.00,0.0,0,0,0,0,0,0,0,0,0,0,0,0
533967_01602_01603_1,164.3,1,2022/10/18 18:45:00,-1.00,-1.00,0.0,0,0,0,0,0,0,0,0,0,0,0,0
533967_01602_01608_0,187.6,1,2022/10/18 06:30:00,-1.00,-1.00,0.0,0,0,0,0,0,0,0,0,0,0,0,0
533967_01602_01608_0,187.6,1,2022/10/18 06:45:00,-1.00,-1.00,0.0,0,0,0,0,0,0,0,0,0,0,0,0
533967_01602_01608_0,187.6,1,2022/10/18 07:00:00,-1.00,-1.00,0.0,0,0,0,0,0,0,0,0,0,0,0,0
533967_01602_01608_0,187.6,1,2022/10/18 07:15:00,-1.00,-1.00,0.0,0,0,0,0,0,0,0,0,0,0,0,0
533967_01602_01608_0,187.6,1,2022/10/18 07:30:00,-1.00,-1.00,0.0,0,0,0,0,0,0,0,0,0,0,0,0
533967_01602_01608_0,187.6,1,2022/10/18 07:45:00,-1.00,-1.00,0.0,0,0,0,0,0,0,0,0,0,0,0,0
533967_01602_01608_0,187.6,1,2022/10/18 08:00:00,-1.00,-1.00,0.0,0,0,0,0,0,0,0,0,0,0,0,0
533967_01602_01608_0,187.6,1,2022/10/18 08:15:00,-1.00,-1.00,0.0,0,0,0,0,0,0,0,0,0,0,0,0
533967_01602_01608_0,187.6,1,2022/10/18 08:30:00,-1.00,-1.00,0.0,0,0,0,0,0,0,0,0,0,0,0,0
533967_01602_01608_0,187.6,1,2022/10/18 08:45:00,-1.00,-1.00,0.0,0,0,0,0,0,0,0,0,0,0,0,0
533967_01602_01608_0,187.6,1,2022/10/18 09:00:00,-1.00,-1.00,0.0,0,0,0,0,0,0,0,0,0,0,0,0
533967_01602_01608_0,187.6,1,2022/10/18 09:15:00,-1.00,-1.00,0.0,0,0,0,0,0,0,0,0,0,0,0,0
533967_01602_01608_0,187.6,1,2022/10/18 09:30:00,-1.00,-1.00,0.0,0,0,0,0,0,0,0,0,0,0,0,0
533967_01602_01608_0,187.6,1,2022/10/18 09:45:00,-1.00,-1.00,0.0,0,0,0,0,0,0,0,0,0,0,0,0
533967_01602_01608_0,187.6,1,2022/10/18 10:00:00,-1.00,-1.00,0.0,0,0,0,0,0,0,0,0,0,0,0,0
533967_01602_01608_0,187.6,1,2022/10/18 10:15:00,-1.00,-1.00,0.0,0,0,0,0,0,0,0,0,0,0,0,0
533967_01602_01608_0,187.6,1,2022/10/18 10:30:00,-1.00,-1.00,0.0,0,0,0,0,0,0,0,0,0,0,0,0
533967_01602_01608_0,187.6,1,2022/10/18 10:45:00,-1.00,-1.00,0.0,0,0,0,0,0,0,0,0,0,0,0,0
533967_01602_01608_0,187.6,1,2022/10/18 11:00:00,-1.00,-1.00,0.0,0,0,0,0,0,0,0,0,0,0,0,0
533967_01602_01608_0,187.6,1,2022/10/18 11:15:00,-1.00,-1.00,0.0,0,0,0,0,0,0,0,0,0,0,0,0
533967_01602_01608_0,187.6,1,2022/10/18 11:30:00,-1.00,-1.00,0.0,0,0,0,0,0,0,0,0,0,0,0,0
533967_01602_01608_0,187.6,1,2022/10/18 11:45:00,-1.00,-1.00,0.0,0,0,0,0,0,0,0,0,0,0,0,0
533967_01602_01608_0,187.6,1,2022/10/18 12:00:00,-1.00,-1.00,0.0,0,0,0,0,0,0,0,0,0,0,0,0
533967_01602_01608_0,187.6,1,2022/10/18 12:15:00,-1.00,-1.00,0.0,0,0,0,0,0,0,0,0,0,0,0,0
533967_01602_01608_0,187.6,1,2022/10/18 12:30:00,-1.00,-1.00,0.0,0,0,0,0,0,0,0,0,0,0,0,0
533967_01602_01608_0,187.6,1,2022/10/18 12:45:00,-1.00,-1.00,0.0,0,0,0,0,0,0,0,0,0,0,0,0
533967_01602_01608_0,187.6,1,2022/10/18 13:00:00,-1.00,-1.00,0.0,0,0,0,0,0,0,0,0,0,0,0,0
533967_01602_01608_0,187.6,1,2022/10/18 13:15:00,-1.00,-1.00,0.0,0,0,0,0,0,0,0,0,0,0,0,0
533967_01602_01608_0,187.6,1,2022/10/18 13:30:00,-1.00,-1.00,0.0,0,0,0,0,0,0,0,0,0,0,0,0
533967_01602_01608_0,187.6,1,2022/10/18 13:45:00,-1.00,-1.00,0.0,0,0,0,0,0,0,0,0,0,0,0,0
533967_01602_01608_0,187.6,1,2022/10/18 14:00:00,-1.00,-1.00,0.0,0,0,0,0,0,0,0,0,0,0,0,0
533967_01602_01608_0,187.6,1,2022/10/18 14:15:00,-1.00,-1.00,0.0,0,0,0,0,0,0,0,0,0,0,0,0
533967_01602_01608_0,187.6,1,2022/10/18 14:30:00,-1.00,-1.00,0.0,0,0,0,0,0,0,0,0,0,0,0,0
533967_01602_01608_0,187.6,1,2022/10/18 14:45:00,-1.00,-1.00,0.0,0,0,0,0,0,0,0,0,0,0,0,0
533967_01602_01608_0,187.6,1,2022/10/18 15:00:00,-1.00,-1.00,0.0,0,0,0,0,0,0,0,0,0,0,0,0
533967_01602_01608_0,187.6,1,2022/10/18 15:15:00,-1.00,-1.00,0.0,0,0,0,0,0,0,0,0,0,0,0,0
533967_01602_01608_0,187.6,1,2022/10/18 15:30:00,-1.00,-1.00,0.0,0,0,0,0,0,0,0,0,0,0,0,0
533967_01602_01608_0,187.6,1,2022/10/18 15:45:00,-1.00,-1.00,0.0,0,0,0,0,0,0,0,0,0,0,0,0
533967_01602_01608_0,187.6,1,2022/10/18 16:00:00,-1.00,-1.00,0.0,0,0,0,0,0,0,0,0,0,0,0,0
533967_01602_01608_0,187.6,1,2022/10/18 16:15:00,-1.00,-1.00,0.0,0,0,0,0,0,0,0,0,0,0,0,0
533967_01602_01608_0,187.6,1,2022/10/18 16:30:00,-1.00,-1.00,0.0,0,0,0,0,0,0,0,0,0,0,0,0
533967_01602_01608_0,187.6,1,2022/10/18 16:45:00,-1.00,-1.00,0.0,0,0,0,0,0,0,0,0,0,0,0,0
533967_01602_01608_0,187.6,1,2022/10/18 17:00:00,-1.00,-1.00,0.0,0,0,0,0,0,0,0,0,0,0,0,0
533967_01602_01608_0,187.6,1,2022/10/18 17:15:00,-1.00,-1.00,0.0,0,0,0,0,0,0,0,0,0,0,0,0
533967_01602_01608_0,187.6,1,2022/10/18 17:30:00,-1.00,-1.00,0.0,0,0,0,0,0,0,0,0,0,0,0,0
533967_01602_01608_0,187.6,1,2022/10/18 17:45:00,-1.00,-1.00,0.0,0,0,0,0,0,0,0,0,0,0,0,0
533967_01602_01608_0,187.6,1,2022/10/18 18:00:00,-1.00,-1.00,0.0,0,0,0,0,0,0,0,0,0,0,0,0
533967_01602_01608_0,187.6,1,2022/10/18 18:15:00,-1.00,-1.00,0.0,0,0,0,0,0,0,0,0,0,0,0,0
533967_01602_01608_0,187.6,1,2022/10/18 18:30:00,-1.00,-1.00,0.0,0,0,0,0,0,0,0,0,0,0,0,0
533967_01602_01608_0,187.6,1,2022/10/18 18:45:00,-1.00,-1.00,0.0,0,0,0,0,0,0,0,0,0,0,0,0
533967_01602_01608_1,186.8,1,2022/10/18 06:30:00,-1.00,-1.00,0.0,0,0,0,0,0,0,0,0,0,0,0,0
533967_01602_01608_1,186.8,1,2022/10/18 06:45:00,-1.00,-1.00,0.0,0,0,0,0,0,0,0,0,0,0,0,0
533967_01602_01608_1,186.8,1,2022/10/18 07:00:00,-1.00,-1.00,0.0,0,0,0,0,0,0,0,0,0,0,0,0
533967_01602_01608_1,186.8,1,2022/10/18 07:15:00,-1.00,-1.00,0.0,0,0,0,0,0,0,0,0,0,0,0,0
533967_01602_01608_1,186.8,1,2022/10/18 07:30:00,-1.00,-1.00,0.0,0,0,0,0,0,0,0,0,0,0,0,0
533967_01602_01608_1,186.8,1,2022/10/18 07:45:00,-1.00,-1.00,0.0,0,0,0,0,0,0,0,0,0,0,0,0
533967_01602_01608_1,186.8,1,2022/10/18 08:00:00,-1.00,-1.00,0.0,0,0,0,0,0,0,0,0,0,0,0,0
533967_01602_01608_1,186.8,1,2022/10/18 08:15:00,-1.00,-1.00,0.0,0,0,0,0,0,0,0,0,0,0,0,0
533967_01602_01608_1,186.8,1,2022/10/18 08:30:00,-1.00,-1.00,0.0,0,0,0,0,0,0,0,0,0,0,0,0
533967_01602_01608_1,186.8,1,2022/10/18 08:45:00,-1.00,-1.00,0.0,0,0,0,0,0,0,0,0,0,0,0,0
533967_01602_01608_1,186.8,1,2022/10/18 09:00:00,-1.00,-1.00,0.0,0,0,0,0,0,0,0,0,0,0,0,0
533967_01602_01608_1,186.8,1,2022/10/18 09:15:00,-1.00,-1.00,0.0,0,0,0,0,0,0,0,0,0,0,0,0
533967_01602_01608_1,186.8,1,2022/10/18 09:30:00,-1.00,-1.00,0.0,0,0,0,0,0,0,0,0,0,0,0,0
533967_01602_01608_1,186.8,1,2022/10/18 09:45:00,-1.00,-1.00,0.0,0,0,0,0,0,0,0,0,0,0,0,0
533967_01602_01608_1,186.8,1,2022/10/18 10:00:00,-1.00,-1.00,0.0,0,0,0,0,0,0,0,0,0,0,0,0
533967_01602_01608_1,186.8,1,2022/10/18 10:15:00,-1.00,-1.00,0.0,0,0,0,0,0,0,0,0,0,0,0,0
533967_01602_01608_1,186.8,1,2022/10/18 10:30:00,-1.00,-1.00,0.0,0,0,0,0,0,0,0,0,0,0,0,0
533967_01602_01608_1,186.8,1,2022/10/18 10:45:00,-1.00,-1.00,0.0,0,0,0,0,0,0,0,0,0,0,0,0
533967_01602_01608_1,186.8,1,2022/10/18 11:00:00,-1.00,-1.00,0.0,0,0,0,0,0,0,0,0,0,0,0,0
533967_01602_01608_1,186.8,1,2022/10/18 11:15:00,-1.00,-1.00,0.0,0,0,0,0,0,0,0,0,0,0,0,0
533967_01602_01608_1,186.8,1,2022/10/18 11:30:00,-1.00,-1.00,0.0,0,0,0,0,0,0,0,0,0,0,0,0
533967_01602_01608_1,186.8,1,2022/10/18 11:45:00,-1.00,-1.00,0.0,0,0,0,0,0,0,0,0,0,0,0,0
533967_01602_01608_1,186.8,1,2022/10/18 12:00:00,-1.00,-1.00,0.0,0,0,0,0,0,0,0,0,0,0,0,0
533967_01602_01608_1,186.8,1,2022/10/18 12:15:00,-1.00,-1.00,0.0,0,0,0,0,0,0,0,0,0,0,0,0
533967_01602_01608_1,186.8,1,2022/10/18 12:30:00,-1.00,-1.00,0.0,0,0,0,0,0,0,0,0,0,0,0,0
533967_01602_01608_1,186.8,1,2022/10/18 12:45:00,-1.00,-1.00,0.0,0,0,0,0,0,0,0,0,0,0,0,0
533967_01602_01608_1,186.8,1,2022/10/18 13:00:00,-1.00,-1.00,0.0,0,0,0,0,0,0,0,0,0,0,0,0
533967_01602_01608_1,186.8,1,2022/10/18 13:15:00,-1.00,-1.00,0.0,0,0,0,0,0,0,0,0,0,0,0,0
533967_01602_01608_1,186.8,1,2022/10/18 13:30:00,-1.00,-1.00,0.0,0,0,0,0,0,0,0,0,0,0,0,0
533967_01602_01608_1,186.8,1,2022/10/18 13:45:00,-1.00,-1.00,0.0,0,0,0,0,0,0,0,0,0,0,0,0
533967_01602_01608_1,186.8,1,2022/10/18 14:00:00,-1.00,-1.00,0.0,0,0,0,0,0,0,0,0,0,0,0,0
533967_01602_01608_1,186.8,1,2022/10/18 14:15:00,-1.00,-1.00,0.0,0,0,0,0,0,0,0,0,0,0,0,0
533967_01602_01608_1,186.8,1,2022/10/18 14:30:00,-1.00,-1.00,0.0,0,0,0,0,0,0,0,0,0,0,0,0
533967_01602_01608_1,186.8,1,2022/10/18 14:45:00,-1.00,-1.00,0.0,0,0,0,0,0,0,0,0,0,0,0,0
533967_01602_01608_1,186.8,1,2022/10/18 15:00:00,-1.00,-1.00,0.0,0,0,0,0,0,0,0,0,0,0,0,0
533967_01602_01608_1,186.8,1,2022/10/18 15:15:00,-1.00,-1.00,0.0,0,0,0,0,0,0,0,0,0,0,0,0
533967_01602_01608_1,186.8,1,2022/10/18 15:30:00,-1.00,-1.00,0.0,0,0,0,0,0,0,0,0,0,0,0,0
533967_01602_01608_1,186.8,1,2022/10/18 15:45:00,-1.00,-1.00,0.0,0,0,0,0,0,0,0,0,0,0,0,0
533967_01602_01608_1,186.8,1,2022/10/18 16:00:00,-1.00,-1.00,0.0,0,0,0,0,0,0,0,0,0,0,0,0
533967_01602_01608_1,186.8,1,2022/10/18 16:15:00,-1.00,-1.00,0.0,0,0,0,0,0,0,0,0,0,0,0,0
533967_01602_01608_1,186.8,1,2022/10/18 16:30:00,-1.00,-1.00,0.0,0,0,0,0,0,0,0,0,0,0,0,0
533967_01602_01608_1,186.8,1,2022/10/18 16:45:00,-1.00,-1.00,0.0,0,0,0,0,0,0,0,0,0,0,0,0
533967_01602_01608_1,186.8,1,2022/10/18 17:00:00,-1.00,-1.00,0.0,0,0,0,0,0,0,0,0,0,0,0,0
533967_01602_01608_1,186.8,1,2022/10/18 17:15:00,-1.00,-1.00,0.0,0,0,0,0,0,0,0,0,0,0,0,0
533967_01602_01608_1,186.8,1,2022/10/18 17:30:00,-1.00,-1.00,0.0,0,0,0,0,0,0,0,0,0,0,0,0
533967_01602_01608_1,186.8,1,2022/10/18 17:45:00,-1.00,-1.00,0.0,0,0,0,0,0,0,0,0,0,0,0,0
533967_01602_01608_1,186.8,1,2022/10/18 18:00:00,-1.00,-1.00,0.0,0,0,0,0,0,0,0,0,0,0,0,0
533967_01602_01608_1,186.8,1,2022/10/18 18:15:00,-1.00,-1.00,0.0,0,0,0,0,0,0,0,0,0,0,0,0
533967_01602_01608_1,186.8,1,2022/10/18 18:30:00,-1.00,-1.00,0.0,0,0,0,0,0,0,0,0,0,0,0,0
533967_01602_01608_1,186.8,1,2022/10/18 18:45:00,-1.00,-1.00,0.0,0,0,0,0,0,0,0,0,0,0,0,0
533967_01603_01606_0,292.9,1,2022/10/18 06:30:00,-1.00,-1.00,0.0,0,0,0,0,0,0,0,0,0,0,0,0
533967_01603_01606_0,292.9,1,2022/10/18 06:45:00,-1.00,-1.00,0.0,0,0,0,0,0,0,0,0,0,0,0,0
533967_01603_01606_0,292.9,1,2022/10/18 07:00:00,-1.00,-1.00,0.0,0,0,0,0,0,0,0,0,0,0,0,0
533967_01603_01606_0,292.9,1,2022/10/18 07:15:00,-1.00,-1.00,0.0,0,0,0,0,0,0,0,0,0,0,0,0
533967_01603_01606_0,292.9,1,2022/10/18 07:30:00,-1.00,-1.00,0.0,0,0,0,0,0,0,0,0,0,0,0,0
533967_01603_01606_0,292.9,1,2022/10/18 07:45:00,-1.00,-1.00,0.0,0,0,0,0,0,0,0,0,0,0,0,0
533967_01603_01606_0,292.9,1,2022/10/18 08:00:00,-1.00,-1.00,0.0,0,0,0,0,0,0,0,0,0,0,0,0
533967_01603_01606_0,292.9,1,2022/10/18 08:15:00,-1.00,-1.00,0.0,0,0,0,0,0,0,0,0,0,0,0,0
533967_01603_01606_0,292.9,1,2022/10/18 08:30:00,-1.00,-1.00,0.0,0,0,0,0,0,0,0,0,0,0,0,0
533967_01603_01606_0,292.9,1,2022/10/18 08:45:00,-1.00,-1.00,0.0,0,0,0,0,0,0,0,0,0,0,0,0
533967_01603_01606_0,292.9,1,2022/10/18 09:00:00,-1.00,-1.00,0.0,0,0,0,0,0,0,0,0,0,0,0,0
533967_01603_01606_0,292.9,1,2022/10/18 09:15:00,-1.00,-1.00,0.0,0,0,0,0,0,0,0,0,0,0,0,0
533967_01603_01606_0,292.9,1,2022/10/18 09:30:00,-1.00,-1.00,0.0,0,0,0,0,0,0,0,0,0,0,0,0
533967_01603_01606_0,292.9,1,2022/10/18 09:45:00,-1.00,-1.00,0.0,0,0,0,0,0,0,0,0,0,0,0,0
533967_01603_01606_0,292.9,1,2022/10/18 10:00:00,-1.00,-1.00,0.0,0,0,0,0,0,0,0,0,0,0,0,0
533967_01603_01606_0,292.9,1,2022/10/18 10:15:00,-1.00,-1.00,0.0,0,0,0,0,0,0,0,0,0,0,0,0
533967_01603_01606_0,292.9,1,2022/10/18 10:30:00,-1.00,-1.00,0.0,0,0,0,0,0,0,0,0,0,0,0,0
533967_01603_01606_0,292.9,1,2022/10/18 10:45:00,-1.00,-1.00,0.0,0,0,0,0,0,0,0,0,0,0,0,0
533967_01603_01606_0,292.9,1,2022/10/18 11:00:00,-1.00,-1.00,0.0,0,0,0,0,0,0,0,0,0,0,0,0
533967_01603_01606_0,292.9,1,2022/10/18 11:15:00,-1.00,-1.00,0.0,0,0,0,0,0,0,0,0,0,0,0,0
533967_01603_01606_0,292.9,1,2022/10/18 11:30:00,-1.00,-1.00,0.0,0,0,0,0,0,0,0,0,0,0,0,0
533967_01603_01606_0,292.9,1,2022/10/18 11:45:00,-1.00,-1.00,0.0,0,0,0,0,0,0,0,0,0,0,0,0
533967_01603_01606_0,292.9,1,2022/10/18 12:00:00,-1.00,-1.00,0.0,0,0,0,0,0,0,0,0,0,0,0,0
533967_01603_01606_0,292.9,1,2022/10/18 12:15:00,-1.00,-1.00,0.0,0,0,0,0,0,0,0,0,0,0,0,0
533967_01603_01606_0,292.9,1,2022/10/18 12:30:00,-1.00,-1.00,0.0,0,0,0,0,0,0,0,0,0,0,0,0
533967_01603_01606_0,292.9,1,2022/10/18 12:45:00,-1.00,-1.00,0.0,0,0,0,0,0,0,0,0,0,0,0,0
533967_01603_01606_0,292.9,1,2022/10/18 13:00:00,-1.00,-1.00,0.0,0,0,0,0,0,0,0,0,0,0,0,0
533967_01603_01606_0,292.9,1,2022/10/18 13:15:00,-1.00,-1.00,0.0,0,0,0,0,0,0,0,0,0,0,0,0
533967_01603_01606_0,292.9,1,2022/10/18 13:30:00,-1.00,-1.00,0.0,0,0,0,0,0,0,0,0,0,0,0,0
533967_01603_01606_0,292.9,1,2022/10/18 13:45:00,-1.00,-1.00,0.0,0,0,0,0,0,0,0,0,0,0,0,0
533967_01603_01606_0,292.9,1,2022/10/18 14:00:00,-1.00,-1.00,0.0,0,0,0,0,0,0,0,0,0,0,0,0
533967_01603_01606_0,292.9,1,2022/10/18 14:15:00,-1.00,-1.00,0.0,0,0,0,0,0,0,0,0,0,0,0,0
533967_01603_01606_0,292.9,1,2022/10/18 14:30:00,-1.00,-1.00,0.0,0,0,0,0,0,0,0,0,0,0,0,0
533967_01603_01606_0,292.9,1,2022/10/18 14:45:00,-1.00,-1.00,0.0,0,0,0,0,0,0,0,0,0,0,0,0
533967_01603_01606_0,292.9,1,2022/10/18 15:00:00,-1.00,-1.00,0.0,0,0,0,0,0,0,0,0,0,0,0,0
533967_01603_01606_0,292.9,1,2022/10/18 15:15:00,-1.00,-1.00,0.0,0,0,0,0,0,0,0,0,0,0,0,0
533967_01603_01606_0,292.9,1,2022/10/18 15:30:00,-1.00,-1.00,0.0,0,0,0,0,0,0,0,0,0,0,0,0
533967_01603_01606_0,292.9,1,2022/10/18 15:45:00,-1.00,-1.00,0.0,0,0,0,0,0,0,0,0,0,0,0,0
533967_01603_01606_0,292.9,1,2022/10/18 16:00:00,-1.00,-1.00,0.0,0,0,0,0,0,0,0,0,0,0,0,0
533967_01603_01606_0,292.9,1,2022/10/18 16:15:00,-1.00,-1.00,0.0,0,0,0,0,0,0,0,0,0,0,0,0
533967_01603_01606_0,292.9,1,2022/10/18 16:30:00,-1.00,-1.00,0.0,0,0,0,0,0,0,0,0,0,0,0,0
533967_01603_01606_0,292.9,1,2022/10/18 16:45:00,-1.00,-1.00,0.0,0,0,0,0,0,0,0,0,0,0,0,0
533967_01603_01606_0,292.9,1,2022/10/18 17:00:00,-1.00,-1.00,0.0,0,0,0,0,0,0,0,0,0,0,0,0
533967_01603_01606_0,292.9,1,2022/10/18 17:15:00,-1.00,-1.00,0.0,0,0,0,0,0,0,0,0,0,0,0,0
533967_01603_01606_0,292.9,1,2022/10/18 17:30:00,-1.00,-1.00,0.0,0,0,0,0,0,0,0,0,0,0,0,0
533967_01603_01606_0,292.9,1,2022/10/18 17:45:00,-1.00,-1.00,0.0,0,0,0,0,0,0,0,0,0,0,0,0
533967_01603_01606_0,292.9,1,2022/10/18 18:00:00,-1.00,-1.00,0.0,0,0,0,0,0,0,0,0,0,0,0,0
533967_01603_01606_0,292.9,1,2022/10/18 18:15:00,-1.00,-1.00,0.0,0,0,0,0,0,0,0,0,0,0,0,0
533967_01603_01606_0,292.9,1,2022/10/18 18:30:00,-1.00,-1.00,0.0,0,0,0,0,0,0,0,0,0,0,0,0
533967_01603_01606_0,292.9,1,2022/10/18 18:45:00,-1.00,-1.00,0.0,0,0,0,0,0,0,0,0,0,0,0,0
533967_01603_01606_1,292.8,1,2022/10/18 06:30:00,-1.00,-1.00,0.0,0,0,0,0,0,0,0,0,0,0,0,0
533967_01603_01606_1,292.8,1,2022/10/18 06:45:00,-1.00,-1.00,0.0,0,0,0,0,0,0,0,0,0,0,0,0
533967_01603_01606_1,292.8,1,2022/10/18 07:00:00,-1.00,-1.00,0.0,0,0,0,0,0,0,0,0,0,0,0,0
533967_01603_01606_1,292.8,1,2022/10/18 07:15:00,-1.00,-1.00,0.0,0,0,0,0,0,0,0,0,0,0,0,0
533967_01603_01606_1,292.8,1,2022/10/18 07:30:00,-1.00,-1.00,0.0,0,0,0,0,0,0,0,0,0,0,0,0
533967_01603_01606_1,292.8,1,2022/10/18 07:45:00,-1.00,-1.00,0.0,0,0,0,0,0,0,0,0,0,0,0,0
533967_01603_01606_1,292.8,1,2022/10/18 08:00:00,-1.00,-1.00,0.0,0,0,0,0,0,0,0,0,0,0,0,0
533967_01603_01606_1,292.8,1,2022/10/18 08:15:00,-1.00,-1.00,0.0,0,0,0,0,0,0,0,0,0,0,0,0
533967_01603_01606_1,292.8,1,2022/10/18 08:30:00,-1.00,-1.00,0.0,0,0,0,0,0,0,0,0,0,0,0,0
533967_01603_01606_1,292.8,1,2022/10/18 08:45:00,-1.00,-1.00,0.0,0,0,0,0,0,0,0,0,0,0,0,0
533967_01603_01606_1,292.8,1,2022/10/18 09:00:00,-1.00,-1.00,0.0,0,0,0,0,0,0,0,0,0,0,0,0
533967_01603_01606_1,292.8,1,2022/10/18 09:15:00,-1.00,-1.00,0.0,0,0,0,0,0,0,0,0,0,0,0,0
533967_01603_01606_1,292.8,1,2022/10/18 09:30:00,-1.00,-1.00,0.0,0,0,0,0,0,0,0,0,0,0,0,0
533967_01603_01606_1,292.8,1,2022/10/18 09:45:00,-1.00,-1.00,0.0,0,0,0,0,0,0,0,0,0,0,0,0
533967_01603_01606_1,292.8,1,2022/10/18 10:00:00,-1.00,-1.00,0.0,0,0,0,0,0,0,0,0,0,0,0,0
533967_01603_01606_1,292.8,1,2022/10/18 10:15:00,-1.00,-1.00,0.0,0,0,0,0,0,0,0,0,0,0,0,0
533967_01603_01606_1,292.8,1,2022/10/18 10:30:00,-1.00,-1.00,0.0,0,0,0,0,0,0,0,0,0,0,0,0
533967_01603_01606_1,292.8,1,2022/10/18 10:45:00,-1.00,-1.00,0.0,0,0,0,0,0,0,0,0,0,0,0,0
533967_01603_01606_1,292.8,1,2022/10/18 11:00:00,-1.00,-1.00,0.0,0,0,0,0,0,0,0,0,0,0,0,0
533967_01603_01606_1,292.8,1,2022/10/18 11:15:00,-1.00,-1.00,0.0,0,0,0,0,0,0,0,0,0,0,0,0
533967_01603_01606_1,292.8,1,2022/10/18 11:30:00,-1.00,-1.00,0.0,0,0,0,0,0,0,0,0,0,0,0,0
533967_01603_01606_1,292.8,1,2022/10/18 11:45:00,-1.00,-1.00,0.0,0,0,0,0,0,0,0,0,0,0,0,0
533967_01603_01606_1,292.8,1,2022/10/18 12:00:00,-1.00,-1.00,0.0,0,0,0,0,0,0,0,0,0,0,0,0
533967_01603_01606_1,292.8,1,2022/10/18 12:15:00,-1.00,-1.00,0.0,0,0,0,0,0,0,0,0,0,0,0,0
533967_01603_01606_1,292.8,1,2022/10/18 12:30:00,-1.00,-1.00,0.0,0,0,0,0,0,0,0,0,0,0,0,0
533967_01603_01606_1,292.8,1,2022/10/18 12:45:00,-1.00,-1.00,0.0,0,0,0,0,0,0,0,0,0,0,0,0
533967_01603_01606_1,292.8,1,2022/10/18 13:00:00,-1.00,-1.00,0.0,0,0,0,0,0,0,0,0,0,0,0,0
533967_01603_01606_1,292.8,1,2022/10/18 13:15:00,-1.00,-1.00,0.0,0,0,0,0,0,0,0,0,0,0,0,0
533967_01603_01606_1,292.8,1,2022/10/18 13:30:00,-1.00,-1.00,0.0,0,0,0,0,0,0,0,0,0,0,0,0
533967_01603_01606_1,292.8,1,2022/10/18 13:45:00,-1.00,-1.00,0.0,0,0,0,0,0,0,0,0,0,0,0,0
533967_01603_01606_1,292.8,1,2022/10/18 14:00:00,-1.00,-1.00,0.0,0,0,0,0,0,0,0,0,0,0,0,0
533967_01603_01606_1,292.8,1,2022/10/18 14:15:00,-1.00,-1.00,0.0,0,0,0,0,0,0,0,0,0,0,0,0
533967_01603_01606_1,292.8,1,2022/10/18 14:30:00,-1.00,-1.00,0.0,0,0,0,0,0,0,0,0,0,0,0,0
533967_01603_01606_1,292.8,1,2022/10/18 14:45:00,-1.00,-1.00,0.0,0,0,0,0,0,0,0,0,0,0,0,0
533967_01603_01606_1,292.8,1,2022/10/18 15:00:00,-1.00,-1.00,0.0,0,0,0,0,0,0,0,0,0,0,0,0
533967_01603_01606_1,292.8,1,2022/10/18 15:15:00,-1.00,-1.00,0.0,0,0,0,0,0,0,0,0,0,0,0,0
533967_01603_01606_1,292.8,1,2022/10/18 15:30:00,-1.00,-1.00,0.0,0,0,0,0,0,0,0,0,0,0,0,0
533967_01603_01606_1,292.8,1,2022/10/18 15:45:00,-1.00,-1.00,0.0,0,0,0,0,0,0,0,0,0,0,0,0
533967_01603_01606_1,292.8,1,2022/10/18 16:00:00,-1.00,-1.00,0.0,0,0,0,0,0,0,0,0,0,0,0,0
533967_01603_01606_1,292.8,1,2022/10/18 16:15:00,-1.00,-1.00,0.0,0,0,0,0,0,0,0,0,0,0,0,0
533967_01603_01606_1,292.8,1,2022/10/18 16:30:00,-1.00,-1.00,0.0,0,0,0,0,0,0,0,0,0,0,0,0
533967_01603_01606_1,292.8,1,2022/10/18 16:45:00,-1.00,-1.00,0.0,0,0,0,0,0,0,0,0,0,0,0,0
533967_01603_01606_1,292.8,1,2022/10/18 17:00:00,-1.00,-1.00,0.0,0,0,0,0,0,0,0,0,0,0,0,0
533967_01603_01606_1,292.8,1,2022/10/18 17:15:00,-1.00,-1.00,0.0,0,0,0,0,0,0,0,0,0,0,0,0
533967_01603_01606_1,292.8,1,2022/10/18 17:30:00,-1.00,-1.00,0.0,0,0,0,0,0,0,0,0,0,0,0,0
533967_01603_01606_1,292.8,1,2022/10/18 17:45:00,-1.00,-1.00,0.0,0,0,0,0,0,0,0,0,0,0,0,0
533967_01603_01606_1,292.8,1,2022/10/18 18:00:00,-1.00,-1.00,0.0,0,0,0,0,0,0,0,0,0,0,0,0
533967_01603_01606_1,292.8,1,2022/10/18 18:15:00,-1.00,-1.00,0.0,0,0,0,0,0,0,0,0,0,0,0,0
533967_01603_01606_1,292.8,1,2022/10/18 18:30:00,-1.00,-1.00,0.0,0,0,0,0,0,0,0,0,0,0,0,0
533967_01603_01606_1,292.8,1,2022/10/18 18:45:00,-1.00,-1.00,0.0,0,0,0,0,0,0,0,0,0,0,0,0
533967_01603_01608_0,153.8,1,2022/10/18 06:30:00,-1.00,-1.00,0.0,0,0,0,0,0,0,0,0,0,0,0,0
533967_01603_01608_0,153.8,1,2022/10/18 06:45:00,-1.00,-1.00,0.0,0,0,0,0,0,0,0,0,0,0,0,0
533967_01603_01608_0,153.8,1,2022/10/18 07:00:00,-1.00,-1.00,0.0,0,0,0,0,0,0,0,0,0,0,0,0
533967_01603_01608_0,153.8,1,2022/10/18 07:15:00,-1.00,-1.00,0.0,0,0,0,0,0,0,0,0,0,0,0,0
533967_01603_01608_0,153.8,1,2022/10/18 07:30:00,-1.00,-1.00,0.0,0,0,0,0,0,0,0,0,0,0,0,0
533967_01603_01608_0,153.8,1,2022/10/18 07:45:00,-1.00,-1.00,0.0,0,0,0,0,0,0,0,0,0,0,0,0
533967_01603_01608_0,153.8,1,2022/10/18 08:00:00,-1.00,-1.00,0.0,0,0,0,0,0,0,0,0,0,0,0,0
533967_01603_01608_0,153.8,1,2022/10/18 08:15:00,-1.00,-1.00,0.0,0,0,0,0,0,0,0,0,0,0,0,0
533967_01603_01608_0,153.8,1,2022/10/18 08:30:00,-1.00,-1.00,0.0,0,0,0,0,0,0,0,0,0,0,0,0
533967_01603_01608_0,153.8,1,2022/10/18 08:45:00,-1.00,-1.00,0.0,0,0,0,0,0,0,0,0,0,0,0,0
533967_01603_01608_0,153.8,1,2022/10/18 09:00:00,-1.00,-1.00,0.0,0,0,0,0,0,0,0,0,0,0,0,0
533967_01603_01608_0,153.8,1,2022/10/18 09:15:00,-1.00,-1.00,0.0,0,0,0,0,0,0,0,0,0,0,0,0
533967_01603_01608_0,153.8,1,2022/10/18 09:30:00,-1.00,-1.00,0.0,0,0,0,0,0,0,0,0,0,0,0,0
533967_01603_01608_0,153.8,1,2022/10/18 09:45:00,-1.00,-1.00,0.0,0,0,0,0,0,0,0,0,0,0,0,0
533967_01603_01608_0,153.8,1,2022/10/18 10:00:00,-1.00,-1.00,0.0,0,0,0,0,0,0,0,0,0,0,0,0
533967_01603_01608_0,153.8,1,2022/10/18 10:15:00,-1.00,-1.00,0.0,0,0,0,0,0,0,0,0,0,0,0,0
533967_01603_01608_0,153.8,1,2022/10/18 10:30:00,-1.00,-1.00,0.0,0,0,0,0,0,0,0,0,0,0,0,0
533967_01603_01608_0,153.8,1,2022/10/18 10:45:00,-1.00,-1.00,0.0,0,0,0,0,0,0,0,0,0,0,0,0
533967_01603_01608_0,153.8,1,2022/10/18 11:00:00,-1.00,-1.00,0.0,0,0,0,0,0,0,0,0,0,0,0,0
533967_01603_01608_0,153.8,1,2022/10/18 11:15:00,-1.00,-1.00,0.0,0,0,0,0,0,0,0,0,0,0,0,0
533967_01603_01608_0,153.8,1,2022/10/18 11:30:00,-1.00,-1.00,0.0,0,0,0,0,0,0,0,0,0,0,0,0
533967_01603_01608_0,153.8,1,2022/10/18 11:45:00,-1.00,-1.00,0.0,0,0,0,0,0,0,0,0,0,0,0,0
533967_01603_01608_0,153.8,1,2022/10/18 12:00:00,-1.00,-1.00,0.0,0,0,0,0,0,0,0,0,0,0,0,0
533967_01603_01608_0,153.8,1,2022/10/18 12:15:00,-1.00,-1.00,0.0,0,0,0,0,0,0,0,0,0,0,0,0
533967_01603_01608_0,153.8,1,2022/10/18 12:30:00,-1.00,-1.00,0.0,0,0,0,0,0,0,0,0,0,0,0,0
533967_01603_01608_0,153.8,1,2022/10/18 12:45:00,-1.00,-1.00,0.0,0,0,0,0,0,0,0,0,0,0,0,0
533967_01603_01608_0,153.8,1,2022/10/18 13:00:00,-1.00,-1.00,0.0,0,0,0,0,0,0,0,0,0,0,0,0
533967_01603_01608_0,153.8,1,2022/10/18 13:15:00,-1.00,-1.00,0.0,0,0,0,0,0,0,0,0,0,0,0,0
533967_01603_01608_0,153.8,1,2022/10/18 13:30:00,-1.00,-1.00,0.0,0,0,0,0,0,0,0,0,0,0,0,0
533967_01603_01608_0,153.8,1,2022/10/18 13:45:00,-1.00,-1.00,0.0,0,0,0,0,0,0,0,0,0,0,0,0
533967_01603_01608_0,153.8,1,2022/10/18 14:00:00,-1.00,-1.00,0.0,0,0,0,0,0,0,0,0,0,0,0,0
533967_01603_01608_0,153.8,1,2022/10/18 14:15:00,-1.00,-1.00,0.0,0,0,0,0,0,0,0,0,0,0,0,0
533967_01603_01608_0,153.8,1,2022/10/18 14:30:00,-1.00,-1.00,0.0,0,0,0,0,0,0,0,0,0,0,0,0
533967_01603_01608_0,153.8,1,2022/10/18 14:45:00,-1.00,-1.00,0.0,0,0,0,0,0,0,0,0,0,0,0,0
533967_01603_01608_0,153.8,1,2022/10/18 15:00:00,-1.00,-1.00,0.0,0,0,0,0,0,0,0,0,0,0,0,0
533967_01603_01608_0,153.8,1,2022/10/18 15:15:00,-1.00,-1.00,0.0,0,0,0,0,0,0,0,0,0,0,0,0
533967_01603_01608_0,153.8,1,2022/10/18 15:30:00,-1.00,-1.00,0.0,0,0,0,0,0,0,0,0,0,0,0,0
533967_01603_01608_0,153.8,1,2022/10/18 15:45:00,-1.00,-1.00,0.0,0,0,0,0,0,0,0,0,0,0,0,0
533967_01603_01608_0,153.8,1,2022/10/18 16:00:00,-1.00,-1.00,0.0,0,0,0,0,0,0,0,0,0,0,0,0
533967_01603_01608_0,153.8,1,2022/10/18 16:15:00,-1.00,-1.00,0.0,0,0,0,0,0,0,0,0,0,0,0,0
533967_01603_01608_0,153.8,1,2022/10/18 16:30:00,-1.00,-1.00,0.0,0,0,0,0,0,0,0,0,0,0,0,0
533967_01603_01608_0,153.8,1,2022/10/18 16:45:00,-1.00,-1.00,0.0,0,0,0,0,0,0,0,0,0,0,0,0
533967_01603_01608_0,153.8,1,2022/10/18 17:00:00,-1.00,-1.00,0.0,0,0,0,0,0,0,0,0,0,0,0,0
533967_01603_01608_0,153.8,1,2022/10/18 17:15:00,-1.00,-1.00,0.0,0,0,0,0,0,0,0,0,0,0,0,0
533967_01603_01608_0,153.8,1,2022/10/18 17:30:00,-1.00,-1.00,0.0,0,0,0,0,0,0,0,0,0,0,0,0
533967_01603_01608_0,153.8,1,2022/10/18 17:45:00,-1.00,-1.00,0.0,0,0,0,0,0,0,0,0,0,0,0,0
533967_01603_01608_0,153.8,1,2022/10/18 18:00:00,-1.00,-1.00,0.0,0,0,0,0,0,0,0,0,0,0,0,0
533967_01603_01608_0,153.8,1,2022/10/18 18:15:00,-1.00,-1.00,0.0,0,0,0,0,0,0,0,0,0,0,0,0
533967_01603_01608_0,153.8,1,2022/10/18 18:30:00,-1.00,-1.00,0.0,0,0,0,0,0,0,0,0,0,0,0,0
533967_01603_01608_0,153.8,1,2022/10/18 18:45:00,-1.00,-1.00,0.0,0,0,0,0,0,0,0,0,0,0,0,0
533967_01603_01608_1,154.0,1,2022/10/18 06:30:00,-1.00,-1.00,0.0,0,0,0,0,0,0,0,0,0,0,0,0
533967_01603_01608_1,154.0,1,2022/10/18 06:45:00,-1.00,-1.00,0.0,0,0,0,0,0,0,0,0,0,0,0,0
533967_01603_01608_1,154.0,1,2022/10/18 07:00:00,-1.00,-1.00,0.0,0,0,0,0,0,0,0,0,0,0,0,0
533967_01603_01608_1,154.0,1,2022/10/18 07:15:00,-1.00,-1.00,0.0,0,0,0,0,0,0,0,0,0,0,0,0
533967_01603_01608_1,154.0,1,2022/10/18 07:30:00,-1.00,-1.00,0.0,0,0,0,0,0,0,0,0,0,0,0,0
533967_01603_01608_1,154.0,1,2022/10/18 07:45:00,-1.00,-1.00,0.0,0,0,0,0,0,0,0,0,0,0,0,0
533967_01603_01608_1,154.0,1,2022/10/18 08:00:00,-1.00,-1.00,0.0,0,0,0,0,0,0,0,0,0,0,0,0
533967_01603_01608_1,154.0,1,2022/10/18 08:15:00,-1.00,-1.00,0.0,0,0,0,0,0,0,0,0,0,0,0,0
533967_01603_01608_1,154.0,1,2022/10/18 08:30:00,-1.00,-1.00,0.0,0,0,0,0,0,0,0,0,0,0,0,0
533967_01603_01608_1,154.0,1,2022/10/18 08:45:00,-1.00,-1.00,0.0,0,0,0,0,0,0,0,0,0,0,0,0
533967_01603_01608_1,154.0,1,2022/10/18 09:00:00,-1.00,-1.00,0.0,0,0,0,0,0,0,0,0,0,0,0,0
533967_01603_01608_1,154.0,1,2022/10/18 09:15:00,-1.00,-1.00,0.0,0,0,0,0,0,0,0,0,0,0,0,0
533967_01603_01608_1,154.0,1,2022/10/18 09:30:00,-1.00,-1.00,0.0,0,0,0,0,0,0,0,0,0,0,0,0
533967_01603_01608_1,154.0,1,2022/10/18 09:45:00,-1.00,-1.00,0.0,0,0,0,0,0,0,0,0,0,0,0,0
533967_01603_01608_1,154.0,1,2022/10/18 10:00:00,-1.00,-1.00,0.0,0,0,0,0,0,0,0,0,0,0,0,0
533967_01603_01608_1,154.0,1,2022/10/18 10:15:00,-1.00,-1.00,0.0,0,0,0,0,0,0,0,0,0,0,0,0
533967_01603_01608_1,154.0,1,2022/10/18 10:30:00,-1.00,-1.00,0.0,0,0,0,0,0,0,0,0,0,0,0,0
533967_01603_01608_1,154.0,1,2022/10/18 10:45:00,-1.00,-1.00,0.0,0,0,0,0,0,0,0,0,0,0,0,0
533967_01603_01608_1,154.0,1,2022/10/18 11:00:00,-1.00,-1.00,0.0,0,0,0,0,0,0,0,0,0,0,0,0
533967_01603_01608_1,154.0,1,2022/10/18 11:15:00,-1.00,-1.00,0.0,0,0,0,0,0,0,0,0,0,0,0,0
533967_01603_01608_1,154.0,1,2022/10/18 11:30:00,-1.00,-1.00,0.0,0,0,0,0,0,0,0,0,0,0,0,0
533967_01603_01608_1,154.0,1,2022/10/18 11:45:00,-1.00,-1.00,0.0,0,0,0,0,0,0,0,0,0,0,0,0
533967_01603_01608_1,154.0,1,2022/10/18 12:00:00,-1.00,-1.00,0.0,0,0,0,0,0,0,0,0,0,0,0,0
533967_01603_01608_1,154.0,1,2022/10/18 12:15:00,-1.00,-1.00,0.0,0,0,0,0,0,0,0,0,0,0,0,0
533967_01603_01608_1,154.0,1,2022/10/18 12:30:00,-1.00,-1.00,0.0,0,0,0,0,0,0,0,0,0,0,0,0
533967_01603_01608_1,154.0,1,2022/10/18 12:45:00,-1.00,-1.00,0.0,0,0,0,0,0,0,0,0,0,0,0,0
533967_01603_01608_1,154.0,1,2022/10/18 13:00:00,-1.00,-1.00,0.0,0,0,0,0,0,0,0,0,0,0,0,0
533967_01603_01608_1,154.0,1,2022/10/18 13:15:00,-1.00,-1.00,0.0,0,0,0,0,0,0,0,0,0,0,0,0
533967_01603_01608_1,154.0,1,2022/10/18 13:30:00,-1.00,-1.00,0.0,0,0,0,0,0,0,0,0,0,0,0,0
533967_01603_01608_1,154.0,1,2022/10/18 13:45:00,-1.00,-1.00,0.0,0,0,0,0,0,0,0,0,0,0,0,0
533967_01603_01608_1,154.0,1,2022/10/18 14:00:00,-1.00,-1.00,0.0,0,0,0,0,0,0,0,0,0,0,0,0
533967_01603_01608_1,154.0,1,2022/10/18 14:15:00,-1.00,-1.00,0.0,0,0,0,0,0,0,0,0,0,0,0,0
533967_01603_01608_1,154.0,1,2022/10/18 14:30:00,-1.00,-1.00,0.0,0,0,0,0,0,0,0,0,0,0,0,0
533967_01603_01608_1,154.0,1,2022/10/18 14:45:00,-1.00,-1.00,0.0,0,0,0,0,0,0,0,0,0,0,0,0
533967_01603_01608_1,154.0,1,2022/10/18 15:00:00,-1.00,-1.00,0.0,0,0,0,0,0,0,0,0,0,0,0,0
533967_01603_01608_1,154.0,1,2022/10/18 15:15:00,-1.00,-1.00,0.0,0,0,0,0,0,0,0,0,0,0,0,0
533967_01603_01608_1,154.0,1,2022/10/18 15:30:00,-1.00,-1.00,0.0,0,0,0,0,0,0,0,0,0,0,0,0
533967_01603_01608_1,154.0,1,2022/10/18 15:45:00,-1.00,-1.00,0.0,0,0,0,0,0,0,0,0,0,0,0,0
533967_01603_01608_1,154.0,1,2022/10/18 16:00:00,-1.00,-1.00,0.0,0,0,0,0,0,0,0,0,0,0,0,0
533967_01603_01608_1,154.0,1,2022/10/18 16:15:00,-1.00,-1.00,0.0,0,0,0,0,0,0,0,0,0,0,0,0
533967_01603_01608_1,154.0,1,2022/10/18 16:30:00,-1.00,-1.00,0.0,0,0,0,0,0,0,0,0,0,0,0,0
533967_01603_01608_1,154.0,1,2022/10/18 16:45:00,-1.00,-1.00,0.0,0,0,0,0,0,0,0,0,0,0,0,0
533967_01603_01608_1,154.0,1,2022/10/18 17:00:00,-1.00,-1.00,0.0,0,0,0,0,0,0,0,0,0,0,0,0
533967_01603_01608_1,154.0,1,2022/10/18 17:15:00,-1.00,-1.00,0.0,0,0,0,0,0,0,0,0,0,0,0,0
533967_01603_01608_1,154.0,1,2022/10/18 17:30:00,-1.00,-1.00,0.0,0,0,0,0,0,0,0,0,0,0,0,0
533967_01603_01608_1,154.0,1,2022/10/18 17:45:00,-1.00,-1.00,0.0,0,0,0,0,0,0,0,0,0,0,0,0
533967_01603_01608_1,154.0,1,2022/10/18 18:00:00,-1.00,-1.00,0.0,0,0,0,0,0,0,0,0,0,0,0,0
533967_01603_01608_1,154.0,1,2022/10/18 18:15:00,-1.00,-1.00,0.0,0,0,0,0,0,0,0,0,0,0,0,0
533967_01603_01608_1,154.0,1,2022/10/18 18:30:00,-1.00,-1.00,0.0,0,0,0,0,0,0,0,0,0,0,0,0
533967_01603_01608_1,154.0,1,2022/10/18 18:45:00,-1.00,-1.00,0.0,0,0,0,0,0,0,0,0,0,0,0,0
533967_01604_01605_0,198.4,1,2022/10/18 06:30:00,-1.00,-1.00,0.0,0,0,0,0,0,0,0,0,0,0,0,0
533967_01604_01605_0,198.4,1,2022/10/18 06:45:00,-1.00,-1.00,0.0,0,0,0,0,0,0,0,0,0,0,0,0
533967_01604_01605_0,198.4,1,2022/10/18 07:00:00,-1.00,-1.00,0.0,0,0,0,0,0,0,0,0,0,0,0,0
533967_01604_01605_0,198.4,1,2022/10/18 07:15:00,-1.00,-1.00,0.0,0,0,0,0,0,0,0,0,0,0,0,0
533967_01604_01605_0,198.4,1,2022/10/18 07:30:00,-1.00,-1.00,0.0,0,0,0,0,0,0,0,0,0,0,0,0
533967_01604_01605_0,198.4,1,2022/10/18 07:45:00,-1.00,-1.00,0.0,0,0,0,0,0,0,0,0,0,0,0,0
533967_01604_01605_0,198.4,1,2022/10/18 08:00:00,-1.00,-1.00,0.0,0,0,0,0,0,0,0,0,0,0,0,0
533967_01604_01605_0,198.4,1,2022/10/18 08:15:00,-1.00,-1.00,0.0,0,0,0,0,0,0,0,0,0,0,0,0
533967_01604_01605_0,198.4,1,2022/10/18 08:30:00,-1.00,-1.00,0.0,0,0,0,0,0,0,0,0,0,0,0,0
533967_01604_01605_0,198.4,1,2022/10/18 08:45:00,-1.00,-1.00,0.0,0,0,0,0,0,0,0,0,0,0,0,0
533967_01604_01605_0,198.4,1,2022/10/18 09:00:00,-1.00,-1.00,0.0,0,0,0,0,0,0,0,0,0,0,0,0
533967_01604_01605_0,198.4,1,2022/10/18 09:15:00,-1.00,-1.00,0.0,0,0,0,0,0,0,0,0,0,0,0,0
533967_01604_01605_0,198.4,1,2022/10/18 09:30:00,-1.00,-1.00,0.0,0,0,0,0,0,0,0,0,0,0,0,0
533967_01604_01605_0,198.4,1,2022/10/18 09:45:00,-1.00,-1.00,0.0,0,0,0,0,0,0,0,0,0,0,0,0
533967_01604_01605_0,198.4,1,2022/10/18 10:00:00,-1.00,-1.00,0.0,0,0,0,0,0,0,0,0,0,0,0,0
533967_01604_01605_0,198.4,1,2022/10/18 10:15:00,-1.00,-1.00,0.0,0,0,0,0,0,0,0,0,0,0,0,0
533967_01604_01605_0,198.4,1,2022/10/18 10:30:00,-1.00,-1.00,0.0,0,0,0,0,0,0,0,0,0,0,0,0
533967_01604_01605_0,198.4,1,2022/10/18 10:45:00,-1.00,-1.00,0.0,0,0,0,0,0,0,0,0,0,0,0,0
533967_01604_01605_0,198.4,1,2022/10/18 11:00:00,-1.00,-1.00,0.0,0,0,0,0,0,0,0,0,0,0,0,0
533967_01604_01605_0,198.4,1,2022/10/18 11:15:00,-1.00,-1.00,0.0,0,0,0,0,0,0,0,0,0,0,0,0
533967_01604_01605_0,198.4,1,2022/10/18 11:30:00,-1.00,-1.00,0.0,0,0,0,0,0,0,0,0,0,0,0,0
533967_01604_01605_0,198.4,1,2022/10/18 11:45:00,-1.00,-1.00,0.0,0,0,0,0,0,0,0,0,0,0,0,0
533967_01604_01605_0,198.4,1,2022/10/18 12:00:00,-1.00,-1.00,0.0,0,0,0,0,0,0,0,0,0,0,0,0
533967_01604_01605_0,198.4,1,2022/10/18 12:15:00,-1.00,-1.00,0.0,0,0,0,0,0,0,0,0,0,0,0,0
533967_01604_01605_0,198.4,1,2022/10/18 12:30:00,-1.00,-1.00,0.0,0,0,0,0,0,0,0,0,0,0,0,0
533967_01604_01605_0,198.4,1,2022/10/18 12:45:00,-1.00,-1.00,0.0,0,0,0,0,0,0,0,0,0,0,0,0
533967_01604_01605_0,198.4,1,2022/10/18 13:00:00,-1.00,-1.00,0.0,0,0,0,0,0,0,0,0,0,0,0,0
533967_01604_01605_0,198.4,1,2022/10/18 13:15:00,-1.00,-1.00,0.0,0,0,0,0,0,0,0,0,0,0,0,0
533967_01604_01605_0,198.4,1,2022/10/18 13:30:00,-1.00,-1.00,0.0,0,0,0,0,0,0,0,0,0,0,0,0
533967_01604_01605_0,198.4,1,2022/10/18 13:45:00,-1.00,-1.00,0.0,0,0,0,0,0,0,0,0,0,0,0,0
533967_01604_01605_0,198.4,1,2022/10/18 14:00:00,-1.00,-1.00,0.0,0,0,0,0,0,0,0,0,0,0,0,0
533967_01604_01605_0,198.4,1,2022/10/18 14:15:00,-1.00,-1.00,0.0,0,0,0,0,0,0,0,0,0,0,0,0
533967_01604_01605_0,198.4,1,2022/10/18 14:30:00,-1.00,-1.00,0.0,0,0,0,0,0,0,0,0,0,0,0,0
533967_01604_01605_0,198.4,1,2022/10/18 14:45:00,-1.00,-1.00,0.0,0,0,0,0,0,0,0,0,0,0,0,0
533967_01604_01605_0,198.4,1,2022/10/18 15:00:00,-1.00,-1.00,0.0,0,0,0,0,0,0,0,0,0,0,0,0
533967_01604_01605_0,198.4,1,2022/10/18 15:15:00,-1.00,-1.00,0.0,0,0,0,0,0,0,0,0,0,0,0,0
533967_01604_01605_0,198.4,1,2022/10/18 15:30:00,-1.00,-1.00,0.0,0,0,0,0,0,0,0,0,0,0,0,0
533967_01604_01605_0,198.4,1,2022/10/18 15:45:00,-1.00,-1.00,0.0,0,0,0,0,0,0,0,0,0,0,0,0
533967_01604_01605_0,198.4,1,2022/10/18 16:00:00,-1.00,-1.00,0.0,0,0,0,0,0,0,0,0,0,0,0,0
533967_01604_01605_0,198.4,1,2022/10/18 16:15:00,-1.00,-1.00,0.0,0,0,0,0,0,0,0,0,0,0,0,0
533967_01604_01605_0,198.4,1,2022/10/18 16:30:00,-1.00,-1.00,0.0,0,0,0,0,0,0,0,0,0,0,0,0
533967_01604_01605_0,198.4,1,2022/10/18 16:45:00,-1.00,-1.00,0.0,0,0,0,0,0,0,0,0,0,0,0,0
533967_01604_01605_0,198.4,1,2022/10/18 17:00:00,-1.00,-1.00,0.0,0,0,0,0,0,0,0,0,0,0,0,0
533967_01604_01605_0,198.4,1,2022/10/18 17:15:00,-1.00,-1.00,0.0,0,0,0,0,0,0,0,0,0,0,0,0
533967_01604_01605_0,198.4,1,2022/10/18 17:30:00,-1.00,-1.00,0.0,0,0,0,0,0,0,0,0,0,0,0,0
533967_01604_01605_0,198.4,1,2022/10/18 17:45:00,-1.00,-1.00,0.0,0,0,0,0,0,0,0,0,0,0,0,0
533967_01604_01605_0,198.4,1,2022/10/18 18:00:00,-1.00,-1.00,0.0,0,0,0,0,0,0,0,0,0,0,0,0
533967_01604_01605_0,198.4,1,2022/10/18 18:15:00,-1.00,-1.00,0.0,0,0,0,0,0,0,0,0,0,0,0,0
533967_01604_01605_0,198.4,1,2022/10/18 18:30:00,-1.00,-1.00,0.0,0,0,0,0,0,0,0,0,0,0,0,0
533967_01604_01605_0,198.4,1,2022/10/18 18:45:00,-1.00,-1.00,0.0,0,0,0,0,0,0,0,0,0,0,0,0
533967_01604_01605_1,198.6,1,2022/10/18 06:30:00,-1.00,-1.00,0.0,0,0,0,0,0,0,0,0,0,0,0,0
533967_01604_01605_1,198.6,1,2022/10/18 06:45:00,-1.00,-1.00,0.0,0,0,0,0,0,0,0,0,0,0,0,0
533967_01604_01605_1,198.6,1,2022/10/18 07:00:00,-1.00,-1.00,0.0,0,0,0,0,0,0,0,0,0,0,0,0
533967_01604_01605_1,198.6,1,2022/10/18 07:15:00,-1.00,-1.00,0.0,0,0,0,0,0,0,0,0,0,0,0,0
533967_01604_01605_1,198.6,1,2022/10/18 07:30:00,-1.00,-1.00,0.0,0,0,0,0,0,0,0,0,0,0,0,0
533967_01604_01605_1,198.6,1,2022/10/18 07:45:00,-1.00,-1.00,0.0,0,0,0,0,0,0,0,0,0,0,0,0
533967_01604_01605_1,198.6,1,2022/10/18 08:00:00,-1.00,-1.00,0.0,0,0,0,0,0,0,0,0,0,0,0,0
533967_01604_01605_1,198.6,1,2022/10/18 08:15:00,-1.00,-1.00,0.0,0,0,0,0,0,0,0,0,0,0,0,0
533967_01604_01605_1,198.6,1,2022/10/18 08:30:00,-1.00,-1.00,0.0,0,0,0,0,0,0,0,0,0,0,0,0
533967_01604_01605_1,198.6,1,2022/10/18 08:45:00,-1.00,-1.00,0.0,0,0,0,0,0,0,0,0,0,0,0,0
533967_01604_01605_1,198.6,1,2022/10/18 09:00:00,-1.00,-1.00,0.0,0,0,0,0,0,0,0,0,0,0,0,0
533967_01604_01605_1,198.6,1,2022/10/18 09:15:00,-1.00,-1.00,0.0,0,0,0,0,0,0,0,0,0,0,0,0
533967_01604_01605_1,198.6,1,2022/10/18 09:30:00,-1.00,-1.00,0.0,0,0,0,0,0,0,0,0,0,0,0,0
533967_01604_01605_1,198.6,1,2022/10/18 09:45:00,-1.00,-1.00,0.0,0,0,0,0,0,0,0,0,0,0,0,0
533967_01604_01605_1,198.6,1,2022/10/18 10:00:00,-1.00,-1.00,0.0,0,0,0,0,0,0,0,0,0,0,0,0
533967_01604_01605_1,198.6,1,2022/10/18 10:15:00,-1.00,-1.00,0.0,0,0,0,0,0,0,0,0,0,0,0,0
533967_01604_01605_1,198.6,1,2022/10/18 10:30:00,-1.00,-1.00,0.0,0,0,0,0,0,0,0,0,0,0,0,0
533967_01604_01605_1,198.6,1,2022/10/18 10:45:00,-1.00,-1.00,0.0,0,0,0,0,0,0,0,0,0,0,0,0
533967_01604_01605_1,198.6,1,2022/10/18 11:00:00,-1.00,-1.00,0.0,0,0,0,0,0,0,0,0,0,0,0,0
533967_01604_01605_1,198.6,1,2022/10/18 11:15:00,-1.00,-1.00,0.0,0,0,0,0,0,0,0,0,0,0,0,0
533967_01604_01605_1,198.6,1,2022/10/18 11:30:00,-1.00,-1.00,0.0,0,0,0,0,0,0,0,0,0,0,0,0
533967_01604_01605_1,198.6,1,2022/10/18 11:45:00,-1.00,-1.00,0.0,0,0,0,0,0,0,0,0,0,0,0,0
533967_01604_01605_1,198.6,1,2022/10/18 12:00:00,-1.00,-1.00,0.0,0,0,0,0,0,0,0,0,0,0,0,0
533967_01604_01605_1,198.6,1,2022/10/18 12:15:00,-1.00,-1.00,0.0,0,0,0,0,0,0,0,0,0,0,0,0
533967_01604_01605_1,198.6,1,2022/10/18 12:30:00,-1.00,-1.00,0.0,0,0,0,0,0,0,0,0,0,0,0,0
533967_01604_01605_1,198.6,1,2022/10/18 12:45:00,-1.00,-1.00,0.0,0,0,0,0,0,0,0,0,0,0,0,0
533967_01604_01605_1,198.6,1,2022/10/18 13:00:00,-1.00,-1.00,0.0,0,0,0,0,0,0,0,0,0,0,0,0
533967_01604_01605_1,198.6,1,2022/10/18 13:15:00,-1.00,-1.00,0.0,0,0,0,0,0,0,0,0,0,0,0,0
533967_01604_01605_1,198.6,1,2022/10/18 13:30:00,-1.00,-1.00,0.0,0,0,0,0,0,0,0,0,0,0,0,0
533967_01604_01605_1,198.6,1,2022/10/18 13:45:00,-1.00,-1.00,0.0,0,0,0,0,0,0,0,0,0,0,0,0
533967_01604_01605_1,198.6,1,2022/10/18 14:00:00,-1.00,-1.00,0.0,0,0,0,0,0,0,0,0,0,0,0,0
533967_01604_01605_1,198.6,1,2022/10/18 14:15:00,-1.00,-1.00,0.0,0,0,0,0,0,0,0,0,0,0,0,0
533967_01604_01605_1,198.6,1,2022/10/18 14:30:00,-1.00,-1.00,0.0,0,0,0,0,0,0,0,0,0,0,0,0
533967_01604_01605_1,198.6,1,2022/10/18 14:45:00,-1.00,-1.00,0.0,0,0,0,0,0,0,0,0,0,0,0,0
533967_01604_01605_1,198.6,1,2022/10/18 15:00:00,-1.00,-1.00,0.0,0,0,0,0,0,0,0,0,0,0,0,0
533967_01604_01605_1,198.6,1,2022/10/18 15:15:00,-1.00,-1.00,0.0,0,0,0,0,0,0,0,0,0,0,0,0
533967_01604_01605_1,198.6,1,2022/10/18 15:30:00,-1.00,-1.00,0.0,0,0,0,0,0,0,0,0,0,0,0,0
533967_01604_01605_1,198.6,1,2022/10/18 15:45:00,-1.00,-1.00,0.0,0,0,0,0,0,0,0,0,0,0,0,0
533967_01604_01605_1,198.6,1,2022/10/18 16:00:00,-1.00,-1.00,0.0,0,0,0,0,0,0,0,0,0,0,0,0
533967_01604_01605_1,198.6,1,2022/10/18 16:15:00,-1.00,-1.00,0.0,0,0,0,0,0,0,0,0,0,0,0,0
533967_01604_01605_1,198.6,1,2022/10/18 16:30:00,-1.00,-1.00,0.0,0,0,0,0,0,0,0,0,0,0,0,0
533967_01604_01605_1,198.6,1,2022/10/18 16:45:00,-1.00,-1.00,0.0,0,0,0,0,0,0,0,0,0,0,0,0
533967_01604_01605_1,198.6,1,2022/10/18 17:00:00,-1.00,-1.00,0.0,0,0,0,0,0,0,0,0,0,0,0,0
533967_01604_01605_1,198.6,1,2022/10/18 17:15:00,-1.00,-1.00,0.0,0,0,0,0,0,0,0,0,0,0,0,0
533967_01604_01605_1,198.6,1,2022/10/18 17:30:00,-1.00,-1.00,0.0,0,0,0,0,0,0,0,0,0,0,0,0
533967_01604_01605_1,198.6,1,2022/10/18 17:45:00,-1.00,-1.00,0.0,0,0,0,0,0,0,0,0,0,0,0,0
533967_01604_01605_1,198.6,1,2022/10/18 18:00:00,-1.00,-1.00,0.0,0,0,0,0,0,0,0,0,0,0,0,0
533967_01604_01605_1,198.6,1,2022/10/18 18:15:00,-1.00,-1.00,0.0,0,0,0,0,0,0,0,0,0,0,0,0
533967_01604_01605_1,198.6,1,2022/10/18 18:30:00,-1.00,-1.00,0.0,0,0,0,0,0,0,0,0,0,0,0,0
533967_01604_01605_1,198.6,1,2022/10/18 18:45:00,-1.00,-1.00,0.0,0,0,0,0,0,0,0,0,0,0,0,0
533967_01604_01606_0,71.5,1,2022/10/18 06:30:00,-1.00,-1.00,0.0,0,0,0,0,0,0,0,0,0,0,0,0
533967_01604_01606_0,71.5,1,2022/10/18 06:45:00,-1.00,-1.00,0.0,0,0,0,0,0,0,0,0,0,0,0,0
533967_01604_01606_0,71.5,1,2022/10/18 07:00:00,-1.00,-1.00,0.0,0,0,0,0,0,0,0,0,0,0,0,0
533967_01604_01606_0,71.5,1,2022/10/18 07:15:00,-1.00,-1.00,0.0,0,0,0,0,0,0,0,0,0,0,0,0
533967_01604_01606_0,71.5,1,2022/10/18 07:30:00,-1.00,-1.00,0.0,0,0,0,0,0,0,0,0,0,0,0,0
533967_01604_01606_0,71.5,1,2022/10/18 07:45:00,-1.00,-1.00,0.0,0,0,0,0,0,0,0,0,0,0,0,0
533967_01604_01606_0,71.5,1,2022/10/18 08:00:00,-1.00,-1.00,0.0,0,0,0,0,0,0,0,0,0,0,0,0
533967_01604_01606_0,71.5,1,2022/10/18 08:15:00,-1.00,-1.00,0.0,0,0,0,0,0,0,0,0,0,0,0,0
533967_01604_01606_0,71.5,1,2022/10/18 08:30:00,-1.00,-1.00,0.0,0,0,0,0,0,0,0,0,0,0,0,0
533967_01604_01606_0,71.5,1,2022/10/18 08:45:00,-1.00,-1.00,0.0,0,0,0,0,0,0,0,0,0,0,0,0
533967_01604_01606_0,71.5,1,2022/10/18 09:00:00,-1.00,-1.00,0.0,0,0,0,0,0,0,0,0,0,0,0,0
533967_01604_01606_0,71.5,1,2022/10/18 09:15:00,-1.00,-1.00,0.0,0,0,0,0,0,0,0,0,0,0,0,0
533967_01604_01606_0,71.5,1,2022/10/18 09:30:00,-1.00,-1.00,0.0,0,0,0,0,0,0,0,0,0,0,0,0
533967_01604_01606_0,71.5,1,2022/10/18 09:45:00,-1.00,-1.00,0.0,0,0,0,0,0,0,0,0,0,0,0,0
533967_01604_01606_0,71.5,1,2022/10/18 10:00:00,-1.00,-1.00,0.0,0,0,0,0,0,0,0,0,0,0,0,0
533967_01604_01606_0,71.5,1,2022/10/18 10:15:00,-1.00,-1.00,0.0,0,0,0,0,0,0,0,0,0,0,0,0
533967_01604_01606_0,71.5,1,2022/10/18 10:30:00,-1.00,-1.00,0.0,0,0,0,0,0,0,0,0,0,0,0,0
533967_01604_01606_0,71.5,1,2022/10/18 10:45:00,-1.00,-1.00,0.0,0,0,0,0,0,0,0,0,0,0,0,0
533967_01604_01606_0,71.5,1,2022/10/18 11:00:00,-1.00,-1.00,0.0,0,0,0,0,0,0,0,0,0,0,0,0
533967_01604_01606_0,71.5,1,2022/10/18 11:15:00,-1.00,-1.00,0.0,0,0,0,0,0,0,0,0,0,0,0,0
533967_01604_01606_0,71.5,1,2022/10/18 11:30:00,-1.00,-1.00,0.0,0,0,0,0,0,0,0,0,0,0,0,0
533967_01604_01606_0,71.5,1,2022/10/18 11:45:00,-1.00,-1.00,0.0,0,0,0,0,0,0,0,0,0,0,0,0
533967_01604_01606_0,71.5,1,2022/10/18 12:00:00,-1.00,-1.00,0.0,0,0,0,0,0,0,0,0,0,0,0,0
533967_01604_01606_0,71.5,1,2022/10/18 12:15:00,-1.00,-1.00,0.0,0,0,0,0,0,0,0,0,0,0,0,0
533967_01604_01606_0,71.5,1,2022/10/18 12:30:00,-1.00,-1.00,0.0,0,0,0,0,0,0,0,0,0,0,0,0
533967_01604_01606_0,71.5,1,2022/10/18 12:45:00,-1.00,-1.00,0.0,0,0,0,0,0,0,0,0,0,0,0,0
533967_01604_01606_0,71.5,1,2022/10/18 13:00:00,-1.00,-1.00,0.0,0,0,0,0,0,0,0,0,0,0,0,0
533967_01604_01606_0,71.5,1,2022/10/18 13:15:00,-1.00,-1.00,0.0,0,0,0,0,0,0,0,0,0,0,0,0
533967_01604_01606_0,71.5,1,2022/10/18 13:30:00,-1.00,-1.00,0.0,0,0,0,0,0,0,0,0,0,0,0,0
533967_01604_01606_0,71.5,1,2022/10/18 13:45:00,-1.00,-1.00,0.0,0,0,0,0,0,0,0,0,0,0,0,0
533967_01604_01606_0,71.5,1,2022/10/18 14:00:00,-1.00,-1.00,0.0,0,0,0,0,0,0,0,0,0,0,0,0
533967_01604_01606_0,71.5,1,2022/10/18 14:15:00,-1.00,-1.00,0.0,0,0,0,0,0,0,0,0,0,0,0,0
533967_01604_01606_0,71.5,1,2022/10/18 14:30:00,-1.00,-1.00,0.0,0,0,0,0,0,0,0,0,0,0,0,0
533967_01604_01606_0,71.5,1,2022/10/18 14:45:00,-1.00,-1.00,0.0,0,0,0,0,0,0,0,0,0,0,0,0
533967_01604_01606_0,71.5,1,2022/10/18 15:00:00,-1.00,-1.00,0.0,0,0,0,0,0,0,0,0,0,0,0,0
533967_01604_01606_0,71.5,1,2022/10/18 15:15:00,-1.00,-1.00,0.0,0,0,0,0,0,0,0,0,0,0,0,0
533967_01604_01606_0,71.5,1,2022/10/18 15:30:00,-1.00,-1.00,0.0,0,0,0,0,0,0,0,0,0,0,0,0
533967_01604_01606_0,71.5,1,2022/10/18 15:45:00,-1.00,-1.00,0.0,0,0,0,0,0,0,0,0,0,0,0,0
533967_01604_01606_0,71.5,1,2022/10/18 16:00:00,-1.00,-1.00,0.0,0,0,0,0,0,0,0,0,0,0,0,0
533967_01604_01606_0,71.5,1,2022/10/18 16:15:00,-1.00,-1.00,0.0,0,0,0,0,0,0,0,0,0,0,0,0
533967_01604_01606_0,71.5,1,2022/10/18 16:30:00,-1.00,-1.00,0.0,0,0,0,0,0,0,0,0,0,0,0,0
533967_01604_01606_0,71.5,1,2022/10/18 16:45:00,-1.00,-1.00,0.0,0,0,0,0,0,0,0,0,0,0,0,0
533967_01604_01606_0,71.5,1,2022/10/18 17:00:00,-1.00,-1.00,0.0,0,0,0,0,0,0,0,0,0,0,0,0
533967_01604_01606_0,71.5,1,2022/10/18 17:15:00,-1.00,-1.00,0.0,0,0,0,0,0,0,0,0,0,0,0,0
533967_01604_01606_0,71.5,1,2022/10/18 17:30:00,-1.00,-1.00,0.0,0,0,0,0,0,0,0,0,0,0,0,0
533967_01604_01606_0,71.5,1,2022/10/18 17:45:00,-1.00,-1.00,0.0,0,0,0,0,0,0,0,0,0,0,0,0
533967_01604_01606_0,71.5,1,2022/10/18 18:00:00,-1.00,-1.00,0.0,0,0,0,0,0,0,0,0,0,0,0,0
533967_01604_01606_0,71.5,1,2022/10/18 18:15:00,-1.00,-1.00,0.0,0,0,0,0,0,0,0,0,0,0,0,0
533967_01604_01606_0,71.5,1,2022/10/18 18:30:00,-1.00,-1.00,0.0,0,0,0,0,0,0,0,0,0,0,0,0
533967_01604_01606_0,71.5,1,2022/10/18 18:45:00,-1.00,-1.00,0.0,0,0,0,0,0,0,0,0,0,0,0,0
533967_01604_01606_1,76.4,1,2022/10/18 06:30:00,-1.00,-1.00,0.0,0,0,0,0,0,0,0,0,0,0,0,0
533967_01604_01606_1,76.4,1,2022/10/18 06:45:00,-1.00,-1.00,0.0,0,0,0,0,0,0,0,0,0,0,0,0
533967_01604_01606_1,76.4,1,2022/10/18 07:00:00,-1.00,-1.00,0.0,0,0,0,0,0,0,0,0,0,0,0,0
533967_01604_01606_1,76.4,1,2022/10/18 07:15:00,-1.00,-1.00,0.0,0,0,0,0,0,0,0,0,0,0,0,0
533967_01604_01606_1,76.4,1,2022/10/18 07:30:00,-1.00,-1.00,0.0,0,0,0,0,0,0,0,0,0,0,0,0
533967_01604_01606_1,76.4,1,2022/10/18 07:45:00,-1.00,-1.00,0.0,0,0,0,0,0,0,0,0,0,0,0,0
533967_01604_01606_1,76.4,1,2022/10/18 08:00:00,-1.00,-1.00,0.0,0,0,0,0,0,0,0,0,0,0,0,0
533967_01604_01606_1,76.4,1,2022/10/18 08:15:00,-1.00,-1.00,0.0,0,0,0,0,0,0,0,0,0,0,0,0
533967_01604_01606_1,76.4,1,2022/10/18 08:30:00,-1.00,-1.00,0.0,0,0,0,0,0,0,0,0,0,0,0,0
533967_01604_01606_1,76.4,1,2022/10/18 08:45:00,-1.00,-1.00,0.0,0,0,0,0,0,0,0,0,0,0,0,0
533967_01604_01606_1,76.4,1,2022/10/18 09:00:00,-1.00,-1.00,0.0,0,0,0,0,0,0,0,0,0,0,0,0
533967_01604_01606_1,76.4,1,2022/10/18 09:15:00,-1.00,-1.00,0.0,0,0,0,0,0,0,0,0,0,0,0,0
533967_01604_01606_1,76.4,1,2022/10/18 09:30:00,-1.00,-1.00,0.0,0,0,0,0,0,0,0,0,0,0,0,0
533967_01604_01606_1,76.4,1,2022/10/18 09:45:00,-1.00,-1.00,0.0,0,0,0,0,0,0,0,0,0,0,0,0
533967_01604_01606_1,76.4,1,2022/10/18 10:00:00,-1.00,-1.00,0.0,0,0,0,0,0,0,0,0,0,0,0,0
533967_01604_01606_1,76.4,1,2022/10/18 10:15:00,-1.00,-1.00,0.0,0,0,0,0,0,0,0,0,0,0,0,0
533967_01604_01606_1,76.4,1,2022/10/18 10:30:00,-1.00,-1.00,0.0,0,0,0,0,0,0,0,0,0,0,0,0
533967_01604_01606_1,76.4,1,2022/10/18 10:45:00,-1.00,-1.00,0.0,0,0,0,0,0,0,0,0,0,0,0,0
533967_01604_01606_1,76.4,1,2022/10/18 11:00:00,-1.00,-1.00,0.0,0,0,0,0,0,0,0,0,0,0,0,0
533967_01604_01606_1,76.4,1,2022/10/18 11:15:00,-1.00,-1.00,0.0,0,0,0,0,0,0,0,0,0,0,0,0
533967_01604_01606_1,76.4,1,2022/10/18 11:30:00,-1.00,-1.00,0.0,0,0,0,0,0,0,0,0,0,0,0,0
533967_01604_01606_1,76.4,1,2022/10/18 11:45:00,-1.00,-1.00,0.0,0,0,0,0,0,0,0,0,0,0,0,0
533967_01604_01606_1,76.4,1,2022/10/18 12:00:00,-1.00,-1.00,0.0,0,0,0,0,0,0,0,0,0,0,0,0
533967_01604_01606_1,76.4,1,2022/10/18 12:15:00,-1.00,-1.00,0.0,0,0,0,0,0,0,0,0,0,0,0,0
533967_01604_01606_1,76.4,1,2022/10/18 12:30:00,-1.00,-1.00,0.0,0,0,0,0,0,0,0,0,0,0,0,0
533967_01604_01606_1,76.4,1,2022/10/18 12:45:00,-1.00,-1.00,0.0,0,0,0,0,0,0,0,0,0,0,0,0
533967_01604_01606_1,76.4,1,2022/10/18 13:00:00,-1.00,-1.00,0.0,0,0,0,0,0,0,0,0,0,0,0,0
533967_01604_01606_1,76.4,1,2022/10/18 13:15:00,-1.00,-1.00,0.0,0,0,0,0,0,0,0,0,0,0,0,0
533967_01604_01606_1,76.4,1,2022/10/18 13:30:00,-1.00,-1.00,0.0,0,0,0,0,0,0,0,0,0,0,0,0
533967_01604_01606_1,76.4,1,2022/10/18 13:45:00,-1.00,-1.00,0.0,0,0,0,0,0,0,0,0,0,0,0,0
533967_01604_01606_1,76.4,1,2022/10/18 14:00:00,-1.00,-1.00,0.0,0,0,0,0,0,0,0,0,0,0,0,0
533967_01604_01606_1,76.4,1,2022/10/18 14:15:00,-1.00,-1.00,0.0,0,0,0,0,0,0,0,0,0,0,0,0
533967_01604_01606_1,76.4,1,2022/10/18 14:30:00,-1.00,-1.00,0.0,0,0,0,0,0,0,0,0,0,0,0,0
533967_01604_01606_1,76.4,1,2022/10/18 14:45:00,-1.00,-1.00,0.0,0,0,0,0,0,0,0,0,0,0,0,0
533967_01604_01606_1,76.4,1,2022/10/18 15:00:00,-1.00,-1.00,0.0,0,0,0,0,0,0,0,0,0,0,0,0
533967_01604_01606_1,76.4,1,2022/10/18 15:15:00,-1.00,-1.00,0.0,0,0,0,0,0,0,0,0,0,0,0,0
533967_01604_01606_1,76.4,1,2022/10/18 15:30:00,-1.00,-1.00,0.0,0,0,0,0,0,0,0,0,0,0,0,0
533967_01604_01606_1,76.4,1,2022/10/18 15:45:00,-1.00,-1.00,0.0,0,0,0,0,0,0,0,0,0,0,0,0
533967_01604_01606_1,76.4,1,2022/10/18 16:00:00,-1.00,-1.00,0.0,0,0,0,0,0,0,0,0,0,0,0,0
533967_01604_01606_1,76.4,1,2022/10/18 16:15:00,-1.00,-1.00,0.0,0,0,0,0,0,0,0,0,0,0,0,0
533967_01604_01606_1,76.4,1,2022/10/18 16:30:00,-1.00,-1.00,0.0,0,0,0,0,0,0,0,0,0,0,0,0
533967_01604_01606_1,76.4,1,2022/10/18 16:45:00,-1.00,-1.00,0.0,0,0,0,0,0,0,0,0,0,0,0,0
533967_01604_01606_1,76.4,1,2022/10/18 17:00:00,-1.00,-1.00,0.0,0,0,0,0,0,0,0,0,0,0,0,0
533967_01604_01606_1,76.4,1,2022/10/18 17:15:00,-1.00,-1.00,0.0,0,0,0,0,0,0,0,0,0,0,0,0
533967_01604_01606_1,76.4,1,2022/10/18 17:30:00,-1.00,-1.00,0.0,0,0,0,0,0,0,0,0,0,0,0,0
533967_01604_01606_1,76.4,1,2022/10/18 17:45:00,-1.00,-1.00,0.0,0,0,0,0,0,0,0,0,0,0,0,0
533967_01604_01606_1,76.4,1,2022/10/18 18:00:00,-1.00,-1.00,0.0,0,0,0,0,0,0,0,0,0,0,0,0
533967_01604_01606_1,76.4,1,2022/10/18 18:15:00,-1.00,-1.00,0.0,0,0,0,0,0,0,0,0,0,0,0,0
533967_01604_01606_1,76.4,1,2022/10/18 18:30:00,-1.00,-1.00,0.0,0,0,0,0,0,0,0,0,0,0,0,0
533967_01604_01606_1,76.4,1,2022/10/18 18:45:00,-1.00,-1.00,0.0,0,0,0,0,0,0,0,0,0,0,0,0
533967_01605_01607_0,115.0,1,2022/10/18 06:30:00,-1.00,-1.00,0.0,0,0,0,0,0,0,0,0,0,0,0,0
533967_01605_01607_0,115.0,1,2022/10/18 06:45:00,-1.00,-1.00,0.0,0,0,0,0,0,0,0,0,0,0,0,0
533967_01605_01607_0,115.0,1,2022/10/18 07:00:00,-1.00,-1.00,0.0,0,0,0,0,0,0,0,0,0,0,0,0
533967_01605_01607_0,115.0,1,2022/10/18 07:15:00,-1.00,-1.00,0.0,0,0,0,0,0,0,0,0,0,0,0,0
533967_01605_01607_0,115.0,1,2022/10/18 07:30:00,-1.00,-1.00,0.0,0,0,0,0,0,0,0,0,0,0,0,0
533967_01605_01607_0,115.0,1,2022/10/18 07:45:00,-1.00,-1.00,0.0,0,0,0,0,0,0,0,0,0,0,0,0
533967_01605_01607_0,115.0,1,2022/10/18 08:00:00,-1.00,-1.00,0.0,0,0,0,0,0,0,0,0,0,0,0,0
533967_01605_01607_0,115.0,1,2022/10/18 08:15:00,-1.00,-1.00,0.0,0,0,0,0,0,0,0,0,0,0,0,0
533967_01605_01607_0,115.0,1,2022/10/18 08:30:00,-1.00,-1.00,0.0,0,0,0,0,0,0,0,0,0,0,0,0
533967_01605_01607_0,115.0,1,2022/10/18 08:45:00,-1.00,-1.00,0.0,0,0,0,0,0,0,0,0,0,0,0,0
533967_01605_01607_0,115.0,1,2022/10/18 09:00:00,-1.00,-1.00,0.0,0,0,0,0,0,0,0,0,0,0,0,0
533967_01605_01607_0,115.0,1,2022/10/18 09:15:00,-1.00,-1.00,0.0,0,0,0,0,0,0,0,0,0,0,0,0
533967_01605_01607_0,115.0,1,2022/10/18 09:30:00,-1.00,-1.00,0.0,0,0,0,0,0,0,0,0,0,0,0,0
533967_01605_01607_0,115.0,1,2022/10/18 09:45:00,-1.00,-1.00,0.0,0,0,0,0,0,0,0,0,0,0,0,0
533967_01605_01607_0,115.0,1,2022/10/18 10:00:00,-1.00,-1.00,0.0,0,0,0,0,0,0,0,0,0,0,0,0
533967_01605_01607_0,115.0,1,2022/10/18 10:15:00,-1.00,-1.00,0.0,0,0,0,0,0,0,0,0,0,0,0,0
533967_01605_01607_0,115.0,1,2022/10/18 10:30:00,-1.00,-1.00,0.0,0,0,0,0,0,0,0,0,0,0,0,0
533967_01605_01607_0,115.0,1,2022/10/18 10:45:00,-1.00,-1.00,0.0,0,0,0,0,0,0,0,0,0,0,0,0
533967_01605_01607_0,115.0,1,2022/10/18 11:00:00,-1.00,-1.00,0.0,0,0,0,0,0,0,0,0,0,0,0,0
533967_01605_01607_0,115.0,1,2022/10/18 11:15:00,-1.00,-1.00,0.0,0,0,0,0,0,0,0,0,0,0,0,0
533967_01605_01607_0,115.0,1,2022/10/18 11:30:00,-1.00,-1.00,0.0,0,0,0,0,0,0,0,0,0,0,0,0
533967_01605_01607_0,115.0,1,2022/10/18 11:45:00,-1.00,-1.00,0.0,0,0,0,0,0,0,0,0,0,0,0,0
533967_01605_01607_0,115.0,1,2022/10/18 12:00:00,-1.00,-1.00,0.0,0,0,0,0,0,0,0,0,0,0,0,0
533967_01605_01607_0,115.0,1,2022/10/18 12:15:00,-1.00,-1.00,0.0,0,0,0,0,0,0,0,0,0,0,0,0
533967_01605_01607_0,115.0,1,2022/10/18 12:30:00,-1.00,-1.00,0.0,0,0,0,0,0,0,0,0,0,0,0,0
533967_01605_01607_0,115.0,1,2022/10/18 12:45:00,-1.00,-1.00,0.0,0,0,0,0,0,0,0,0,0,0,0,0
533967_01605_01607_0,115.0,1,2022/10/18 13:00:00,-1.00,-1.00,0.0,0,0,0,0,0,0,0,0,0,0,0,0
533967_01605_01607_0,115.0,1,2022/10/18 13:15:00,-1.00,-1.00,0.0,0,0,0,0,0,0,0,0,0,0,0,0
533967_01605_01607_0,115.0,1,2022/10/18 13:30:00,-1.00,-1.00,0.0,0,0,0,0,0,0,0,0,0,0,0,0
533967_01605_01607_0,115.0,1,2022/10/18 13:45:00,-1.00,-1.00,0.0,0,0,0,0,0,0,0,0,0,0,0,0
533967_01605_01607_0,115.0,1,2022/10/18 14:00:00,-1.00,-1.00,0.0,0,0,0,0,0,0,0,0,0,0,0,0
533967_01605_01607_0,115.0,1,2022/10/18 14:15:00,-1.00,-1.00,0.0,0,0,0,0,0,0,0,0,0,0,0,0
533967_01605_01607_0,115.0,1,2022/10/18 14:30:00,-1.00,-1.00,0.0,0,0,0,0,0,0,0,0,0,0,0,0
533967_01605_01607_0,115.0,1,2022/10/18 14:45:00,-1.00,-1.00,0.0,0,0,0,0,0,0,0,0,0,0,0,0
533967_01605_01607_0,115.0,1,2022/10/18 15:00:00,-1.00,-1.00,0.0,0,0,0,0,0,0,0,0,0,0,0,0
533967_01605_01607_0,115.0,1,2022/10/18 15:15:00,-1.00,-1.00,0.0,0,0,0,0,0,0,0,0,0,0,0,0
533967_01605_01607_0,115.0,1,2022/10/18 15:30:00,-1.00,-1.00,0.0,0,0,0,0,0,0,0,0,0,0,0,0
533967_01605_01607_0,115.0,1,2022/10/18 15:45:00,-1.00,-1.00,0.0,0,0,0,0,0,0,0,0,0,0,0,0
533967_01605_01607_0,115.0,1,2022/10/18 16:00:00,-1.00,-1.00,0.0,0,0,0,0,0,0,0,0,0,0,0,0
533967_01605_01607_0,115.0,1,2022/10/18 16:15:00,-1.00,-1.00,0.0,0,0,0,0,0,0,0,0,0,0,0,0
533967_01605_01607_0,115.0,1,2022/10/18 16:30:00,-1.00,-1.00,0.0,0,0,0,0,0,0,0,0,0,0,0,0
533967_01605_01607_0,115.0,1,2022/10/18 16:45:00,-1.00,-1.00,0.0,0,0,0,0,0,0,0,0,0,0,0,0
533967_01605_01607_0,115.0,1,2022/10/18 17:00:00,-1.00,-1.00,0.0,0,0,0,0,0,0,0,0,0,0,0,0
533967_01605_01607_0,115.0,1,2022/10/18 17:15:00,-1.00,-1.00,0.0,0,0,0,0,0,0,0,0,0,0,0,0
533967_01605_01607_0,115.0,1,2022/10/18 17:30:00,-1.00,-1.00,0.0,0,0,0,0,0,0,0,0,0,0,0,0
533967_01605_01607_0,115.0,1,2022/10/18 17:45:00,-1.00,-1.00,0.0,0,0,0,0,0,0,0,0,0,0,0,0
533967_01605_01607_0,115.0,1,2022/10/18 18:00:00,-1.00,-1.00,0.0,0,0,0,0,0,0,0,0,0,0,0,0
533967_01605_01607_0,115.0,1,2022/10/18 18:15:00,-1.00,-1.00,0.0,0,0,0,0,0,0,0,0,0,0,0,0
533967_01605_01607_0,115.0,1,2022/10/18 18:30:00,-1.00,-1.00,0.0,0,0,0,0,0,0,0,0,0,0,0,0
533967_01605_01607_0,115.0,1,2022/10/18 18:45:00,-1.00,-1.00,0.0,0,0,0,0,0,0,0,0,0,0,0,0
533967_01605_01607_1,114.4,1,2022/10/18 06:30:00,-1.00,-1.00,0.0,0,0,0,0,0,0,0,0,0,0,0,0
533967_01605_01607_1,114.4,1,2022/10/18 06:45:00,-1.00,-1.00,0.0,0,0,0,0,0,0,0,0,0,0,0,0
533967_01605_01607_1,114.4,1,2022/10/18 07:00:00,-1.00,-1.00,0.0,0,0,0,0,0,0,0,0,0,0,0,0
533967_01605_01607_1,114.4,1,2022/10/18 07:15:00,-1.00,-1.00,0.0,0,0,0,0,0,0,0,0,0,0,0,0
533967_01605_01607_1,114.4,1,2022/10/18 07:30:00,-1.00,-1.00,0.0,0,0,0,0,0,0,0,0,0,0,0,0
533967_01605_01607_1,114.4,1,2022/10/18 07:45:00,-1.00,-1.00,0.0,0,0,0,0,0,0,0,0,0,0,0,0
533967_01605_01607_1,114.4,1,2022/10/18 08:00:00,-1.00,-1.00,0.0,0,0,0,0,0,0,0,0,0,0,0,0
533967_01605_01607_1,114.4,1,2022/10/18 08:15:00,-1.00,-1.00,0.0,0,0,0,0,0,0,0,0,0,0,0,0
533967_01605_01607_1,114.4,1,2022/10/18 08:30:00,-1.00,-1.00,0.0,0,0,0,0,0,0,0,0,0,0,0,0
533967_01605_01607_1,114.4,1,2022/10/18 08:45:00,-1.00,-1.00,0.0,0,0,0,0,0,0,0,0,0,0,0,0
533967_01605_01607_1,114.4,1,2022/10/18 09:00:00,-1.00,-1.00,0.0,0,0,0,0,0,0,0,0,0,0,0,0
533967_01605_01607_1,114.4,1,2022/10/18 09:15:00,-1.00,-1.00,0.0,0,0,0,0,0,0,0,0,0,0,0,0
533967_01605_01607_1,114.4,1,2022/10/18 09:30:00,-1.00,-1.00,0.0,0,0,0,0,0,0,0,0,0,0,0,0
533967_01605_01607_1,114.4,1,2022/10/18 09:45:00,-1.00,-1.00,0.0,0,0,0,0,0,0,0,0,0,0,0,0
533967_01605_01607_1,114.4,1,2022/10/18 10:00:00,-1.00,-1.00,0.0,0,0,0,0,0,0,0,0,0,0,0,0
533967_01605_01607_1,114.4,1,2022/10/18 10:15:00,-1.00,-1.00,0.0,0,0,0,0,0,0,0,0,0,0,0,0
533967_01605_01607_1,114.4,1,2022/10/18 10:30:00,-1.00,-1.00,0.0,0,0,0,0,0,0,0,0,0,0,0,0
533967_01605_01607_1,114.4,1,2022/10/18 10:45:00,-1.00,-1.00,0.0,0,0,0,0,0,0,0,0,0,0,0,0
533967_01605_01607_1,114.4,1,2022/10/18 11:00:00,-1.00,-1.00,0.0,0,0,0,0,0,0,0,0,0,0,0,0
533967_01605_01607_1,114.4,1,2022/10/18 11:15:00,-1.00,-1.00,0.0,0,0,0,0,0,0,0,0,0,0,0,0
533967_01605_01607_1,114.4,1,2022/10/18 11:30:00,-1.00,-1.00,0.0,0,0,0,0,0,0,0,0,0,0,0,0
533967_01605_01607_1,114.4,1,2022/10/18 11:45:00,-1.00,-1.00,0.0,0,0,0,0,0,0,0,0,0,0,0,0
533967_01605_01607_1,114.4,1,2022/10/18 12:00:00,-1.00,-1.00,0.0,0,0,0,0,0,0,0,0,0,0,0,0
533967_01605_01607_1,114.4,1,2022/10/18 12:15:00,-1.00,-1.00,0.0,0,0,0,0,0,0,0,0,0,0,0,0
533967_01605_01607_1,114.4,1,2022/10/18 12:30:00,-1.00,-1.00,0.0,0,0,0,0,0,0,0,0,0,0,0,0
533967_01605_01607_1,114.4,1,2022/10/18 12:45:00,-1.00,-1.00,0.0,0,0,0,0,0,0,0,0,0,0,0,0
533967_01605_01607_1,114.4,1,2022/10/18 13:00:00,-1.00,-1.00,0.0,0,0,0,0,0,0,0,0,0,0,0,0
533967_01605_01607_1,114.4,1,2022/10/18 13:15:00,-1.00,-1.00,0.0,0,0,0,0,0,0,0,0,0,0,0,0
533967_01605_01607_1,114.4,1,2022/10/18 13:30:00,-1.00,-1.00,0.0,0,0,0,0,0,0,0,0,0,0,0,0
533967_01605_01607_1,114.4,1,2022/10/18 13:45:00,-1.00,-1.00,0.0,0,0,0,0,0,0,0,0,0,0,0,0
533967_01605_01607_1,114.4,1,2022/10/18 14:00:00,-1.00,-1.00,0.0,0,0,0,0,0,0,0,0,0,0,0,0
533967_01605_01607_1,114.4,1,2022/10/18 14:15:00,-1.00,-1.00,0.0,0,0,0,0,0,0,0,0,0,0,0,0
533967_01605_01607_1,114.4,1,2022/10/18 14:30:00,-1.00,-1.00,0.0,0,0,0,0,0,0,0,0,0,0,0,0
533967_01605_01607_1,114.4,1,2022/10/18 14:45:00,-1.00,-1.00,0.0,0,0,0,0,0,0,0,0,0,0,0,0
533967_01605_01607_1,114.4,1,2022/10/18 15:00:00,-1.00,-1.00,0.0,0,0,0,0,0,0,0,0,0,0,0,0
533967_01605_01607_1,114.4,1,2022/10/18 15:15:00,-1.00,-1.00,0.0,0,0,0,0,0,0,0,0,0,0,0,0
533967_01605_01607_1,114.4,1,2022/10/18 15:30:00,-1.00,-1.00,0.0,0,0,0,0,0,0,0,0,0,0,0,0
533967_01605_01607_1,114.4,1,2022/10/18 15:45:00,-1.00,-1.00,0.0,0,0,0,0,0,0,0,0,0,0,0,0
533967_01605_01607_1,114.4,1,2022/10/18 16:00:00,-1.00,-1.00,0.0,0,0,0,0,0,0,0,0,0,0,0,0
533967_01605_01607_1,114.4,1,2022/10/18 16:15:00,-1.00,-1.00,0.0,0,0,0,0,0,0,0,0,0,0,0,0
533967_01605_01607_1,114.4,1,2022/10/18 16:30:00,-1.00,-1.00,0.0,0,0,0,0,0,0,0,0,0,0,0,0
533967_01605_01607_1,114.4,1,2022/10/18 16:45:00,-1.00,-1.00,0.0,0,0,0,0,0,0,0,0,0,0,0,0
533967_01605_01607_1,114.4,1,2022/10/18 17:00:00,-1.00,-1.00,0.0,0,0,0,0,0,0,0,0,0,0,0,0
533967_01605_01607_1,114.4,1,2022/10/18 17:15:00,-1.00,-1.00,0.0,0,0,0,0,0,0,0,0,0,0,0,0
533967_01605_01607_1,114.4,1,2022/10/18 17:30:00,-1.00,-1.00,0.0,0,0,0,0,0,0,0,0,0,0,0,0
533967_01605_01607_1,114.4,1,2022/10/18 17:45:00,-1.00,-1.00,0.0,0,0,0,0,0,0,0,0,0,0,0,0
533967_01605_01607_1,114.4,1,2022/10/18 18:00:00,-1.00,-1.00,0.0,0,0,0,0,0,0,0,0,0,0,0,0
533967_01605_01607_1,114.4,1,2022/10/18 18:15:00,-1.00,-1.00,0.0,0,0,0,0,0,0,0,0,0,0,0,0
533967_01605_01607_1,114.4,1,2022/10/18 18:30:00,-1.00,-1.00,0.0,0,0,0,0,0,0,0,0,0,0,0,0
533967_01605_01607_1,114.4,1,2022/10/18 18:45:00,-1.00,-1.00,0.0,0,0,0,0,0,0,0,0,0,0,0,0
533967_01606_01607_0,359.7,1,2022/10/18 06:30:00,-1.00,-1.00,0.0,0,0,0,0,0,0,0,0,0,0,0,0
533967_01606_01607_0,359.7,1,2022/10/18 06:45:00,-1.00,-1.00,0.0,0,0,0,0,0,0,0,0,0,0,0,0
533967_01606_01607_0,359.7,1,2022/10/18 07:00:00,-1.00,-1.00,0.0,0,0,0,0,0,0,0,0,0,0,0,0
533967_01606_01607_0,359.7,1,2022/10/18 07:15:00,-1.00,-1.00,0.0,0,0,0,0,0,0,0,0,0,0,0,0
533967_01606_01607_0,359.7,1,2022/10/18 07:30:00,-1.00,-1.00,0.0,0,0,0,0,0,0,0,0,0,0,0,0
533967_01606_01607_0,359.7,1,2022/10/18 07:45:00,-1.00,-1.00,0.0,0,0,0,0,0,0,0,0,0,0,0,0
533967_01606_01607_0,359.7,1,2022/10/18 08:00:00,-1.00,-1.00,0.0,0,0,0,0,0,0,0,0,0,0,0,0
533967_01606_01607_0,359.7,1,2022/10/18 08:15:00,-1.00,-1.00,0.0,0,0,0,0,0,0,0,0,0,0,0,0
533967_01606_01607_0,359.7,1,2022/10/18 08:30:00,-1.00,-1.00,0.0,0,0,0,0,0,0,0,0,0,0,0,0
533967_01606_01607_0,359.7,1,2022/10/18 08:45:00,-1.00,-1.00,0.0,0,0,0,0,0,0,0,0,0,0,0,0
533967_01606_01607_0,359.7,1,2022/10/18 09:00:00,-1.00,-1.00,0.0,0,0,0,0,0,0,0,0,0,0,0,0
533967_01606_01607_0,359.7,1,2022/10/18 09:15:00,-1.00,-1.00,0.0,0,0,0,0,0,0,0,0,0,0,0,0
533967_01606_01607_0,359.7,1,2022/10/18 09:30:00,-1.00,-1.00,0.0,0,0,0,0,0,0,0,0,0,0,0,0
533967_01606_01607_0,359.7,1,2022/10/18 09:45:00,-1.00,-1.00,0.0,0,0,0,0,0,0,0,0,0,0,0,0
533967_01606_01607_0,359.7,1,2022/10/18 10:00:00,-1.00,-1.00,0.0,0,0,0,0,0,0,0,0,0,0,0,0
533967_01606_01607_0,359.7,1,2022/10/18 10:15:00,-1.00,-1.00,0.0,0,0,0,0,0,0,0,0,0,0,0,0
533967_01606_01607_0,359.7,1,2022/10/18 10:30:00,-1.00,-1.00,0.0,0,0,0,0,0,0,0,0,0,0,0,0
533967_01606_01607_0,359.7,1,2022/10/18 10:45:00,-1.00,-1.00,0.0,0,0,0,0,0,0,0,0,0,0,0,0
533967_01606_01607_0,359.7,1,2022/10/18 11:00:00,-1.00,-1.00,0.0,0,0,0,0,0,0,0,0,0,0,0,0
533967_01606_01607_0,359.7,1,2022/10/18 11:15:00,-1.00,-1.00,0.0,0,0,0,0,0,0,0,0,0,0,0,0
533967_01606_01607_0,359.7,1,2022/10/18 11:30:00,-1.00,-1.00,0.0,0,0,0,0,0,0,0,0,0,0,0,0
533967_01606_01607_0,359.7,1,2022/10/18 11:45:00,-1.00,-1.00,0.0,0,0,0,0,0,0,0,0,0,0,0,0
533967_01606_01607_0,359.7,1,2022/10/18 12:00:00,-1.00,-1.00,0.0,0,0,0,0,0,0,0,0,0,0,0,0
533967_01606_01607_0,359.7,1,2022/10/18 12:15:00,-1.00,-1.00,0.0,0,0,0,0,0,0,0,0,0,0,0,0
533967_01606_01607_0,359.7,1,2022/10/18 12:30:00,-1.00,-1.00,0.0,0,0,0,0,0,0,0,0,0,0,0,0
533967_01606_01607_0,359.7,1,2022/10/18 12:45:00,-1.00,-1.00,0.0,0,0,0,0,0,0,0,0,0,0,0,0
533967_01606_01607_0,359.7,1,2022/10/18 13:00:00,-1.00,-1.00,0.0,0,0,0,0,0,0,0,0,0,0,0,0
533967_01606_01607_0,359.7,1,2022/10/18 13:15:00,-1.00,-1.00,0.0,0,0,0,0,0,0,0,0,0,0,0,0
533967_01606_01607_0,359.7,1,2022/10/18 13:30:00,-1.00,-1.00,0.0,0,0,0,0,0,0,0,0,0,0,0,0
533967_01606_01607_0,359.7,1,2022/10/18 13:45:00,-1.00,-1.00,0.0,0,0,0,0,0,0,0,0,0,0,0,0
533967_01606_01607_0,359.7,1,2022/10/18 14:00:00,-1.00,-1.00,0.0,0,0,0,0,0,0,0,0,0,0,0,0
533967_01606_01607_0,359.7,1,2022/10/18 14:15:00,-1.00,-1.00,0.0,0,0,0,0,0,0,0,0,0,0,0,0
533967_01606_01607_0,359.7,1,2022/10/18 14:30:00,-1.00,-1.00,0.0,0,0,0,0,0,0,0,0,0,0,0,0
533967_01606_01607_0,359.7,1,2022/10/18 14:45:00,-1.00,-1.00,0.0,0,0,0,0,0,0,0,0,0,0,0,0
533967_01606_01607_0,359.7,1,2022/10/18 15:00:00,-1.00,-1.00,0.0,0,0,0,0,0,0,0,0,0,0,0,0
533967_01606_01607_0,359.7,1,2022/10/18 15:15:00,-1.00,-1.00,0.0,0,0,0,0,0,0,0,0,0,0,0,0
533967_01606_01607_0,359.7,1,2022/10/18 15:30:00,-1.00,-1.00,0.0,0,0,0,0,0,0,0,0,0,0,0,0
533967_01606_01607_0,359.7,1,2022/10/18 15:45:00,-1.00,-1.00,0.0,0,0,0,0,0,0,0,0,0,0,0,0
533967_01606_01607_0,359.7,1,2022/10/18 16:00:00,-1.00,-1.00,0.0,0,0,0,0,0,0,0,0,0,0,0,0
533967_01606_01607_0,359.7,1,2022/10/18 16:15:00,-1.00,-1.00,0.0,0,0,0,0,0,0,0,0,0,0,0,0
533967_01606_01607_0,359.7,1,2022/10/18 16:30:00,-1.00,-1.00,0.0,0,0,0,0,0,0,0,0,0,0,0,0
533967_01606_01607_0,359.7,1,2022/10/18 16:45:00,-1.00,-1.00,0.0,0,0,0,0,0,0,0,0,0,0,0,0
533967_01606_01607_0,359.7,1,2022/10/18 17:00:00,-1.00,-1.00,0.0,0,0,0,0,0,0,0,0,0,0,0,0
533967_01606_01607_0,359.7,1,2022/10/18 17:15:00,-1.00,-1.00,0.0,0,0,0,0,0,0,0,0,0,0,0,0
533967_01606_01607_0,359.7,1,2022/10/18 17:30:00,-1.00,-1.00,0.0,0,0,0,0,0,0,0,0,0,0,0,0
533967_01606_01607_0,359.7,1,2022/10/18 17:45:00,-1.00,-1.00,0.0,0,0,0,0,0,0,0,0,0,0,0,0
533967_01606_01607_0,359.7,1,2022/10/18 18:00:00,-1.00,-1.00,0.0,0,0,0,0,0,0,0,0,0,0,0,0
533967_01606_01607_0,359.7,1,2022/10/18 18:15:00,-1.00,-1.00,0.0,0,0,0,0,0,0,0,0,0,0,0,0
533967_01606_01607_0,359.7,1,2022/10/18 18:30:00,-1.00,-1.00,0.0,0,0,0,0,0,0,0,0,0,0,0,0
533967_01606_01607_0,359.7,1,2022/10/18 18:45:00,-1.00,-1.00,0.0,0,0,0,0,0,0,0,0,0,0,0,0
533967_01606_01607_1,358.8,1,2022/10/18 06:30:00,-1.00,-1.00,0.0,0,0,0,0,0,0,0,0,0,0,0,0
533967_01606_01607_1,358.8,1,2022/10/18 06:45:00,-1.00,-1.00,0.0,0,0,0,0,0,0,0,0,0,0,0,0
533967_01606_01607_1,358.8,1,2022/10/18 07:00:00,-1.00,-1.00,0.0,0,0,0,0,0,0,0,0,0,0,0,0
533967_01606_01607_1,358.8,1,2022/10/18 07:15:00,-1.00,-1.00,0.0,0,0,0,0,0,0,0,0,0,0,0,0
533967_01606_01607_1,358.8,1,2022/10/18 07:30:00,-1.00,-1.00,0.0,0,0,0,0,0,0,0,0,0,0,0,0
533967_01606_01607_1,358.8,1,2022/10/18 07:45:00,-1.00,-1.00,0.0,0,0,0,0,0,0,0,0,0,0,0,0
533967_01606_01607_1,358.8,1,2022/10/18 08:00:00,-1.00,-1.00,0.0,0,0,0,0,0,0,0,0,0,0,0,0
533967_01606_01607_1,358.8,1,2022/10/18 08:15:00,-1.00,-1.00,0.0,0,0,0,0,0,0,0,0,0,0,0,0
533967_01606_01607_1,358.8,1,2022/10/18 08:30:00,-1.00,-1.00,0.0,0,0,0,0,0,0,0,0,0,0,0,0
533967_01606_01607_1,358.8,1,2022/10/18 08:45:00,-1.00,-1.00,0.0,0,0,0,0,0,0,0,0,0,0,0,0
533967_01606_01607_1,358.8,1,2022/10/18 09:00:00,-1.00,-1.00,0.0,0,0,0,0,0,0,0,0,0,0,0,0
533967_01606_01607_1,358.8,1,2022/10/18 09:15:00,-1.00,-1.00,0.0,0,0,0,0,0,0,0,0,0,0,0,0
533967_01606_01607_1,358.8,1,2022/10/18 09:30:00,-1.00,-1.00,0.0,0,0,0,0,0,0,0,0,0,0,0,0
533967_01606_01607_1,358.8,1,2022/10/18 09:45:00,-1.00,-1.00,0.0,0,0,0,0,0,0,0,0,0,0,0,0
533967_01606_01607_1,358.8,1,2022/10/18 10:00:00,-1.00,-1.00,0.0,0,0,0,0,0,0,0,0,0,0,0,0
533967_01606_01607_1,358.8,1,2022/10/18 10:15:00,-1.00,-1.00,0.0,0,0,0,0,0,0,0,0,0,0,0,0
533967_01606_01607_1,358.8,1,2022/10/18 10:30:00,-1.00,-1.00,0.0,0,0,0,0,0,0,0,0,0,0,0,0
533967_01606_01607_1,358.8,1,2022/10/18 10:45:00,-1.00,-1.00,0.0,0,0,0,0,0,0,0,0,0,0,0,0
533967_01606_01607_1,358.8,1,2022/10/18 11:00:00,-1.00,-1.00,0.0,0,0,0,0,0,0,0,0,0,0,0,0
533967_01606_01607_1,358.8,1,2022/10/18 11:15:00,-1.00,-1.00,0.0,0,0,0,0,0,0,0,0,0,0,0,0
533967_01606_01607_1,358.8,1,2022/10/18 11:30:00,-1.00,-1.00,0.0,0,0,0,0,0,0,0,0,0,0,0,0
533967_01606_01607_1,358.8,1,2022/10/18 11:45:00,-1.00,-1.00,0.0,0,0,0,0,0,0,0,0,0,0,0,0
533967_01606_01607_1,358.8,1,2022/10/18 12:00:00,-1.00,-1.00,0.0,0,0,0,0,0,0,0,0,0,0,0,0
533967_01606_01607_1,358.8,1,2022/10/18 12:15:00,-1.00,-1.00,0.0,0,0,0,0,0,0,0,0,0,0,0,0
533967_01606_01607_1,358.8,1,2022/10/18 12:30:00,-1.00,-1.00,0.0,0,0,0,0,0,0,0,0,0,0,0,0
533967_01606_01607_1,358.8,1,2022/10/18 12:45:00,-1.00,-1.00,0.0,0,0,0,0,0,0,0,0,0,0,0,0
533967_01606_01607_1,358.8,1,2022/10/18 13:00:00,-1.00,-1.00,0.0,0,0,0,0,0,0,0,0,0,0,0,0
533967_01606_01607_1,358.8,1,2022/10/18 13:15:00,-1.00,-1.00,0.0,0,0,0,0,0,0,0,0,0,0,0,0
533967_01606_01607_1,358.8,1,2022/10/18 13:30:00,-1.00,-1.00,0.0,0,0,0,0,0,0,0,0,0,0,0,0
533967_01606_01607_1,358.8,1,2022/10/18 13:45:00,-1.00,-1.00,0.0,0,0,0,0,0,0,0,0,0,0,0,0
533967_01606_01607_1,358.8,1,2022/10/18 14:00:00,-1.00,-1.00,0.0,0,0,0,0,0,0,0,0,0,0,0,0
533967_01606_01607_1,358.8,1,2022/10/18 14:15:00,-1.00,-1.00,0.0,0,0,0,0,0,0,0,0,0,0,0,0
533967_01606_01607_1,358.8,1,2022/10/18 14:30:00,-1.00,-1.00,0.0,0,0,0,0,0,0,0,0,0,0,0,0
533967_01606_01607_1,358.8,1,2022/10/18 14:45:00,-1.00,-1.00,0.0,0,0,0,0,0,0,0,0,0,0,0,0
533967_01606_01607_1,358.8,1,2022/10/18 15:00:00,-1.00,-1.00,0.0,0,0,0,0,0,0,0,0,0,0,0,0
533967_01606_01607_1,358.8,1,2022/10/18 15:15:00,-1.00,-1.00,0.0,0,0,0,0,0,0,0,0,0,0,0,0
533967_01606_01607_1,358.8,1,2022/10/18 15:30:00,-1.00,-1.00,0.0,0,0,0,0,0,0,0,0,0,0,0,0
533967_01606_01607_1,358.8,1,2022/10/18 15:45:00,-1.00,-1.00,0.0,0,0,0,0,0,0,0,0,0,0,0,0
533967_01606_01607_1,358.8,1,2022/10/18 16:00:00,-1.00,-1.00,0.0,0,0,0,0,0,0,0,0,0,0,0,0
533967_01606_01607_1,358.8,1,2022/10/18 16:15:00,-1.00,-1.00,0.0,0,0,0,0,0,0,0,0,0,0,0,0
533967_01606_01607_1,358.8,1,2022/10/18 16:30:00,-1.00,-1.00,0.0,0,0,0,0,0,0,0,0,0,0,0,0
533967_01606_01607_1,358.8,1,2022/10/18 16:45:00,-1.00,-1.00,0.0,0,0,0,0,0,0,0,0,0,0,0,0
533967_01606_01607_1,358.8,1,2022/10/18 17:00:00,-1.00,-1.00,0.0,0,0,0,0,0,0,0,0,0,0,0,0
533967_01606_01607_1,358.8,1,2022/10/18 17:15:00,-1.00,-1.00,0.0,0,0,0,0,0,0,0,0,0,0,0,0
533967_01606_01607_1,358.8,1,2022/10/18 17:30:00,-1.00,-1.00,0.0,0,0,0,0,0,0,0,0,0,0,0,0
533967_01606_01607_1,358.8,1,2022/10/18 17:45:00,-1.00,-1.00,0.0,0,0,0,0,0,0,0,0,0,0,0,0
533967_01606_01607_1,358.8,1,2022/10/18 18:00:00,-1.00,-1.00,0.0,0,0,0,0,0,0,0,0,0,0,0,0
533967_01606_01607_1,358.8,1,2022/10/18 18:15:00,-1.00,-1.00,0.0,0,0,0,0,0,0,0,0,0,0,0,0
533967_01606_01607_1,358.8,1,2022/10/18 18:30:00,-1.00,-1.00,0.0,0,0,0,0,0,0,0,0,0,0,0,0
533967_01606_01607_1,358.8,1,2022/10/18 18:45:00,-1.00,-1.00,0.0,0,0,0,0,0,0,0,0,0,0,0,0
533967_01606_01609_0,72.2,1,2022/10/18 06:30:00,-1.00,-1.00,0.0,0,0,0,0,0,0,0,0,0,0,0,0
533967_01606_01609_0,72.2,1,2022/10/18 06:45:00,-1.00,-1.00,0.0,0,0,0,0,0,0,0,0,0,0,0,0
533967_01606_01609_0,72.2,1,2022/10/18 07:00:00,-1.00,-1.00,0.0,0,0,0,0,0,0,0,0,0,0,0,0
533967_01606_01609_0,72.2,1,2022/10/18 07:15:00,-1.00,-1.00,0.0,0,0,0,0,0,0,0,0,0,0,0,0
533967_01606_01609_0,72.2,1,2022/10/18 07:30:00,-1.00,-1.00,0.0,0,0,0,0,0,0,0,0,0,0,0,0
533967_01606_01609_0,72.2,1,2022/10/18 07:45:00,-1.00,-1.00,0.0,0,0,0,0,0,0,0,0,0,0,0,0
533967_01606_01609_0,72.2,1,2022/10/18 08:00:00,-1.00,-1.00,0.0,0,0,0,0,0,0,0,0,0,0,0,0
533967_01606_01609_0,72.2,1,2022/10/18 08:15:00,-1.00,-1.00,0.0,0,0,0,0,0,0,0,0,0,0,0,0
533967_01606_01609_0,72.2,1,2022/10/18 08:30:00,-1.00,-1.00,0.0,0,0,0,0,0,0,0,0,0,0,0,0
533967_01606_01609_0,72.2,1,2022/10/18 08:45:00,-1.00,-1.00,0.0,0,0,0,0,0,0,0,0,0,0,0,0
533967_01606_01609_0,72.2,1,2022/10/18 09:00:00,-1.00,-1.00,0.0,0,0,0,0,0,0,0,0,0,0,0,0
533967_01606_01609_0,72.2,1,2022/10/18 09:15:00,-1.00,-1.00,0.0,0,0,0,0,0,0,0,0,0,0,0,0
533967_01606_01609_0,72.2,1,2022/10/18 09:30:00,-1.00,-1.00,0.0,0,0,0,0,0,0,0,0,0,0,0,0
533967_01606_01609_0,72.2,1,2022/10/18 09:45:00,-1.00,-1.00,0.0,0,0,0,0,0,0,0,0,0,0,0,0
533967_01606_01609_0,72.2,1,2022/10/18 10:00:00,-1.00,-1.00,0.0,0,0,0,0,0,0,0,0,0,0,0,0
533967_01606_01609_0,72.2,1,2022/10/18 10:15:00,-1.00,-1.00,0.0,0,0,0,0,0,0,0,0,0,0,0,0
533967_01606_01609_0,72.2,1,2022/10/18 10:30:00,-1.00,-1.00,0.0,0,0,0,0,0,0,0,0,0,0,0,0
533967_01606_01609_0,72.2,1,2022/10/18 10:45:00,-1.00,-1.00,0.0,0,0,0,0,0,0,0,0,0,0,0,0
533967_01606_01609_0,72.2,1,2022/10/18 11:00:00,-1.00,-1.00,0.0,0,0,0,0,0,0,0,0,0,0,0,0
533967_01606_01609_0,72.2,1,2022/10/18 11:15:00,-1.00,-1.00,0.0,0,0,0,0,0,0,0,0,0,0,0,0
533967_01606_01609_0,72.2,1,2022/10/18 11:30:00,-1.00,-1.00,0.0,0,0,0,0,0,0,0,0,0,0,0,0
533967_01606_01609_0,72.2,1,2022/10/18 11:45:00,-1.00,-1.00,0.0,0,0,0,0,0,0,0,0,0,0,0,0
533967_01606_01609_0,72.2,1,2022/10/18 12:00:00,-1.00,-1.00,0.0,0,0,0,0,0,0,0,0,0,0,0,0
533967_01606_01609_0,72.2,1,2022/10/18 12:15:00,-1.00,-1.00,0.0,0,0,0,0,0,0,0,0,0,0,0,0
533967_01606_01609_0,72.2,1,2022/10/18 12:30:00,-1.00,-1.00,0.0,0,0,0,0,0,0,0,0,0,0,0,0
533967_01606_01609_0,72.2,1,2022/10/18 12:45:00,-1.00,-1.00,0.0,0,0,0,0,0,0,0,0,0,0,0,0
533967_01606_01609_0,72.2,1,2022/10/18 13:00:00,-1.00,-1.00,0.0,0,0,0,0,0,0,0,0,0,0,0,0
533967_01606_01609_0,72.2,1,2022/10/18 13:15:00,-1.00,-1.00,0.0,0,0,0,0,0,0,0,0,0,0,0,0
533967_01606_01609_0,72.2,1,2022/10/18 13:30:00,-1.00,-1.00,0.0,0,0,0,0,0,0,0,0,0,0,0,0
533967_01606_01609_0,72.2,1,2022/10/18 13:45:00,-1.00,-1.00,0.0,0,0,0,0,0,0,0,0,0,0,0,0
533967_01606_01609_0,72.2,1,2022/10/18 14:00:00,-1.00,-1.00,0.0,0,0,0,0,0,0,0,0,0,0,0,0
533967_01606_01609_0,72.2,1,2022/10/18 14:15:00,-1.00,-1.00,0.0,0,0,0,0,0,0,0,0,0,0,0,0
533967_01606_01609_0,72.2,1,2022/10/18 14:30:00,-1.00,-1.00,0.0,0,0,0,0,0,0,0,0,0,0,0,0
533967_01606_01609_0,72.2,1,2022/10/18 14:45:00,-1.00,-1.00,0.0,0,0,0,0,0,0,0,0,0,0,0,0
533967_01606_01609_0,72.2,1,2022/10/18 15:00:00,-1.00,-1.00,0.0,0,0,0,0,0,0,0,0,0,0,0,0
533967_01606_01609_0,72.2,1,2022/10/18 15:15:00,-1.00,-1.00,0.0,0,0,0,0,0,0,0,0,0,0,0,0
533967_01606_01609_0,72.2,1,2022/10/18 15:30:00,-1.00,-1.00,0.0,0,0,0,0,0,0,0,0,0,0,0,0
533967_01606_01609_0,72.2,1,2022/10/18 15:45:00,-1.00,-1.00,0.0,0,0,0,0,0,0,0,0,0,0,0,0
533967_01606_01609_0,72.2,1,2022/10/18 16:00:00,-1.00,-1.00,0.0,0,0,0,0,0,0,0,0,0,0,0,0
533967_01606_01609_0,72.2,1,2022/10/18 16:15:00,-1.00,-1.00,0.0,0,0,0,0,0,0,0,0,0,0,0,0
533967_01606_01609_0,72.2,1,2022/10/18 16:30:00,-1.00,-1.00,0.0,0,0,0,0,0,0,0,0,0,0,0,0
533967_01606_01609_0,72.2,1,2022/10/18 16:45:00,-1.00,-1.00,0.0,0,0,0,0,0,0,0,0,0,0,0,0
533967_01606_01609_0,72.2,1,2022/10/18 17:00:00,-1.00,-1.00,0.0,0,0,0,0,0,0,0,0,0,0,0,0
533967_01606_01609_0,72.2,1,2022/10/18 17:15:00,-1.00,-1.00,0.0,0,0,0,0,0,0,0,0,0,0,0,0
533967_01606_01609_0,72.2,1,2022/10/18 17:30:00,-1.00,-1.00,0.0,0,0,0,0,0,0,0,0,0,0,0,0
533967_01606_01609_0,72.2,1,2022/10/18 17:45:00,-1.00,-1.00,0.0,0,0,0,0,0,0,0,0,0,0,0,0
533967_01606_01609_0,72.2,1,2022/10/18 18:00:00,-1.00,-1.00,0.0,0,0,0,0,0,0,0,0,0,0,0,0
533967_01606_01609_0,72.2,1,2022/10/18 18:15:00,-1.00,-1.00,0.0,0,0,0,0,0,0,0,0,0,0,0,0
533967_01606_01609_0,72.2,1,2022/10/18 18:30:00,-1.00,-1.00,0.0,0,0,0,0,0,0,0,0,0,0,0,0
533967_01606_01609_0,72.2,1,2022/10/18 18:45:00,-1.00,-1.00,0.0,0,0,0,0,0,0,0,0,0,0,0,0
533967_01606_01609_1,92.9,1,2022/10/18 06:30:00,-1.00,-1.00,0.0,0,0,0,0,0,0,0,0,0,0,0,0
533967_01606_01609_1,92.9,1,2022/10/18 06:45:00,-1.00,-1.00,0.0,0,0,0,0,0,0,0,0,0,0,0,0
533967_01606_01609_1,92.9,1,2022/10/18 07:00:00,-1.00,-1.00,0.0,0,0,0,0,0,0,0,0,0,0,0,0
533967_01606_01609_1,92.9,1,2022/10/18 07:15:00,-1.00,-1.00,0.0,0,0,0,0,0,0,0,0,0,0,0,0
533967_01606_01609_1,92.9,1,2022/10/18 07:30:00,-1.00,-1.00,0.0,0,0,0,0,0,0,0,0,0,0,0,0
533967_01606_01609_1,92.9,1,2022/10/18 07:45:00,-1.00,-1.00,0.0,0,0,0,0,0,0,0,0,0,0,0,0
533967_01606_01609_1,92.9,1,2022/10/18 08:00:00,-1.00,-1.00,0.0,0,0,0,0,0,0,0,0,0,0,0,0
533967_01606_01609_1,92.9,1,2022/10/18 08:15:00,-1.00,-1.00,0.0,0,0,0,0,0,0,0,0,0,0,0,0
533967_01606_01609_1,92.9,1,2022/10/18 08:30:00,-1.00,-1.00,0.0,0,0,0,0,0,0,0,0,0,0,0,0
533967_01606_01609_1,92.9,1,2022/10/18 08:45:00,-1.00,-1.00,0.0,0,0,0,0,0,0,0,0,0,0,0,0
533967_01606_01609_1,92.9,1,2022/10/18 09:00:00,-1.00,-1.00,0.0,0,0,0,0,0,0,0,0,0,0,0,0
533967_01606_01609_1,92.9,1,2022/10/18 09:15:00,-1.00,-1.00,0.0,0,0,0,0,0,0,0,0,0,0,0,0
533967_01606_01609_1,92.9,1,2022/10/18 09:30:00,-1.00,-1.00,0.0,0,0,0,0,0,0,0,0,0,0,0,0
533967_01606_01609_1,92.9,1,2022/10/18 09:45:00,-1.00,-1.00,0.0,0,0,0,0,0,0,0,0,0,0,0,0
533967_01606_01609_1,92.9,1,2022/10/18 10:00:00,-1.00,-1.00,0.0,0,0,0,0,0,0,0,0,0,0,0,0
533967_01606_01609_1,92.9,1,2022/10/18 10:15:00,-1.00,-1.00,0.0,0,0,0,0,0,0,0,0,0,0,0,0
533967_01606_01609_1,92.9,1,2022/10/18 10:30:00,-1.00,-1.00,0.0,0,0,0,0,0,0,0,0,0,0,0,0
533967_01606_01609_1,92.9,1,2022/10/18 10:45:00,-1.00,-1.00,0.0,0,0,0,0,0,0,0,0,0,0,0,0
533967_01606_01609_1,92.9,1,2022/10/18 11:00:00,-1.00,-1.00,0.0,0,0,0,0,0,0,0,0,0,0,0,0
533967_01606_01609_1,92.9,1,2022/10/18 11:15:00,-1.00,-1.00,0.0,0,0,0,0,0,0,0,0,0,0,0,0
533967_01606_01609_1,92.9,1,2022/10/18 11:30:00,-1.00,-1.00,0.0,0,0,0,0,0,0,0,0,0,0,0,0
533967_01606_01609_1,92.9,1,2022/10/18 11:45:00,-1.00,-1.00,0.0,0,0,0,0,0,0,0,0,0,0,0,0
533967_01606_01609_1,92.9,1,2022/10/18 12:00:00,-1.00,-1.00,0.0,0,0,0,0,0,0,0,0,0,0,0,0
533967_01606_01609_1,92.9,1,2022/10/18 12:15:00,-1.00,-1.00,0.0,0,0,0,0,0,0,0,0,0,0,0,0
533967_01606_01609_1,92.9,1,2022/10/18 12:30:00,-1.00,-1.00,0.0,0,0,0,0,0,0,0,0,0,0,0,0
533967_01606_01609_1,92.9,1,2022/10/18 12:45:00,-1.00,-1.00,0.0,0,0,0,0,0,0,0,0,0,0,0,0
533967_01606_01609_1,92.9,1,2022/10/18 13:00:00,-1.00,-1.00,0.0,0,0,0,0,0,0,0,0,0,0,0,0
533967_01606_01609_1,92.9,1,2022/10/18 13:15:00,-1.00,-1.00,0.0,0,0,0,0,0,0,0,0,0,0,0,0
533967_01606_01609_1,92.9,1,2022/10/18 13:30:00,-1.00,-1.00,0.0,0,0,0,0,0,0,0,0,0,0,0,0
533967_01606_01609_1,92.9,1,2022/10/18 13:45:00,-1.00,-1.00,0.0,0,0,0,0,0,0,0,0,0,0,0,0
533967_01606_01609_1,92.9,1,2022/10/18 14:00:00,-1.00,-1.00,0.0,0,0,0,0,0,0,0,0,0,0,0,0
533967_01606_01609_1,92.9,1,2022/10/18 14:15:00,-1.00,-1.00,0.0,0,0,0,0,0,0,0,0,0,0,0,0
533967_01606_01609_1,92.9,1,2022/10/18 14:30:00,-1.00,-1.00,0.0,0,0,0,0,0,0,0,0,0,0,0,0
533967_01606_01609_1,92.9,1,2022/10/18 14:45:00,-1.00,-1.00,0.0,0,0,0,0,0,0,0,0,0,0,0,0
533967_01606_01609_1,92.9,1,2022/10/18 15:00:00,-1.00,-1.00,0.0,0,0,0,0,0,0,0,0,0,0,0,0
533967_01606_01609_1,92.9,1,2022/10/18 15:15:00,-1.00,-1.00,0.0,0,0,0,0,0,0,0,0,0,0,0,0
533967_01606_01609_1,92.9,1,2022/10/18 15:30:00,-1.00,-1.00,0.0,0,0,0,0,0,0,0,0,0,0,0,0
533967_01606_01609_1,92.9,1,2022/10/18 15:45:00,-1.00,-1.00,0.0,0,0,0,0,0,0,0,0,0,0,0,0
533967_01606_01609_1,92.9,1,2022/10/18 16:00:00,-1.00,-1.00,0.0,0,0,0,0,0,0,0,0,0,0,0,0
533967_01606_01609_1,92.9,1,2022/10/18 16:15:00,-1.00,-1.00,0.0,0,0,0,0,0,0,0,0,0,0,0,0
533967_01606_01609_1,92.9,1,2022/10/18 16:30:00,-1.00,-1.00,0.0,0,0,0,0,0,0,0,0,0,0,0,0
533967_01606_01609_1,92.9,1,2022/10/18 16:45:00,-1.00,-1.00,0.0,0,0,0,0,0,0,0,0,0,0,0,0
533967_01606_01609_1,92.9,1,2022/10/18 17:00:00,-1.00,-1.00,0.0,0,0,0,0,0,0,0,0,0,0,0,0
533967_01606_01609_1,92.9,1,2022/10/18 17:15:00,-1.00,-1.00,0.0,0,0,0,0,0,0,0,0,0,0,0,0
533967_01606_01609_1,92.9,1,2022/10/18 17:30:00,-1.00,-1.00,0.0,0,0,0,0,0,0,0,0,0,0,0,0
533967_01606_01609_1,92.9,1,2022/10/18 17:45:00,-1.00,-1.00,0.0,0,0,0,0,0,0,0,0,0,0,0,0
533967_01606_01609_1,92.9,1,2022/10/18 18:00:00,-1.00,-1.00,0.0,0,0,0,0,0,0,0,0,0,0,0,0
533967_01606_01609_1,92.9,1,2022/10/18 18:15:00,-1.00,-1.00,0.0,0,0,0,0,0,0,0,0,0,0,0,0
533967_01606_01609_1,92.9,1,2022/10/18 18:30:00,-1.00,-1.00,0.0,0,0,0,0,0,0,0,0,0,0,0,0
533967_01606_01609_1,92.9,1,2022/10/18 18:45:00,-1.00,-1.00,0.0,0,0,0,0,0,0,0,0,0,0,0,0
533967_01654_01655_0,194.4,2,2022/10/18 06:30:00,45.15,15.50,113.0,109,0,105,4,0,0,0,0,0,0,0,0
533967_01654_01655_0,194.4,2,2022/10/18 06:45:00,45.36,15.43,110.0,109,0,108,1,0,0,0,0,0,0,0,0
533967_01654_01655_0,194.4,2,2022/10/18 07:00:00,45.67,15.33,73.0,70,0,67,3,0,0,0,0,0,0,0,0
533967_01654_01655_0,194.4,2,2022/10/18 07:15:00,45.94,15.24,90.0,88,0,86,2,0,0,0,0,0,0,0,0
533967_01654_01655_0,194.4,2,2022/10/18 07:30:00,45.54,15.37,92.0,89,0,86,3,0,0,0,0,0,0,0,0
533967_01654_01655_0,194.4,2,2022/10/18 07:45:00,45.09,15.53,80.0,80,0,80,0,0,0,0,0,0,0,0,0
533967_01654_01655_0,194.4,2,2022/10/18 08:00:00,45.21,15.48,92.0,83,0,74,1,8,0,0,0,0,0,0,0
533967_01654_01655_0,194.4,2,2022/10/18 08:15:00,45.01,15.55,137.0,123,0,109,7,7,0,0,0,0,0,0,0
533967_01654_01655_0,194.4,2,2022/10/18 08:30:00,44.52,15.72,171.0,151,0,131,13,7,0,0,0,0,0,0,0
533967_01654_01655_0,194.4,2,2022/10/18 08:45:00,42.84,16.34,176.0,158,0,140,18,0,0,0,0,0,0,0,0
533967_01654_01655_0,194.4,2,2022/10/18 09:00:00,45.63,15.34,143.0,123,0,103,20,0,0,0,0,0,0,0,0
533967_01654_01655_0,194.4,2,2022/10/18 09:15:00,44.94,15.58,140.0,120,0,100,19,1,0,0,0,0,0,0,0
533967_01654_01655_0,194.4,2,2022/10/18 09:30:00,43.45,16.11,140.0,135,0,130,5,0,0,0,0,0,0,0,0
533967_01654_01655_0,194.4,2,2022/10/18 09:45:00,42.62,16.42,138.0,132,0,126,6,0,0,0,0,0,0,0,0
533967_01654_01655_0,194.4,2,2022/10/18 10:00:00,45.68,15.32,107.0,102,0,97,5,0,0,0,0,0,0,0,0
533967_01654_01655_0,194.4,2,2022/10/18 10:15:00,44.92,15.58,118.0,106,0,94,12,0,0,0,0,0,0,0,0
533967_01654_01655_0,194.4,2,2022/10/18 10:30:00,45.31,15.45,131.0,120,0,109,11,0,0,0,0,0,0,0,0
533967_01654_01655_0,194.4,2,2022/10/18 10:45:00,45.11,15.52,129.0,116,0,103,13,0,0,0,0,0,0,0,0
533967_01654_01655_0,194.4,2,2022/10/18 11:00:00,44.77,15.64,109.0,99,0,89,10,0,0,0,0,0,0,0,0
533967_01654_01655_0,194.4,2,2022/10/18 11:15:00,44.89,15.59,113.0,108,0,103,5,0,0,0,0,0,0,0,0
533967_01654_01655_0,194.4,2,2022/10/18 11:30:00,45.37,15.43,101.0,91,0,81,10,0,0,0,0,0,0,0,0
533967_01654_01655_0,194.4,2,2022/10/18 11:45:00,45.28,15.46,128.0,120,0,112,8,0,0,0,0,0,0,0,0
533967_01654_01655_0,194.4,2,2022/10/18 12:00:00,42.83,16.35,147.0,139,0,131,8,0,0,0,0,0,0,0,0
533967_01654_01655_0,194.4,2,2022/10/18 12:15:00,45.15,15.50,125.0,109,0,93,16,0,0,0,0,0,0,0,0
533967_01654_01655_0,194.4,2,2022/10/18 12:30:00,44.78,15.63,122.0,120,0,118,2,0,0,0,0,0,0,0,0
533967_01654_01655_0,194.4,2,2022/10/18 12:45:00,45.12,15.52,106.0,97,0,88,9,0,0,0,0,0,0,0,0
533967_01654_01655_0,194.4,2,2022/10/18 13:00:00,44.94,15.58,77.0,71,0,65,6,0,0,0,0,0,0,0,0
533967_01654_01655_0,194.4,2,2022/10/18 13:15:00,45.60,15.35,125.0,111,0,97,14,0,0,0,0,0,0,0,0
533967_01654_01655_0,194.4,2,2022/10/18 13:30:00,44.81,15.62,107.0,100,0,93,7,0,0,0,0,0,0,0,0
533967_01654_01655_0,194.4,2,2022/10/18 13:45:00,45.55,15.37,82.0,79,0,76,3,0,0,0,0,0,0,0,0
533967_01654_01655_0,194.4,2,2022/10/18 14:00:00,43.54,16.08,165.0,152,0,139,13,0,0,0,0,0,0,0,0
533967_01654_01655_0,194.4,2,2022/10/18 14:15:00,44.41,15.76,158.0,135,0,112,23,0,0,0,0,0,0,0,0
533967_01654_01655_0,194.4,2,2022/10/18 14:30:00,45.23,15.48,120.0,105,0,90,11,4,0,0,0,0,0,0,0
533967_01654_01655_0,194.4,2,2022/10/18 14:45:00,44.93,15.58,145.0,136,0,127,9,0,0,0,0,0,0,0,0
533967_01654_01655_0,194.4,2,2022/10/18 15:00:00,44.89,15.59,143.0,128,0,113,13,2,0,0,0,0,0,0,0
533967_01654_01655_0,194.4,2,2022/10/18 15:15:00,43.77,15.99,137.0,132,0,127,5,0,0,0,0,0,0,0,0
533967_01654_01655_0,194.4,2,2022/10/18 15:30:00,44.80,15.63,134.0,123,0,112,11,0,0,0,0,0,0,0,0
533967_01654_01655_0,194.4,2,2022/10/18 15:45:00,44.36,15.78,102.0,96,0,90,4,2,0,0,0,0,0,0,0
533967_01654_01655_0,194.4,2,2022/10/18 16:00:00,43.69,16.02,160.0,148,0,136,9,3,0,0,0,0,0,0,0
533967_01654_01655_0,194.4,2,2022/10/18 16:15:00,44.77,15.63,132.0,123,0,114,9,0,0,0,0,0,0,0,0
533967_01654_01655_0,194.4,2,2022/10/18 16:30:00,45.91,15.25,109.0,109,0,109,0,0,0,0,0,0,0,0,0
533967_01654_01655_0,194.4,2,2022/10/18 16:45:00,45.45,15.40,128.0,122,0,116,6,0,0,0,0,0,0,0,0
533967_01654_01655_0,194.4,2,2022/10/18 17:00:00,44.30,15.80,156.0,156,0,156,0,0,0,0,0,0,0,0,0
533967_01654_01655_0,194.4,2,2022/10/18 17:15:00,44.32,15.79,124.0,121,0,118,3,0,0,0,0,0,0,0,0
533967_01654_01655_0,194.4,2,2022/10/18 17:30:00,44.87,15.60,113.0,108,0,103,5,0,0,0,0,0,0,0,0
533967_01654_01655_0,194.4,2,2022/10/18 17:45:00,44.90,15.59,139.0,134,0,129,5,0,0,0,0,0,0,0,0
533967_01654_01655_0,194.4,2,2022/10/18 18:00:00,45.57,15.36,111.0,105,0,99,6,0,0,0,0,0,0,0,0
533967_01654_01655_0,194.4,2,2022/10/18 18:15:00,45.76,15.30,111.0,111,0,111,0,0,0,0,0,0,0,0,0
533967_01654_01655_0,194.4,2,2022/10/18 18:30:00,44.50,15.73,94.0,93,0,92,1,0,0,0,0,0,0,0,0
533967_01654_01655_0,194.4,2,2022/10/18 18:45:00,45.64,15.34,92.0,92,0,92,0,0,0,0,0,0,0,0,0
533967_01654_01658_1,105.6,2,2022/10/18 06:30:00,20.01,18.99,120.0,118,0,116,2,0,0,0,0,0,0,0,0
533967_01654_01658_1,105.6,2,2022/10/18 06:45:00,16.45,23.10,152.0,152,0,152,0,0,0,0,0,0,0,0,0
533967_01654_01658_1,105.6,2,2022/10/18 07:00:00,16.49,23.04,117.0,115,0,113,2,0,0,0,0,0,0,0,0
533967_01654_01658_1,105.6,2,2022/10/18 07:15:00,24.79,15.33,118.0,115,0,112,3,0,0,0,0,0,0,0,0
533967_01654_01658_1,105.6,2,2022/10/18 07:30:00,20.39,18.64,101.0,98,0,95,3,0,0,0,0,0,0,0,0
533967_01654_01658_1,105.6,2,2022/10/18 07:45:00,21.17,17.95,127.0,127,0,127,0,0,0,0,0,0,0,0,0
533967_01654_01658_1,105.6,2,2022/10/18 08:00:00,15.14,25.10,123.0,117,0,111,2,4,0,0,0,0,0,0,0
533967_01654_01658_1,105.6,2,2022/10/18 08:15:00,19.54,19.45,137.0,123,0,109,11,3,0,0,0,0,0,0,0
533967_01654_01658_1,105.6,2,2022/10/18 08:30:00,18.07,21.03,168.0,149,0,130,15,4,0,0,0,0,0,0,0
533967_01654_01658_1,105.6,2,2022/10/18 08:45:00,24.09,15.78,141.0,122,0,103,19,0,0,0,0,0,0,0,0
533967_01654_01658_1,105.6,2,2022/10/18 09:00:00,31.16,12.19,146.0,118,0,90,28,0,0,0,0,0,0,0,0
533967_01654_01658_1,105.6,2,2022/10/18 09:15:00,22.08,17.21,139.0,121,0,103,17,1,0,0,0,0,0,0,0
533967_01654_01658_1,105.6,2,2022/10/18 09:30:00,17.97,21.15,119.0,107,0,95,12,0,0,0,0,0,0,0,0
533967_01654_01658_1,105.6,2,2022/10/18 09:45:00,23.96,15.86,104.0,94,0,84,10,0,0,0,0,0,0,0,0
533967_01654_01658_1,105.6,2,2022/10/18 10:00:00,30.90,12.30,112.0,101,0,90,11,0,0,0,0,0,0,0,0
533967_01654_01658_1,105.6,2,2022/10/18 10:15:00,24.77,15.34,113.0,99,0,85,14,0,0,0,0,0,0,0,0
533967_01654_01658_1,105.6,2,2022/10/18 10:30:00,35.97,10.57,92.0,83,0,74,9,0,0,0,0,0,0,0,0
533967_01654_01658_1,105.6,2,2022/10/18 10:45:00,29.26,12.99,117.0,105,0,93,12,0,0,0,0,0,0,0,0
533967_01654_01658_1,105.6,2,2022/10/18 11:00:00,29.81,12.75,100.0,92,0,84,8,0,0,0,0,0,0,0,0
533967_01654_01658_1,105.6,2,2022/10/18 11:15:00,19.66,19.33,111.0,105,0,99,6,0,0,0,0,0,0,0,0
533967_01654_01658_1,105.6,2,2022/10/18 11:30:00,22.79,16.67,107.0,98,0,89,9,0,0,0,0,0,0,0,0
533967_01654_01658_1,105.6,2,2022/10/18 11:45:00,30.61,12.42,97.0,89,0,81,8,0,0,0,0,0,0,0,0
533967_01654_01658_1,105.6,2,2022/10/18 12:00:00,29.13,13.04,93.0,90,0,87,3,0,0,0,0,0,0,0,0
533967_01654_01658_1,105.6,2,2022/10/18 12:15:00,29.91,12.71,112.0,106,0,100,6,0,0,0,0,0,0,0,0
533967_01654_01658_1,105.6,2,2022/10/18 12:30:00,24.94,15.24,93.0,92,0,91,1,0,0,0,0,0,0,0,0
533967_01654_01658_1,105.6,2,2022/10/18 12:45:00,27.93,13.61,116.0,107,0,98,9,0,0,0,0,0,0,0,0
533967_01654_01658_1,105.6,2,2022/10/18 13:00:00,27.18,13.98,70.0,65,0,60,5,0,0,0,0,0,0,0,0
533967_01654_01658_1,105.6,2,2022/10/18 13:15:00,34.14,11.13,145.0,130,0,115,15,0,0,0,0,0,0,0,0
533967_01654_01658_1,105.6,2,2022/10/18 13:30:00,36.55,10.40,94.0,88,0,82,6,0,0,0,0,0,0,0,0
533967_01654_01658_1,105.6,2,2022/10/18 13:45:00,31.43,12.09,106.0,97,0,88,9,0,0,0,0,0,0,0,0
533967_01654_01658_1,105.6,2,2022/10/18 14:00:00,24.60,15.45,117.0,107,0,97,8,2,0,0,0,0,0,0,0
533967_01654_01658_1,105.6,2,2022/10/18 14:15:00,34.52,11.01,119.0,105,0,91,14,0,0,0,0,0,0,0,0
533967_01654_01658_1,105.6,2,2022/10/18 14:30:00,26.46,14.36,111.0,99,0,87,8,4,0,0,0,0,0,0,0
533967_01654_01658_1,105.6,2,2022/10/18 14:45:00,24.79,15.33,117.0,109,0,101,8,0,0,0,0,0,0,0,0
533967_01654_01658_1,105.6,2,2022/10/18 15:00:00,36.97,10.28,114.0,104,0,94,9,1,0,0,0,0,0,0,0
533967_01654_01658_1,105.6,2,2022/10/18 15:15:00,23.54,16.14,126.0,120,0,114,6,0,0,0,0,0,0,0,0
533967_01654_01658_1,105.6,2,2022/10/18 15:30:00,25.66,14.81,118.0,110,0,102,8,0,0,0,0,0,0,0,0
533967_01654_01658_1,105.6,2,2022/10/18 15:45:00,21.31,17.84,101.0,97,0,93,3,1,0,0,0,0,0,0,0
533967_01654_01658_1,105.6,2,2022/10/18 16:00:00,24.18,15.72,129.0,125,0,121,4,0,0,0,0,0,0,0,0
533967_01654_01658_1,105.6,2,2022/10/18 16:15:00,20.33,18.69,131.0,123,0,115,8,0,0,0,0,0,0,0,0
533967_01654_01658_1,105.6,2,2022/10/18 16:30:00,34.14,11.13,102.0,99,0,96,3,0,0,0,0,0,0,0,0
533967_01654_01658_1,105.6,2,2022/10/18 16:45:00,21.76,17.47,146.0,139,0,132,7,0,0,0,0,0,0,0,0
533967_01654_01658_1,105.6,2,2022/10/18 17:00:00,22.08,17.21,124.0,118,0,112,6,0,0,0,0,0,0,0,0
533967_01654_01658_1,105.6,2,2022/10/18 17:15:00,32.06,11.85,139.0,131,0,123,8,0,0,0,0,0,0,0,0
533967_01654_01658_1,105.6,2,2022/10/18 17:30:00,24.79,15.33,127.0,123,0,119,4,0,0,0,0,0,0,0,0
533967_01654_01658_1,105.6,2,2022/10/18 17:45:00,27.99,13.58,150.0,145,0,140,5,0,0,0,0,0,0,0,0
533967_01654_01658_1,105.6,2,2022/10/18 18:00:00,37.57,10.12,104.0,104,0,104,0,0,0,0,0,0,0,0,0
533967_01654_01658_1,105.6,2,2022/10/18 18:15:00,32.36,11.74,137.0,137,0,137,0,0,0,0,0,0,0,0,0
533967_01654_01658_1,105.6,2,2022/10/18 18:30:00,17.66,21.53,97.0,97,0,97,0,0,0,0,0,0,0,0,0
533967_01654_01658_1,105.6,2,2022/10/18 18:45:00,27.37,13.89,87.0,87,0,87,0,0,0,0,0,0,0,0,0
533967_01654_01661_0,46.1,1,2022/10/18 06:30:00,31.15,5.32,38.0,37,0,36,1,0,0,0,0,0,0,0,0
533967_01654_01661_0,46.1,1,2022/10/18 06:45:00,32.13,5.16,62.0,62,0,62,0,0,0,0,0,0,0,0,0
533967_01654_01661_0,46.1,1,2022/10/18 07:00:00,29.81,5.56,48.0,48,0,48,0,0,0,0,0,0,0,0,0
533967_01654_01661_0,46.1,1,2022/10/18 07:15:00,31.38,5.29,51.0,49,0,47,0,2,0,0,0,0,0,0,0
533967_01654_01661_0,46.1,1,2022/10/18 07:30:00,30.45,5.45,40.0,38,0,36,0,2,0,0,0,0,0,0,0
533967_01654_01661_0,46.1,1,2022/10/18 07:45:00,27.41,6.05,121.0,119,0,117,0,2,0,0,0,0,0,0,0
533967_01654_01661_0,46.1,1,2022/10/18 08:00:00,27.28,6.08,52.0,50,0,48,0,2,0,0,0,0,0,0,0
533967_01654_01661_0,46.1,1,2022/10/18 08:15:00,30.00,5.53,37.0,36,0,35,0,1,0,0,0,0,0,0,0
533967_01654_01661_0,46.1,1,2022/10/18 08:30:00,30.78,5.39,74.0,67,0,60,7,0,0,0,0,0,0,0,0
533967_01654_01661_0,46.1,1,2022/10/18 08:45:00,31.59,5.25,68.0,60,0,52,8,0,0,0,0,0,0,0,0
533967_01654_01661_0,46.1,1,2022/10/18 09:00:00,29.73,5.58,68.0,57,0,46,11,0,0,0,0,0,0,0,0
533967_01654_01661_0,46.1,1,2022/10/18 09:15:00,31.10,5.33,39.0,39,0,39,0,0,0,0,0,0,0,0,0
533967_01654_01661_0,46.1,1,2022/10/18 09:30:00,31.59,5.25,45.0,36,0,27,9,0,0,0,0,0,0,0,0
533967_01654_01661_0,46.1,1,2022/10/18 09:45:00,29.70,5.58,46.0,36,0,26,10,0,0,0,0,0,0,0,0
533967_01654_01661_0,46.1,1,2022/10/18 10:00:00,29.75,5.58,48.0,40,0,32,8,0,0,0,0,0,0,0,0
533967_01654_01661_0,46.1,1,2022/10/18 10:15:00,31.77,5.22,51.0,50,0,49,1,0,0,0,0,0,0,0,0
533967_01654_01661_0,46.1,1,2022/10/18 10:30:00,30.89,5.37,38.0,38,0,38,0,0,0,0,0,0,0,0,0
533967_01654_01661_0,46.1,1,2022/10/18 10:45:00,30.41,5.45,22.0,22,0,22,0,0,0,0,0,0,0,0,0
533967_01654_01661_0,46.1,1,2022/10/18 11:00:00,30.83,5.38,50.0,50,0,50,0,0,0,0,0,0,0,0,0
533967_01654_01661_0,46.1,1,2022/10/18 11:15:00,32.86,5.05,65.0,63,0,61,2,0,0,0,0,0,0,0,0
533967_01654_01661_0,46.1,1,2022/10/18 11:30:00,31.13,5.33,61.0,61,0,61,0,0,0,0,0,0,0,0,0
533967_01654_01661_0,46.1,1,2022/10/18 11:45:00,32.77,5.06,33.0,33,0,33,0,0,0,0,0,0,0,0,0
533967_01654_01661_0,46.1,1,2022/10/18 12:00:00,35.04,4.73,30.0,30,0,30,0,0,0,0,0,0,0,0,0
533967_01654_01661_0,46.1,1,2022/10/18 12:15:00,33.41,4.96,28.0,28,0,28,0,0,0,0,0,0,0,0,0
533967_01654_01661_0,46.1,1,2022/10/18 12:30:00,32.03,5.18,28.0,28,0,28,0,0,0,0,0,0,0,0,0
533967_01654_01661_0,46.1,1,2022/10/18 12:45:00,31.29,5.30,40.0,40,0,40,0,0,0,0,0,0,0,0,0
533967_01654_01661_0,46.1,1,2022/10/18 13:00:00,31.63,5.24,41.0,41,0,41,0,0,0,0,0,0,0,0,0
533967_01654_01661_0,46.1,1,2022/10/18 13:15:00,31.89,5.20,40.0,40,0,40,0,0,0,0,0,0,0,0,0
533967_01654_01661_0,46.1,1,2022/10/18 13:30:00,32.77,5.06,49.0,49,0,49,0,0,0,0,0,0,0,0,0
533967_01654_01661_0,46.1,1,2022/10/18 13:45:00,30.99,5.35,37.0,37,0,37,0,0,0,0,0,0,0,0,0
533967_01654_01661_0,46.1,1,2022/10/18 14:00:00,36.16,4.59,31.0,29,0,27,0,2,0,0,0,0,0,0,0
533967_01654_01661_0,46.1,1,2022/10/18 14:15:00,32.82,5.05,19.0,19,0,19,0,0,0,0,0,0,0,0,0
533967_01654_01661_0,46.1,1,2022/10/18 14:30:00,28.46,5.83,52.0,52,0,52,0,0,0,0,0,0,0,0,0
533967_01654_01661_0,46.1,1,2022/10/18 14:45:00,31.71,5.23,26.0,26,0,26,0,0,0,0,0,0,0,0,0
533967_01654_01661_0,46.1,1,2022/10/18 15:00:00,35.45,4.68,57.0,56,0,55,0,1,0,0,0,0,0,0,0
533967_01654_01661_0,46.1,1,2022/10/18 15:15:00,27.64,6.00,75.0,68,0,61,6,1,0,0,0,0,0,0,0
533967_01654_01661_0,46.1,1,2022/10/18 15:30:00,30.94,5.36,66.0,61,0,56,4,1,0,0,0,0,0,0,0
533967_01654_01661_0,46.1,1,2022/10/18 15:45:00,31.69,5.23,30.0,30,0,30,0,0,0,0,0,0,0,0,0
533967_01654_01661_0,46.1,1,2022/10/18 16:00:00,30.52,5.43,60.0,60,0,60,0,0,0,0,0,0,0,0,0
533967_01654_01661_0,46.1,1,2022/10/18 16:15:00,30.33,5.47,81.0,77,0,73,4,0,0,0,0,0,0,0,0
533967_01654_01661_0,46.1,1,2022/10/18 16:30:00,26.89,6.17,48.0,48,0,48,0,0,0,0,0,0,0,0,0
533967_01654_01661_0,46.1,1,2022/10/18 16:45:00,33.33,4.98,42.0,42,0,42,0,0,0,0,0,0,0,0,0
533967_01654_01661_0,46.1,1,2022/10/18 17:00:00,24.06,6.89,86.0,75,0,64,9,2,0,0,0,0,0,0,0
533967_01654_01661_0,46.1,1,2022/10/18 17:15:00,27.46,6.04,110.0,102,0,94,6,2,0,0,0,0,0,0,0
533967_01654_01661_0,46.1,1,2022/10/18 17:30:00,28.90,5.74,66.0,65,0,64,0,1,0,0,0,0,0,0,0
533967_01654_01661_0,46.1,1,2022/10/18 17:45:00,29.27,5.67,57.0,57,0,57,0,0,0,0,0,0,0,0,0
533967_01654_01661_0,46.1,1,2022/10/18 18:00:00,29.92,5.54,70.0,70,0,70,0,0,0,0,0,0,0,0,0
533967_01654_01661_0,46.1,1,2022/10/18 18:15:00,29.17,5.69,55.0,54,0,53,0,1,0,0,0,0,0,0,0
533967_01654_01661_0,46.1,1,2022/10/18 18:30:00,34.02,4.88,48.0,48,0,48,0,0,0,0,0,0,0,0,0
533967_01654_01661_0,46.1,1,2022/10/18 18:45:00,33.62,4.93,15.0,15,0,15,0,0,0,0,0,0,0,0,0
533967_01654_01661_1,46.0,1,2022/10/18 06:30:00,34.76,4.77,63.0,60,0,57,3,0,0,0,0,0,0,0,0
533967_01654_01661_1,46.0,1,2022/10/18 06:45:00,31.74,5.22,60.0,59,0,58,1,0,0,0,0,0,0,0,0
533967_01654_01661_1,46.0,1,2022/10/18 07:00:00,34.06,4.86,39.0,37,0,35,2,0,0,0,0,0,0,0,0
533967_01654_01661_1,46.0,1,2022/10/18 07:15:00,27.56,6.01,94.0,88,0,82,6,0,0,0,0,0,0,0,0
533967_01654_01661_1,46.0,1,2022/10/18 07:30:00,26.53,6.25,74.0,73,0,72,1,0,0,0,0,0,0,0,0
533967_01654_01661_1,46.0,1,2022/10/18 07:45:00,9.32,17.79,105.0,103,0,101,0,2,0,0,0,0,0,0,0
533967_01654_01661_1,46.0,1,2022/10/18 08:00:00,20.00,8.29,79.0,77,0,75,2,0,0,0,0,0,0,0,0
533967_01654_01661_1,46.0,1,2022/10/18 08:15:00,27.13,6.11,96.0,93,0,90,2,1,0,0,0,0,0,0,0
533967_01654_01661_1,46.0,1,2022/10/18 08:30:00,20.63,8.03,99.0,94,0,89,4,1,0,0,0,0,0,0,0
533967_01654_01661_1,46.0,1,2022/10/18 08:45:00,22.25,7.45,127.0,125,0,123,2,0,0,0,0,0,0,0,0
533967_01654_01661_1,46.0,1,2022/10/18 09:00:00,36.28,4.57,85.0,74,0,63,11,0,0,0,0,0,0,0,0
533967_01654_01661_1,46.0,1,2022/10/18 09:15:00,35.05,4.73,47.0,44,0,41,3,0,0,0,0,0,0,0,0
533967_01654_01661_1,46.0,1,2022/10/18 09:30:00,23.36,7.09,92.0,87,0,82,5,0,0,0,0,0,0,0,0
533967_01654_01661_1,46.0,1,2022/10/18 09:45:00,27.92,5.93,83.0,76,0,69,7,0,0,0,0,0,0,0,0
533967_01654_01661_1,46.0,1,2022/10/18 10:00:00,40.81,4.06,68.0,66,0,64,2,0,0,0,0,0,0,0,0
533967_01654_01661_1,46.0,1,2022/10/18 10:15:00,36.62,4.52,64.0,61,0,58,3,0,0,0,0,0,0,0,0
533967_01654_01661_1,46.0,1,2022/10/18 10:30:00,29.55,5.61,79.0,79,0,79,0,0,0,0,0,0,0,0,0
533967_01654_01661_1,46.0,1,2022/10/18 10:45:00,35.25,4.70,50.0,50,0,50,0,0,0,0,0,0,0,0,0
533967_01654_01661_1,46.0,1,2022/10/18 11:00:00,32.60,5.08,85.0,72,0,59,13,0,0,0,0,0,0,0,0
533967_01654_01661_1,46.0,1,2022/10/18 11:15:00,35.44,4.67,80.0,80,0,80,0,0,0,0,0,0,0,0,0
533967_01654_01661_1,46.0,1,2022/10/18 11:30:00,28.80,5.75,79.0,69,0,59,10,0,0,0,0,0,0,0,0
533967_01654_01661_1,46.0,1,2022/10/18 11:45:00,33.14,5.00,67.0,65,0,63,2,0,0,0,0,0,0,0,0
533967_01654_01661_1,46.0,1,2022/10/18 12:00:00,29.34,5.65,98.0,88,0,78,10,0,0,0,0,0,0,0,0
533967_01654_01661_1,46.0,1,2022/10/18 12:15:00,31.56,5.25,72.0,68,0,64,4,0,0,0,0,0,0,0,0
533967_01654_01661_1,46.0,1,2022/10/18 12:30:00,36.41,4.55,49.0,49,0,49,0,0,0,0,0,0,0,0,0
533967_01654_01661_1,46.0,1,2022/10/18 12:45:00,39.06,4.24,66.0,62,0,58,4,0,0,0,0,0,0,0,0
533967_01654_01661_1,46.0,1,2022/10/18 13:00:00,22.43,7.39,67.0,67,0,67,0,0,0,0,0,0,0,0,0
533967_01654_01661_1,46.0,1,2022/10/18 13:15:00,33.14,5.00,49.0,49,0,49,0,0,0,0,0,0,0,0,0
533967_01654_01661_1,46.0,1,2022/10/18 13:30:00,33.36,4.97,60.0,60,0,60,0,0,0,0,0,0,0,0,0
533967_01654_01661_1,46.0,1,2022/10/18 13:45:00,30.74,5.39,60.0,59,0,58,1,0,0,0,0,0,0,0,0
533967_01654_01661_1,46.0,1,2022/10/18 14:00:00,27.39,6.05,64.0,61,0,58,3,0,0,0,0,0,0,0,0
533967_01654_01661_1,46.0,1,2022/10/18 14:15:00,30.13,5.50,65.0,62,0,59,3,0,0,0,0,0,0,0,0
533967_01654_01661_1,46.0,1,2022/10/18 14:30:00,33.14,5.00,35.0,35,0,35,0,0,0,0,0,0,0,0,0
533967_01654_01661_1,46.0,1,2022/10/18 14:45:00,35.74,4.64,78.0,77,0,76,1,0,0,0,0,0,0,0,0
533967_01654_01661_1,46.0,1,2022/10/18 15:00:00,36.89,4.49,67.0,61,0,55,4,2,0,0,0,0,0,0,0
533967_01654_01661_1,46.0,1,2022/10/18 15:15:00,32.68,5.07,86.0,85,0,84,1,0,0,0,0,0,0,0,0
533967_01654_01661_1,46.0,1,2022/10/18 15:30:00,26.45,6.26,57.0,53,0,49,4,0,0,0,0,0,0,0,0
533967_01654_01661_1,46.0,1,2022/10/18 15:45:00,20.03,8.27,66.0,66,0,66,0,0,0,0,0,0,0,0,0
533967_01654_01661_1,46.0,1,2022/10/18 16:00:00,29.05,5.70,98.0,88,0,78,8,2,0,0,0,0,0,0,0
533967_01654_01661_1,46.0,1,2022/10/18 16:15:00,36.07,4.59,65.0,64,0,63,1,0,0,0,0,0,0,0,0
533967_01654_01661_1,46.0,1,2022/10/18 16:30:00,31.07,5.33,51.0,51,0,51,0,0,0,0,0,0,0,0,0
533967_01654_01661_1,46.0,1,2022/10/18 16:45:00,35.33,4.69,47.0,42,0,37,5,0,0,0,0,0,0,0,0
533967_01654_01661_1,46.0,1,2022/10/18 17:00:00,39.10,4.24,83.0,80,0,77,3,0,0,0,0,0,0,0,0
533967_01654_01661_1,46.0,1,2022/10/18 17:15:00,27.56,6.01,77.0,77,0,77,0,0,0,0,0,0,0,0,0
533967_01654_01661_1,46.0,1,2022/10/18 17:30:00,27.08,6.12,42.0,42,0,42,0,0,0,0,0,0,0,0,0
533967_01654_01661_1,46.0,1,2022/10/18 17:45:00,24.97,6.64,33.0,33,0,33,0,0,0,0,0,0,0,0,0
533967_01654_01661_1,46.0,1,2022/10/18 18:00:00,36.77,4.51,85.0,81,0,77,4,0,0,0,0,0,0,0,0
533967_01654_01661_1,46.0,1,2022/10/18 18:15:00,40.30,4.11,27.0,27,0,27,0,0,0,0,0,0,0,0,0
533967_01654_01661_1,46.0,1,2022/10/18 18:30:00,28.97,5.72,59.0,57,0,55,2,0,0,0,0,0,0,0,0
533967_01654_01661_1,46.0,1,2022/10/18 18:45:00,28.40,5.83,30.0,30,0,30,0,0,0,0,0,0,0,0,0
533967_01656_87767_0,64.7,1,2022/10/18 06:30:00,-1.00,-1.00,0.0,0,0,0,0,0,0,0,0,0,0,0,0
533967_01656_87767_0,64.7,1,2022/10/18 06:45:00,-1.00,-1.00,0.0,0,0,0,0,0,0,0,0,0,0,0,0
533967_01656_87767_0,64.7,1,2022/10/18 07:00:00,-1.00,-1.00,0.0,0,0,0,0,0,0,0,0,0,0,0,0
533967_01656_87767_0,64.7,1,2022/10/18 07:15:00,-1.00,-1.00,0.0,0,0,0,0,0,0,0,0,0,0,0,0
533967_01656_87767_0,64.7,1,2022/10/18 07:30:00,-1.00,-1.00,0.0,0,0,0,0,0,0,0,0,0,0,0,0
533967_01656_87767_0,64.7,1,2022/10/18 07:45:00,-1.00,-1.00,0.0,0,0,0,0,0,0,0,0,0,0,0,0
533967_01656_87767_0,64.7,1,2022/10/18 08:00:00,-1.00,-1.00,0.0,0,0,0,0,0,0,0,0,0,0,0,0
533967_01656_87767_0,64.7,1,2022/10/18 08:15:00,-1.00,-1.00,0.0,0,0,0,0,0,0,0,0,0,0,0,0
533967_01656_87767_0,64.7,1,2022/10/18 08:30:00,-1.00,-1.00,0.0,0,0,0,0,0,0,0,0,0,0,0,0
533967_01656_87767_0,64.7,1,2022/10/18 08:45:00,-1.00,-1.00,0.0,0,0,0,0,0,0,0,0,0,0,0,0
533967_01656_87767_0,64.7,1,2022/10/18 09:00:00,-1.00,-1.00,0.0,0,0,0,0,0,0,0,0,0,0,0,0
533967_01656_87767_0,64.7,1,2022/10/18 09:15:00,-1.00,-1.00,0.0,0,0,0,0,0,0,0,0,0,0,0,0
533967_01656_87767_0,64.7,1,2022/10/18 09:30:00,-1.00,-1.00,0.0,0,0,0,0,0,0,0,0,0,0,0,0
533967_01656_87767_0,64.7,1,2022/10/18 09:45:00,-1.00,-1.00,0.0,0,0,0,0,0,0,0,0,0,0,0,0
533967_01656_87767_0,64.7,1,2022/10/18 10:00:00,-1.00,-1.00,0.0,0,0,0,0,0,0,0,0,0,0,0,0
533967_01656_87767_0,64.7,1,2022/10/18 10:15:00,-1.00,-1.00,0.0,0,0,0,0,0,0,0,0,0,0,0,0
533967_01656_87767_0,64.7,1,2022/10/18 10:30:00,-1.00,-1.00,0.0,0,0,0,0,0,0,0,0,0,0,0,0
533967_01656_87767_0,64.7,1,2022/10/18 10:45:00,-1.00,-1.00,0.0,0,0,0,0,0,0,0,0,0,0,0,0
533967_01656_87767_0,64.7,1,2022/10/18 11:00:00,-1.00,-1.00,0.0,0,0,0,0,0,0,0,0,0,0,0,0
533967_01656_87767_0,64.7,1,2022/10/18 11:15:00,-1.00,-1.00,0.0,0,0,0,0,0,0,0,0,0,0,0,0
533967_01656_87767_0,64.7,1,2022/10/18 11:30:00,-1.00,-1.00,0.0,0,0,0,0,0,0,0,0,0,0,0,0
533967_01656_87767_0,64.7,1,2022/10/18 11:45:00,-1.00,-1.00,0.0,0,0,0,0,0,0,0,0,0,0,0,0
533967_01656_87767_0,64.7,1,2022/10/18 12:00:00,-1.00,-1.00,0.0,0,0,0,0,0,0,0,0,0,0,0,0
533967_01656_87767_0,64.7,1,2022/10/18 12:15:00,-1.00,-1.00,0.0,0,0,0,0,0,0,0,0,0,0,0,0
533967_01656_87767_0,64.7,1,2022/10/18 12:30:00,-1.00,-1.00,0.0,0,0,0,0,0,0,0,0,0,0,0,0
533967_01656_87767_0,64.7,1,2022/10/18 12:45:00,-1.00,-1.00,0.0,0,0,0,0,0,0,0,0,0,0,0,0
533967_01656_87767_0,64.7,1,2022/10/18 13:00:00,-1.00,-1.00,0.0,0,0,0,0,0,0,0,0,0,0,0,0
533967_01656_87767_0,64.7,1,2022/10/18 13:15:00,-1.00,-1.00,0.0,0,0,0,0,0,0,0,0,0,0,0,0
533967_01656_87767_0,64.7,1,2022/10/18 13:30:00,-1.00,-1.00,0.0,0,0,0,0,0,0,0,0,0,0,0,0
533967_01656_87767_0,64.7,1,2022/10/18 13:45:00,-1.00,-1.00,0.0,0,0,0,0,0,0,0,0,0,0,0,0
533967_01656_87767_0,64.7,1,2022/10/18 14:00:00,-1.00,-1.00,0.0,0,0,0,0,0,0,0,0,0,0,0,0
533967_01656_87767_0,64.7,1,2022/10/18 14:15:00,-1.00,-1.00,0.0,0,0,0,0,0,0,0,0,0,0,0,0
533967_01656_87767_0,64.7,1,2022/10/18 14:30:00,-1.00,-1.00,0.0,0,0,0,0,0,0,0,0,0,0,0,0
533967_01656_87767_0,64.7,1,2022/10/18 14:45:00,-1.00,-1.00,0.0,0,0,0,0,0,0,0,0,0,0,0,0
533967_01656_87767_0,64.7,1,2022/10/18 15:00:00,-1.00,-1.00,0.0,0,0,0,0,0,0,0,0,0,0,0,0
533967_01656_87767_0,64.7,1,2022/10/18 15:15:00,-1.00,-1.00,0.0,0,0,0,0,0,0,0,0,0,0,0,0
533967_01656_87767_0,64.7,1,2022/10/18 15:30:00,-1.00,-1.00,0.0,0,0,0,0,0,0,0,0,0,0,0,0
533967_01656_87767_0,64.7,1,2022/10/18 15:45:00,-1.00,-1.00,0.0,0,0,0,0,0,0,0,0,0,0,0,0
533967_01656_87767_0,64.7,1,2022/10/18 16:00:00,-1.00,-1.00,0.0,0,0,0,0,0,0,0,0,0,0,0,0
533967_01656_87767_0,64.7,1,2022/10/18 16:15:00,-1.00,-1.00,0.0,0,0,0,0,0,0,0,0,0,0,0,0
533967_01656_87767_0,64.7,1,2022/10/18 16:30:00,-1.00,-1.00,0.0,0,0,0,0,0,0,0,0,0,0,0,0
533967_01656_87767_0,64.7,1,2022/10/18 16:45:00,-1.00,-1.00,0.0,0,0,0,0,0,0,0,0,0,0,0,0
533967_01656_87767_0,64.7,1,2022/10/18 17:00:00,-1.00,-1.00,0.0,0,0,0,0,0,0,0,0,0,0,0,0
533967_01656_87767_0,64.7,1,2022/10/18 17:15:00,-1.00,-1.00,0.0,0,0,0,0,0,0,0,0,0,0,0,0
533967_01656_87767_0,64.7,1,2022/10/18 17:30:00,-1.00,-1.00,0.0,0,0,0,0,0,0,0,0,0,0,0,0
533967_01656_87767_0,64.7,1,2022/10/18 17:45:00,-1.00,-1.00,0.0,0,0,0,0,0,0,0,0,0,0,0,0
533967_01656_87767_0,64.7,1,2022/10/18 18:00:00,-1.00,-1.00,0.0,0,0,0,0,0,0,0,0,0,0,0,0
533967_01656_87767_0,64.7,1,2022/10/18 18:15:00,-1.00,-1.00,0.0,0,0,0,0,0,0,0,0,0,0,0,0
533967_01656_87767_0,64.7,1,2022/10/18 18:30:00,-1.00,-1.00,0.0,0,0,0,0,0,0,0,0,0,0,0,0
533967_01656_87767_0,64.7,1,2022/10/18 18:45:00,-1.00,-1.00,0.0,0,0,0,0,0,0,0,0,0,0,0,0
533967_01656_87767_1,53.8,1,2022/10/18 06:30:00,-1.00,-1.00,0.0,0,0,0,0,0,0,0,0,0,0,0,0
533967_01656_87767_1,53.8,1,2022/10/18 06:45:00,-1.00,-1.00,0.0,0,0,0,0,0,0,0,0,0,0,0,0
533967_01656_87767_1,53.8,1,2022/10/18 07:00:00,-1.00,-1.00,0.0,0,0,0,0,0,0,0,0,0,0,0,0
533967_01656_87767_1,53.8,1,2022/10/18 07:15:00,-1.00,-1.00,0.0,0,0,0,0,0,0,0,0,0,0,0,0
533967_01656_87767_1,53.8,1,2022/10/18 07:30:00,-1.00,-1.00,0.0,0,0,0,0,0,0,0,0,0,0,0,0
533967_01656_87767_1,53.8,1,2022/10/18 07:45:00,-1.00,-1.00,0.0,0,0,0,0,0,0,0,0,0,0,0,0
533967_01656_87767_1,53.8,1,2022/10/18 08:00:00,-1.00,-1.00,0.0,0,0,0,0,0,0,0,0,0,0,0,0
533967_01656_87767_1,53.8,1,2022/10/18 08:15:00,-1.00,-1.00,0.0,0,0,0,0,0,0,0,0,0,0,0,0
533967_01656_87767_1,53.8,1,2022/10/18 08:30:00,-1.00,-1.00,0.0,0,0,0,0,0,0,0,0,0,0,0,0
533967_01656_87767_1,53.8,1,2022/10/18 08:45:00,-1.00,-1.00,0.0,0,0,0,0,0,0,0,0,0,0,0,0
533967_01656_87767_1,53.8,1,2022/10/18 09:00:00,-1.00,-1.00,0.0,0,0,0,0,0,0,0,0,0,0,0,0
533967_01656_87767_1,53.8,1,2022/10/18 09:15:00,-1.00,-1.00,0.0,0,0,0,0,0,0,0,0,0,0,0,0
533967_01656_87767_1,53.8,1,2022/10/18 09:30:00,-1.00,-1.00,0.0,0,0,0,0,0,0,0,0,0,0,0,0
533967_01656_87767_1,53.8,1,2022/10/18 09:45:00,-1.00,-1.00,0.0,0,0,0,0,0,0,0,0,0,0,0,0
533967_01656_87767_1,53.8,1,2022/10/18 10:00:00,-1.00,-1.00,0.0,0,0,0,0,0,0,0,0,0,0,0,0
533967_01656_87767_1,53.8,1,2022/10/18 10:15:00,-1.00,-1.00,0.0,0,0,0,0,0,0,0,0,0,0,0,0
533967_01656_87767_1,53.8,1,2022/10/18 10:30:00,-1.00,-1.00,0.0,0,0,0,0,0,0,0,0,0,0,0,0
533967_01656_87767_1,53.8,1,2022/10/18 10:45:00,-1.00,-1.00,0.0,0,0,0,0,0,0,0,0,0,0,0,0
533967_01656_87767_1,53.8,1,2022/10/18 11:00:00,-1.00,-1.00,0.0,0,0,0,0,0,0,0,0,0,0,0,0
533967_01656_87767_1,53.8,1,2022/10/18 11:15:00,-1.00,-1.00,0.0,0,0,0,0,0,0,0,0,0,0,0,0
533967_01656_87767_1,53.8,1,2022/10/18 11:30:00,-1.00,-1.00,0.0,0,0,0,0,0,0,0,0,0,0,0,0
533967_01656_87767_1,53.8,1,2022/10/18 11:45:00,-1.00,-1.00,0.0,0,0,0,0,0,0,0,0,0,0,0,0
533967_01656_87767_1,53.8,1,2022/10/18 12:00:00,-1.00,-1.00,0.0,0,0,0,0,0,0,0,0,0,0,0,0
533967_01656_87767_1,53.8,1,2022/10/18 12:15:00,-1.00,-1.00,0.0,0,0,0,0,0,0,0,0,0,0,0,0
533967_01656_87767_1,53.8,1,2022/10/18 12:30:00,-1.00,-1.00,0.0,0,0,0,0,0,0,0,0,0,0,0,0
533967_01656_87767_1,53.8,1,2022/10/18 12:45:00,-1.00,-1.00,0.0,0,0,0,0,0,0,0,0,0,0,0,0
533967_01656_87767_1,53.8,1,2022/10/18 13:00:00,-1.00,-1.00,0.0,0,0,0,0,0,0,0,0,0,0,0,0
533967_01656_87767_1,53.8,1,2022/10/18 13:15:00,-1.00,-1.00,0.0,0,0,0,0,0,0,0,0,0,0,0,0
533967_01656_87767_1,53.8,1,2022/10/18 13:30:00,-1.00,-1.00,0.0,0,0,0,0,0,0,0,0,0,0,0,0
533967_01656_87767_1,53.8,1,2022/10/18 13:45:00,-1.00,-1.00,0.0,0,0,0,0,0,0,0,0,0,0,0,0
533967_01656_87767_1,53.8,1,2022/10/18 14:00:00,-1.00,-1.00,0.0,0,0,0,0,0,0,0,0,0,0,0,0
533967_01656_87767_1,53.8,1,2022/10/18 14:15:00,-1.00,-1.00,0.0,0,0,0,0,0,0,0,0,0,0,0,0
533967_01656_87767_1,53.8,1,2022/10/18 14:30:00,-1.00,-1.00,0.0,0,0,0,0,0,0,0,0,0,0,0,0
533967_01656_87767_1,53.8,1,2022/10/18 14:45:00,-1.00,-1.00,0.0,0,0,0,0,0,0,0,0,0,0,0,0
533967_01656_87767_1,53.8,1,2022/10/18 15:00:00,-1.00,-1.00,0.0,0,0,0,0,0,0,0,0,0,0,0,0
533967_01656_87767_1,53.8,1,2022/10/18 15:15:00,-1.00,-1.00,0.0,0,0,0,0,0,0,0,0,0,0,0,0
533967_01656_87767_1,53.8,1,2022/10/18 15:30:00,-1.00,-1.00,0.0,0,0,0,0,0,0,0,0,0,0,0,0
533967_01656_87767_1,53.8,1,2022/10/18 15:45:00,-1.00,-1.00,0.0,0,0,0,0,0,0,0,0,0,0,0,0
533967_01656_87767_1,53.8,1,2022/10/18 16:00:00,-1.00,-1.00,0.0,0,0,0,0,0,0,0,0,0,0,0,0
533967_01656_87767_1,53.8,1,2022/10/18 16:15:00,-1.00,-1.00,0.0,0,0,0,0,0,0,0,0,0,0,0,0
533967_01656_87767_1,53.8,1,2022/10/18 16:30:00,-1.00,-1.00,0.0,0,0,0,0,0,0,0,0,0,0,0,0
533967_01656_87767_1,53.8,1,2022/10/18 16:45:00,-1.00,-1.00,0.0,0,0,0,0,0,0,0,0,0,0,0,0
533967_01656_87767_1,53.8,1,2022/10/18 17:00:00,-1.00,-1.00,0.0,0,0,0,0,0,0,0,0,0,0,0,0
533967_01656_87767_1,53.8,1,2022/10/18 17:15:00,-1.00,-1.00,0.0,0,0,0,0,0,0,0,0,0,0,0,0
533967_01656_87767_1,53.8,1,2022/10/18 17:30:00,-1.00,-1.00,0.0,0,0,0,0,0,0,0,0,0,0,0,0
533967_01656_87767_1,53.8,1,2022/10/18 17:45:00,-1.00,-1.00,0.0,0,0,0,0,0,0,0,0,0,0,0,0
533967_01656_87767_1,53.8,1,2022/10/18 18:00:00,-1.00,-1.00,0.0,0,0,0,0,0,0,0,0,0,0,0,0
533967_01656_87767_1,53.8,1,2022/10/18 18:15:00,-1.00,-1.00,0.0,0,0,0,0,0,0,0,0,0,0,0,0
533967_01656_87767_1,53.8,1,2022/10/18 18:30:00,-1.00,-1.00,0.0,0,0,0,0,0,0,0,0,0,0,0,0
533967_01656_87767_1,53.8,1,2022/10/18 18:45:00,-1.00,-1.00,0.0,0,0,0,0,0,0,0,0,0,0,0,0
533967_01658_01659_0,48.4,1,2022/10/18 06:30:00,-1.00,-1.00,0.0,0,0,0,0,0,0,0,0,0,0,0,0
533967_01658_01659_0,48.4,1,2022/10/18 06:45:00,-1.00,-1.00,0.0,0,0,0,0,0,0,0,0,0,0,0,0
533967_01658_01659_0,48.4,1,2022/10/18 07:00:00,-1.00,-1.00,0.0,0,0,0,0,0,0,0,0,0,0,0,0
533967_01658_01659_0,48.4,1,2022/10/18 07:15:00,-1.00,-1.00,0.0,0,0,0,0,0,0,0,0,0,0,0,0
533967_01658_01659_0,48.4,1,2022/10/18 07:30:00,-1.00,-1.00,0.0,0,0,0,0,0,0,0,0,0,0,0,0
533967_01658_01659_0,48.4,1,2022/10/18 07:45:00,-1.00,-1.00,0.0,0,0,0,0,0,0,0,0,0,0,0,0
533967_01658_01659_0,48.4,1,2022/10/18 08:00:00,-1.00,-1.00,0.0,0,0,0,0,0,0,0,0,0,0,0,0
533967_01658_01659_0,48.4,1,2022/10/18 08:15:00,-1.00,-1.00,0.0,0,0,0,0,0,0,0,0,0,0,0,0
533967_01658_01659_0,48.4,1,2022/10/18 08:30:00,-1.00,-1.00,0.0,0,0,0,0,0,0,0,0,0,0,0,0
533967_01658_01659_0,48.4,1,2022/10/18 08:45:00,-1.00,-1.00,0.0,0,0,0,0,0,0,0,0,0,0,0,0
533967_01658_01659_0,48.4,1,2022/10/18 09:00:00,-1.00,-1.00,0.0,0,0,0,0,0,0,0,0,0,0,0,0
533967_01658_01659_0,48.4,1,2022/10/18 09:15:00,-1.00,-1.00,0.0,0,0,0,0,0,0,0,0,0,0,0,0
533967_01658_01659_0,48.4,1,2022/10/18 09:30:00,-1.00,-1.00,0.0,0,0,0,0,0,0,0,0,0,0,0,0
533967_01658_01659_0,48.4,1,2022/10/18 09:45:00,-1.00,-1.00,0.0,0,0,0,0,0,0,0,0,0,0,0,0
533967_01658_01659_0,48.4,1,2022/10/18 10:00:00,-1.00,-1.00,0.0,0,0,0,0,0,0,0,0,0,0,0,0
533967_01658_01659_0,48.4,1,2022/10/18 10:15:00,-1.00,-1.00,0.0,0,0,0,0,0,0,0,0,0,0,0,0
533967_01658_01659_0,48.4,1,2022/10/18 10:30:00,-1.00,-1.00,0.0,0,0,0,0,0,0,0,0,0,0,0,0
533967_01658_01659_0,48.4,1,2022/10/18 10:45:00,-1.00,-1.00,0.0,0,0,0,0,0,0,0,0,0,0,0,0
533967_01658_01659_0,48.4,1,2022/10/18 11:00:00,-1.00,-1.00,0.0,0,0,0,0,0,0,0,0,0,0,0,0
533967_01658_01659_0,48.4,1,2022/10/18 11:15:00,-1.00,-1.00,0.0,0,0,0,0,0,0,0,0,0,0,0,0
533967_01658_01659_0,48.4,1,2022/10/18 11:30:00,-1.00,-1.00,0.0,0,0,0,0,0,0,0,0,0,0,0,0
533967_01658_01659_0,48.4,1,2022/10/18 11:45:00,-1.00,-1.00,0.0,0,0,0,0,0,0,0,0,0,0,0,0
533967_01658_01659_0,48.4,1,2022/10/18 12:00:00,-1.00,-1.00,0.0,0,0,0,0,0,0,0,0,0,0,0,0
533967_01658_01659_0,48.4,1,2022/10/18 12:15:00,-1.00,-1.00,0.0,0,0,0,0,0,0,0,0,0,0,0,0
533967_01658_01659_0,48.4,1,2022/10/18 12:30:00,-1.00,-1.00,0.0,0,0,0,0,0,0,0,0,0,0,0,0
533967_01658_01659_0,48.4,1,2022/10/18 12:45:00,-1.00,-1.00,0.0,0,0,0,0,0,0,0,0,0,0,0,0
533967_01658_01659_0,48.4,1,2022/10/18 13:00:00,-1.00,-1.00,0.0,0,0,0,0,0,0,0,0,0,0,0,0
533967_01658_01659_0,48.4,1,2022/10/18 13:15:00,-1.00,-1.00,0.0,0,0,0,0,0,0,0,0,0,0,0,0
533967_01658_01659_0,48.4,1,2022/10/18 13:30:00,-1.00,-1.00,0.0,0,0,0,0,0,0,0,0,0,0,0,0
533967_01658_01659_0,48.4,1,2022/10/18 13:45:00,-1.00,-1.00,0.0,0,0,0,0,0,0,0,0,0,0,0,0
533967_01658_01659_0,48.4,1,2022/10/18 14:00:00,-1.00,-1.00,0.0,0,0,0,0,0,0,0,0,0,0,0,0
533967_01658_01659_0,48.4,1,2022/10/18 14:15:00,-1.00,-1.00,0.0,0,0,0,0,0,0,0,0,0,0,0,0
533967_01658_01659_0,48.4,1,2022/10/18 14:30:00,-1.00,-1.00,0.0,0,0,0,0,0,0,0,0,0,0,0,0
533967_01658_01659_0,48.4,1,2022/10/18 14:45:00,-1.00,-1.00,0.0,0,0,0,0,0,0,0,0,0,0,0,0
533967_01658_01659_0,48.4,1,2022/10/18 15:00:00,-1.00,-1.00,0.0,0,0,0,0,0,0,0,0,0,0,0,0
533967_01658_01659_0,48.4,1,2022/10/18 15:15:00,-1.00,-1.00,0.0,0,0,0,0,0,0,0,0,0,0,0,0
533967_01658_01659_0,48.4,1,2022/10/18 15:30:00,-1.00,-1.00,0.0,0,0,0,0,0,0,0,0,0,0,0,0
533967_01658_01659_0,48.4,1,2022/10/18 15:45:00,-1.00,-1.00,0.0,0,0,0,0,0,0,0,0,0,0,0,0
533967_01658_01659_0,48.4,1,2022/10/18 16:00:00,-1.00,-1.00,0.0,0,0,0,0,0,0,0,0,0,0,0,0
533967_01658_01659_0,48.4,1,2022/10/18 16:15:00,-1.00,-1.00,0.0,0,0,0,0,0,0,0,0,0,0,0,0
533967_01658_01659_0,48.4,1,2022/10/18 16:30:00,-1.00,-1.00,0.0,0,0,0,0,0,0,0,0,0,0,0,0
533967_01658_01659_0,48.4,1,2022/10/18 16:45:00,-1.00,-1.00,0.0,0,0,0,0,0,0,0,0,0,0,0,0
533967_01658_01659_0,48.4,1,2022/10/18 17:00:00,-1.00,-1.00,0.0,0,0,0,0,0,0,0,0,0,0,0,0
533967_01658_01659_0,48.4,1,2022/10/18 17:15:00,-1.00,-1.00,0.0,0,0,0,0,0,0,0,0,0,0,0,0
533967_01658_01659_0,48.4,1,2022/10/18 17:30:00,-1.00,-1.00,0.0,0,0,0,0,0,0,0,0,0,0,0,0
533967_01658_01659_0,48.4,1,2022/10/18 17:45:00,-1.00,-1.00,0.0,0,0,0,0,0,0,0,0,0,0,0,0
533967_01658_01659_0,48.4,1,2022/10/18 18:00:00,-1.00,-1.00,0.0,0,0,0,0,0,0,0,0,0,0,0,0
533967_01658_01659_0,48.4,1,2022/10/18 18:15:00,-1.00,-1.00,0.0,0,0,0,0,0,0,0,0,0,0,0,0
533967_01658_01659_0,48.4,1,2022/10/18 18:30:00,-1.00,-1.00,0.0,0,0,0,0,0,0,0,0,0,0,0,0
533967_01658_01659_0,48.4,1,2022/10/18 18:45:00,-1.00,-1.00,0.0,0,0,0,0,0,0,0,0,0,0,0,0
533967_01658_01659_1,48.2,1,2022/10/18 06:30:00,-1.00,-1.00,0.0,0,0,0,0,0,0,0,0,0,0,0,0
533967_01658_01659_1,48.2,1,2022/10/18 06:45:00,-1.00,-1.00,0.0,0,0,0,0,0,0,0,0,0,0,0,0
533967_01658_01659_1,48.2,1,2022/10/18 07:00:00,-1.00,-1.00,0.0,0,0,0,0,0,0,0,0,0,0,0,0
533967_01658_01659_1,48.2,1,2022/10/18 07:15:00,-1.00,-1.00,0.0,0,0,0,0,0,0,0,0,0,0,0,0
533967_01658_01659_1,48.2,1,2022/10/18 07:30:00,-1.00,-1.00,0.0,0,0,0,0,0,0,0,0,0,0,0,0
533967_01658_01659_1,48.2,1,2022/10/18 07:45:00,-1.00,-1.00,0.0,0,0,0,0,0,0,0,0,0,0,0,0
533967_01658_01659_1,48.2,1,2022/10/18 08:00:00,-1.00,-1.00,0.0,0,0,0,0,0,0,0,0,0,0,0,0
533967_01658_01659_1,48.2,1,2022/10/18 08:15:00,-1.00,-1.00,0.0,0,0,0,0,0,0,0,0,0,0,0,0
533967_01658_01659_1,48.2,1,2022/10/18 08:30:00,-1.00,-1.00,0.0,0,0,0,0,0,0,0,0,0,0,0,0
533967_01658_01659_1,48.2,1,2022/10/18 08:45:00,-1.00,-1.00,0.0,0,0,0,0,0,0,0,0,0,0,0,0
533967_01658_01659_1,48.2,1,2022/10/18 09:00:00,-1.00,-1.00,0.0,0,0,0,0,0,0,0,0,0,0,0,0
533967_01658_01659_1,48.2,1,2022/10/18 09:15:00,-1.00,-1.00,0.0,0,0,0,0,0,0,0,0,0,0,0,0
533967_01658_01659_1,48.2,1,2022/10/18 09:30:00,-1.00,-1.00,0.0,0,0,0,0,0,0,0,0,0,0,0,0
533967_01658_01659_1,48.2,1,2022/10/18 09:45:00,-1.00,-1.00,0.0,0,0,0,0,0,0,0,0,0,0,0,0
533967_01658_01659_1,48.2,1,2022/10/18 10:00:00,-1.00,-1.00,0.0,0,0,0,0,0,0,0,0,0,0,0,0
533967_01658_01659_1,48.2,1,2022/10/18 10:15:00,-1.00,-1.00,0.0,0,0,0,0,0,0,0,0,0,0,0,0
533967_01658_01659_1,48.2,1,2022/10/18 10:30:00,-1.00,-1.00,0.0,0,0,0,0,0,0,0,0,0,0,0,0
533967_01658_01659_1,48.2,1,2022/10/18 10:45:00,-1.00,-1.00,0.0,0,0,0,0,0,0,0,0,0,0,0,0
533967_01658_01659_1,48.2,1,2022/10/18 11:00:00,-1.00,-1.00,0.0,0,0,0,0,0,0,0,0,0,0,0,0
533967_01658_01659_1,48.2,1,2022/10/18 11:15:00,-1.00,-1.00,0.0,0,0,0,0,0,0,0,0,0,0,0,0
533967_01658_01659_1,48.2,1,2022/10/18 11:30:00,-1.00,-1.00,0.0,0,0,0,0,0,0,0,0,0,0,0,0
533967_01658_01659_1,48.2,1,2022/10/18 11:45:00,-1.00,-1.00,0.0,0,0,0,0,0,0,0,0,0,0,0,0
533967_01658_01659_1,48.2,1,2022/10/18 12:00:00,-1.00,-1.00,0.0,0,0,0,0,0,0,0,0,0,0,0,0
533967_01658_01659_1,48.2,1,2022/10/18 12:15:00,-1.00,-1.00,0.0,0,0,0,0,0,0,0,0,0,0,0,0
533967_01658_01659_1,48.2,1,2022/10/18 12:30:00,-1.00,-1.00,0.0,0,0,0,0,0,0,0,0,0,0,0,0
533967_01658_01659_1,48.2,1,2022/10/18 12:45:00,-1.00,-1.00,0.0,0,0,0,0,0,0,0,0,0,0,0,0
533967_01658_01659_1,48.2,1,2022/10/18 13:00:00,-1.00,-1.00,0.0,0,0,0,0,0,0,0,0,0,0,0,0
533967_01658_01659_1,48.2,1,2022/10/18 13:15:00,-1.00,-1.00,0.0,0,0,0,0,0,0,0,0,0,0,0,0
533967_01658_01659_1,48.2,1,2022/10/18 13:30:00,-1.00,-1.00,0.0,0,0,0,0,0,0,0,0,0,0,0,0
533967_01658_01659_1,48.2,1,2022/10/18 13:45:00,-1.00,-1.00,0.0,0,0,0,0,0,0,0,0,0,0,0,0
533967_01658_01659_1,48.2,1,2022/10/18 14:00:00,-1.00,-1.00,0.0,0,0,0,0,0,0,0,0,0,0,0,0
533967_01658_01659_1,48.2,1,2022/10/18 14:15:00,-1.00,-1.00,0.0,0,0,0,0,0,0,0,0,0,0,0,0
533967_01658_01659_1,48.2,1,2022/10/18 14:30:00,-1.00,-1.00,0.0,0,0,0,0,0,0,0,0,0,0,0,0
533967_01658_01659_1,48.2,1,2022/10/18 14:45:00,-1.00,-1.00,0.0,0,0,0,0,0,0,0,0,0,0,0,0
533967_01658_01659_1,48.2,1,2022/10/18 15:00:00,-1.00,-1.00,0.0,0,0,0,0,0,0,0,0,0,0,0,0
533967_01658_01659_1,48.2,1,2022/10/18 15:15:00,-1.00,-1.00,0.0,0,0,0,0,0,0,0,0,0,0,0,0
533967_01658_01659_1,48.2,1,2022/10/18 15:30:00,-1.00,-1.00,0.0,0,0,0,0,0,0,0,0,0,0,0,0
533967_01658_01659_1,48.2,1,2022/10/18 15:45:00,-1.00,-1.00,0.0,0,0,0,0,0,0,0,0,0,0,0,0
533967_01658_01659_1,48.2,1,2022/10/18 16:00:00,-1.00,-1.00,0.0,0,0,0,0,0,0,0,0,0,0,0,0
533967_01658_01659_1,48.2,1,2022/10/18 16:15:00,-1.00,-1.00,0.0,0,0,0,0,0,0,0,0,0,0,0,0
533967_01658_01659_1,48.2,1,2022/10/18 16:30:00,-1.00,-1.00,0.0,0,0,0,0,0,0,0,0,0,0,0,0
533967_01658_01659_1,48.2,1,2022/10/18 16:45:00,-1.00,-1.00,0.0,0,0,0,0,0,0,0,0,0,0,0,0
533967_01658_01659_1,48.2,1,2022/10/18 17:00:00,-1.00,-1.00,0.0,0,0,0,0,0,0,0,0,0,0,0,0
533967_01658_01659_1,48.2,1,2022/10/18 17:15:00,-1.00,-1.00,0.0,0,0,0,0,0,0,0,0,0,0,0,0
533967_01658_01659_1,48.2,1,2022/10/18 17:30:00,-1.00,-1.00,0.0,0,0,0,0,0,0,0,0,0,0,0,0
533967_01658_01659_1,48.2,1,2022/10/18 17:45:00,-1.00,-1.00,0.0,0,0,0,0,0,0,0,0,0,0,0,0
533967_01658_01659_1,48.2,1,2022/10/18 18:00:00,-1.00,-1.00,0.0,0,0,0,0,0,0,0,0,0,0,0,0
533967_01658_01659_1,48.2,1,2022/10/18 18:15:00,-1.00,-1.00,0.0,0,0,0,0,0,0,0,0,0,0,0,0
533967_01658_01659_1,48.2,1,2022/10/18 18:30:00,-1.00,-1.00,0.0,0,0,0,0,0,0,0,0,0,0,0,0
533967_01658_01659_1,48.2,1,2022/10/18 18:45:00,-1.00,-1.00,0.0,0,0,0,0,0,0,0,0,0,0,0,0
533967_01659_01661_1,97.8,2,2022/10/18 06:30:00,45.86,7.68,77.0,75,0,73,1,1,0,0,0,0,0,0,0
533967_01659_01661_1,97.8,2,2022/10/18 06:45:00,44.48,7.92,86.0,85,0,84,0,1,0,0,0,0,0,0,0
533967_01659_01661_1,97.8,2,2022/10/18 07:00:00,44.80,7.86,110.0,108,0,106,1,1,0,0,0,0,0,0,0
533967_01659_01661_1,97.8,2,2022/10/18 07:15:00,46.01,7.66,62.0,58,0,54,2,2,0,0,0,0,0,0,0
533967_01659_01661_1,97.8,2,2022/10/18 07:30:00,44.21,7.97,98.0,91,0,84,5,2,0,0,0,0,0,0,0
533967_01659_01661_1,97.8,2,2022/10/18 07:45:00,38.92,9.05,111.0,102,0,93,7,2,0,0,0,0,0,0,0
533967_01659_01661_1,97.8,2,2022/10/18 08:00:00,39.32,8.96,130.0,119,0,108,9,2,0,0,0,0,0,0,0
533967_01659_01661_1,97.8,2,2022/10/18 08:15:00,44.16,7.98,86.0,82,0,78,3,1,0,0,0,0,0,0,0
533967_01659_01661_1,97.8,2,2022/10/18 08:30:00,44.50,7.91,84.0,82,0,80,2,0,0,0,0,0,0,0,0
533967_01659_01661_1,97.8,2,2022/10/18 08:45:00,44.60,7.90,89.0,78,0,67,10,1,0,0,0,0,0,0,0
533967_01659_01661_1,97.8,2,2022/10/18 09:00:00,45.07,7.81,58.0,54,0,50,4,0,0,0,0,0,0,0,0
533967_01659_01661_1,97.8,2,2022/10/18 09:15:00,39.90,8.83,100.0,92,0,84,8,0,0,0,0,0,0,0,0
533967_01659_01661_1,97.8,2,2022/10/18 09:30:00,44.02,8.00,55.0,49,0,43,6,0,0,0,0,0,0,0,0
533967_01659_01661_1,97.8,2,2022/10/18 09:45:00,44.77,7.87,51.0,45,0,39,6,0,0,0,0,0,0,0,0
533967_01659_01661_1,97.8,2,2022/10/18 10:00:00,40.77,8.64,70.0,61,0,52,9,0,0,0,0,0,0,0,0
533967_01659_01661_1,97.8,2,2022/10/18 10:15:00,44.81,7.86,94.0,86,0,78,8,0,0,0,0,0,0,0,0
533967_01659_01661_1,97.8,2,2022/10/18 10:30:00,44.02,8.00,47.0,38,0,29,9,0,0,0,0,0,0,0,0
533967_01659_01661_1,97.8,2,2022/10/18 10:45:00,40.51,8.69,53.0,49,0,45,4,0,0,0,0,0,0,0,0
533967_01659_01661_1,97.8,2,2022/10/18 11:00:00,44.96,7.83,65.0,60,0,55,5,0,0,0,0,0,0,0,0
533967_01659_01661_1,97.8,2,2022/10/18 11:15:00,45.79,7.69,65.0,55,0,45,10,0,0,0,0,0,0,0,0
533967_01659_01661_1,97.8,2,2022/10/18 11:30:00,45.81,7.69,67.0,64,0,61,3,0,0,0,0,0,0,0,0
533967_01659_01661_1,97.8,2,2022/10/18 11:45:00,46.64,7.55,54.0,49,0,44,5,0,0,0,0,0,0,0,0
533967_01659_01661_1,97.8,2,2022/10/18 12:00:00,46.81,7.52,45.0,42,0,39,3,0,0,0,0,0,0,0,0
533967_01659_01661_1,97.8,2,2022/10/18 12:15:00,42.44,8.30,50.0,47,0,44,3,0,0,0,0,0,0,0,0
533967_01659_01661_1,97.8,2,2022/10/18 12:30:00,42.97,8.20,63.0,61,0,59,2,0,0,0,0,0,0,0,0
533967_01659_01661_1,97.8,2,2022/10/18 12:45:00,43.37,8.12,67.0,58,0,49,9,0,0,0,0,0,0,0,0
533967_01659_01661_1,97.8,2,2022/10/18 13:00:00,45.48,7.74,49.0,43,0,37,5,1,0,0,0,0,0,0,0
533967_01659_01661_1,97.8,2,2022/10/18 13:15:00,46.47,7.58,43.0,38,0,33,5,0,0,0,0,0,0,0,0
533967_01659_01661_1,97.8,2,2022/10/18 13:30:00,45.62,7.72,49.0,43,0,37,4,2,0,0,0,0,0,0,0
533967_01659_01661_1,97.8,2,2022/10/18 13:45:00,45.94,7.67,38.0,33,0,28,5,0,0,0,0,0,0,0,0
533967_01659_01661_1,97.8,2,2022/10/18 14:00:00,46.89,7.51,56.0,47,0,38,9,0,0,0,0,0,0,0,0
533967_01659_01661_1,97.8,2,2022/10/18 14:15:00,45.41,7.76,52.0,45,0,38,6,1,0,0,0,0,0,0,0
533967_01659_01661_1,97.8,2,2022/10/18 14:30:00,44.19,7.97,75.0,67,0,59,6,2,0,0,0,0,0,0,0
533967_01659_01661_1,97.8,2,2022/10/18 14:45:00,44.56,7.90,63.0,62,0,61,1,0,0,0,0,0,0,0,0
533967_01659_01661_1,97.8,2,2022/10/18 15:00:00,47.32,7.44,55.0,52,0,49,3,0,0,0,0,0,0,0,0
533967_01659_01661_1,97.8,2,2022/10/18 15:15:00,44.78,7.86,67.0,59,0,51,5,3,0,0,0,0,0,0,0
533967_01659_01661_1,97.8,2,2022/10/18 15:30:00,43.03,8.18,47.0,38,0,29,4,5,0,0,0,0,0,0,0
533967_01659_01661_1,97.8,2,2022/10/18 15:45:00,42.05,8.38,59.0,56,0,53,3,0,0,0,0,0,0,0,0
533967_01659_01661_1,97.8,2,2022/10/18 16:00:00,46.34,7.60,40.0,40,0,40,0,0,0,0,0,0,0,0,0
533967_01659_01661_1,97.8,2,2022/10/18 16:15:00,45.17,7.80,70.0,69,0,68,1,0,0,0,0,0,0,0,0
533967_01659_01661_1,97.8,2,2022/10/18 16:30:00,44.30,7.95,63.0,61,0,59,2,0,0,0,0,0,0,0,0
533967_01659_01661_1,97.8,2,2022/10/18 16:45:00,43.96,8.01,93.0,90,0,87,3,0,0,0,0,0,0,0,0
533967_01659_01661_1,97.8,2,2022/10/18 17:00:00,42.82,8.23,107.0,102,0,97,3,2,0,0,0,0,0,0,0
533967_01659_01661_1,97.8,2,2022/10/18 17:15:00,44.60,7.90,61.0,58,0,55,1,2,0,0,0,0,0,0,0
533967_01659_01661_1,97.8,2,2022/10/18 17:30:00,42.18,8.35,78.0,77,0,76,0,1,0,0,0,0,0,0,0
533967_01659_01661_1,97.8,2,2022/10/18 17:45:00,43.13,8.17,78.0,78,0,78,0,0,0,0,0,0,0,0,0
533967_01659_01661_1,97.8,2,2022/10/18 18:00:00,42.33,8.32,78.0,78,0,78,0,0,0,0,0,0,0,0,0
533967_01659_01661_1,97.8,2,2022/10/18 18:15:00,43.54,8.09,103.0,102,0,101,0,1,0,0,0,0,0,0,0
533967_01659_01661_1,97.8,2,2022/10/18 18:30:00,46.59,7.56,76.0,75,0,74,1,0,0,0,0,0,0,0,0
533967_01659_01661_1,97.8,2,2022/10/18 18:45:00,42.37,8.31,65.0,64,0,63,0,1,0,0,0,0,0,0,0
533967_01661_13315_0,66.7,1,2022/10/18 06:30:00,18.18,13.20,41.0,40,0,39,1,0,0,0,0,0,0,0,0
533967_01661_13315_0,66.7,1,2022/10/18 06:45:00,18.20,13.19,54.0,54,0,54,0,0,0,0,0,0,0,0,0
533967_01661_13315_0,66.7,1,2022/10/18 07:00:00,17.79,13.49,41.0,41,0,41,0,0,0,0,0,0,0,0,0
533967_01661_13315_0,66.7,1,2022/10/18 07:15:00,18.31,13.11,55.0,55,0,55,0,0,0,0,0,0,0,0,0
533967_01661_13315_0,66.7,1,2022/10/18 07:30:00,17.67,13.58,36.0,36,0,36,0,0,0,0,0,0,0,0,0
533967_01661_13315_0,66.7,1,2022/10/18 07:45:00,17.41,13.79,90.0,90,0,90,0,0,0,0,0,0,0,0,0
533967_01661_13315_0,66.7,1,2022/10/18 08:00:00,17.52,13.70,40.0,40,0,40,0,0,0,0,0,0,0,0,0
533967_01661_13315_0,66.7,1,2022/10/18 08:15:00,17.80,13.49,35.0,35,0,35,0,0,0,0,0,0,0,0,0
533967_01661_13315_0,66.7,1,2022/10/18 08:30:00,17.97,13.35,75.0,68,0,61,7,0,0,0,0,0,0,0,0
533967_01661_13315_0,66.7,1,2022/10/18 08:45:00,17.80,13.48,62.0,54,0,46,8,0,0,0,0,0,0,0,0
533967_01661_13315_0,66.7,1,2022/10/18 09:00:00,17.66,13.59,62.0,51,0,40,11,0,0,0,0,0,0,0,0
533967_01661_13315_0,66.7,1,2022/10/18 09:15:00,17.88,13.42,40.0,40,0,40,0,0,0,0,0,0,0,0,0
533967_01661_13315_0,66.7,1,2022/10/18 09:30:00,17.96,13.36,41.0,33,0,25,8,0,0,0,0,0,0,0,0
533967_01661_13315_0,66.7,1,2022/10/18 09:45:00,18.46,13.00,52.0,42,0,32,10,0,0,0,0,0,0,0,0
533967_01661_13315_0,66.7,1,2022/10/18 10:00:00,17.55,13.67,49.0,40,0,31,9,0,0,0,0,0,0,0,0
533967_01661_13315_0,66.7,1,2022/10/18 10:15:00,18.12,13.24,50.0,49,0,48,1,0,0,0,0,0,0,0,0
533967_01661_13315_0,66.7,1,2022/10/18 10:30:00,17.95,13.37,38.0,38,0,38,0,0,0,0,0,0,0,0,0
533967_01661_13315_0,66.7,1,2022/10/18 10:45:00,18.11,13.25,24.0,24,0,24,0,0,0,0,0,0,0,0,0
533967_01661_13315_0,66.7,1,2022/10/18 11:00:00,18.02,13.32,47.0,47,0,47,0,0,0,0,0,0,0,0,0
533967_01661_13315_0,66.7,1,2022/10/18 11:15:00,17.51,13.71,41.0,41,0,41,0,0,0,0,0,0,0,0,0
533967_01661_13315_0,66.7,1,2022/10/18 11:30:00,17.94,13.38,62.0,58,0,54,4,0,0,0,0,0,0,0,0
533967_01661_13315_0,66.7,1,2022/10/18 11:45:00,17.90,13.41,22.0,22,0,22,0,0,0,0,0,0,0,0,0
533967_01661_13315_0,66.7,1,2022/10/18 12:00:00,18.19,13.19,26.0,26,0,26,0,0,0,0,0,0,0,0,0
533967_01661_13315_0,66.7,1,2022/10/18 12:15:00,18.10,13.26,19.0,19,0,19,0,0,0,0,0,0,0,0,0
533967_01661_13315_0,66.7,1,2022/10/18 12:30:00,19.62,12.23,50.0,47,0,44,3,0,0,0,0,0,0,0,0
533967_01661_13315_0,66.7,1,2022/10/18 12:45:00,17.96,13.37,41.0,41,0,41,0,0,0,0,0,0,0,0,0
533967_01661_13315_0,66.7,1,2022/10/18 13:00:00,18.02,13.32,44.0,41,0,38,3,0,0,0,0,0,0,0,0
533967_01661_13315_0,66.7,1,2022/10/18 13:15:00,18.04,13.30,33.0,33,0,33,0,0,0,0,0,0,0,0,0
533967_01661_13315_0,66.7,1,2022/10/18 13:30:00,17.83,13.46,37.0,37,0,37,0,0,0,0,0,0,0,0,0
533967_01661_13315_0,66.7,1,2022/10/18 13:45:00,17.92,13.39,33.0,33,0,33,0,0,0,0,0,0,0,0,0
533967_01661_13315_0,66.7,1,2022/10/18 14:00:00,18.11,13.25,22.0,20,0,18,0,2,0,0,0,0,0,0,0
533967_01661_13315_0,66.7,1,2022/10/18 14:15:00,18.13,13.24,17.0,17,0,17,0,0,0,0,0,0,0,0,0
533967_01661_13315_0,66.7,1,2022/10/18 14:30:00,17.86,13.43,69.0,69,0,69,0,0,0,0,0,0,0,0,0
533967_01661_13315_0,66.7,1,2022/10/18 14:45:00,17.85,13.44,27.0,27,0,27,0,0,0,0,0,0,0,0,0
533967_01661_13315_0,66.7,1,2022/10/18 15:00:00,17.94,13.37,33.0,32,0,31,0,1,0,0,0,0,0,0,0
533967_01661_13315_0,66.7,1,2022/10/18 15:15:00,17.54,13.69,71.0,70,0,69,1,0,0,0,0,0,0,0,0
533967_01661_13315_0,66.7,1,2022/10/18 15:30:00,17.82,13.47,64.0,60,0,56,4,0,0,0,0,0,0,0,0
533967_01661_13315_0,66.7,1,2022/10/18 15:45:00,18.18,13.20,30.0,30,0,30,0,0,0,0,0,0,0,0,0
533967_01661_13315_0,66.7,1,2022/10/18 16:00:00,17.88,13.43,61.0,61,0,61,0,0,0,0,0,0,0,0,0
533967_01661_13315_0,66.7,1,2022/10/18 16:15:00,17.64,13.60,62.0,58,0,54,4,0,0,0,0,0,0,0,0
533967_01661_13315_0,66.7,1,2022/10/18 16:30:00,18.82,12.75,32.0,32,0,32,0,0,0,0,0,0,0,0,0
533967_01661_13315_0,66.7,1,2022/10/18 16:45:00,18.10,13.26,19.0,19,0,19,0,0,0,0,0,0,0,0,0
533967_01661_13315_0,66.7,1,2022/10/18 17:00:00,17.45,13.75,57.0,48,0,39,9,0,0,0,0,0,0,0,0
533967_01661_13315_0,66.7,1,2022/10/18 17:15:00,17.44,13.76,110.0,100,0,90,10,0,0,0,0,0,0,0,0
533967_01661_13315_0,66.7,1,2022/10/18 17:30:00,17.77,13.51,68.0,65,0,62,3,0,0,0,0,0,0,0,0
533967_01661_13315_0,66.7,1,2022/10/18 17:45:00,17.72,13.55,57.0,55,0,53,2,0,0,0,0,0,0,0,0
533967_01661_13315_0,66.7,1,2022/10/18 18:00:00,17.64,13.60,53.0,53,0,53,0,0,0,0,0,0,0,0,0
533967_01661_13315_0,66.7,1,2022/10/18 18:15:00,17.82,13.47,51.0,51,0,51,0,0,0,0,0,0,0,0,0
533967_01661_13315_0,66.7,1,2022/10/18 18:30:00,18.41,13.04,30.0,28,0,26,0,2,0,0,0,0,0,0,0
533967_01661_13315_0,66.7,1,2022/10/18 18:45:00,19.37,12.39,41.0,41,0,41,0,0,0,0,0,0,0,0,0
533967_01661_13315_1,82.2,1,2022/10/18 06:30:00,5.32,55.62,51.0,50,0,49,1,0,0,0,0,0,0,0,0
533967_01661_13315_1,82.2,1,2022/10/18 06:45:00,5.28,56.05,42.0,41,0,40,1,0,0,0,0,0,0,0,0
533967_01661_13315_1,82.2,1,2022/10/18 07:00:00,4.80,61.64,48.0,47,0,46,1,0,0,0,0,0,0,0,0
533967_01661_13315_1,82.2,1,2022/10/18 07:15:00,5.65,52.38,47.0,47,0,47,0,0,0,0,0,0,0,0,0
533967_01661_13315_1,82.2,1,2022/10/18 07:30:00,4.27,69.25,56.0,55,0,54,1,0,0,0,0,0,0,0,0
533967_01661_13315_1,82.2,1,2022/10/18 07:45:00,5.07,58.37,53.0,51,0,49,0,2,0,0,0,0,0,0,0
533967_01661_13315_1,82.2,1,2022/10/18 08:00:00,3.70,79.97,68.0,68,0,68,0,0,0,0,0,0,0,0,0
533967_01661_13315_1,82.2,1,2022/10/18 08:15:00,3.96,74.77,62.0,60,0,58,1,1,0,0,0,0,0,0,0
533967_01661_13315_1,82.2,1,2022/10/18 08:30:00,4.88,60.57,61.0,56,0,51,4,1,0,0,0,0,0,0,0
533967_01661_13315_1,82.2,1,2022/10/18 08:45:00,3.49,84.72,67.0,65,0,63,2,0,0,0,0,0,0,0,0
533967_01661_13315_1,82.2,1,2022/10/18 09:00:00,4.55,65.09,48.0,43,0,38,5,0,0,0,0,0,0,0,0
533967_01661_13315_1,82.2,1,2022/10/18 09:15:00,5.16,57.30,50.0,47,0,44,3,0,0,0,0,0,0,0,0
533967_01661_13315_1,82.2,1,2022/10/18 09:30:00,4.52,65.52,59.0,58,0,57,1,0,0,0,0,0,0,0,0
533967_01661_13315_1,82.2,1,2022/10/18 09:45:00,5.64,52.42,31.0,31,0,31,0,0,0,0,0,0,0,0,0
533967_01661_13315_1,82.2,1,2022/10/18 10:00:00,6.61,44.79,38.0,38,0,38,0,0,0,0,0,0,0,0,0
533967_01661_13315_1,82.2,1,2022/10/18 10:15:00,6.04,48.98,45.0,45,0,45,0,0,0,0,0,0,0,0,0
533967_01661_13315_1,82.2,1,2022/10/18 10:30:00,6.49,45.58,33.0,33,0,33,0,0,0,0,0,0,0,0,0
533967_01661_13315_1,82.2,1,2022/10/18 10:45:00,5.69,51.96,46.0,46,0,46,0,0,0,0,0,0,0,0,0
533967_01661_13315_1,82.2,1,2022/10/18 11:00:00,5.10,57.98,54.0,51,0,48,3,0,0,0,0,0,0,0,0
533967_01661_13315_1,82.2,1,2022/10/18 11:15:00,4.85,61.06,32.0,32,0,32,0,0,0,0,0,0,0,0,0
533967_01661_13315_1,82.2,1,2022/10/18 11:30:00,4.95,59.82,17.0,17,0,17,0,0,0,0,0,0,0,0,0
533967_01661_13315_1,82.2,1,2022/10/18 11:45:00,5.99,49.42,24.0,24,0,24,0,0,0,0,0,0,0,0,0
533967_01661_13315_1,82.2,1,2022/10/18 12:00:00,5.70,51.92,40.0,37,0,34,3,0,0,0,0,0,0,0,0
533967_01661_13315_1,82.2,1,2022/10/18 12:15:00,5.36,55.21,43.0,39,0,35,4,0,0,0,0,0,0,0,0
533967_01661_13315_1,82.2,1,2022/10/18 12:30:00,6.94,42.60,43.0,43,0,43,0,0,0,0,0,0,0,0,0
533967_01661_13315_1,82.2,1,2022/10/18 12:45:00,6.24,47.39,29.0,28,0,27,1,0,0,0,0,0,0,0,0
533967_01661_13315_1,82.2,1,2022/10/18 13:00:00,6.59,44.92,26.0,26,0,26,0,0,0,0,0,0,0,0,0
533967_01661_13315_1,82.2,1,2022/10/18 13:15:00,7.16,41.31,16.0,16,0,16,0,0,0,0,0,0,0,0,0
533967_01661_13315_1,82.2,1,2022/10/18 13:30:00,6.37,46.43,30.0,30,0,30,0,0,0,0,0,0,0,0,0
533967_01661_13315_1,82.2,1,2022/10/18 13:45:00,5.51,53.72,19.0,18,0,17,1,0,0,0,0,0,0,0,0
533967_01661_13315_1,82.2,1,2022/10/18 14:00:00,6.23,47.52,32.0,29,0,26,3,0,0,0,0,0,0,0,0
533967_01661_13315_1,82.2,1,2022/10/18 14:15:00,5.53,53.55,34.0,31,0,28,3,0,0,0,0,0,0,0,0
533967_01661_13315_1,82.2,1,2022/10/18 14:30:00,6.30,46.96,28.0,28,0,28,0,0,0,0,0,0,0,0,0
533967_01661_13315_1,82.2,1,2022/10/18 14:45:00,6.39,46.28,37.0,36,0,35,1,0,0,0,0,0,0,0,0
533967_01661_13315_1,82.2,1,2022/10/18 15:00:00,6.10,48.52,33.0,31,0,29,0,2,0,0,0,0,0,0,0
533967_01661_13315_1,82.2,1,2022/10/18 15:15:00,6.29,47.03,32.0,32,0,32,0,0,0,0,0,0,0,0,0
533967_01661_13315_1,82.2,1,2022/10/18 15:30:00,5.59,52.92,28.0,24,0,20,4,0,0,0,0,0,0,0,0
533967_01661_13315_1,82.2,1,2022/10/18 15:45:00,5.94,49.83,18.0,18,0,18,0,0,0,0,0,0,0,0,0
533967_01661_13315_1,82.2,1,2022/10/18 16:00:00,7.36,40.18,42.0,38,0,34,2,2,0,0,0,0,0,0,0
533967_01661_13315_1,82.2,1,2022/10/18 16:15:00,7.08,41.76,29.0,29,0,29,0,0,0,0,0,0,0,0,0
533967_01661_13315_1,82.2,1,2022/10/18 16:30:00,4.56,64.95,20.0,20,0,20,0,0,0,0,0,0,0,0,0
533967_01661_13315_1,82.2,1,2022/10/18 16:45:00,4.29,68.91,11.0,11,0,11,0,0,0,0,0,0,0,0,0
533967_01661_13315_1,82.2,1,2022/10/18 17:00:00,5.44,54.43,42.0,42,0,42,0,0,0,0,0,0,0,0,0
533967_01661_13315_1,82.2,1,2022/10/18 17:15:00,5.41,54.67,30.0,30,0,30,0,0,0,0,0,0,0,0,0
533967_01661_13315_1,82.2,1,2022/10/18 17:30:00,5.62,52.66,35.0,35,0,35,0,0,0,0,0,0,0,0,0
533967_01661_13315_1,82.2,1,2022/10/18 17:45:00,7.16,41.31,26.0,26,0,26,0,0,0,0,0,0,0,0,0
533967_01661_13315_1,82.2,1,2022/10/18 18:00:00,4.04,73.24,55.0,51,0,47,4,0,0,0,0,0,0,0,0
533967_01661_13315_1,82.2,1,2022/10/18 18:15:00,6.59,44.90,29.0,29,0,29,0,0,0,0,0,0,0,0,0
533967_01661_13315_1,82.2,1,2022/10/18 18:30:00,6.46,45.79,19.0,19,0,19,0,0,0,0,0,0,0,0,0
533967_01661_13315_1,82.2,1,2022/10/18 18:45:00,6.01,49.23,26.0,26,0,26,0,0,0,0,0,0,0,0,0
533967_10598_11494_0,47.8,1,2022/10/18 06:30:00,57.38,3.00,40.0,40,0,40,0,0,0,0,0,0,0,0,0
533967_10598_11494_0,47.8,1,2022/10/18 06:45:00,57.38,3.00,34.0,34,0,34,0,0,0,0,0,0,0,0,0
533967_10598_11494_0,47.8,1,2022/10/18 07:00:00,57.38,3.00,39.0,39,0,39,0,0,0,0,0,0,0,0,0
533967_10598_11494_0,47.8,1,2022/10/18 07:15:00,57.38,3.00,29.0,29,0,29,0,0,0,0,0,0,0,0,0
533967_10598_11494_0,47.8,1,2022/10/18 07:30:00,56.82,3.03,37.0,34,0,31,3,0,0,0,0,0,0,0,0
533967_10598_11494_0,47.8,1,2022/10/18 07:45:00,57.38,3.00,26.0,26,0,26,0,0,0,0,0,0,0,0,0
533967_10598_11494_0,47.8,1,2022/10/18 08:00:00,57.38,3.00,40.0,40,0,40,0,0,0,0,0,0,0,0,0
533967_10598_11494_0,47.8,1,2022/10/18 08:15:00,57.02,3.02,56.0,53,0,50,3,0,0,0,0,0,0,0,0
533967_10598_11494_0,47.8,1,2022/10/18 08:30:00,57.38,3.00,50.0,50,0,50,0,0,0,0,0,0,0,0,0
533967_10598_11494_0,47.8,1,2022/10/18 08:45:00,57.38,3.00,34.0,30,0,26,4,0,0,0,0,0,0,0,0
533967_10598_11494_0,47.8,1,2022/10/18 09:00:00,56.80,3.03,34.0,33,0,32,0,1,0,0,0,0,0,0,0
533967_10598_11494_0,47.8,1,2022/10/18 09:15:00,57.38,3.00,22.0,22,0,22,0,0,0,0,0,0,0,0,0
533967_10598_11494_0,47.8,1,2022/10/18 09:30:00,57.38,3.00,34.0,34,0,34,0,0,0,0,0,0,0,0,0
533967_10598_11494_0,47.8,1,2022/10/18 09:45:00,57.38,3.00,27.0,27,0,27,0,0,0,0,0,0,0,0,0
533967_10598_11494_0,47.8,1,2022/10/18 10:00:00,57.38,3.00,45.0,41,0,37,4,0,0,0,0,0,0,0,0
533967_10598_11494_0,47.8,1,2022/10/18 10:15:00,57.38,3.00,26.0,26,0,26,0,0,0,0,0,0,0,0,0
533967_10598_11494_0,47.8,1,2022/10/18 10:30:00,57.38,3.00,34.0,34,0,34,0,0,0,0,0,0,0,0,0
533967_10598_11494_0,47.8,1,2022/10/18 10:45:00,57.38,3.00,18.0,18,0,18,0,0,0,0,0,0,0,0,0
533967_10598_11494_0,47.8,1,2022/10/18 11:00:00,57.38,3.00,21.0,21,0,21,0,0,0,0,0,0,0,0,0
533967_10598_11494_0,47.8,1,2022/10/18 11:15:00,57.38,3.00,23.0,23,0,23,0,0,0,0,0,0,0,0,0
533967_10598_11494_0,47.8,1,2022/10/18 11:30:00,57.38,3.00,32.0,32,0,32,0,0,0,0,0,0,0,0,0
533967_10598_11494_0,47.8,1,2022/10/18 11:45:00,57.38,3.00,23.0,18,0,13,5,0,0,0,0,0,0,0,0
533967_10598_11494_0,47.8,1,2022/10/18 12:00:00,57.38,3.00,22.0,22,0,22,0,0,0,0,0,0,0,0,0
533967_10598_11494_0,47.8,1,2022/10/18 12:15:00,57.38,3.00,19.0,19,0,19,0,0,0,0,0,0,0,0,0
533967_10598_11494_0,47.8,1,2022/10/18 12:30:00,57.38,3.00,21.0,18,0,15,3,0,0,0,0,0,0,0,0
533967_10598_11494_0,47.8,1,2022/10/18 12:45:00,57.38,3.00,14.0,14,0,14,0,0,0,0,0,0,0,0,0
533967_10598_11494_0,47.8,1,2022/10/18 13:00:00,57.38,3.00,19.0,19,0,19,0,0,0,0,0,0,0,0,0
533967_10598_11494_0,47.8,1,2022/10/18 13:15:00,57.38,3.00,11.0,11,0,11,0,0,0,0,0,0,0,0,0
533967_10598_11494_0,47.8,1,2022/10/18 13:30:00,57.38,3.00,14.0,14,0,14,0,0,0,0,0,0,0,0,0
533967_10598_11494_0,47.8,1,2022/10/18 13:45:00,57.38,3.00,14.0,14,0,14,0,0,0,0,0,0,0,0,0
533967_10598_11494_0,47.8,1,2022/10/18 14:00:00,57.38,3.00,16.0,16,0,16,0,0,0,0,0,0,0,0,0
533967_10598_11494_0,47.8,1,2022/10/18 14:15:00,57.38,3.00,24.0,22,0,20,2,0,0,0,0,0,0,0,0
533967_10598_11494_0,47.8,1,2022/10/18 14:30:00,57.38,3.00,27.0,27,0,27,0,0,0,0,0,0,0,0,0
533967_10598_11494_0,47.8,1,2022/10/18 14:45:00,57.38,3.00,15.0,14,0,13,0,1,0,0,0,0,0,0,0
533967_10598_11494_0,47.8,1,2022/10/18 15:00:00,57.38,3.00,19.0,19,0,19,0,0,0,0,0,0,0,0,0
533967_10598_11494_0,47.8,1,2022/10/18 15:15:00,57.38,3.00,13.0,13,0,13,0,0,0,0,0,0,0,0,0
533967_10598_11494_0,47.8,1,2022/10/18 15:30:00,57.38,3.00,17.0,15,0,13,0,2,0,0,0,0,0,0,0
533967_10598_11494_0,47.8,1,2022/10/18 15:45:00,57.38,3.00,16.0,16,0,16,0,0,0,0,0,0,0,0,0
533967_10598_11494_0,47.8,1,2022/10/18 16:00:00,57.38,3.00,31.0,31,0,31,0,0,0,0,0,0,0,0,0
533967_10598_11494_0,47.8,1,2022/10/18 16:15:00,57.38,3.00,20.0,20,0,20,0,0,0,0,0,0,0,0,0
533967_10598_11494_0,47.8,1,2022/10/18 16:30:00,57.38,3.00,35.0,35,0,35,0,0,0,0,0,0,0,0,0
533967_10598_11494_0,47.8,1,2022/10/18 16:45:00,57.38,3.00,22.0,22,0,22,0,0,0,0,0,0,0,0,0
533967_10598_11494_0,47.8,1,2022/10/18 17:00:00,57.38,3.00,38.0,38,0,38,0,0,0,0,0,0,0,0,0
533967_10598_11494_0,47.8,1,2022/10/18 17:15:00,57.38,3.00,26.0,26,0,26,0,0,0,0,0,0,0,0,0
533967_10598_11494_0,47.8,1,2022/10/18 17:30:00,57.38,3.00,20.0,20,0,20,0,0,0,0,0,0,0,0,0
533967_10598_11494_0,47.8,1,2022/10/18 17:45:00,57.38,3.00,22.0,22,0,22,0,0,0,0,0,0,0,0,0
533967_10598_11494_0,47.8,1,2022/10/18 18:00:00,57.38,3.00,28.0,28,0,28,0,0,0,0,0,0,0,0,0
533967_10598_11494_0,47.8,1,2022/10/18 18:15:00,57.38,3.00,14.0,14,0,14,0,0,0,0,0,0,0,0,0
533967_10598_11494_0,47.8,1,2022/10/18 18:30:00,57.38,3.00,18.0,18,0,18,0,0,0,0,0,0,0,0,0
533967_10598_11494_0,47.8,1,2022/10/18 18:45:00,57.38,3.00,19.0,19,0,19,0,0,0,0,0,0,0,0,0
533967_10598_11494_1,42.4,1,2022/10/18 06:30:00,47.24,3.23,13.0,13,0,13,0,0,0,0,0,0,0,0,0
533967_10598_11494_1,42.4,1,2022/10/18 06:45:00,46.25,3.30,20.0,20,0,20,0,0,0,0,0,0,0,0,0
533967_10598_11494_1,42.4,1,2022/10/18 07:00:00,47.85,3.19,37.0,37,0,37,0,0,0,0,0,0,0,0,0
533967_10598_11494_1,42.4,1,2022/10/18 07:15:00,47.24,3.23,26.0,26,0,26,0,0,0,0,0,0,0,0,0
533967_10598_11494_1,42.4,1,2022/10/18 07:30:00,48.97,3.12,54.0,43,0,32,11,0,0,0,0,0,0,0,0
533967_10598_11494_1,42.4,1,2022/10/18 07:45:00,48.24,3.16,58.0,55,0,52,3,0,0,0,0,0,0,0,0
533967_10598_11494_1,42.4,1,2022/10/18 08:00:00,48.61,3.14,51.0,43,0,35,8,0,0,0,0,0,0,0,0
533967_10598_11494_1,42.4,1,2022/10/18 08:15:00,48.69,3.13,53.0,52,0,51,1,0,0,0,0,0,0,0,0
533967_10598_11494_1,42.4,1,2022/10/18 08:30:00,44.51,3.43,9.0,7,0,5,2,0,0,0,0,0,0,0,0
533967_10598_11494_1,42.4,1,2022/10/18 08:45:00,-1.00,-1.00,0.0,0,0,0,0,0,0,0,0,0,0,0,0
533967_10598_11494_1,42.4,1,2022/10/18 09:00:00,50.87,3.00,3.0,3,0,3,0,0,0,0,0,0,0,0,0
533967_10598_11494_1,42.4,1,2022/10/18 09:15:00,47.69,3.20,10.0,10,0,10,0,0,0,0,0,0,0,0,0
533967_10598_11494_1,42.4,1,2022/10/18 09:30:00,48.00,3.18,42.0,39,0,36,3,0,0,0,0,0,0,0,0
533967_10598_11494_1,42.4,1,2022/10/18 09:45:00,49.83,3.06,17.0,16,0,15,1,0,0,0,0,0,0,0,0
533967_10598_11494_1,42.4,1,2022/10/18 10:00:00,46.59,3.28,30.0,29,0,28,0,1,0,0,0,0,0,0,0
533967_10598_11494_1,42.4,1,2022/10/18 10:15:00,47.24,3.23,14.0,13,0,12,0,1,0,0,0,0,0,0,0
533967_10598_11494_1,42.4,1,2022/10/18 10:30:00,-1.00,-1.00,0.0,0,0,0,0,0,0,0,0,0,0,0,0
533967_10598_11494_1,42.4,1,2022/10/18 10:45:00,49.06,3.11,9.0,9,0,9,0,0,0,0,0,0,0,0,0
533967_10598_11494_1,42.4,1,2022/10/18 11:00:00,50.87,3.00,4.0,4,0,4,0,0,0,0,0,0,0,0,0
533967_10598_11494_1,42.4,1,2022/10/18 11:15:00,47.80,3.19,57.0,57,0,57,0,0,0,0,0,0,0,0,0
533967_10598_11494_1,42.4,1,2022/10/18 11:30:00,48.71,3.13,15.0,15,0,15,0,0,0,0,0,0,0,0,0
533967_10598_11494_1,42.4,1,2022/10/18 11:45:00,50.87,3.00,6.0,6,0,6,0,0,0,0,0,0,0,0,0
533967_10598_11494_1,42.4,1,2022/10/18 12:00:00,44.89,3.40,10.0,10,0,10,0,0,0,0,0,0,0,0,0
533967_10598_11494_1,42.4,1,2022/10/18 12:15:00,50.87,3.00,4.0,2,0,0,2,0,0,0,0,0,0,0,0
533967_10598_11494_1,42.4,1,2022/10/18 12:30:00,49.23,3.10,20.0,20,0,20,0,0,0,0,0,0,0,0,0
533967_10598_11494_1,42.4,1,2022/10/18 12:45:00,48.20,3.17,18.0,18,0,18,0,0,0,0,0,0,0,0,0
533967_10598_11494_1,42.4,1,2022/10/18 13:00:00,48.20,3.17,12.0,12,0,12,0,0,0,0,0,0,0,0,0
533967_10598_11494_1,42.4,1,2022/10/18 13:15:00,50.87,3.00,3.0,3,0,3,0,0,0,0,0,0,0,0,0
533967_10598_11494_1,42.4,1,2022/10/18 13:30:00,47.88,3.19,48.0,48,0,48,0,0,0,0,0,0,0,0,0
533967_10598_11494_1,42.4,1,2022/10/18 13:45:00,49.69,3.07,28.0,28,0,28,0,0,0,0,0,0,0,0,0
533967_10598_11494_1,42.4,1,2022/10/18 14:00:00,46.25,3.30,20.0,20,0,20,0,0,0,0,0,0,0,0,0
533967_10598_11494_1,42.4,1,2022/10/18 14:15:00,50.87,3.00,1.0,1,0,1,0,0,0,0,0,0,0,0,0
533967_10598_11494_1,42.4,1,2022/10/18 14:30:00,-1.00,-1.00,0.0,0,0,0,0,0,0,0,0,0,0,0,0
533967_10598_11494_1,42.4,1,2022/10/18 14:45:00,49.06,3.11,18.0,9,0,0,9,0,0,0,0,0,0,0,0
533967_10598_11494_1,42.4,1,2022/10/18 15:00:00,49.77,3.07,17.0,15,0,13,2,0,0,0,0,0,0,0,0
533967_10598_11494_1,42.4,1,2022/10/18 15:15:00,50.87,3.00,11.0,8,0,5,3,0,0,0,0,0,0,0,0
533967_10598_11494_1,42.4,1,2022/10/18 15:30:00,50.87,3.00,8.0,4,0,0,4,0,0,0,0,0,0,0,0
533967_10598_11494_1,42.4,1,2022/10/18 15:45:00,49.69,3.07,15.0,14,0,13,1,0,0,0,0,0,0,0,0
533967_10598_11494_1,42.4,1,2022/10/18 16:00:00,49.23,3.10,28.0,20,0,12,8,0,0,0,0,0,0,0,0
533967_10598_11494_1,42.4,1,2022/10/18 16:15:00,49.69,3.07,18.0,14,0,10,4,0,0,0,0,0,0,0,0
533967_10598_11494_1,42.4,1,2022/10/18 16:30:00,49.69,3.07,14.0,14,0,14,0,0,0,0,0,0,0,0,0
533967_10598_11494_1,42.4,1,2022/10/18 16:45:00,45.22,3.38,11.0,8,0,5,0,3,0,0,0,0,0,0,0
533967_10598_11494_1,42.4,1,2022/10/18 17:00:00,49.06,3.11,19.0,18,0,17,0,1,0,0,0,0,0,0,0
533967_10598_11494_1,42.4,1,2022/10/18 17:15:00,50.11,3.05,22.0,22,0,22,0,0,0,0,0,0,0,0,0
533967_10598_11494_1,42.4,1,2022/10/18 17:30:00,48.65,3.14,51.0,51,0,51,0,0,0,0,0,0,0,0,0
533967_10598_11494_1,42.4,1,2022/10/18 17:45:00,49.60,3.08,26.0,26,0,26,0,0,0,0,0,0,0,0,0
533967_10598_11494_1,42.4,1,2022/10/18 18:00:00,49.95,3.06,18.0,18,0,18,0,0,0,0,0,0,0,0,0
533967_10598_11494_1,42.4,1,2022/10/18 18:15:00,48.71,3.13,15.0,15,0,15,0,0,0,0,0,0,0,0,0
533967_10598_11494_1,42.4,1,2022/10/18 18:30:00,45.33,3.37,30.0,30,0,30,0,0,0,0,0,0,0,0,0
533967_10598_11494_1,42.4,1,2022/10/18 18:45:00,49.57,3.08,38.0,38,0,38,0,0,0,0,0,0,0,0,0
533967_10598_13108_0,42.6,1,2022/10/18 06:30:00,51.16,3.00,13.0,13,0,13,0,0,0,0,0,0,0,0,0
533967_10598_13108_0,42.6,1,2022/10/18 06:45:00,49.51,3.10,20.0,20,0,20,0,0,0,0,0,0,0,0,0
533967_10598_13108_0,42.6,1,2022/10/18 07:00:00,48.96,3.14,37.0,37,0,37,0,0,0,0,0,0,0,0,0
533967_10598_13108_0,42.6,1,2022/10/18 07:15:00,49.83,3.08,25.0,25,0,25,0,0,0,0,0,0,0,0,0
533967_10598_13108_0,42.6,1,2022/10/18 07:30:00,50.40,3.05,55.0,44,0,33,11,0,0,0,0,0,0,0,0
533967_10598_13108_0,42.6,1,2022/10/18 07:45:00,50.25,3.05,58.0,55,0,52,3,0,0,0,0,0,0,0,0
533967_10598_13108_0,42.6,1,2022/10/18 08:00:00,50.38,3.05,51.0,43,0,35,8,0,0,0,0,0,0,0,0
533967_10598_13108_0,42.6,1,2022/10/18 08:15:00,49.57,3.10,53.0,52,0,51,1,0,0,0,0,0,0,0,0
533967_10598_13108_0,42.6,1,2022/10/18 08:30:00,51.16,3.00,9.0,7,0,5,2,0,0,0,0,0,0,0,0
533967_10598_13108_0,42.6,1,2022/10/18 08:45:00,-1.00,-1.00,0.0,0,0,0,0,0,0,0,0,0,0,0,0
533967_10598_13108_0,42.6,1,2022/10/18 09:00:00,51.16,3.00,3.0,3,0,3,0,0,0,0,0,0,0,0,0
533967_10598_13108_0,42.6,1,2022/10/18 09:15:00,51.16,3.00,10.0,10,0,10,0,0,0,0,0,0,0,0,0
533967_10598_13108_0,42.6,1,2022/10/18 09:30:00,50.30,3.05,42.0,39,0,36,3,0,0,0,0,0,0,0,0
533967_10598_13108_0,42.6,1,2022/10/18 09:45:00,50.12,3.06,17.0,16,0,15,1,0,0,0,0,0,0,0,0
533967_10598_13108_0,42.6,1,2022/10/18 10:00:00,48.91,3.14,30.0,29,0,28,0,1,0,0,0,0,0,0,0
533967_10598_13108_0,42.6,1,2022/10/18 10:15:00,49.88,3.08,14.0,13,0,12,0,1,0,0,0,0,0,0,0
533967_10598_13108_0,42.6,1,2022/10/18 10:30:00,-1.00,-1.00,0.0,0,0,0,0,0,0,0,0,0,0,0,0
533967_10598_13108_0,42.6,1,2022/10/18 10:45:00,49.34,3.11,9.0,9,0,9,0,0,0,0,0,0,0,0,0
533967_10598_13108_0,42.6,1,2022/10/18 11:00:00,51.16,3.00,4.0,4,0,4,0,0,0,0,0,0,0,0,0
533967_10598_13108_0,42.6,1,2022/10/18 11:15:00,49.43,3.11,57.0,57,0,57,0,0,0,0,0,0,0,0,0
533967_10598_13108_0,42.6,1,2022/10/18 11:30:00,48.99,3.13,15.0,15,0,15,0,0,0,0,0,0,0,0,0
533967_10598_13108_0,42.6,1,2022/10/18 11:45:00,48.47,3.17,6.0,6,0,6,0,0,0,0,0,0,0,0,0
533967_10598_13108_0,42.6,1,2022/10/18 12:00:00,49.51,3.10,10.0,10,0,10,0,0,0,0,0,0,0,0,0
533967_10598_13108_0,42.6,1,2022/10/18 12:15:00,51.16,3.00,4.0,2,0,0,2,0,0,0,0,0,0,0,0
533967_10598_13108_0,42.6,1,2022/10/18 12:30:00,48.73,3.15,20.0,20,0,20,0,0,0,0,0,0,0,0,0
533967_10598_13108_0,42.6,1,2022/10/18 12:45:00,50.23,3.06,18.0,18,0,18,0,0,0,0,0,0,0,0,0
533967_10598_13108_0,42.6,1,2022/10/18 13:00:00,49.78,3.08,12.0,12,0,12,0,0,0,0,0,0,0,0,0
533967_10598_13108_0,42.6,1,2022/10/18 13:15:00,51.16,3.00,3.0,3,0,3,0,0,0,0,0,0,0,0,0
533967_10598_13108_0,42.6,1,2022/10/18 13:30:00,50.12,3.06,48.0,48,0,48,0,0,0,0,0,0,0,0,0
533967_10598_13108_0,42.6,1,2022/10/18 13:45:00,50.56,3.04,28.0,28,0,28,0,0,0,0,0,0,0,0,0
533967_10598_13108_0,42.6,1,2022/10/18 14:00:00,48.73,3.15,20.0,20,0,20,0,0,0,0,0,0,0,0,0
533967_10598_13108_0,42.6,1,2022/10/18 14:15:00,38.37,4.00,1.0,1,0,1,0,0,0,0,0,0,0,0,0
533967_10598_13108_0,42.6,1,2022/10/18 14:30:00,-1.00,-1.00,0.0,0,0,0,0,0,0,0,0,0,0,0,0
533967_10598_13108_0,42.6,1,2022/10/18 14:45:00,47.63,3.22,18.0,9,0,0,9,0,0,0,0,0,0,0,0
533967_10598_13108_0,42.6,1,2022/10/18 15:00:00,50.05,3.07,17.0,15,0,13,2,0,0,0,0,0,0,0,0
533967_10598_13108_0,42.6,1,2022/10/18 15:15:00,45.48,3.38,11.0,8,0,5,3,0,0,0,0,0,0,0,0
533967_10598_13108_0,42.6,1,2022/10/18 15:30:00,43.85,3.50,8.0,4,0,0,4,0,0,0,0,0,0,0,0
533967_10598_13108_0,42.6,1,2022/10/18 15:45:00,49.97,3.07,15.0,14,0,13,1,0,0,0,0,0,0,0,0
533967_10598_13108_0,42.6,1,2022/10/18 16:00:00,51.16,3.00,28.0,20,0,12,8,0,0,0,0,0,0,0,0
533967_10598_13108_0,42.6,1,2022/10/18 16:15:00,49.97,3.07,18.0,14,0,10,4,0,0,0,0,0,0,0,0
533967_10598_13108_0,42.6,1,2022/10/18 16:30:00,49.78,3.08,12.0,12,0,12,0,0,0,0,0,0,0,0,0
533967_10598_13108_0,42.6,1,2022/10/18 16:45:00,49.51,3.10,13.0,10,0,7,0,3,0,0,0,0,0,0,0
533967_10598_13108_0,42.6,1,2022/10/18 17:00:00,47.63,3.22,19.0,18,0,17,0,1,0,0,0,0,0,0,0
533967_10598_13108_0,42.6,1,2022/10/18 17:15:00,48.24,3.18,22.0,22,0,22,0,0,0,0,0,0,0,0,0
533967_10598_13108_0,42.6,1,2022/10/18 17:30:00,50.16,3.06,50.0,50,0,50,0,0,0,0,0,0,0,0,0
533967_10598_13108_0,42.6,1,2022/10/18 17:45:00,51.16,3.00,27.0,27,0,27,0,0,0,0,0,0,0,0,0
533967_10598_13108_0,42.6,1,2022/10/18 18:00:00,51.16,3.00,18.0,18,0,18,0,0,0,0,0,0,0,0,0
533967_10598_13108_0,42.6,1,2022/10/18 18:15:00,50.05,3.07,15.0,15,0,15,0,0,0,0,0,0,0,0,0
533967_10598_13108_0,42.6,1,2022/10/18 18:30:00,47.96,3.20,30.0,30,0,30,0,0,0,0,0,0,0,0,0
533967_10598_13108_0,42.6,1,2022/10/18 18:45:00,49.85,3.08,38.0,38,0,38,0,0,0,0,0,0,0,0,0
533967_10598_13108_1,42.6,1,2022/10/18 06:30:00,51.09,3.00,40.0,40,0,40,0,0,0,0,0,0,0,0,0
533967_10598_13108_1,42.6,1,2022/10/18 06:45:00,51.09,3.00,34.0,34,0,34,0,0,0,0,0,0,0,0,0
533967_10598_13108_1,42.6,1,2022/10/18 07:00:00,51.09,3.00,40.0,40,0,40,0,0,0,0,0,0,0,0,0
533967_10598_13108_1,42.6,1,2022/10/18 07:15:00,51.09,3.00,28.0,28,0,28,0,0,0,0,0,0,0,0,0
533967_10598_13108_1,42.6,1,2022/10/18 07:30:00,51.09,3.00,37.0,34,0,31,3,0,0,0,0,0,0,0,0
533967_10598_13108_1,42.6,1,2022/10/18 07:45:00,51.09,3.00,26.0,26,0,26,0,0,0,0,0,0,0,0,0
533967_10598_13108_1,42.6,1,2022/10/18 08:00:00,51.09,3.00,41.0,41,0,41,0,0,0,0,0,0,0,0,0
533967_10598_13108_1,42.6,1,2022/10/18 08:15:00,51.09,3.00,55.0,52,0,49,3,0,0,0,0,0,0,0,0
533967_10598_13108_1,42.6,1,2022/10/18 08:30:00,51.09,3.00,50.0,50,0,50,0,0,0,0,0,0,0,0,0
533967_10598_13108_1,42.6,1,2022/10/18 08:45:00,51.09,3.00,35.0,31,0,27,4,0,0,0,0,0,0,0,0
533967_10598_13108_1,42.6,1,2022/10/18 09:00:00,51.09,3.00,33.0,32,0,31,0,1,0,0,0,0,0,0,0
533967_10598_13108_1,42.6,1,2022/10/18 09:15:00,51.09,3.00,22.0,22,0,22,0,0,0,0,0,0,0,0,0
533967_10598_13108_1,42.6,1,2022/10/18 09:30:00,51.09,3.00,35.0,35,0,35,0,0,0,0,0,0,0,0,0
533967_10598_13108_1,42.6,1,2022/10/18 09:45:00,51.09,3.00,26.0,26,0,26,0,0,0,0,0,0,0,0,0
533967_10598_13108_1,42.6,1,2022/10/18 10:00:00,51.09,3.00,45.0,41,0,37,4,0,0,0,0,0,0,0,0
533967_10598_13108_1,42.6,1,2022/10/18 10:15:00,51.09,3.00,26.0,26,0,26,0,0,0,0,0,0,0,0,0
533967_10598_13108_1,42.6,1,2022/10/18 10:30:00,51.09,3.00,34.0,34,0,34,0,0,0,0,0,0,0,0,0
533967_10598_13108_1,42.6,1,2022/10/18 10:45:00,51.09,3.00,18.0,18,0,18,0,0,0,0,0,0,0,0,0
533967_10598_13108_1,42.6,1,2022/10/18 11:00:00,51.09,3.00,21.0,21,0,21,0,0,0,0,0,0,0,0,0
533967_10598_13108_1,42.6,1,2022/10/18 11:15:00,51.09,3.00,23.0,23,0,23,0,0,0,0,0,0,0,0,0
533967_10598_13108_1,42.6,1,2022/10/18 11:30:00,51.09,3.00,32.0,32,0,32,0,0,0,0,0,0,0,0,0
533967_10598_13108_1,42.6,1,2022/10/18 11:45:00,51.09,3.00,23.0,18,0,13,5,0,0,0,0,0,0,0,0
533967_10598_13108_1,42.6,1,2022/10/18 12:00:00,51.09,3.00,22.0,22,0,22,0,0,0,0,0,0,0,0,0
533967_10598_13108_1,42.6,1,2022/10/18 12:15:00,51.09,3.00,19.0,19,0,19,0,0,0,0,0,0,0,0,0
533967_10598_13108_1,42.6,1,2022/10/18 12:30:00,51.09,3.00,21.0,18,0,15,3,0,0,0,0,0,0,0,0
533967_10598_13108_1,42.6,1,2022/10/18 12:45:00,51.09,3.00,14.0,14,0,14,0,0,0,0,0,0,0,0,0
533967_10598_13108_1,42.6,1,2022/10/18 13:00:00,51.09,3.00,19.0,19,0,19,0,0,0,0,0,0,0,0,0
533967_10598_13108_1,42.6,1,2022/10/18 13:15:00,51.09,3.00,11.0,11,0,11,0,0,0,0,0,0,0,0,0
533967_10598_13108_1,42.6,1,2022/10/18 13:30:00,51.09,3.00,14.0,14,0,14,0,0,0,0,0,0,0,0,0
533967_10598_13108_1,42.6,1,2022/10/18 13:45:00,51.09,3.00,14.0,14,0,14,0,0,0,0,0,0,0,0,0
533967_10598_13108_1,42.6,1,2022/10/18 14:00:00,51.09,3.00,16.0,16,0,16,0,0,0,0,0,0,0,0,0
533967_10598_13108_1,42.6,1,2022/10/18 14:15:00,51.09,3.00,24.0,22,0,20,2,0,0,0,0,0,0,0,0
533967_10598_13108_1,42.6,1,2022/10/18 14:30:00,51.09,3.00,27.0,27,0,27,0,0,0,0,0,0,0,0,0
533967_10598_13108_1,42.6,1,2022/10/18 14:45:00,51.09,3.00,15.0,14,0,13,0,1,0,0,0,0,0,0,0
533967_10598_13108_1,42.6,1,2022/10/18 15:00:00,51.09,3.00,19.0,19,0,19,0,0,0,0,0,0,0,0,0
533967_10598_13108_1,42.6,1,2022/10/18 15:15:00,51.09,3.00,15.0,14,0,13,0,1,0,0,0,0,0,0,0
533967_10598_13108_1,42.6,1,2022/10/18 15:30:00,51.09,3.00,15.0,14,0,13,0,1,0,0,0,0,0,0,0
533967_10598_13108_1,42.6,1,2022/10/18 15:45:00,51.09,3.00,16.0,16,0,16,0,0,0,0,0,0,0,0,0
533967_10598_13108_1,42.6,1,2022/10/18 16:00:00,51.09,3.00,31.0,31,0,31,0,0,0,0,0,0,0,0,0
533967_10598_13108_1,42.6,1,2022/10/18 16:15:00,51.09,3.00,20.0,20,0,20,0,0,0,0,0,0,0,0,0
533967_10598_13108_1,42.6,1,2022/10/18 16:30:00,51.09,3.00,35.0,35,0,35,0,0,0,0,0,0,0,0,0
533967_10598_13108_1,42.6,1,2022/10/18 16:45:00,51.09,3.00,22.0,22,0,22,0,0,0,0,0,0,0,0,0
533967_10598_13108_1,42.6,1,2022/10/18 17:00:00,51.09,3.00,38.0,38,0,38,0,0,0,0,0,0,0,0,0
533967_10598_13108_1,42.6,1,2022/10/18 17:15:00,51.09,3.00,27.0,27,0,27,0,0,0,0,0,0,0,0,0
533967_10598_13108_1,42.6,1,2022/10/18 17:30:00,51.09,3.00,19.0,19,0,19,0,0,0,0,0,0,0,0,0
533967_10598_13108_1,42.6,1,2022/10/18 17:45:00,51.09,3.00,22.0,22,0,22,0,0,0,0,0,0,0,0,0
533967_10598_13108_1,42.6,1,2022/10/18 18:00:00,51.09,3.00,28.0,28,0,28,0,0,0,0,0,0,0,0,0
533967_10598_13108_1,42.6,1,2022/10/18 18:15:00,51.09,3.00,14.0,14,0,14,0,0,0,0,0,0,0,0,0
533967_10598_13108_1,42.6,1,2022/10/18 18:30:00,51.09,3.00,18.0,18,0,18,0,0,0,0,0,0,0,0,0
533967_10598_13108_1,42.6,1,2022/10/18 18:45:00,51.09,3.00,19.0,19,0,19,0,0,0,0,0,0,0,0,0
533967_11501_11503_0,136.8,1,2022/10/18 06:30:00,30.77,16.00,3.0,3,0,3,0,0,0,0,0,0,0,0,0
533967_11501_11503_0,136.8,1,2022/10/18 06:45:00,30.09,16.36,11.0,11,0,11,0,0,0,0,0,0,0,0,0
533967_11501_11503_0,136.8,1,2022/10/18 07:00:00,30.14,16.33,15.0,15,0,15,0,0,0,0,0,0,0,0,0
533967_11501_11503_0,136.8,1,2022/10/18 07:15:00,29.87,16.48,31.0,27,0,23,0,4,0,0,0,0,0,0,0
533967_11501_11503_0,136.8,1,2022/10/18 07:30:00,29.94,16.44,12.0,9,0,6,0,3,0,0,0,0,0,0,0
533967_11501_11503_0,136.8,1,2022/10/18 07:45:00,30.09,16.36,14.0,11,0,8,0,3,0,0,0,0,0,0,0
533967_11501_11503_0,136.8,1,2022/10/18 08:00:00,30.19,16.31,14.0,13,0,12,0,1,0,0,0,0,0,0,0
533967_11501_11503_0,136.8,1,2022/10/18 08:15:00,29.74,16.56,40.0,36,0,32,0,4,0,0,0,0,0,0,0
533967_11501_11503_0,136.8,1,2022/10/18 08:30:00,29.68,16.59,71.0,63,0,55,7,1,0,0,0,0,0,0,0
533967_11501_11503_0,136.8,1,2022/10/18 08:45:00,29.79,16.53,75.0,72,0,69,0,3,0,0,0,0,0,0,0
533967_11501_11503_0,136.8,1,2022/10/18 09:00:00,29.87,16.48,29.0,29,0,29,0,0,0,0,0,0,0,0,0
533967_11501_11503_0,136.8,1,2022/10/18 09:15:00,29.73,16.56,74.0,68,0,62,6,0,0,0,0,0,0,0,0
533967_11501_11503_0,136.8,1,2022/10/18 09:30:00,29.77,16.54,58.0,54,0,50,1,3,0,0,0,0,0,0,0
533967_11501_11503_0,136.8,1,2022/10/18 09:45:00,29.48,16.70,32.0,30,0,28,0,2,0,0,0,0,0,0,0
533967_11501_11503_0,136.8,1,2022/10/18 10:00:00,29.69,16.58,26.0,24,0,22,1,1,0,0,0,0,0,0,0
533967_11501_11503_0,136.8,1,2022/10/18 10:15:00,29.70,16.58,38.0,38,0,38,0,0,0,0,0,0,0,0,0
533967_11501_11503_0,136.8,1,2022/10/18 10:30:00,29.71,16.57,66.0,63,0,60,0,3,0,0,0,0,0,0,0
533967_11501_11503_0,136.8,1,2022/10/18 10:45:00,29.53,16.67,60.0,55,0,50,0,5,0,0,0,0,0,0,0
533967_11501_11503_0,136.8,1,2022/10/18 11:00:00,29.78,16.53,43.0,43,0,43,0,0,0,0,0,0,0,0,0
533967_11501_11503_0,136.8,1,2022/10/18 11:15:00,29.71,16.57,49.0,49,0,49,0,0,0,0,0,0,0,0,0
533967_11501_11503_0,136.8,1,2022/10/18 11:30:00,29.63,16.61,84.0,83,0,82,0,1,0,0,0,0,0,0,0
533967_11501_11503_0,136.8,1,2022/10/18 11:45:00,29.68,16.59,55.0,51,0,47,0,4,0,0,0,0,0,0,0
533967_11501_11503_0,136.8,1,2022/10/18 12:00:00,29.73,16.56,75.0,75,0,75,0,0,0,0,0,0,0,0,0
533967_11501_11503_0,136.8,1,2022/10/18 12:15:00,29.63,16.61,57.0,57,0,57,0,0,0,0,0,0,0,0,0
533967_11501_11503_0,136.8,1,2022/10/18 12:30:00,29.57,16.65,74.0,72,0,70,0,2,0,0,0,0,0,0,0
533967_11501_11503_0,136.8,1,2022/10/18 12:45:00,29.47,16.71,41.0,41,0,41,0,0,0,0,0,0,0,0,0
533967_11501_11503_0,136.8,1,2022/10/18 13:00:00,29.73,16.56,67.0,64,0,61,0,3,0,0,0,0,0,0,0
533967_11501_11503_0,136.8,1,2022/10/18 13:15:00,29.69,16.58,63.0,60,0,57,3,0,0,0,0,0,0,0,0
533967_11501_11503_0,136.8,1,2022/10/18 13:30:00,29.63,16.62,52.0,52,0,52,0,0,0,0,0,0,0,0,0
533967_11501_11503_0,136.8,1,2022/10/18 13:45:00,29.58,16.65,87.0,82,0,77,1,4,0,0,0,0,0,0,0
533967_11501_11503_0,136.8,1,2022/10/18 14:00:00,29.60,16.63,71.0,68,0,65,2,1,0,0,0,0,0,0,0
533967_11501_11503_0,136.8,1,2022/10/18 14:15:00,29.74,16.56,84.0,79,0,74,0,5,0,0,0,0,0,0,0
533967_11501_11503_0,136.8,1,2022/10/18 14:30:00,29.69,16.58,54.0,53,0,52,1,0,0,0,0,0,0,0,0
533967_11501_11503_0,136.8,1,2022/10/18 14:45:00,29.84,16.50,83.0,80,0,77,0,3,0,0,0,0,0,0,0
533967_11501_11503_0,136.8,1,2022/10/18 15:00:00,29.60,16.63,81.0,76,0,71,0,5,0,0,0,0,0,0,0
533967_11501_11503_0,136.8,1,2022/10/18 15:15:00,29.62,16.62,69.0,64,0,59,0,5,0,0,0,0,0,0,0
533967_11501_11503_0,136.8,1,2022/10/18 15:30:00,29.65,16.60,58.0,58,0,58,0,0,0,0,0,0,0,0,0
533967_11501_11503_0,136.8,1,2022/10/18 15:45:00,29.72,16.57,50.0,46,0,42,0,4,0,0,0,0,0,0,0
533967_11501_11503_0,136.8,1,2022/10/18 16:00:00,29.75,16.55,69.0,69,0,69,0,0,0,0,0,0,0,0,0
533967_11501_11503_0,136.8,1,2022/10/18 16:15:00,29.59,16.64,93.0,91,0,89,0,2,0,0,0,0,0,0,0
533967_11501_11503_0,136.8,1,2022/10/18 16:30:00,29.59,16.64,83.0,81,0,79,0,2,0,0,0,0,0,0,0
533967_11501_11503_0,136.8,1,2022/10/18 16:45:00,29.76,16.54,96.0,94,0,92,0,2,0,0,0,0,0,0,0
533967_11501_11503_0,136.8,1,2022/10/18 17:00:00,29.71,16.57,93.0,89,0,85,0,4,0,0,0,0,0,0,0
533967_11501_11503_0,136.8,1,2022/10/18 17:15:00,29.48,16.70,29.0,27,0,25,0,2,0,0,0,0,0,0,0
533967_11501_11503_0,136.8,1,2022/10/18 17:30:00,29.58,16.64,56.0,56,0,56,0,0,0,0,0,0,0,0,0
533967_11501_11503_0,136.8,1,2022/10/18 17:45:00,29.60,16.63,63.0,63,0,63,0,0,0,0,0,0,0,0,0
533967_11501_11503_0,136.8,1,2022/10/18 18:00:00,29.61,16.63,72.0,70,0,68,0,2,0,0,0,0,0,0,0
533967_11501_11503_0,136.8,1,2022/10/18 18:15:00,29.82,16.51,101.0,100,0,99,0,1,0,0,0,0,0,0,0
533967_11501_11503_0,136.8,1,2022/10/18 18:30:00,29.69,16.58,85.0,84,0,83,1,0,0,0,0,0,0,0,0
533967_11501_11503_0,136.8,1,2022/10/18 18:45:00,29.81,16.51,74.0,70,0,66,0,4,0,0,0,0,0,0,0
533967_11501_11503_1,136.0,1,2022/10/18 06:30:00,30.22,16.20,55.0,51,0,47,3,1,0,0,0,0,0,0,0
533967_11501_11503_1,136.0,1,2022/10/18 06:45:00,30.34,16.13,42.0,38,0,34,2,2,0,0,0,0,0,0,0
533967_11501_11503_1,136.0,1,2022/10/18 07:00:00,30.34,16.13,66.0,61,0,56,2,3,0,0,0,0,0,0,0
533967_11501_11503_1,136.0,1,2022/10/18 07:15:00,30.07,16.28,78.0,69,0,60,6,3,0,0,0,0,0,0,0
533967_11501_11503_1,136.0,1,2022/10/18 07:30:00,30.10,16.26,76.0,76,0,76,0,0,0,0,0,0,0,0,0
533967_11501_11503_1,136.0,1,2022/10/18 07:45:00,30.20,16.20,91.0,88,0,85,0,3,0,0,0,0,0,0,0
533967_11501_11503_1,136.0,1,2022/10/18 08:00:00,30.11,16.26,124.0,113,0,102,5,6,0,0,0,0,0,0,0
533967_11501_11503_1,136.0,1,2022/10/18 08:15:00,30.20,16.20,90.0,88,0,86,1,1,0,0,0,0,0,0,0
533967_11501_11503_1,136.0,1,2022/10/18 08:30:00,26.68,18.34,122.0,111,0,100,5,6,0,0,0,0,0,0,0
533967_11501_11503_1,136.0,1,2022/10/18 08:45:00,29.42,16.64,72.0,72,0,72,0,0,0,0,0,0,0,0,0
533967_11501_11503_1,136.0,1,2022/10/18 09:00:00,30.26,16.18,89.0,79,0,69,4,6,0,0,0,0,0,0,0
533967_11501_11503_1,136.0,1,2022/10/18 09:15:00,30.06,16.28,53.0,50,0,47,0,3,0,0,0,0,0,0,0
533967_11501_11503_1,136.0,1,2022/10/18 09:30:00,30.11,16.25,72.0,67,0,62,3,2,0,0,0,0,0,0,0
533967_11501_11503_1,136.0,1,2022/10/18 09:45:00,30.09,16.26,92.0,87,0,82,5,0,0,0,0,0,0,0,0
533967_11501_11503_1,136.0,1,2022/10/18 10:00:00,30.21,16.20,69.0,64,0,59,0,5,0,0,0,0,0,0,0
533967_11501_11503_1,136.0,1,2022/10/18 10:15:00,30.37,16.11,71.0,70,0,69,0,1,0,0,0,0,0,0,0
533967_11501_11503_1,136.0,1,2022/10/18 10:30:00,30.23,16.19,50.0,42,0,34,2,6,0,0,0,0,0,0,0
533967_11501_11503_1,136.0,1,2022/10/18 10:45:00,30.32,16.14,66.0,56,0,46,5,5,0,0,0,0,0,0,0
533967_11501_11503_1,136.0,1,2022/10/18 11:00:00,30.26,16.17,55.0,52,0,49,1,2,0,0,0,0,0,0,0
533967_11501_11503_1,136.0,1,2022/10/18 11:15:00,30.21,16.20,70.0,59,0,48,10,1,0,0,0,0,0,0,0
533967_11501_11503_1,136.0,1,2022/10/18 11:30:00,30.18,16.22,35.0,32,0,29,0,3,0,0,0,0,0,0,0
533967_11501_11503_1,136.0,1,2022/10/18 11:45:00,30.36,16.12,54.0,50,0,46,3,1,0,0,0,0,0,0,0
533967_11501_11503_1,136.0,1,2022/10/18 12:00:00,30.18,16.22,60.0,59,0,58,0,1,0,0,0,0,0,0,0
533967_11501_11503_1,136.0,1,2022/10/18 12:15:00,30.28,16.16,70.0,61,0,52,5,4,0,0,0,0,0,0,0
533967_11501_11503_1,136.0,1,2022/10/18 12:30:00,30.28,16.16,57.0,55,0,53,2,0,0,0,0,0,0,0,0
533967_11501_11503_1,136.0,1,2022/10/18 12:45:00,30.43,16.09,39.0,35,0,31,0,4,0,0,0,0,0,0,0
533967_11501_11503_1,136.0,1,2022/10/18 13:00:00,30.39,16.11,43.0,37,0,31,5,1,0,0,0,0,0,0,0
533967_11501_11503_1,136.0,1,2022/10/18 13:15:00,30.35,16.13,35.0,31,0,27,4,0,0,0,0,0,0,0,0
533967_11501_11503_1,136.0,1,2022/10/18 13:30:00,30.21,16.20,75.0,69,0,63,3,3,0,0,0,0,0,0,0
533967_11501_11503_1,136.0,1,2022/10/18 13:45:00,30.59,16.00,26.0,18,0,10,7,1,0,0,0,0,0,0,0
533967_11501_11503_1,136.0,1,2022/10/18 14:00:00,30.35,16.12,42.0,40,0,38,0,2,0,0,0,0,0,0,0
533967_11501_11503_1,136.0,1,2022/10/18 14:15:00,30.28,16.17,47.0,42,0,37,2,3,0,0,0,0,0,0,0
533967_11501_11503_1,136.0,1,2022/10/18 14:30:00,30.30,16.16,59.0,58,0,57,0,1,0,0,0,0,0,0,0
533967_11501_11503_1,136.0,1,2022/10/18 14:45:00,30.23,16.19,54.0,53,0,52,0,1,0,0,0,0,0,0,0
533967_11501_11503_1,136.0,1,2022/10/18 15:00:00,30.50,16.05,44.0,40,0,36,0,4,0,0,0,0,0,0,0
533967_11501_11503_1,136.0,1,2022/10/18 15:15:00,30.35,16.13,33.0,31,0,29,0,2,0,0,0,0,0,0,0
533967_11501_11503_1,136.0,1,2022/10/18 15:30:00,30.38,16.11,46.0,46,0,46,0,0,0,0,0,0,0,0,0
533967_11501_11503_1,136.0,1,2022/10/18 15:45:00,30.32,16.14,44.0,42,0,40,0,2,0,0,0,0,0,0,0
533967_11501_11503_1,136.0,1,2022/10/18 16:00:00,30.18,16.22,77.0,69,0,61,5,3,0,0,0,0,0,0,0
533967_11501_11503_1,136.0,1,2022/10/18 16:15:00,30.14,16.24,59.0,59,0,59,0,0,0,0,0,0,0,0,0
533967_11501_11503_1,136.0,1,2022/10/18 16:30:00,30.16,16.23,92.0,87,0,82,3,2,0,0,0,0,0,0,0
533967_11501_11503_1,136.0,1,2022/10/18 16:45:00,30.32,16.14,68.0,63,0,58,2,3,0,0,0,0,0,0,0
533967_11501_11503_1,136.0,1,2022/10/18 17:00:00,30.13,16.24,103.0,99,0,95,3,1,0,0,0,0,0,0,0
533967_11501_11503_1,136.0,1,2022/10/18 17:15:00,30.26,16.18,65.0,62,0,59,0,3,0,0,0,0,0,0,0
533967_11501_11503_1,136.0,1,2022/10/18 17:30:00,30.17,16.22,57.0,54,0,51,1,2,0,0,0,0,0,0,0
533967_11501_11503_1,136.0,1,2022/10/18 17:45:00,30.12,16.25,40.0,40,0,40,0,0,0,0,0,0,0,0,0
533967_11501_11503_1,136.0,1,2022/10/18 18:00:00,30.29,16.16,74.0,70,0,66,0,4,0,0,0,0,0,0,0
533967_11501_11503_1,136.0,1,2022/10/18 18:15:00,30.32,16.14,58.0,57,0,56,0,1,0,0,0,0,0,0,0
533967_11501_11503_1,136.0,1,2022/10/18 18:30:00,30.20,16.20,50.0,44,0,38,4,2,0,0,0,0,0,0,0
533967_11501_11503_1,136.0,1,2022/10/18 18:45:00,30.38,16.11,49.0,44,0,39,1,4,0,0,0,0,0,0,0
533967_11501_11504_0,178.1,1,2022/10/18 06:30:00,29.46,21.76,54.0,50,0,46,3,1,0,0,0,0,0,0,0
533967_11501_11504_0,178.1,1,2022/10/18 06:45:00,29.32,21.86,41.0,37,0,33,2,2,0,0,0,0,0,0,0
533967_11501_11504_0,178.1,1,2022/10/18 07:00:00,27.42,23.37,64.0,59,0,54,2,3,0,0,0,0,0,0,0
533967_11501_11504_0,178.1,1,2022/10/18 07:15:00,27.47,23.33,81.0,72,0,63,6,3,0,0,0,0,0,0,0
533967_11501_11504_0,178.1,1,2022/10/18 07:30:00,27.52,23.29,76.0,76,0,76,0,0,0,0,0,0,0,0,0
533967_11501_11504_0,178.1,1,2022/10/18 07:45:00,27.41,23.38,89.0,86,0,83,0,3,0,0,0,0,0,0,0
533967_11501_11504_0,178.1,1,2022/10/18 08:00:00,16.87,38.00,116.0,106,0,96,5,5,0,0,0,0,0,0,0
533967_11501_11504_0,178.1,1,2022/10/18 08:15:00,13.27,48.31,101.0,98,0,95,1,2,0,0,0,0,0,0,0
533967_11501_11504_0,178.1,1,2022/10/18 08:30:00,10.58,60.61,101.0,94,0,87,3,4,0,0,0,0,0,0,0
533967_11501_11504_0,178.1,1,2022/10/18 08:45:00,8.93,71.80,92.0,88,0,84,2,2,0,0,0,0,0,0,0
533967_11501_11504_0,178.1,1,2022/10/18 09:00:00,28.57,22.44,90.0,80,0,70,4,6,0,0,0,0,0,0,0
533967_11501_11504_0,178.1,1,2022/10/18 09:15:00,29.51,21.72,53.0,50,0,47,0,3,0,0,0,0,0,0,0
533967_11501_11504_0,178.1,1,2022/10/18 09:30:00,25.64,25.00,70.0,66,0,62,3,1,0,0,0,0,0,0,0
533967_11501_11504_0,178.1,1,2022/10/18 09:45:00,24.96,25.68,94.0,88,0,82,5,1,0,0,0,0,0,0,0
533967_11501_11504_0,178.1,1,2022/10/18 10:00:00,28.53,22.47,67.0,62,0,57,0,5,0,0,0,0,0,0,0
533967_11501_11504_0,178.1,1,2022/10/18 10:15:00,29.12,22.01,71.0,70,0,69,0,1,0,0,0,0,0,0,0
533967_11501_11504_0,178.1,1,2022/10/18 10:30:00,29.38,21.81,50.0,43,0,36,2,5,0,0,0,0,0,0,0
533967_11501_11504_0,178.1,1,2022/10/18 10:45:00,29.02,22.09,68.0,57,0,46,5,6,0,0,0,0,0,0,0
533967_11501_11504_0,178.1,1,2022/10/18 11:00:00,29.44,21.77,55.0,52,0,49,1,2,0,0,0,0,0,0,0
533967_11501_11504_0,178.1,1,2022/10/18 11:15:00,27.07,23.68,66.0,56,0,46,9,1,0,0,0,0,0,0,0
533967_11501_11504_0,178.1,1,2022/10/18 11:30:00,29.47,21.75,34.0,32,0,30,1,1,0,0,0,0,0,0,0
533967_11501_11504_0,178.1,1,2022/10/18 11:45:00,29.34,21.85,58.0,52,0,46,3,3,0,0,0,0,0,0,0
533967_11501_11504_0,178.1,1,2022/10/18 12:00:00,29.48,21.75,60.0,59,0,58,0,1,0,0,0,0,0,0,0
533967_11501_11504_0,178.1,1,2022/10/18 12:15:00,29.09,22.03,67.0,58,0,49,5,4,0,0,0,0,0,0,0
533967_11501_11504_0,178.1,1,2022/10/18 12:30:00,28.05,22.85,61.0,59,0,57,2,0,0,0,0,0,0,0,0
533967_11501_11504_0,178.1,1,2022/10/18 12:45:00,29.40,21.80,39.0,35,0,31,0,4,0,0,0,0,0,0,0
533967_11501_11504_0,178.1,1,2022/10/18 13:00:00,29.25,21.92,41.0,36,0,31,4,1,0,0,0,0,0,0,0
533967_11501_11504_0,178.1,1,2022/10/18 13:15:00,29.27,21.90,35.0,30,0,25,5,0,0,0,0,0,0,0,0
533967_11501_11504_0,178.1,1,2022/10/18 13:30:00,26.64,24.06,75.0,69,0,63,3,3,0,0,0,0,0,0,0
533967_11501_11504_0,178.1,1,2022/10/18 13:45:00,29.14,22.00,27.0,19,0,11,7,1,0,0,0,0,0,0,0
533967_11501_11504_0,178.1,1,2022/10/18 14:00:00,29.34,21.85,42.0,40,0,38,0,2,0,0,0,0,0,0,0
533967_11501_11504_0,178.1,1,2022/10/18 14:15:00,28.22,22.71,47.0,42,0,37,2,3,0,0,0,0,0,0,0
533967_11501_11504_0,178.1,1,2022/10/18 14:30:00,29.48,21.74,59.0,58,0,57,0,1,0,0,0,0,0,0,0
533967_11501_11504_0,178.1,1,2022/10/18 14:45:00,28.50,22.49,52.0,51,0,50,0,1,0,0,0,0,0,0,0
533967_11501_11504_0,178.1,1,2022/10/18 15:00:00,29.23,21.93,45.0,42,0,39,0,3,0,0,0,0,0,0,0
533967_11501_11504_0,178.1,1,2022/10/18 15:15:00,29.30,21.88,35.0,32,0,29,0,3,0,0,0,0,0,0,0
533967_11501_11504_0,178.1,1,2022/10/18 15:30:00,29.31,21.87,46.0,46,0,46,0,0,0,0,0,0,0,0,0
533967_11501_11504_0,178.1,1,2022/10/18 15:45:00,29.36,21.83,43.0,41,0,39,0,2,0,0,0,0,0,0,0
533967_11501_11504_0,178.1,1,2022/10/18 16:00:00,27.85,23.01,77.0,69,0,61,5,3,0,0,0,0,0,0,0
533967_11501_11504_0,178.1,1,2022/10/18 16:15:00,29.48,21.75,59.0,59,0,59,0,0,0,0,0,0,0,0,0
533967_11501_11504_0,178.1,1,2022/10/18 16:30:00,19.08,33.60,89.0,84,0,79,3,2,0,0,0,0,0,0,0
533967_11501_11504_0,178.1,1,2022/10/18 16:45:00,29.18,21.97,70.0,65,0,60,2,3,0,0,0,0,0,0,0
533967_11501_11504_0,178.1,1,2022/10/18 17:00:00,20.55,31.20,101.0,97,0,93,3,1,0,0,0,0,0,0,0
533967_11501_11504_0,178.1,1,2022/10/18 17:15:00,28.42,22.56,66.0,63,0,60,0,3,0,0,0,0,0,0,0
533967_11501_11504_0,178.1,1,2022/10/18 17:30:00,29.49,21.74,60.0,57,0,54,1,2,0,0,0,0,0,0,0
533967_11501_11504_0,178.1,1,2022/10/18 17:45:00,29.51,21.72,39.0,39,0,39,0,0,0,0,0,0,0,0,0
533967_11501_11504_0,178.1,1,2022/10/18 18:00:00,27.18,23.59,74.0,70,0,66,0,4,0,0,0,0,0,0,0
533967_11501_11504_0,178.1,1,2022/10/18 18:15:00,29.32,21.86,59.0,58,0,57,0,1,0,0,0,0,0,0,0
533967_11501_11504_0,178.1,1,2022/10/18 18:30:00,29.41,21.80,50.0,44,0,38,4,2,0,0,0,0,0,0,0
533967_11501_11504_0,178.1,1,2022/10/18 18:45:00,29.45,21.77,48.0,43,0,38,1,4,0,0,0,0,0,0,0
533967_11501_11504_1,178.9,1,2022/10/18 06:30:00,29.28,22.00,3.0,3,0,3,0,0,0,0,0,0,0,0,0
533967_11501_11504_1,178.9,1,2022/10/18 06:45:00,29.77,21.64,11.0,11,0,11,0,0,0,0,0,0,0,0,0
533967_11501_11504_1,178.9,1,2022/10/18 07:00:00,29.79,21.62,16.0,16,0,16,0,0,0,0,0,0,0,0,0
533967_11501_11504_1,178.9,1,2022/10/18 07:15:00,29.91,21.54,30.0,26,0,22,0,4,0,0,0,0,0,0,0
533967_11501_11504_1,178.9,1,2022/10/18 07:30:00,29.88,21.56,12.0,9,0,6,0,3,0,0,0,0,0,0,0
533967_11501_11504_1,178.9,1,2022/10/18 07:45:00,29.77,21.64,14.0,11,0,8,0,3,0,0,0,0,0,0,0
533967_11501_11504_1,178.9,1,2022/10/18 08:00:00,29.69,21.69,14.0,13,0,12,0,1,0,0,0,0,0,0,0
533967_11501_11504_1,178.9,1,2022/10/18 08:15:00,30.04,21.44,40.0,36,0,32,0,4,0,0,0,0,0,0,0
533967_11501_11504_1,178.9,1,2022/10/18 08:30:00,30.07,21.42,77.0,69,0,61,7,1,0,0,0,0,0,0,0
533967_11501_11504_1,178.9,1,2022/10/18 08:45:00,30.00,21.47,69.0,66,0,63,0,3,0,0,0,0,0,0,0
533967_11501_11504_1,178.9,1,2022/10/18 09:00:00,29.94,21.52,29.0,29,0,29,0,0,0,0,0,0,0,0,0
533967_11501_11504_1,178.9,1,2022/10/18 09:15:00,30.04,21.44,74.0,68,0,62,6,0,0,0,0,0,0,0,0
533967_11501_11504_1,178.9,1,2022/10/18 09:30:00,30.03,21.45,60.0,56,0,52,1,3,0,0,0,0,0,0,0
533967_11501_11504_1,178.9,1,2022/10/18 09:45:00,30.21,21.32,30.0,28,0,26,0,2,0,0,0,0,0,0,0
533967_11501_11504_1,178.9,1,2022/10/18 10:00:00,30.10,21.40,27.0,25,0,23,1,1,0,0,0,0,0,0,0
533967_11501_11504_1,178.9,1,2022/10/18 10:15:00,30.05,21.43,37.0,37,0,37,0,0,0,0,0,0,0,0,0
533967_11501_11504_1,178.9,1,2022/10/18 10:30:00,30.07,21.42,67.0,64,0,61,0,3,0,0,0,0,0,0,0
533967_11501_11504_1,178.9,1,2022/10/18 10:45:00,30.19,21.33,59.0,54,0,49,0,5,0,0,0,0,0,0,0
533967_11501_11504_1,178.9,1,2022/10/18 11:00:00,30.01,21.47,43.0,43,0,43,0,0,0,0,0,0,0,0,0
533967_11501_11504_1,178.9,1,2022/10/18 11:15:00,30.06,21.43,49.0,49,0,49,0,0,0,0,0,0,0,0,0
533967_11501_11504_1,178.9,1,2022/10/18 11:30:00,30.12,21.39,89.0,88,0,87,0,1,0,0,0,0,0,0,0
533967_11501_11504_1,178.9,1,2022/10/18 11:45:00,30.08,21.41,50.0,46,0,42,0,4,0,0,0,0,0,0,0
533967_11501_11504_1,178.9,1,2022/10/18 12:00:00,30.05,21.44,78.0,78,0,78,0,0,0,0,0,0,0,0,0
533967_11501_11504_1,178.9,1,2022/10/18 12:15:00,30.11,21.39,54.0,54,0,54,0,0,0,0,0,0,0,0,0
533967_11501_11504_1,178.9,1,2022/10/18 12:30:00,30.19,21.33,77.0,75,0,73,0,2,0,0,0,0,0,0,0
533967_11501_11504_1,178.9,1,2022/10/18 12:45:00,30.22,21.32,38.0,38,0,38,0,0,0,0,0,0,0,0,0
533967_11501_11504_1,178.9,1,2022/10/18 13:00:00,30.03,21.45,70.0,67,0,64,0,3,0,0,0,0,0,0,0
533967_11501_11504_1,178.9,1,2022/10/18 13:15:00,30.09,21.40,60.0,57,0,54,3,0,0,0,0,0,0,0,0
533967_11501_11504_1,178.9,1,2022/10/18 13:30:00,30.12,21.38,55.0,55,0,55,0,0,0,0,0,0,0,0,0
533967_11501_11504_1,178.9,1,2022/10/18 13:45:00,30.16,21.35,84.0,79,0,74,1,4,0,0,0,0,0,0,0
533967_11501_11504_1,178.9,1,2022/10/18 14:00:00,30.11,21.39,75.0,72,0,69,2,1,0,0,0,0,0,0,0
533967_11501_11504_1,178.9,1,2022/10/18 14:15:00,30.06,21.43,80.0,75,0,70,0,5,0,0,0,0,0,0,0
533967_11501_11504_1,178.9,1,2022/10/18 14:30:00,30.07,21.42,56.0,55,0,54,1,0,0,0,0,0,0,0,0
533967_11501_11504_1,178.9,1,2022/10/18 14:45:00,29.96,21.50,81.0,78,0,75,0,3,0,0,0,0,0,0,0
533967_11501_11504_1,178.9,1,2022/10/18 15:00:00,30.13,21.38,84.0,79,0,74,0,5,0,0,0,0,0,0,0
533967_11501_11504_1,178.9,1,2022/10/18 15:15:00,30.15,21.36,66.0,61,0,56,0,5,0,0,0,0,0,0,0
533967_11501_11504_1,178.9,1,2022/10/18 15:30:00,30.09,21.41,59.0,59,0,59,0,0,0,0,0,0,0,0,0
533967_11501_11504_1,178.9,1,2022/10/18 15:45:00,30.07,21.42,49.0,45,0,41,0,4,0,0,0,0,0,0,0
533967_11501_11504_1,178.9,1,2022/10/18 16:00:00,30.06,21.42,73.0,73,0,73,0,0,0,0,0,0,0,0,0
533967_11501_11504_1,178.9,1,2022/10/18 16:15:00,30.13,21.38,89.0,87,0,85,0,2,0,0,0,0,0,0,0
533967_11501_11504_1,178.9,1,2022/10/18 16:30:00,30.14,21.37,88.0,86,0,84,0,2,0,0,0,0,0,0,0
533967_11501_11504_1,178.9,1,2022/10/18 16:45:00,30.03,21.45,91.0,89,0,87,0,2,0,0,0,0,0,0,0
533967_11501_11504_1,178.9,1,2022/10/18 17:00:00,30.06,21.43,98.0,94,0,90,0,4,0,0,0,0,0,0,0
533967_11501_11504_1,178.9,1,2022/10/18 17:15:00,30.28,21.27,24.0,22,0,20,0,2,0,0,0,0,0,0,0
533967_11501_11504_1,178.9,1,2022/10/18 17:30:00,30.17,21.35,60.0,60,0,60,0,0,0,0,0,0,0,0,0
533967_11501_11504_1,178.9,1,2022/10/18 17:45:00,30.14,21.37,59.0,59,0,59,0,0,0,0,0,0,0,0,0
533967_11501_11504_1,178.9,1,2022/10/18 18:00:00,30.14,21.37,76.0,73,0,70,0,3,0,0,0,0,0,0,0
533967_11501_11504_1,178.9,1,2022/10/18 18:15:00,29.97,21.49,97.0,97,0,97,0,0,0,0,0,0,0,0,0
533967_11501_11504_1,178.9,1,2022/10/18 18:30:00,30.08,21.42,90.0,89,0,88,1,0,0,0,0,0,0,0,0
533967_11501_11504_1,178.9,1,2022/10/18 18:45:00,29.97,21.49,69.0,65,0,61,0,4,0,0,0,0,0,0,0
533967_11505_85937_0,41.7,1,2022/10/18 06:30:00,-1.00,-1.00,0.0,0,0,0,0,0,0,0,0,0,0,0,0
533967_11505_85937_0,41.7,1,2022/10/18 06:45:00,-1.00,-1.00,0.0,0,0,0,0,0,0,0,0,0,0,0,0
533967_11505_85937_0,41.7,1,2022/10/18 07:00:00,-1.00,-1.00,0.0,0,0,0,0,0,0,0,0,0,0,0,0
533967_11505_85937_0,41.7,1,2022/10/18 07:15:00,-1.00,-1.00,0.0,0,0,0,0,0,0,0,0,0,0,0,0
533967_11505_85937_0,41.7,1,2022/10/18 07:30:00,-1.00,-1.00,0.0,0,0,0,0,0,0,0,0,0,0,0,0
533967_11505_85937_0,41.7,1,2022/10/18 07:45:00,-1.00,-1.00,0.0,0,0,0,0,0,0,0,0,0,0,0,0
533967_11505_85937_0,41.7,1,2022/10/18 08:00:00,-1.00,-1.00,0.0,0,0,0,0,0,0,0,0,0,0,0,0
533967_11505_85937_0,41.7,1,2022/10/18 08:15:00,-1.00,-1.00,0.0,0,0,0,0,0,0,0,0,0,0,0,0
533967_11505_85937_0,41.7,1,2022/10/18 08:30:00,-1.00,-1.00,0.0,0,0,0,0,0,0,0,0,0,0,0,0
533967_11505_85937_0,41.7,1,2022/10/18 08:45:00,-1.00,-1.00,0.0,0,0,0,0,0,0,0,0,0,0,0,0
533967_11505_85937_0,41.7,1,2022/10/18 09:00:00,-1.00,-1.00,0.0,0,0,0,0,0,0,0,0,0,0,0,0
533967_11505_85937_0,41.7,1,2022/10/18 09:15:00,-1.00,-1.00,0.0,0,0,0,0,0,0,0,0,0,0,0,0
533967_11505_85937_0,41.7,1,2022/10/18 09:30:00,-1.00,-1.00,0.0,0,0,0,0,0,0,0,0,0,0,0,0
533967_11505_85937_0,41.7,1,2022/10/18 09:45:00,-1.00,-1.00,0.0,0,0,0,0,0,0,0,0,0,0,0,0
533967_11505_85937_0,41.7,1,2022/10/18 10:00:00,-1.00,-1.00,0.0,0,0,0,0,0,0,0,0,0,0,0,0
533967_11505_85937_0,41.7,1,2022/10/18 10:15:00,-1.00,-1.00,0.0,0,0,0,0,0,0,0,0,0,0,0,0
533967_11505_85937_0,41.7,1,2022/10/18 10:30:00,-1.00,-1.00,0.0,0,0,0,0,0,0,0,0,0,0,0,0
533967_11505_85937_0,41.7,1,2022/10/18 10:45:00,-1.00,-1.00,0.0,0,0,0,0,0,0,0,0,0,0,0,0
533967_11505_85937_0,41.7,1,2022/10/18 11:00:00,-1.00,-1.00,0.0,0,0,0,0,0,0,0,0,0,0,0,0
533967_11505_85937_0,41.7,1,2022/10/18 11:15:00,-1.00,-1.00,0.0,0,0,0,0,0,0,0,0,0,0,0,0
533967_11505_85937_0,41.7,1,2022/10/18 11:30:00,-1.00,-1.00,0.0,0,0,0,0,0,0,0,0,0,0,0,0
533967_11505_85937_0,41.7,1,2022/10/18 11:45:00,-1.00,-1.00,0.0,0,0,0,0,0,0,0,0,0,0,0,0
533967_11505_85937_0,41.7,1,2022/10/18 12:00:00,-1.00,-1.00,0.0,0,0,0,0,0,0,0,0,0,0,0,0
533967_11505_85937_0,41.7,1,2022/10/18 12:15:00,-1.00,-1.00,0.0,0,0,0,0,0,0,0,0,0,0,0,0
533967_11505_85937_0,41.7,1,2022/10/18 12:30:00,-1.00,-1.00,0.0,0,0,0,0,0,0,0,0,0,0,0,0
533967_11505_85937_0,41.7,1,2022/10/18 12:45:00,-1.00,-1.00,0.0,0,0,0,0,0,0,0,0,0,0,0,0
533967_11505_85937_0,41.7,1,2022/10/18 13:00:00,-1.00,-1.00,0.0,0,0,0,0,0,0,0,0,0,0,0,0
533967_11505_85937_0,41.7,1,2022/10/18 13:15:00,-1.00,-1.00,0.0,0,0,0,0,0,0,0,0,0,0,0,0
533967_11505_85937_0,41.7,1,2022/10/18 13:30:00,-1.00,-1.00,0.0,0,0,0,0,0,0,0,0,0,0,0,0
533967_11505_85937_0,41.7,1,2022/10/18 13:45:00,-1.00,-1.00,0.0,0,0,0,0,0,0,0,0,0,0,0,0
533967_11505_85937_0,41.7,1,2022/10/18 14:00:00,-1.00,-1.00,0.0,0,0,0,0,0,0,0,0,0,0,0,0
533967_11505_85937_0,41.7,1,2022/10/18 14:15:00,-1.00,-1.00,0.0,0,0,0,0,0,0,0,0,0,0,0,0
533967_11505_85937_0,41.7,1,2022/10/18 14:30:00,-1.00,-1.00,0.0,0,0,0,0,0,0,0,0,0,0,0,0
533967_11505_85937_0,41.7,1,2022/10/18 14:45:00,-1.00,-1.00,0.0,0,0,0,0,0,0,0,0,0,0,0,0
533967_11505_85937_0,41.7,1,2022/10/18 15:00:00,-1.00,-1.00,0.0,0,0,0,0,0,0,0,0,0,0,0,0
533967_11505_85937_0,41.7,1,2022/10/18 15:15:00,-1.00,-1.00,0.0,0,0,0,0,0,0,0,0,0,0,0,0
533967_11505_85937_0,41.7,1,2022/10/18 15:30:00,-1.00,-1.00,0.0,0,0,0,0,0,0,0,0,0,0,0,0
533967_11505_85937_0,41.7,1,2022/10/18 15:45:00,-1.00,-1.00,0.0,0,0,0,0,0,0,0,0,0,0,0,0
533967_11505_85937_0,41.7,1,2022/10/18 16:00:00,-1.00,-1.00,0.0,0,0,0,0,0,0,0,0,0,0,0,0
533967_11505_85937_0,41.7,1,2022/10/18 16:15:00,-1.00,-1.00,0.0,0,0,0,0,0,0,0,0,0,0,0,0
533967_11505_85937_0,41.7,1,2022/10/18 16:30:00,-1.00,-1.00,0.0,0,0,0,0,0,0,0,0,0,0,0,0
533967_11505_85937_0,41.7,1,2022/10/18 16:45:00,-1.00,-1.00,0.0,0,0,0,0,0,0,0,0,0,0,0,0
533967_11505_85937_0,41.7,1,2022/10/18 17:00:00,-1.00,-1.00,0.0,0,0,0,0,0,0,0,0,0,0,0,0
533967_11505_85937_0,41.7,1,2022/10/18 17:15:00,-1.00,-1.00,0.0,0,0,0,0,0,0,0,0,0,0,0,0
533967_11505_85937_0,41.7,1,2022/10/18 17:30:00,-1.00,-1.00,0.0,0,0,0,0,0,0,0,0,0,0,0,0
533967_11505_85937_0,41.7,1,2022/10/18 17:45:00,-1.00,-1.00,0.0,0,0,0,0,0,0,0,0,0,0,0,0
533967_11505_85937_0,41.7,1,2022/10/18 18:00:00,-1.00,-1.00,0.0,0,0,0,0,0,0,0,0,0,0,0,0
533967_11505_85937_0,41.7,1,2022/10/18 18:15:00,-1.00,-1.00,0.0,0,0,0,0,0,0,0,0,0,0,0,0
533967_11505_85937_0,41.7,1,2022/10/18 18:30:00,-1.00,-1.00,0.0,0,0,0,0,0,0,0,0,0,0,0,0
533967_11505_85937_0,41.7,1,2022/10/18 18:45:00,-1.00,-1.00,0.0,0,0,0,0,0,0,0,0,0,0,0,0
533967_11505_85937_1,62.4,1,2022/10/18 06:30:00,-1.00,-1.00,0.0,0,0,0,0,0,0,0,0,0,0,0,0
533967_11505_85937_1,62.4,1,2022/10/18 06:45:00,-1.00,-1.00,0.0,0,0,0,0,0,0,0,0,0,0,0,0
533967_11505_85937_1,62.4,1,2022/10/18 07:00:00,-1.00,-1.00,0.0,0,0,0,0,0,0,0,0,0,0,0,0
533967_11505_85937_1,62.4,1,2022/10/18 07:15:00,-1.00,-1.00,0.0,0,0,0,0,0,0,0,0,0,0,0,0
533967_11505_85937_1,62.4,1,2022/10/18 07:30:00,-1.00,-1.00,0.0,0,0,0,0,0,0,0,0,0,0,0,0
533967_11505_85937_1,62.4,1,2022/10/18 07:45:00,-1.00,-1.00,0.0,0,0,0,0,0,0,0,0,0,0,0,0
533967_11505_85937_1,62.4,1,2022/10/18 08:00:00,-1.00,-1.00,0.0,0,0,0,0,0,0,0,0,0,0,0,0
533967_11505_85937_1,62.4,1,2022/10/18 08:15:00,-1.00,-1.00,0.0,0,0,0,0,0,0,0,0,0,0,0,0
533967_11505_85937_1,62.4,1,2022/10/18 08:30:00,-1.00,-1.00,0.0,0,0,0,0,0,0,0,0,0,0,0,0
533967_11505_85937_1,62.4,1,2022/10/18 08:45:00,-1.00,-1.00,0.0,0,0,0,0,0,0,0,0,0,0,0,0
533967_11505_85937_1,62.4,1,2022/10/18 09:00:00,-1.00,-1.00,0.0,0,0,0,0,0,0,0,0,0,0,0,0
533967_11505_85937_1,62.4,1,2022/10/18 09:15:00,-1.00,-1.00,0.0,0,0,0,0,0,0,0,0,0,0,0,0
533967_11505_85937_1,62.4,1,2022/10/18 09:30:00,-1.00,-1.00,0.0,0,0,0,0,0,0,0,0,0,0,0,0
533967_11505_85937_1,62.4,1,2022/10/18 09:45:00,-1.00,-1.00,0.0,0,0,0,0,0,0,0,0,0,0,0,0
533967_11505_85937_1,62.4,1,2022/10/18 10:00:00,-1.00,-1.00,0.0,0,0,0,0,0,0,0,0,0,0,0,0
533967_11505_85937_1,62.4,1,2022/10/18 10:15:00,-1.00,-1.00,0.0,0,0,0,0,0,0,0,0,0,0,0,0
533967_11505_85937_1,62.4,1,2022/10/18 10:30:00,-1.00,-1.00,0.0,0,0,0,0,0,0,0,0,0,0,0,0
533967_11505_85937_1,62.4,1,2022/10/18 10:45:00,-1.00,-1.00,0.0,0,0,0,0,0,0,0,0,0,0,0,0
533967_11505_85937_1,62.4,1,2022/10/18 11:00:00,-1.00,-1.00,0.0,0,0,0,0,0,0,0,0,0,0,0,0
533967_11505_85937_1,62.4,1,2022/10/18 11:15:00,-1.00,-1.00,0.0,0,0,0,0,0,0,0,0,0,0,0,0
533967_11505_85937_1,62.4,1,2022/10/18 11:30:00,-1.00,-1.00,0.0,0,0,0,0,0,0,0,0,0,0,0,0
533967_11505_85937_1,62.4,1,2022/10/18 11:45:00,-1.00,-1.00,0.0,0,0,0,0,0,0,0,0,0,0,0,0
533967_11505_85937_1,62.4,1,2022/10/18 12:00:00,-1.00,-1.00,0.0,0,0,0,0,0,0,0,0,0,0,0,0
533967_11505_85937_1,62.4,1,2022/10/18 12:15:00,-1.00,-1.00,0.0,0,0,0,0,0,0,0,0,0,0,0,0
533967_11505_85937_1,62.4,1,2022/10/18 12:30:00,-1.00,-1.00,0.0,0,0,0,0,0,0,0,0,0,0,0,0
533967_11505_85937_1,62.4,1,2022/10/18 12:45:00,-1.00,-1.00,0.0,0,0,0,0,0,0,0,0,0,0,0,0
533967_11505_85937_1,62.4,1,2022/10/18 13:00:00,-1.00,-1.00,0.0,0,0,0,0,0,0,0,0,0,0,0,0
533967_11505_85937_1,62.4,1,2022/10/18 13:15:00,-1.00,-1.00,0.0,0,0,0,0,0,0,0,0,0,0,0,0
533967_11505_85937_1,62.4,1,2022/10/18 13:30:00,-1.00,-1.00,0.0,0,0,0,0,0,0,0,0,0,0,0,0
533967_11505_85937_1,62.4,1,2022/10/18 13:45:00,-1.00,-1.00,0.0,0,0,0,0,0,0,0,0,0,0,0,0
533967_11505_85937_1,62.4,1,2022/10/18 14:00:00,-1.00,-1.00,0.0,0,0,0,0,0,0,0,0,0,0,0,0
533967_11505_85937_1,62.4,1,2022/10/18 14:15:00,-1.00,-1.00,0.0,0,0,0,0,0,0,0,0,0,0,0,0
533967_11505_85937_1,62.4,1,2022/10/18 14:30:00,-1.00,-1.00,0.0,0,0,0,0,0,0,0,0,0,0,0,0
533967_11505_85937_1,62.4,1,2022/10/18 14:45:00,-1.00,-1.00,0.0,0,0,0,0,0,0,0,0,0,0,0,0
533967_11505_85937_1,62.4,1,2022/10/18 15:00:00,-1.00,-1.00,0.0,0,0,0,0,0,0,0,0,0,0,0,0
533967_11505_85937_1,62.4,1,2022/10/18 15:15:00,-1.00,-1.00,0.0,0,0,0,0,0,0,0,0,0,0,0,0
533967_11505_85937_1,62.4,1,2022/10/18 15:30:00,-1.00,-1.00,0.0,0,0,0,0,0,0,0,0,0,0,0,0
533967_11505_85937_1,62.4,1,2022/10/18 15:45:00,-1.00,-1.00,0.0,0,0,0,0,0,0,0,0,0,0,0,0
533967_11505_85937_1,62.4,1,2022/10/18 16:00:00,-1.00,-1.00,0.0,0,0,0,0,0,0,0,0,0,0,0,0
533967_11505_85937_1,62.4,1,2022/10/18 16:15:00,-1.00,-1.00,0.0,0,0,0,0,0,0,0,0,0,0,0,0
533967_11505_85937_1,62.4,1,2022/10/18 16:30:00,-1.00,-1.00,0.0,0,0,0,0,0,0,0,0,0,0,0,0
533967_11505_85937_1,62.4,1,2022/10/18 16:45:00,-1.00,-1.00,0.0,0,0,0,0,0,0,0,0,0,0,0,0
533967_11505_85937_1,62.4,1,2022/10/18 17:00:00,-1.00,-1.00,0.0,0,0,0,0,0,0,0,0,0,0,0,0
533967_11505_85937_1,62.4,1,2022/10/18 17:15:00,-1.00,-1.00,0.0,0,0,0,0,0,0,0,0,0,0,0,0
533967_11505_85937_1,62.4,1,2022/10/18 17:30:00,-1.00,-1.00,0.0,0,0,0,0,0,0,0,0,0,0,0,0
533967_11505_85937_1,62.4,1,2022/10/18 17:45:00,-1.00,-1.00,0.0,0,0,0,0,0,0,0,0,0,0,0,0
533967_11505_85937_1,62.4,1,2022/10/18 18:00:00,-1.00,-1.00,0.0,0,0,0,0,0,0,0,0,0,0,0,0
533967_11505_85937_1,62.4,1,2022/10/18 18:15:00,-1.00,-1.00,0.0,0,0,0,0,0,0,0,0,0,0,0,0
533967_11505_85937_1,62.4,1,2022/10/18 18:30:00,-1.00,-1.00,0.0,0,0,0,0,0,0,0,0,0,0,0,0
533967_11505_85937_1,62.4,1,2022/10/18 18:45:00,-1.00,-1.00,0.0,0,0,0,0,0,0,0,0,0,0,0,0
533967_11513_88894_0,353.5,1,2022/10/18 06:30:00,-1.00,-1.00,0.0,0,0,0,0,0,0,0,0,0,0,0,0
533967_11513_88894_0,353.5,1,2022/10/18 06:45:00,-1.00,-1.00,0.0,0,0,0,0,0,0,0,0,0,0,0,0
533967_11513_88894_0,353.5,1,2022/10/18 07:00:00,-1.00,-1.00,0.0,0,0,0,0,0,0,0,0,0,0,0,0
533967_11513_88894_0,353.5,1,2022/10/18 07:15:00,-1.00,-1.00,0.0,0,0,0,0,0,0,0,0,0,0,0,0
533967_11513_88894_0,353.5,1,2022/10/18 07:30:00,-1.00,-1.00,0.0,0,0,0,0,0,0,0,0,0,0,0,0
533967_11513_88894_0,353.5,1,2022/10/18 07:45:00,-1.00,-1.00,0.0,0,0,0,0,0,0,0,0,0,0,0,0
533967_11513_88894_0,353.5,1,2022/10/18 08:00:00,-1.00,-1.00,0.0,0,0,0,0,0,0,0,0,0,0,0,0
533967_11513_88894_0,353.5,1,2022/10/18 08:15:00,-1.00,-1.00,0.0,0,0,0,0,0,0,0,0,0,0,0,0
533967_11513_88894_0,353.5,1,2022/10/18 08:30:00,-1.00,-1.00,0.0,0,0,0,0,0,0,0,0,0,0,0,0
533967_11513_88894_0,353.5,1,2022/10/18 08:45:00,-1.00,-1.00,0.0,0,0,0,0,0,0,0,0,0,0,0,0
533967_11513_88894_0,353.5,1,2022/10/18 09:00:00,-1.00,-1.00,0.0,0,0,0,0,0,0,0,0,0,0,0,0
533967_11513_88894_0,353.5,1,2022/10/18 09:15:00,-1.00,-1.00,0.0,0,0,0,0,0,0,0,0,0,0,0,0
533967_11513_88894_0,353.5,1,2022/10/18 09:30:00,-1.00,-1.00,0.0,0,0,0,0,0,0,0,0,0,0,0,0
533967_11513_88894_0,353.5,1,2022/10/18 09:45:00,-1.00,-1.00,0.0,0,0,0,0,0,0,0,0,0,0,0,0
533967_11513_88894_0,353.5,1,2022/10/18 10:00:00,-1.00,-1.00,0.0,0,0,0,0,0,0,0,0,0,0,0,0
533967_11513_88894_0,353.5,1,2022/10/18 10:15:00,-1.00,-1.00,0.0,0,0,0,0,0,0,0,0,0,0,0,0
533967_11513_88894_0,353.5,1,2022/10/18 10:30:00,-1.00,-1.00,0.0,0,0,0,0,0,0,0,0,0,0,0,0
533967_11513_88894_0,353.5,1,2022/10/18 10:45:00,-1.00,-1.00,0.0,0,0,0,0,0,0,0,0,0,0,0,0
533967_11513_88894_0,353.5,1,2022/10/18 11:00:00,-1.00,-1.00,0.0,0,0,0,0,0,0,0,0,0,0,0,0
533967_11513_88894_0,353.5,1,2022/10/18 11:15:00,-1.00,-1.00,0.0,0,0,0,0,0,0,0,0,0,0,0,0
533967_11513_88894_0,353.5,1,2022/10/18 11:30:00,-1.00,-1.00,0.0,0,0,0,0,0,0,0,0,0,0,0,0
533967_11513_88894_0,353.5,1,2022/10/18 11:45:00,-1.00,-1.00,0.0,0,0,0,0,0,0,0,0,0,0,0,0
533967_11513_88894_0,353.5,1,2022/10/18 12:00:00,-1.00,-1.00,0.0,0,0,0,0,0,0,0,0,0,0,0,0
533967_11513_88894_0,353.5,1,2022/10/18 12:15:00,-1.00,-1.00,0.0,0,0,0,0,0,0,0,0,0,0,0,0
533967_11513_88894_0,353.5,1,2022/10/18 12:30:00,-1.00,-1.00,0.0,0,0,0,0,0,0,0,0,0,0,0,0
533967_11513_88894_0,353.5,1,2022/10/18 12:45:00,-1.00,-1.00,0.0,0,0,0,0,0,0,0,0,0,0,0,0
533967_11513_88894_0,353.5,1,2022/10/18 13:00:00,-1.00,-1.00,0.0,0,0,0,0,0,0,0,0,0,0,0,0
533967_11513_88894_0,353.5,1,2022/10/18 13:15:00,-1.00,-1.00,0.0,0,0,0,0,0,0,0,0,0,0,0,0
533967_11513_88894_0,353.5,1,2022/10/18 13:30:00,-1.00,-1.00,0.0,0,0,0,0,0,0,0,0,0,0,0,0
533967_11513_88894_0,353.5,1,2022/10/18 13:45:00,-1.00,-1.00,0.0,0,0,0,0,0,0,0,0,0,0,0,0
533967_11513_88894_0,353.5,1,2022/10/18 14:00:00,-1.00,-1.00,0.0,0,0,0,0,0,0,0,0,0,0,0,0
533967_11513_88894_0,353.5,1,2022/10/18 14:15:00,-1.00,-1.00,0.0,0,0,0,0,0,0,0,0,0,0,0,0
533967_11513_88894_0,353.5,1,2022/10/18 14:30:00,-1.00,-1.00,0.0,0,0,0,0,0,0,0,0,0,0,0,0
533967_11513_88894_0,353.5,1,2022/10/18 14:45:00,-1.00,-1.00,0.0,0,0,0,0,0,0,0,0,0,0,0,0
533967_11513_88894_0,353.5,1,2022/10/18 15:00:00,-1.00,-1.00,0.0,0,0,0,0,0,0,0,0,0,0,0,0
533967_11513_88894_0,353.5,1,2022/10/18 15:15:00,-1.00,-1.00,0.0,0,0,0,0,0,0,0,0,0,0,0,0
533967_11513_88894_0,353.5,1,2022/10/18 15:30:00,-1.00,-1.00,0.0,0,0,0,0,0,0,0,0,0,0,0,0
533967_11513_88894_0,353.5,1,2022/10/18 15:45:00,-1.00,-1.00,0.0,0,0,0,0,0,0,0,0,0,0,0,0
533967_11513_88894_0,353.5,1,2022/10/18 16:00:00,-1.00,-1.00,0.0,0,0,0,0,0,0,0,0,0,0,0,0
533967_11513_88894_0,353.5,1,2022/10/18 16:15:00,-1.00,-1.00,0.0,0,0,0,0,0,0,0,0,0,0,0,0
533967_11513_88894_0,353.5,1,2022/10/18 16:30:00,-1.00,-1.00,0.0,0,0,0,0,0,0,0,0,0,0,0,0
533967_11513_88894_0,353.5,1,2022/10/18 16:45:00,-1.00,-1.00,0.0,0,0,0,0,0,0,0,0,0,0,0,0
533967_11513_88894_0,353.5,1,2022/10/18 17:00:00,-1.00,-1.00,0.0,0,0,0,0,0,0,0,0,0,0,0,0
533967_11513_88894_0,353.5,1,2022/10/18 17:15:00,-1.00,-1.00,0.0,0,0,0,0,0,0,0,0,0,0,0,0
533967_11513_88894_0,353.5,1,2022/10/18 17:30:00,-1.00,-1.00,0.0,0,0,0,0,0,0,0,0,0,0,0,0
533967_11513_88894_0,353.5,1,2022/10/18 17:45:00,-1.00,-1.00,0.0,0,0,0,0,0,0,0,0,0,0,0,0
533967_11513_88894_0,353.5,1,2022/10/18 18:00:00,-1.00,-1.00,0.0,0,0,0,0,0,0,0,0,0,0,0,0
533967_11513_88894_0,353.5,1,2022/10/18 18:15:00,-1.00,-1.00,0.0,0,0,0,0,0,0,0,0,0,0,0,0
533967_11513_88894_0,353.5,1,2022/10/18 18:30:00,-1.00,-1.00,0.0,0,0,0,0,0,0,0,0,0,0,0,0
533967_11513_88894_0,353.5,1,2022/10/18 18:45:00,-1.00,-1.00,0.0,0,0,0,0,0,0,0,0,0,0,0,0
533967_11513_88894_1,356.5,1,2022/10/18 06:30:00,-1.00,-1.00,0.0,0,0,0,0,0,0,0,0,0,0,0,0
533967_11513_88894_1,356.5,1,2022/10/18 06:45:00,-1.00,-1.00,0.0,0,0,0,0,0,0,0,0,0,0,0,0
533967_11513_88894_1,356.5,1,2022/10/18 07:00:00,-1.00,-1.00,0.0,0,0,0,0,0,0,0,0,0,0,0,0
533967_11513_88894_1,356.5,1,2022/10/18 07:15:00,-1.00,-1.00,0.0,0,0,0,0,0,0,0,0,0,0,0,0
533967_11513_88894_1,356.5,1,2022/10/18 07:30:00,-1.00,-1.00,0.0,0,0,0,0,0,0,0,0,0,0,0,0
533967_11513_88894_1,356.5,1,2022/10/18 07:45:00,-1.00,-1.00,0.0,0,0,0,0,0,0,0,0,0,0,0,0
533967_11513_88894_1,356.5,1,2022/10/18 08:00:00,-1.00,-1.00,0.0,0,0,0,0,0,0,0,0,0,0,0,0
533967_11513_88894_1,356.5,1,2022/10/18 08:15:00,-1.00,-1.00,0.0,0,0,0,0,0,0,0,0,0,0,0,0
533967_11513_88894_1,356.5,1,2022/10/18 08:30:00,-1.00,-1.00,0.0,0,0,0,0,0,0,0,0,0,0,0,0
533967_11513_88894_1,356.5,1,2022/10/18 08:45:00,-1.00,-1.00,0.0,0,0,0,0,0,0,0,0,0,0,0,0
533967_11513_88894_1,356.5,1,2022/10/18 09:00:00,-1.00,-1.00,0.0,0,0,0,0,0,0,0,0,0,0,0,0
533967_11513_88894_1,356.5,1,2022/10/18 09:15:00,-1.00,-1.00,0.0,0,0,0,0,0,0,0,0,0,0,0,0
533967_11513_88894_1,356.5,1,2022/10/18 09:30:00,-1.00,-1.00,0.0,0,0,0,0,0,0,0,0,0,0,0,0
533967_11513_88894_1,356.5,1,2022/10/18 09:45:00,-1.00,-1.00,0.0,0,0,0,0,0,0,0,0,0,0,0,0
533967_11513_88894_1,356.5,1,2022/10/18 10:00:00,-1.00,-1.00,0.0,0,0,0,0,0,0,0,0,0,0,0,0
533967_11513_88894_1,356.5,1,2022/10/18 10:15:00,-1.00,-1.00,0.0,0,0,0,0,0,0,0,0,0,0,0,0
533967_11513_88894_1,356.5,1,2022/10/18 10:30:00,-1.00,-1.00,0.0,0,0,0,0,0,0,0,0,0,0,0,0
533967_11513_88894_1,356.5,1,2022/10/18 10:45:00,-1.00,-1.00,0.0,0,0,0,0,0,0,0,0,0,0,0,0
533967_11513_88894_1,356.5,1,2022/10/18 11:00:00,-1.00,-1.00,0.0,0,0,0,0,0,0,0,0,0,0,0,0
533967_11513_88894_1,356.5,1,2022/10/18 11:15:00,-1.00,-1.00,0.0,0,0,0,0,0,0,0,0,0,0,0,0
533967_11513_88894_1,356.5,1,2022/10/18 11:30:00,-1.00,-1.00,0.0,0,0,0,0,0,0,0,0,0,0,0,0
533967_11513_88894_1,356.5,1,2022/10/18 11:45:00,-1.00,-1.00,0.0,0,0,0,0,0,0,0,0,0,0,0,0
533967_11513_88894_1,356.5,1,2022/10/18 12:00:00,-1.00,-1.00,0.0,0,0,0,0,0,0,0,0,0,0,0,0
533967_11513_88894_1,356.5,1,2022/10/18 12:15:00,-1.00,-1.00,0.0,0,0,0,0,0,0,0,0,0,0,0,0
533967_11513_88894_1,356.5,1,2022/10/18 12:30:00,-1.00,-1.00,0.0,0,0,0,0,0,0,0,0,0,0,0,0
533967_11513_88894_1,356.5,1,2022/10/18 12:45:00,-1.00,-1.00,0.0,0,0,0,0,0,0,0,0,0,0,0,0
533967_11513_88894_1,356.5,1,2022/10/18 13:00:00,-1.00,-1.00,0.0,0,0,0,0,0,0,0,0,0,0,0,0
533967_11513_88894_1,356.5,1,2022/10/18 13:15:00,-1.00,-1.00,0.0,0,0,0,0,0,0,0,0,0,0,0,0
533967_11513_88894_1,356.5,1,2022/10/18 13:30:00,-1.00,-1.00,0.0,0,0,0,0,0,0,0,0,0,0,0,0
533967_11513_88894_1,356.5,1,2022/10/18 13:45:00,-1.00,-1.00,0.0,0,0,0,0,0,0,0,0,0,0,0,0
533967_11513_88894_1,356.5,1,2022/10/18 14:00:00,-1.00,-1.00,0.0,0,0,0,0,0,0,0,0,0,0,0,0
533967_11513_88894_1,356.5,1,2022/10/18 14:15:00,-1.00,-1.00,0.0,0,0,0,0,0,0,0,0,0,0,0,0
533967_11513_88894_1,356.5,1,2022/10/18 14:30:00,-1.00,-1.00,0.0,0,0,0,0,0,0,0,0,0,0,0,0
533967_11513_88894_1,356.5,1,2022/10/18 14:45:00,-1.00,-1.00,0.0,0,0,0,0,0,0,0,0,0,0,0,0
533967_11513_88894_1,356.5,1,2022/10/18 15:00:00,-1.00,-1.00,0.0,0,0,0,0,0,0,0,0,0,0,0,0
533967_11513_88894_1,356.5,1,2022/10/18 15:15:00,-1.00,-1.00,0.0,0,0,0,0,0,0,0,0,0,0,0,0
533967_11513_88894_1,356.5,1,2022/10/18 15:30:00,-1.00,-1.00,0.0,0,0,0,0,0,0,0,0,0,0,0,0
533967_11513_88894_1,356.5,1,2022/10/18 15:45:00,-1.00,-1.00,0.0,0,0,0,0,0,0,0,0,0,0,0,0
533967_11513_88894_1,356.5,1,2022/10/18 16:00:00,-1.00,-1.00,0.0,0,0,0,0,0,0,0,0,0,0,0,0
533967_11513_88894_1,356.5,1,2022/10/18 16:15:00,-1.00,-1.00,0.0,0,0,0,0,0,0,0,0,0,0,0,0
533967_11513_88894_1,356.5,1,2022/10/18 16:30:00,-1.00,-1.00,0.0,0,0,0,0,0,0,0,0,0,0,0,0
533967_11513_88894_1,356.5,1,2022/10/18 16:45:00,-1.00,-1.00,0.0,0,0,0,0,0,0,0,0,0,0,0,0
533967_11513_88894_1,356.5,1,2022/10/18 17:00:00,-1.00,-1.00,0.0,0,0,0,0,0,0,0,0,0,0,0,0
533967_11513_88894_1,356.5,1,2022/10/18 17:15:00,-1.00,-1.00,0.0,0,0,0,0,0,0,0,0,0,0,0,0
533967_11513_88894_1,356.5,1,2022/10/18 17:30:00,-1.00,-1.00,0.0,0,0,0,0,0,0,0,0,0,0,0,0
533967_11513_88894_1,356.5,1,2022/10/18 17:45:00,-1.00,-1.00,0.0,0,0,0,0,0,0,0,0,0,0,0,0
533967_11513_88894_1,356.5,1,2022/10/18 18:00:00,-1.00,-1.00,0.0,0,0,0,0,0,0,0,0,0,0,0,0
533967_11513_88894_1,356.5,1,2022/10/18 18:15:00,-1.00,-1.00,0.0,0,0,0,0,0,0,0,0,0,0,0,0
533967_11513_88894_1,356.5,1,2022/10/18 18:30:00,-1.00,-1.00,0.0,0,0,0,0,0,0,0,0,0,0,0,0
533967_11513_88894_1,356.5,1,2022/10/18 18:45:00,-1.00,-1.00,0.0,0,0,0,0,0,0,0,0,0,0,0,0
533967_11518_13596_0,255.6,1,2022/10/18 06:30:00,-1.00,-1.00,0.0,0,0,0,0,0,0,0,0,0,0,0,0
533967_11518_13596_0,255.6,1,2022/10/18 06:45:00,-1.00,-1.00,0.0,0,0,0,0,0,0,0,0,0,0,0,0
533967_11518_13596_0,255.6,1,2022/10/18 07:00:00,-1.00,-1.00,0.0,0,0,0,0,0,0,0,0,0,0,0,0
533967_11518_13596_0,255.6,1,2022/10/18 07:15:00,-1.00,-1.00,0.0,0,0,0,0,0,0,0,0,0,0,0,0
533967_11518_13596_0,255.6,1,2022/10/18 07:30:00,-1.00,-1.00,0.0,0,0,0,0,0,0,0,0,0,0,0,0
533967_11518_13596_0,255.6,1,2022/10/18 07:45:00,-1.00,-1.00,0.0,0,0,0,0,0,0,0,0,0,0,0,0
533967_11518_13596_0,255.6,1,2022/10/18 08:00:00,-1.00,-1.00,0.0,0,0,0,0,0,0,0,0,0,0,0,0
533967_11518_13596_0,255.6,1,2022/10/18 08:15:00,-1.00,-1.00,0.0,0,0,0,0,0,0,0,0,0,0,0,0
533967_11518_13596_0,255.6,1,2022/10/18 08:30:00,-1.00,-1.00,0.0,0,0,0,0,0,0,0,0,0,0,0,0
533967_11518_13596_0,255.6,1,2022/10/18 08:45:00,-1.00,-1.00,0.0,0,0,0,0,0,0,0,0,0,0,0,0
533967_11518_13596_0,255.6,1,2022/10/18 09:00:00,-1.00,-1.00,0.0,0,0,0,0,0,0,0,0,0,0,0,0
533967_11518_13596_0,255.6,1,2022/10/18 09:15:00,-1.00,-1.00,0.0,0,0,0,0,0,0,0,0,0,0,0,0
533967_11518_13596_0,255.6,1,2022/10/18 09:30:00,-1.00,-1.00,0.0,0,0,0,0,0,0,0,0,0,0,0,0
533967_11518_13596_0,255.6,1,2022/10/18 09:45:00,-1.00,-1.00,0.0,0,0,0,0,0,0,0,0,0,0,0,0
533967_11518_13596_0,255.6,1,2022/10/18 10:00:00,-1.00,-1.00,0.0,0,0,0,0,0,0,0,0,0,0,0,0
533967_11518_13596_0,255.6,1,2022/10/18 10:15:00,-1.00,-1.00,0.0,0,0,0,0,0,0,0,0,0,0,0,0
533967_11518_13596_0,255.6,1,2022/10/18 10:30:00,-1.00,-1.00,0.0,0,0,0,0,0,0,0,0,0,0,0,0
533967_11518_13596_0,255.6,1,2022/10/18 10:45:00,-1.00,-1.00,0.0,0,0,0,0,0,0,0,0,0,0,0,0
533967_11518_13596_0,255.6,1,2022/10/18 11:00:00,-1.00,-1.00,0.0,0,0,0,0,0,0,0,0,0,0,0,0
533967_11518_13596_0,255.6,1,2022/10/18 11:15:00,-1.00,-1.00,0.0,0,0,0,0,0,0,0,0,0,0,0,0
533967_11518_13596_0,255.6,1,2022/10/18 11:30:00,-1.00,-1.00,0.0,0,0,0,0,0,0,0,0,0,0,0,0
533967_11518_13596_0,255.6,1,2022/10/18 11:45:00,-1.00,-1.00,0.0,0,0,0,0,0,0,0,0,0,0,0,0
533967_11518_13596_0,255.6,1,2022/10/18 12:00:00,-1.00,-1.00,0.0,0,0,0,0,0,0,0,0,0,0,0,0
533967_11518_13596_0,255.6,1,2022/10/18 12:15:00,-1.00,-1.00,0.0,0,0,0,0,0,0,0,0,0,0,0,0
533967_11518_13596_0,255.6,1,2022/10/18 12:30:00,-1.00,-1.00,0.0,0,0,0,0,0,0,0,0,0,0,0,0
533967_11518_13596_0,255.6,1,2022/10/18 12:45:00,-1.00,-1.00,0.0,0,0,0,0,0,0,0,0,0,0,0,0
533967_11518_13596_0,255.6,1,2022/10/18 13:00:00,-1.00,-1.00,0.0,0,0,0,0,0,0,0,0,0,0,0,0
533967_11518_13596_0,255.6,1,2022/10/18 13:15:00,-1.00,-1.00,0.0,0,0,0,0,0,0,0,0,0,0,0,0
533967_11518_13596_0,255.6,1,2022/10/18 13:30:00,-1.00,-1.00,0.0,0,0,0,0,0,0,0,0,0,0,0,0
533967_11518_13596_0,255.6,1,2022/10/18 13:45:00,-1.00,-1.00,0.0,0,0,0,0,0,0,0,0,0,0,0,0
533967_11518_13596_0,255.6,1,2022/10/18 14:00:00,-1.00,-1.00,0.0,0,0,0,0,0,0,0,0,0,0,0,0
533967_11518_13596_0,255.6,1,2022/10/18 14:15:00,-1.00,-1.00,0.0,0,0,0,0,0,0,0,0,0,0,0,0
533967_11518_13596_0,255.6,1,2022/10/18 14:30:00,-1.00,-1.00,0.0,0,0,0,0,0,0,0,0,0,0,0,0
533967_11518_13596_0,255.6,1,2022/10/18 14:45:00,-1.00,-1.00,0.0,0,0,0,0,0,0,0,0,0,0,0,0
533967_11518_13596_0,255.6,1,2022/10/18 15:00:00,-1.00,-1.00,0.0,0,0,0,0,0,0,0,0,0,0,0,0
533967_11518_13596_0,255.6,1,2022/10/18 15:15:00,-1.00,-1.00,0.0,0,0,0,0,0,0,0,0,0,0,0,0
533967_11518_13596_0,255.6,1,2022/10/18 15:30:00,-1.00,-1.00,0.0,0,0,0,0,0,0,0,0,0,0,0,0
533967_11518_13596_0,255.6,1,2022/10/18 15:45:00,-1.00,-1.00,0.0,0,0,0,0,0,0,0,0,0,0,0,0
533967_11518_13596_0,255.6,1,2022/10/18 16:00:00,-1.00,-1.00,0.0,0,0,0,0,0,0,0,0,0,0,0,0
533967_11518_13596_0,255.6,1,2022/10/18 16:15:00,-1.00,-1.00,0.0,0,0,0,0,0,0,0,0,0,0,0,0
533967_11518_13596_0,255.6,1,2022/10/18 16:30:00,-1.00,-1.00,0.0,0,0,0,0,0,0,0,0,0,0,0,0
533967_11518_13596_0,255.6,1,2022/10/18 16:45:00,-1.00,-1.00,0.0,0,0,0,0,0,0,0,0,0,0,0,0
533967_11518_13596_0,255.6,1,2022/10/18 17:00:00,-1.00,-1.00,0.0,0,0,0,0,0,0,0,0,0,0,0,0
533967_11518_13596_0,255.6,1,2022/10/18 17:15:00,-1.00,-1.00,0.0,0,0,0,0,0,0,0,0,0,0,0,0
533967_11518_13596_0,255.6,1,2022/10/18 17:30:00,-1.00,-1.00,0.0,0,0,0,0,0,0,0,0,0,0,0,0
533967_11518_13596_0,255.6,1,2022/10/18 17:45:00,-1.00,-1.00,0.0,0,0,0,0,0,0,0,0,0,0,0,0
533967_11518_13596_0,255.6,1,2022/10/18 18:00:00,-1.00,-1.00,0.0,0,0,0,0,0,0,0,0,0,0,0,0
533967_11518_13596_0,255.6,1,2022/10/18 18:15:00,-1.00,-1.00,0.0,0,0,0,0,0,0,0,0,0,0,0,0
533967_11518_13596_0,255.6,1,2022/10/18 18:30:00,-1.00,-1.00,0.0,0,0,0,0,0,0,0,0,0,0,0,0
533967_11518_13596_0,255.6,1,2022/10/18 18:45:00,-1.00,-1.00,0.0,0,0,0,0,0,0,0,0,0,0,0,0
533967_11518_13596_1,276.1,1,2022/10/18 06:30:00,-1.00,-1.00,0.0,0,0,0,0,0,0,0,0,0,0,0,0
533967_11518_13596_1,276.1,1,2022/10/18 06:45:00,-1.00,-1.00,0.0,0,0,0,0,0,0,0,0,0,0,0,0
533967_11518_13596_1,276.1,1,2022/10/18 07:00:00,-1.00,-1.00,0.0,0,0,0,0,0,0,0,0,0,0,0,0
533967_11518_13596_1,276.1,1,2022/10/18 07:15:00,-1.00,-1.00,0.0,0,0,0,0,0,0,0,0,0,0,0,0
533967_11518_13596_1,276.1,1,2022/10/18 07:30:00,-1.00,-1.00,0.0,0,0,0,0,0,0,0,0,0,0,0,0
533967_11518_13596_1,276.1,1,2022/10/18 07:45:00,-1.00,-1.00,0.0,0,0,0,0,0,0,0,0,0,0,0,0
533967_11518_13596_1,276.1,1,2022/10/18 08:00:00,-1.00,-1.00,0.0,0,0,0,0,0,0,0,0,0,0,0,0
533967_11518_13596_1,276.1,1,2022/10/18 08:15:00,-1.00,-1.00,0.0,0,0,0,0,0,0,0,0,0,0,0,0
533967_11518_13596_1,276.1,1,2022/10/18 08:30:00,-1.00,-1.00,0.0,0,0,0,0,0,0,0,0,0,0,0,0
533967_11518_13596_1,276.1,1,2022/10/18 08:45:00,-1.00,-1.00,0.0,0,0,0,0,0,0,0,0,0,0,0,0
533967_11518_13596_1,276.1,1,2022/10/18 09:00:00,-1.00,-1.00,0.0,0,0,0,0,0,0,0,0,0,0,0,0
533967_11518_13596_1,276.1,1,2022/10/18 09:15:00,-1.00,-1.00,0.0,0,0,0,0,0,0,0,0,0,0,0,0
533967_11518_13596_1,276.1,1,2022/10/18 09:30:00,-1.00,-1.00,0.0,0,0,0,0,0,0,0,0,0,0,0,0
533967_11518_13596_1,276.1,1,2022/10/18 09:45:00,-1.00,-1.00,0.0,0,0,0,0,0,0,0,0,0,0,0,0
533967_11518_13596_1,276.1,1,2022/10/18 10:00:00,-1.00,-1.00,0.0,0,0,0,0,0,0,0,0,0,0,0,0
533967_11518_13596_1,276.1,1,2022/10/18 10:15:00,-1.00,-1.00,0.0,0,0,0,0,0,0,0,0,0,0,0,0
533967_11518_13596_1,276.1,1,2022/10/18 10:30:00,-1.00,-1.00,0.0,0,0,0,0,0,0,0,0,0,0,0,0
533967_11518_13596_1,276.1,1,2022/10/18 10:45:00,-1.00,-1.00,0.0,0,0,0,0,0,0,0,0,0,0,0,0
533967_11518_13596_1,276.1,1,2022/10/18 11:00:00,-1.00,-1.00,0.0,0,0,0,0,0,0,0,0,0,0,0,0
533967_11518_13596_1,276.1,1,2022/10/18 11:15:00,-1.00,-1.00,0.0,0,0,0,0,0,0,0,0,0,0,0,0
533967_11518_13596_1,276.1,1,2022/10/18 11:30:00,-1.00,-1.00,0.0,0,0,0,0,0,0,0,0,0,0,0,0
533967_11518_13596_1,276.1,1,2022/10/18 11:45:00,-1.00,-1.00,0.0,0,0,0,0,0,0,0,0,0,0,0,0
533967_11518_13596_1,276.1,1,2022/10/18 12:00:00,-1.00,-1.00,0.0,0,0,0,0,0,0,0,0,0,0,0,0
533967_11518_13596_1,276.1,1,2022/10/18 12:15:00,-1.00,-1.00,0.0,0,0,0,0,0,0,0,0,0,0,0,0
533967_11518_13596_1,276.1,1,2022/10/18 12:30:00,-1.00,-1.00,0.0,0,0,0,0,0,0,0,0,0,0,0,0
533967_11518_13596_1,276.1,1,2022/10/18 12:45:00,-1.00,-1.00,0.0,0,0,0,0,0,0,0,0,0,0,0,0
533967_11518_13596_1,276.1,1,2022/10/18 13:00:00,-1.00,-1.00,0.0,0,0,0,0,0,0,0,0,0,0,0,0
533967_11518_13596_1,276.1,1,2022/10/18 13:15:00,-1.00,-1.00,0.0,0,0,0,0,0,0,0,0,0,0,0,0
533967_11518_13596_1,276.1,1,2022/10/18 13:30:00,-1.00,-1.00,0.0,0,0,0,0,0,0,0,0,0,0,0,0
533967_11518_13596_1,276.1,1,2022/10/18 13:45:00,-1.00,-1.00,0.0,0,0,0,0,0,0,0,0,0,0,0,0
533967_11518_13596_1,276.1,1,2022/10/18 14:00:00,-1.00,-1.00,0.0,0,0,0,0,0,0,0,0,0,0,0,0
533967_11518_13596_1,276.1,1,2022/10/18 14:15:00,-1.00,-1.00,0.0,0,0,0,0,0,0,0,0,0,0,0,0
533967_11518_13596_1,276.1,1,2022/10/18 14:30:00,-1.00,-1.00,0.0,0,0,0,0,0,0,0,0,0,0,0,0
533967_11518_13596_1,276.1,1,2022/10/18 14:45:00,-1.00,-1.00,0.0,0,0,0,0,0,0,0,0,0,0,0,0
533967_11518_13596_1,276.1,1,2022/10/18 15:00:00,-1.00,-1.00,0.0,0,0,0,0,0,0,0,0,0,0,0,0
533967_11518_13596_1,276.1,1,2022/10/18 15:15:00,-1.00,-1.00,0.0,0,0,0,0,0,0,0,0,0,0,0,0
533967_11518_13596_1,276.1,1,2022/10/18 15:30:00,-1.00,-1.00,0.0,0,0,0,0,0,0,0,0,0,0,0,0
533967_11518_13596_1,276.1,1,2022/10/18 15:45:00,-1.00,-1.00,0.0,0,0,0,0,0,0,0,0,0,0,0,0
533967_11518_13596_1,276.1,1,2022/10/18 16:00:00,-1.00,-1.00,0.0,0,0,0,0,0,0,0,0,0,0,0,0
533967_11518_13596_1,276.1,1,2022/10/18 16:15:00,-1.00,-1.00,0.0,0,0,0,0,0,0,0,0,0,0,0,0
533967_11518_13596_1,276.1,1,2022/10/18 16:30:00,-1.00,-1.00,0.0,0,0,0,0,0,0,0,0,0,0,0,0
533967_11518_13596_1,276.1,1,2022/10/18 16:45:00,-1.00,-1.00,0.0,0,0,0,0,0,0,0,0,0,0,0,0
533967_11518_13596_1,276.1,1,2022/10/18 17:00:00,-1.00,-1.00,0.0,0,0,0,0,0,0,0,0,0,0,0,0
533967_11518_13596_1,276.1,1,2022/10/18 17:15:00,-1.00,-1.00,0.0,0,0,0,0,0,0,0,0,0,0,0,0
533967_11518_13596_1,276.1,1,2022/10/18 17:30:00,-1.00,-1.00,0.0,0,0,0,0,0,0,0,0,0,0,0,0
533967_11518_13596_1,276.1,1,2022/10/18 17:45:00,-1.00,-1.00,0.0,0,0,0,0,0,0,0,0,0,0,0,0
533967_11518_13596_1,276.1,1,2022/10/18 18:00:00,-1.00,-1.00,0.0,0,0,0,0,0,0,0,0,0,0,0,0
533967_11518_13596_1,276.1,1,2022/10/18 18:15:00,-1.00,-1.00,0.0,0,0,0,0,0,0,0,0,0,0,0,0
533967_11518_13596_1,276.1,1,2022/10/18 18:30:00,-1.00,-1.00,0.0,0,0,0,0,0,0,0,0,0,0,0,0
533967_11518_13596_1,276.1,1,2022/10/18 18:45:00,-1.00,-1.00,0.0,0,0,0,0,0,0,0,0,0,0,0,0
533967_12969_87770_0,436.6,1,2022/10/18 06:30:00,-1.00,-1.00,0.0,0,0,0,0,0,0,0,0,0,0,0,0
533967_12969_87770_0,436.6,1,2022/10/18 06:45:00,-1.00,-1.00,0.0,0,0,0,0,0,0,0,0,0,0,0,0
533967_12969_87770_0,436.6,1,2022/10/18 07:00:00,-1.00,-1.00,0.0,0,0,0,0,0,0,0,0,0,0,0,0
533967_12969_87770_0,436.6,1,2022/10/18 07:15:00,-1.00,-1.00,0.0,0,0,0,0,0,0,0,0,0,0,0,0
533967_12969_87770_0,436.6,1,2022/10/18 07:30:00,-1.00,-1.00,0.0,0,0,0,0,0,0,0,0,0,0,0,0
533967_12969_87770_0,436.6,1,2022/10/18 07:45:00,-1.00,-1.00,0.0,0,0,0,0,0,0,0,0,0,0,0,0
533967_12969_87770_0,436.6,1,2022/10/18 08:00:00,-1.00,-1.00,0.0,0,0,0,0,0,0,0,0,0,0,0,0
533967_12969_87770_0,436.6,1,2022/10/18 08:15:00,-1.00,-1.00,0.0,0,0,0,0,0,0,0,0,0,0,0,0
533967_12969_87770_0,436.6,1,2022/10/18 08:30:00,-1.00,-1.00,0.0,0,0,0,0,0,0,0,0,0,0,0,0
533967_12969_87770_0,436.6,1,2022/10/18 08:45:00,-1.00,-1.00,0.0,0,0,0,0,0,0,0,0,0,0,0,0
533967_12969_87770_0,436.6,1,2022/10/18 09:00:00,-1.00,-1.00,0.0,0,0,0,0,0,0,0,0,0,0,0,0
533967_12969_87770_0,436.6,1,2022/10/18 09:15:00,-1.00,-1.00,0.0,0,0,0,0,0,0,0,0,0,0,0,0
533967_12969_87770_0,436.6,1,2022/10/18 09:30:00,-1.00,-1.00,0.0,0,0,0,0,0,0,0,0,0,0,0,0
533967_12969_87770_0,436.6,1,2022/10/18 09:45:00,-1.00,-1.00,0.0,0,0,0,0,0,0,0,0,0,0,0,0
533967_12969_87770_0,436.6,1,2022/10/18 10:00:00,-1.00,-1.00,0.0,0,0,0,0,0,0,0,0,0,0,0,0
533967_12969_87770_0,436.6,1,2022/10/18 10:15:00,-1.00,-1.00,0.0,0,0,0,0,0,0,0,0,0,0,0,0
533967_12969_87770_0,436.6,1,2022/10/18 10:30:00,-1.00,-1.00,0.0,0,0,0,0,0,0,0,0,0,0,0,0
533967_12969_87770_0,436.6,1,2022/10/18 10:45:00,-1.00,-1.00,0.0,0,0,0,0,0,0,0,0,0,0,0,0
533967_12969_87770_0,436.6,1,2022/10/18 11:00:00,-1.00,-1.00,0.0,0,0,0,0,0,0,0,0,0,0,0,0
533967_12969_87770_0,436.6,1,2022/10/18 11:15:00,-1.00,-1.00,0.0,0,0,0,0,0,0,0,0,0,0,0,0
533967_12969_87770_0,436.6,1,2022/10/18 11:30:00,-1.00,-1.00,0.0,0,0,0,0,0,0,0,0,0,0,0,0
533967_12969_87770_0,436.6,1,2022/10/18 11:45:00,-1.00,-1.00,0.0,0,0,0,0,0,0,0,0,0,0,0,0
533967_12969_87770_0,436.6,1,2022/10/18 12:00:00,-1.00,-1.00,0.0,0,0,0,0,0,0,0,0,0,0,0,0
533967_12969_87770_0,436.6,1,2022/10/18 12:15:00,-1.00,-1.00,0.0,0,0,0,0,0,0,0,0,0,0,0,0
533967_12969_87770_0,436.6,1,2022/10/18 12:30:00,-1.00,-1.00,0.0,0,0,0,0,0,0,0,0,0,0,0,0
533967_12969_87770_0,436.6,1,2022/10/18 12:45:00,-1.00,-1.00,0.0,0,0,0,0,0,0,0,0,0,0,0,0
533967_12969_87770_0,436.6,1,2022/10/18 13:00:00,-1.00,-1.00,0.0,0,0,0,0,0,0,0,0,0,0,0,0
533967_12969_87770_0,436.6,1,2022/10/18 13:15:00,-1.00,-1.00,0.0,0,0,0,0,0,0,0,0,0,0,0,0
533967_12969_87770_0,436.6,1,2022/10/18 13:30:00,-1.00,-1.00,0.0,0,0,0,0,0,0,0,0,0,0,0,0
533967_12969_87770_0,436.6,1,2022/10/18 13:45:00,-1.00,-1.00,0.0,0,0,0,0,0,0,0,0,0,0,0,0
533967_12969_87770_0,436.6,1,2022/10/18 14:00:00,-1.00,-1.00,0.0,0,0,0,0,0,0,0,0,0,0,0,0
533967_12969_87770_0,436.6,1,2022/10/18 14:15:00,-1.00,-1.00,0.0,0,0,0,0,0,0,0,0,0,0,0,0
533967_12969_87770_0,436.6,1,2022/10/18 14:30:00,-1.00,-1.00,0.0,0,0,0,0,0,0,0,0,0,0,0,0
533967_12969_87770_0,436.6,1,2022/10/18 14:45:00,-1.00,-1.00,0.0,0,0,0,0,0,0,0,0,0,0,0,0
533967_12969_87770_0,436.6,1,2022/10/18 15:00:00,-1.00,-1.00,0.0,0,0,0,0,0,0,0,0,0,0,0,0
533967_12969_87770_0,436.6,1,2022/10/18 15:15:00,-1.00,-1.00,0.0,0,0,0,0,0,0,0,0,0,0,0,0
533967_12969_87770_0,436.6,1,2022/10/18 15:30:00,-1.00,-1.00,0.0,0,0,0,0,0,0,0,0,0,0,0,0
533967_12969_87770_0,436.6,1,2022/10/18 15:45:00,-1.00,-1.00,0.0,0,0,0,0,0,0,0,0,0,0,0,0
533967_12969_87770_0,436.6,1,2022/10/18 16:00:00,-1.00,-1.00,0.0,0,0,0,0,0,0,0,0,0,0,0,0
533967_12969_87770_0,436.6,1,2022/10/18 16:15:00,-1.00,-1.00,0.0,0,0,0,0,0,0,0,0,0,0,0,0
533967_12969_87770_0,436.6,1,2022/10/18 16:30:00,-1.00,-1.00,0.0,0,0,0,0,0,0,0,0,0,0,0,0
533967_12969_87770_0,436.6,1,2022/10/18 16:45:00,-1.00,-1.00,0.0,0,0,0,0,0,0,0,0,0,0,0,0
533967_12969_87770_0,436.6,1,2022/10/18 17:00:00,-1.00,-1.00,0.0,0,0,0,0,0,0,0,0,0,0,0,0
533967_12969_87770_0,436.6,1,2022/10/18 17:15:00,-1.00,-1.00,0.0,0,0,0,0,0,0,0,0,0,0,0,0
533967_12969_87770_0,436.6,1,2022/10/18 17:30:00,-1.00,-1.00,0.0,0,0,0,0,0,0,0,0,0,0,0,0
533967_12969_87770_0,436.6,1,2022/10/18 17:45:00,-1.00,-1.00,0.0,0,0,0,0,0,0,0,0,0,0,0,0
533967_12969_87770_0,436.6,1,2022/10/18 18:00:00,-1.00,-1.00,0.0,0,0,0,0,0,0,0,0,0,0,0,0
533967_12969_87770_0,436.6,1,2022/10/18 18:15:00,-1.00,-1.00,0.0,0,0,0,0,0,0,0,0,0,0,0,0
533967_12969_87770_0,436.6,1,2022/10/18 18:30:00,-1.00,-1.00,0.0,0,0,0,0,0,0,0,0,0,0,0,0
533967_12969_87770_0,436.6,1,2022/10/18 18:45:00,-1.00,-1.00,0.0,0,0,0,0,0,0,0,0,0,0,0,0
533967_12969_87770_1,439.1,1,2022/10/18 06:30:00,-1.00,-1.00,0.0,0,0,0,0,0,0,0,0,0,0,0,0
533967_12969_87770_1,439.1,1,2022/10/18 06:45:00,-1.00,-1.00,0.0,0,0,0,0,0,0,0,0,0,0,0,0
533967_12969_87770_1,439.1,1,2022/10/18 07:00:00,-1.00,-1.00,0.0,0,0,0,0,0,0,0,0,0,0,0,0
533967_12969_87770_1,439.1,1,2022/10/18 07:15:00,-1.00,-1.00,0.0,0,0,0,0,0,0,0,0,0,0,0,0
533967_12969_87770_1,439.1,1,2022/10/18 07:30:00,-1.00,-1.00,0.0,0,0,0,0,0,0,0,0,0,0,0,0
533967_12969_87770_1,439.1,1,2022/10/18 07:45:00,-1.00,-1.00,0.0,0,0,0,0,0,0,0,0,0,0,0,0
533967_12969_87770_1,439.1,1,2022/10/18 08:00:00,-1.00,-1.00,0.0,0,0,0,0,0,0,0,0,0,0,0,0
533967_12969_87770_1,439.1,1,2022/10/18 08:15:00,-1.00,-1.00,0.0,0,0,0,0,0,0,0,0,0,0,0,0
533967_12969_87770_1,439.1,1,2022/10/18 08:30:00,-1.00,-1.00,0.0,0,0,0,0,0,0,0,0,0,0,0,0
533967_12969_87770_1,439.1,1,2022/10/18 08:45:00,-1.00,-1.00,0.0,0,0,0,0,0,0,0,0,0,0,0,0
533967_12969_87770_1,439.1,1,2022/10/18 09:00:00,-1.00,-1.00,0.0,0,0,0,0,0,0,0,0,0,0,0,0
533967_12969_87770_1,439.1,1,2022/10/18 09:15:00,-1.00,-1.00,0.0,0,0,0,0,0,0,0,0,0,0,0,0
533967_12969_87770_1,439.1,1,2022/10/18 09:30:00,-1.00,-1.00,0.0,0,0,0,0,0,0,0,0,0,0,0,0
533967_12969_87770_1,439.1,1,2022/10/18 09:45:00,-1.00,-1.00,0.0,0,0,0,0,0,0,0,0,0,0,0,0
533967_12969_87770_1,439.1,1,2022/10/18 10:00:00,-1.00,-1.00,0.0,0,0,0,0,0,0,0,0,0,0,0,0
533967_12969_87770_1,439.1,1,2022/10/18 10:15:00,-1.00,-1.00,0.0,0,0,0,0,0,0,0,0,0,0,0,0
533967_12969_87770_1,439.1,1,2022/10/18 10:30:00,-1.00,-1.00,0.0,0,0,0,0,0,0,0,0,0,0,0,0
533967_12969_87770_1,439.1,1,2022/10/18 10:45:00,-1.00,-1.00,0.0,0,0,0,0,0,0,0,0,0,0,0,0
533967_12969_87770_1,439.1,1,2022/10/18 11:00:00,-1.00,-1.00,0.0,0,0,0,0,0,0,0,0,0,0,0,0
533967_12969_87770_1,439.1,1,2022/10/18 11:15:00,-1.00,-1.00,0.0,0,0,0,0,0,0,0,0,0,0,0,0
533967_12969_87770_1,439.1,1,2022/10/18 11:30:00,-1.00,-1.00,0.0,0,0,0,0,0,0,0,0,0,0,0,0
533967_12969_87770_1,439.1,1,2022/10/18 11:45:00,-1.00,-1.00,0.0,0,0,0,0,0,0,0,0,0,0,0,0
533967_12969_87770_1,439.1,1,2022/10/18 12:00:00,-1.00,-1.00,0.0,0,0,0,0,0,0,0,0,0,0,0,0
533967_12969_87770_1,439.1,1,2022/10/18 12:15:00,-1.00,-1.00,0.0,0,0,0,0,0,0,0,0,0,0,0,0
533967_12969_87770_1,439.1,1,2022/10/18 12:30:00,-1.00,-1.00,0.0,0,0,0,0,0,0,0,0,0,0,0,0
533967_12969_87770_1,439.1,1,2022/10/18 12:45:00,-1.00,-1.00,0.0,0,0,0,0,0,0,0,0,0,0,0,0
533967_12969_87770_1,439.1,1,2022/10/18 13:00:00,-1.00,-1.00,0.0,0,0,0,0,0,0,0,0,0,0,0,0
533967_12969_87770_1,439.1,1,2022/10/18 13:15:00,-1.00,-1.00,0.0,0,0,0,0,0,0,0,0,0,0,0,0
533967_12969_87770_1,439.1,1,2022/10/18 13:30:00,-1.00,-1.00,0.0,0,0,0,0,0,0,0,0,0,0,0,0
533967_12969_87770_1,439.1,1,2022/10/18 13:45:00,-1.00,-1.00,0.0,0,0,0,0,0,0,0,0,0,0,0,0
533967_12969_87770_1,439.1,1,2022/10/18 14:00:00,-1.00,-1.00,0.0,0,0,0,0,0,0,0,0,0,0,0,0
533967_12969_87770_1,439.1,1,2022/10/18 14:15:00,-1.00,-1.00,0.0,0,0,0,0,0,0,0,0,0,0,0,0
533967_12969_87770_1,439.1,1,2022/10/18 14:30:00,-1.00,-1.00,0.0,0,0,0,0,0,0,0,0,0,0,0,0
533967_12969_87770_1,439.1,1,2022/10/18 14:45:00,-1.00,-1.00,0.0,0,0,0,0,0,0,0,0,0,0,0,0
533967_12969_87770_1,439.1,1,2022/10/18 15:00:00,-1.00,-1.00,0.0,0,0,0,0,0,0,0,0,0,0,0,0
533967_12969_87770_1,439.1,1,2022/10/18 15:15:00,-1.00,-1.00,0.0,0,0,0,0,0,0,0,0,0,0,0,0
533967_12969_87770_1,439.1,1,2022/10/18 15:30:00,-1.00,-1.00,0.0,0,0,0,0,0,0,0,0,0,0,0,0
533967_12969_87770_1,439.1,1,2022/10/18 15:45:00,-1.00,-1.00,0.0,0,0,0,0,0,0,0,0,0,0,0,0
533967_12969_87770_1,439.1,1,2022/10/18 16:00:00,-1.00,-1.00,0.0,0,0,0,0,0,0,0,0,0,0,0,0
533967_12969_87770_1,439.1,1,2022/10/18 16:15:00,-1.00,-1.00,0.0,0,0,0,0,0,0,0,0,0,0,0,0
533967_12969_87770_1,439.1,1,2022/10/18 16:30:00,-1.00,-1.00,0.0,0,0,0,0,0,0,0,0,0,0,0,0
533967_12969_87770_1,439.1,1,2022/10/18 16:45:00,-1.00,-1.00,0.0,0,0,0,0,0,0,0,0,0,0,0,0
533967_12969_87770_1,439.1,1,2022/10/18 17:00:00,-1.00,-1.00,0.0,0,0,0,0,0,0,0,0,0,0,0,0
533967_12969_87770_1,439.1,1,2022/10/18 17:15:00,-1.00,-1.00,0.0,0,0,0,0,0,0,0,0,0,0,0,0
533967_12969_87770_1,439.1,1,2022/10/18 17:30:00,-1.00,-1.00,0.0,0,0,0,0,0,0,0,0,0,0,0,0
533967_12969_87770_1,439.1,1,2022/10/18 17:45:00,-1.00,-1.00,0.0,0,0,0,0,0,0,0,0,0,0,0,0
533967_12969_87770_1,439.1,1,2022/10/18 18:00:00,-1.00,-1.00,0.0,0,0,0,0,0,0,0,0,0,0,0,0
533967_12969_87770_1,439.1,1,2022/10/18 18:15:00,-1.00,-1.00,0.0,0,0,0,0,0,0,0,0,0,0,0,0
533967_12969_87770_1,439.1,1,2022/10/18 18:30:00,-1.00,-1.00,0.0,0,0,0,0,0,0,0,0,0,0,0,0
533967_12969_87770_1,439.1,1,2022/10/18 18:45:00,-1.00,-1.00,0.0,0,0,0,0,0,0,0,0,0,0,0,0
533967_13107_13108_0,153.4,1,2022/10/18 06:30:00,49.88,11.07,40.0,40,0,40,0,0,0,0,0,0,0,0,0
533967_13107_13108_0,153.4,1,2022/10/18 06:45:00,49.95,11.06,34.0,34,0,34,0,0,0,0,0,0,0,0,0
533967_13107_13108_0,153.4,1,2022/10/18 07:00:00,49.54,11.15,40.0,40,0,40,0,0,0,0,0,0,0,0,0
533967_13107_13108_0,153.4,1,2022/10/18 07:15:00,49.89,11.07,28.0,28,0,28,0,0,0,0,0,0,0,0,0
533967_13107_13108_0,153.4,1,2022/10/18 07:30:00,50.08,11.03,37.0,34,0,31,3,0,0,0,0,0,0,0,0
533967_13107_13108_0,153.4,1,2022/10/18 07:45:00,50.04,11.04,26.0,26,0,26,0,0,0,0,0,0,0,0,0
533967_13107_13108_0,153.4,1,2022/10/18 08:00:00,50.10,11.02,41.0,41,0,41,0,0,0,0,0,0,0,0,0
533967_13107_13108_0,153.4,1,2022/10/18 08:15:00,49.78,11.10,55.0,52,0,49,3,0,0,0,0,0,0,0,0
533967_13107_13108_0,153.4,1,2022/10/18 08:30:00,49.50,11.16,50.0,50,0,50,0,0,0,0,0,0,0,0,0
533967_13107_13108_0,153.4,1,2022/10/18 08:45:00,50.22,11.00,35.0,31,0,27,4,0,0,0,0,0,0,0,0
533967_13107_13108_0,153.4,1,2022/10/18 09:00:00,50.07,11.03,33.0,32,0,31,0,1,0,0,0,0,0,0,0
533967_13107_13108_0,153.4,1,2022/10/18 09:15:00,50.22,11.00,22.0,22,0,22,0,0,0,0,0,0,0,0,0
533967_13107_13108_0,153.4,1,2022/10/18 09:30:00,50.09,11.03,35.0,35,0,35,0,0,0,0,0,0,0,0,0
533967_13107_13108_0,153.4,1,2022/10/18 09:45:00,49.55,11.15,27.0,27,0,27,0,0,0,0,0,0,0,0,0
533967_13107_13108_0,153.4,1,2022/10/18 10:00:00,49.99,11.05,44.0,40,0,36,4,0,0,0,0,0,0,0,0
533967_13107_13108_0,153.4,1,2022/10/18 10:15:00,49.69,11.12,26.0,26,0,26,0,0,0,0,0,0,0,0,0
533967_13107_13108_0,153.4,1,2022/10/18 10:30:00,50.22,11.00,34.0,34,0,34,0,0,0,0,0,0,0,0,0
533967_13107_13108_0,153.4,1,2022/10/18 10:45:00,49.71,11.11,18.0,18,0,18,0,0,0,0,0,0,0,0,0
533967_13107_13108_0,153.4,1,2022/10/18 11:00:00,50.22,11.00,21.0,21,0,21,0,0,0,0,0,0,0,0,0
533967_13107_13108_0,153.4,1,2022/10/18 11:15:00,49.82,11.09,23.0,23,0,23,0,0,0,0,0,0,0,0,0
533967_13107_13108_0,153.4,1,2022/10/18 11:30:00,49.93,11.06,32.0,32,0,32,0,0,0,0,0,0,0,0,0
533967_13107_13108_0,153.4,1,2022/10/18 11:45:00,50.22,11.00,24.0,19,0,14,5,0,0,0,0,0,0,0,0
533967_13107_13108_0,153.4,1,2022/10/18 12:00:00,50.00,11.05,21.0,21,0,21,0,0,0,0,0,0,0,0,0
533967_13107_13108_0,153.4,1,2022/10/18 12:15:00,49.98,11.05,19.0,19,0,19,0,0,0,0,0,0,0,0,0
533967_13107_13108_0,153.4,1,2022/10/18 12:30:00,49.96,11.06,21.0,18,0,15,3,0,0,0,0,0,0,0,0
533967_13107_13108_0,153.4,1,2022/10/18 12:45:00,50.22,11.00,14.0,14,0,14,0,0,0,0,0,0,0,0,0
533967_13107_13108_0,153.4,1,2022/10/18 13:00:00,50.22,11.00,19.0,19,0,19,0,0,0,0,0,0,0,0,0
533967_13107_13108_0,153.4,1,2022/10/18 13:15:00,49.80,11.09,11.0,11,0,11,0,0,0,0,0,0,0,0,0
533967_13107_13108_0,153.4,1,2022/10/18 13:30:00,50.22,11.00,14.0,14,0,14,0,0,0,0,0,0,0,0,0
533967_13107_13108_0,153.4,1,2022/10/18 13:45:00,50.22,11.00,14.0,14,0,14,0,0,0,0,0,0,0,0,0
533967_13107_13108_0,153.4,1,2022/10/18 14:00:00,50.22,11.00,16.0,16,0,16,0,0,0,0,0,0,0,0,0
533967_13107_13108_0,153.4,1,2022/10/18 14:15:00,50.22,11.00,24.0,22,0,20,2,0,0,0,0,0,0,0,0
533967_13107_13108_0,153.4,1,2022/10/18 14:30:00,49.88,11.07,27.0,27,0,27,0,0,0,0,0,0,0,0,0
533967_13107_13108_0,153.4,1,2022/10/18 14:45:00,50.22,11.00,15.0,14,0,13,0,1,0,0,0,0,0,0,0
533967_13107_13108_0,153.4,1,2022/10/18 15:00:00,49.51,11.16,19.0,19,0,19,0,0,0,0,0,0,0,0,0
533967_13107_13108_0,153.4,1,2022/10/18 15:15:00,49.89,11.07,15.0,14,0,13,0,1,0,0,0,0,0,0,0
533967_13107_13108_0,153.4,1,2022/10/18 15:30:00,50.22,11.00,15.0,14,0,13,0,1,0,0,0,0,0,0,0
533967_13107_13108_0,153.4,1,2022/10/18 15:45:00,49.93,11.06,16.0,16,0,16,0,0,0,0,0,0,0,0,0
533967_13107_13108_0,153.4,1,2022/10/18 16:00:00,49.63,11.13,31.0,31,0,31,0,0,0,0,0,0,0,0,0
533967_13107_13108_0,153.4,1,2022/10/18 16:15:00,50.22,11.00,20.0,20,0,20,0,0,0,0,0,0,0,0,0
533967_13107_13108_0,153.4,1,2022/10/18 16:30:00,49.96,11.06,35.0,35,0,35,0,0,0,0,0,0,0,0,0
533967_13107_13108_0,153.4,1,2022/10/18 16:45:00,50.22,11.00,22.0,22,0,22,0,0,0,0,0,0,0,0,0
533967_13107_13108_0,153.4,1,2022/10/18 17:00:00,50.22,11.00,38.0,38,0,38,0,0,0,0,0,0,0,0,0
533967_13107_13108_0,153.4,1,2022/10/18 17:15:00,50.22,11.00,27.0,27,0,27,0,0,0,0,0,0,0,0,0
533967_13107_13108_0,153.4,1,2022/10/18 17:30:00,49.51,11.16,19.0,19,0,19,0,0,0,0,0,0,0,0,0
533967_13107_13108_0,153.4,1,2022/10/18 17:45:00,50.22,11.00,22.0,22,0,22,0,0,0,0,0,0,0,0,0
533967_13107_13108_0,153.4,1,2022/10/18 18:00:00,50.05,11.04,28.0,28,0,28,0,0,0,0,0,0,0,0,0
533967_13107_13108_0,153.4,1,2022/10/18 18:15:00,49.89,11.07,14.0,14,0,14,0,0,0,0,0,0,0,0,0
533967_13107_13108_0,153.4,1,2022/10/18 18:30:00,50.22,11.00,18.0,18,0,18,0,0,0,0,0,0,0,0,0
533967_13107_13108_0,153.4,1,2022/10/18 18:45:00,49.98,11.05,19.0,19,0,19,0,0,0,0,0,0,0,0,0
533967_13107_13108_1,138.9,1,2022/10/18 06:30:00,45.45,11.00,12.0,12,0,12,0,0,0,0,0,0,0,0,0
533967_13107_13108_1,138.9,1,2022/10/18 06:45:00,45.45,11.00,21.0,21,0,21,0,0,0,0,0,0,0,0,0
533967_13107_13108_1,138.9,1,2022/10/18 07:00:00,45.45,11.00,36.0,36,0,36,0,0,0,0,0,0,0,0,0
533967_13107_13108_1,138.9,1,2022/10/18 07:15:00,45.45,11.00,23.0,23,0,23,0,0,0,0,0,0,0,0,0
533967_13107_13108_1,138.9,1,2022/10/18 07:30:00,45.45,11.00,54.0,45,0,36,9,0,0,0,0,0,0,0,0
533967_13107_13108_1,138.9,1,2022/10/18 07:45:00,45.45,11.00,60.0,55,0,50,5,0,0,0,0,0,0,0,0
533967_13107_13108_1,138.9,1,2022/10/18 08:00:00,45.45,11.00,52.0,44,0,36,8,0,0,0,0,0,0,0,0
533967_13107_13108_1,138.9,1,2022/10/18 08:15:00,45.45,11.00,53.0,52,0,51,1,0,0,0,0,0,0,0,0
533967_13107_13108_1,138.9,1,2022/10/18 08:30:00,45.45,11.00,10.0,8,0,6,2,0,0,0,0,0,0,0,0
533967_13107_13108_1,138.9,1,2022/10/18 08:45:00,-1.00,-1.00,0.0,0,0,0,0,0,0,0,0,0,0,0,0
533967_13107_13108_1,138.9,1,2022/10/18 09:00:00,45.45,11.00,3.0,3,0,3,0,0,0,0,0,0,0,0,0
533967_13107_13108_1,138.9,1,2022/10/18 09:15:00,45.45,11.00,10.0,10,0,10,0,0,0,0,0,0,0,0,0
533967_13107_13108_1,138.9,1,2022/10/18 09:30:00,45.45,11.00,40.0,38,0,36,2,0,0,0,0,0,0,0,0
533967_13107_13108_1,138.9,1,2022/10/18 09:45:00,45.45,11.00,19.0,17,0,15,2,0,0,0,0,0,0,0,0
533967_13107_13108_1,138.9,1,2022/10/18 10:00:00,45.45,11.00,30.0,29,0,28,0,1,0,0,0,0,0,0,0
533967_13107_13108_1,138.9,1,2022/10/18 10:15:00,45.45,11.00,14.0,13,0,12,0,1,0,0,0,0,0,0,0
533967_13107_13108_1,138.9,1,2022/10/18 10:30:00,-1.00,-1.00,0.0,0,0,0,0,0,0,0,0,0,0,0,0
533967_13107_13108_1,138.9,1,2022/10/18 10:45:00,45.45,11.00,9.0,9,0,9,0,0,0,0,0,0,0,0,0
533967_13107_13108_1,138.9,1,2022/10/18 11:00:00,45.45,11.00,4.0,4,0,4,0,0,0,0,0,0,0,0,0
533967_13107_13108_1,138.9,1,2022/10/18 11:15:00,45.45,11.00,57.0,57,0,57,0,0,0,0,0,0,0,0,0
533967_13107_13108_1,138.9,1,2022/10/18 11:30:00,45.45,11.00,15.0,15,0,15,0,0,0,0,0,0,0,0,0
533967_13107_13108_1,138.9,1,2022/10/18 11:45:00,45.45,11.00,6.0,6,0,6,0,0,0,0,0,0,0,0,0
533967_13107_13108_1,138.9,1,2022/10/18 12:00:00,45.45,11.00,10.0,10,0,10,0,0,0,0,0,0,0,0,0
533967_13107_13108_1,138.9,1,2022/10/18 12:15:00,45.45,11.00,2.0,1,0,0,1,0,0,0,0,0,0,0,0
533967_13107_13108_1,138.9,1,2022/10/18 12:30:00,45.45,11.00,22.0,21,0,20,1,0,0,0,0,0,0,0,0
533967_13107_13108_1,138.9,1,2022/10/18 12:45:00,45.45,11.00,18.0,18,0,18,0,0,0,0,0,0,0,0,0
533967_13107_13108_1,138.9,1,2022/10/18 13:00:00,45.45,11.00,12.0,12,0,12,0,0,0,0,0,0,0,0,0
533967_13107_13108_1,138.9,1,2022/10/18 13:15:00,45.45,11.00,3.0,3,0,3,0,0,0,0,0,0,0,0,0
533967_13107_13108_1,138.9,1,2022/10/18 13:30:00,45.45,11.00,48.0,48,0,48,0,0,0,0,0,0,0,0,0
533967_13107_13108_1,138.9,1,2022/10/18 13:45:00,45.45,11.00,28.0,28,0,28,0,0,0,0,0,0,0,0,0
533967_13107_13108_1,138.9,1,2022/10/18 14:00:00,45.45,11.00,20.0,20,0,20,0,0,0,0,0,0,0,0,0
533967_13107_13108_1,138.9,1,2022/10/18 14:15:00,45.45,11.00,1.0,1,0,1,0,0,0,0,0,0,0,0,0
533967_13107_13108_1,138.9,1,2022/10/18 14:30:00,-1.00,-1.00,0.0,0,0,0,0,0,0,0,0,0,0,0,0
533967_13107_13108_1,138.9,1,2022/10/18 14:45:00,45.45,11.00,18.0,9,0,0,9,0,0,0,0,0,0,0,0
533967_13107_13108_1,138.9,1,2022/10/18 15:00:00,45.45,11.00,17.0,15,0,13,2,0,0,0,0,0,0,0,0
533967_13107_13108_1,138.9,1,2022/10/18 15:15:00,45.45,11.00,11.0,8,0,5,3,0,0,0,0,0,0,0,0
533967_13107_13108_1,138.9,1,2022/10/18 15:30:00,45.45,11.00,8.0,4,0,0,4,0,0,0,0,0,0,0,0
533967_13107_13108_1,138.9,1,2022/10/18 15:45:00,45.45,11.00,15.0,14,0,13,1,0,0,0,0,0,0,0,0
533967_13107_13108_1,138.9,1,2022/10/18 16:00:00,45.45,11.00,28.0,20,0,12,8,0,0,0,0,0,0,0,0
533967_13107_13108_1,138.9,1,2022/10/18 16:15:00,45.45,11.00,18.0,14,0,10,4,0,0,0,0,0,0,0,0
533967_13107_13108_1,138.9,1,2022/10/18 16:30:00,45.45,11.00,10.0,10,0,10,0,0,0,0,0,0,0,0,0
533967_13107_13108_1,138.9,1,2022/10/18 16:45:00,45.45,11.00,15.0,12,0,9,0,3,0,0,0,0,0,0,0
533967_13107_13108_1,138.9,1,2022/10/18 17:00:00,45.45,11.00,19.0,18,0,17,0,1,0,0,0,0,0,0,0
533967_13107_13108_1,138.9,1,2022/10/18 17:15:00,45.45,11.00,22.0,22,0,22,0,0,0,0,0,0,0,0,0
533967_13107_13108_1,138.9,1,2022/10/18 17:30:00,45.45,11.00,50.0,50,0,50,0,0,0,0,0,0,0,0,0
533967_13107_13108_1,138.9,1,2022/10/18 17:45:00,45.45,11.00,27.0,27,0,27,0,0,0,0,0,0,0,0,0
533967_13107_13108_1,138.9,1,2022/10/18 18:00:00,45.45,11.00,18.0,18,0,18,0,0,0,0,0,0,0,0,0
533967_13107_13108_1,138.9,1,2022/10/18 18:15:00,45.45,11.00,15.0,15,0,15,0,0,0,0,0,0,0,0,0
533967_13107_13108_1,138.9,1,2022/10/18 18:30:00,45.45,11.00,30.0,30,0,30,0,0,0,0,0,0,0,0,0
533967_13107_13108_1,138.9,1,2022/10/18 18:45:00,45.45,11.00,38.0,38,0,38,0,0,0,0,0,0,0,0,0
533967_13308_88665_0,50.0,1,2022/10/18 06:30:00,-1.00,-1.00,0.0,0,0,0,0,0,0,0,0,0,0,0,0
533967_13308_88665_0,50.0,1,2022/10/18 06:45:00,-1.00,-1.00,0.0,0,0,0,0,0,0,0,0,0,0,0,0
533967_13308_88665_0,50.0,1,2022/10/18 07:00:00,-1.00,-1.00,0.0,0,0,0,0,0,0,0,0,0,0,0,0
533967_13308_88665_0,50.0,1,2022/10/18 07:15:00,-1.00,-1.00,0.0,0,0,0,0,0,0,0,0,0,0,0,0
533967_13308_88665_0,50.0,1,2022/10/18 07:30:00,-1.00,-1.00,0.0,0,0,0,0,0,0,0,0,0,0,0,0
533967_13308_88665_0,50.0,1,2022/10/18 07:45:00,-1.00,-1.00,0.0,0,0,0,0,0,0,0,0,0,0,0,0
533967_13308_88665_0,50.0,1,2022/10/18 08:00:00,-1.00,-1.00,0.0,0,0,0,0,0,0,0,0,0,0,0,0
533967_13308_88665_0,50.0,1,2022/10/18 08:15:00,-1.00,-1.00,0.0,0,0,0,0,0,0,0,0,0,0,0,0
533967_13308_88665_0,50.0,1,2022/10/18 08:30:00,-1.00,-1.00,0.0,0,0,0,0,0,0,0,0,0,0,0,0
533967_13308_88665_0,50.0,1,2022/10/18 08:45:00,-1.00,-1.00,0.0,0,0,0,0,0,0,0,0,0,0,0,0
533967_13308_88665_0,50.0,1,2022/10/18 09:00:00,-1.00,-1.00,0.0,0,0,0,0,0,0,0,0,0,0,0,0
533967_13308_88665_0,50.0,1,2022/10/18 09:15:00,-1.00,-1.00,0.0,0,0,0,0,0,0,0,0,0,0,0,0
533967_13308_88665_0,50.0,1,2022/10/18 09:30:00,-1.00,-1.00,0.0,0,0,0,0,0,0,0,0,0,0,0,0
533967_13308_88665_0,50.0,1,2022/10/18 09:45:00,-1.00,-1.00,0.0,0,0,0,0,0,0,0,0,0,0,0,0
533967_13308_88665_0,50.0,1,2022/10/18 10:00:00,-1.00,-1.00,0.0,0,0,0,0,0,0,0,0,0,0,0,0
533967_13308_88665_0,50.0,1,2022/10/18 10:15:00,-1.00,-1.00,0.0,0,0,0,0,0,0,0,0,0,0,0,0
533967_13308_88665_0,50.0,1,2022/10/18 10:30:00,-1.00,-1.00,0.0,0,0,0,0,0,0,0,0,0,0,0,0
533967_13308_88665_0,50.0,1,2022/10/18 10:45:00,-1.00,-1.00,0.0,0,0,0,0,0,0,0,0,0,0,0,0
533967_13308_88665_0,50.0,1,2022/10/18 11:00:00,-1.00,-1.00,0.0,0,0,0,0,0,0,0,0,0,0,0,0
533967_13308_88665_0,50.0,1,2022/10/18 11:15:00,-1.00,-1.00,0.0,0,0,0,0,0,0,0,0,0,0,0,0
533967_13308_88665_0,50.0,1,2022/10/18 11:30:00,-1.00,-1.00,0.0,0,0,0,0,0,0,0,0,0,0,0,0
533967_13308_88665_0,50.0,1,2022/10/18 11:45:00,-1.00,-1.00,0.0,0,0,0,0,0,0,0,0,0,0,0,0
533967_13308_88665_0,50.0,1,2022/10/18 12:00:00,-1.00,-1.00,0.0,0,0,0,0,0,0,0,0,0,0,0,0
533967_13308_88665_0,50.0,1,2022/10/18 12:15:00,-1.00,-1.00,0.0,0,0,0,0,0,0,0,0,0,0,0,0
533967_13308_88665_0,50.0,1,2022/10/18 12:30:00,-1.00,-1.00,0.0,0,0,0,0,0,0,0,0,0,0,0,0
533967_13308_88665_0,50.0,1,2022/10/18 12:45:00,-1.00,-1.00,0.0,0,0,0,0,0,0,0,0,0,0,0,0
533967_13308_88665_0,50.0,1,2022/10/18 13:00:00,-1.00,-1.00,0.0,0,0,0,0,0,0,0,0,0,0,0,0
533967_13308_88665_0,50.0,1,2022/10/18 13:15:00,-1.00,-1.00,0.0,0,0,0,0,0,0,0,0,0,0,0,0
533967_13308_88665_0,50.0,1,2022/10/18 13:30:00,-1.00,-1.00,0.0,0,0,0,0,0,0,0,0,0,0,0,0
533967_13308_88665_0,50.0,1,2022/10/18 13:45:00,-1.00,-1.00,0.0,0,0,0,0,0,0,0,0,0,0,0,0
533967_13308_88665_0,50.0,1,2022/10/18 14:00:00,-1.00,-1.00,0.0,0,0,0,0,0,0,0,0,0,0,0,0
533967_13308_88665_0,50.0,1,2022/10/18 14:15:00,-1.00,-1.00,0.0,0,0,0,0,0,0,0,0,0,0,0,0
533967_13308_88665_0,50.0,1,2022/10/18 14:30:00,-1.00,-1.00,0.0,0,0,0,0,0,0,0,0,0,0,0,0
533967_13308_88665_0,50.0,1,2022/10/18 14:45:00,-1.00,-1.00,0.0,0,0,0,0,0,0,0,0,0,0,0,0
533967_13308_88665_0,50.0,1,2022/10/18 15:00:00,-1.00,-1.00,0.0,0,0,0,0,0,0,0,0,0,0,0,0
533967_13308_88665_0,50.0,1,2022/10/18 15:15:00,-1.00,-1.00,0.0,0,0,0,0,0,0,0,0,0,0,0,0
533967_13308_88665_0,50.0,1,2022/10/18 15:30:00,-1.00,-1.00,0.0,0,0,0,0,0,0,0,0,0,0,0,0
533967_13308_88665_0,50.0,1,2022/10/18 15:45:00,-1.00,-1.00,0.0,0,0,0,0,0,0,0,0,0,0,0,0
533967_13308_88665_0,50.0,1,2022/10/18 16:00:00,-1.00,-1.00,0.0,0,0,0,0,0,0,0,0,0,0,0,0
533967_13308_88665_0,50.0,1,2022/10/18 16:15:00,-1.00,-1.00,0.0,0,0,0,0,0,0,0,0,0,0,0,0
533967_13308_88665_0,50.0,1,2022/10/18 16:30:00,-1.00,-1.00,0.0,0,0,0,0,0,0,0,0,0,0,0,0
533967_13308_88665_0,50.0,1,2022/10/18 16:45:00,-1.00,-1.00,0.0,0,0,0,0,0,0,0,0,0,0,0,0
533967_13308_88665_0,50.0,1,2022/10/18 17:00:00,-1.00,-1.00,0.0,0,0,0,0,0,0,0,0,0,0,0,0
533967_13308_88665_0,50.0,1,2022/10/18 17:15:00,-1.00,-1.00,0.0,0,0,0,0,0,0,0,0,0,0,0,0
533967_13308_88665_0,50.0,1,2022/10/18 17:30:00,-1.00,-1.00,0.0,0,0,0,0,0,0,0,0,0,0,0,0
533967_13308_88665_0,50.0,1,2022/10/18 17:45:00,-1.00,-1.00,0.0,0,0,0,0,0,0,0,0,0,0,0,0
533967_13308_88665_0,50.0,1,2022/10/18 18:00:00,-1.00,-1.00,0.0,0,0,0,0,0,0,0,0,0,0,0,0
533967_13308_88665_0,50.0,1,2022/10/18 18:15:00,-1.00,-1.00,0.0,0,0,0,0,0,0,0,0,0,0,0,0
533967_13308_88665_0,50.0,1,2022/10/18 18:30:00,-1.00,-1.00,0.0,0,0,0,0,0,0,0,0,0,0,0,0
533967_13308_88665_0,50.0,1,2022/10/18 18:45:00,-1.00,-1.00,0.0,0,0,0,0,0,0,0,0,0,0,0,0
533967_13308_88665_1,57.7,1,2022/10/18 06:30:00,-1.00,-1.00,0.0,0,0,0,0,0,0,0,0,0,0,0,0
533967_13308_88665_1,57.7,1,2022/10/18 06:45:00,-1.00,-1.00,0.0,0,0,0,0,0,0,0,0,0,0,0,0
533967_13308_88665_1,57.7,1,2022/10/18 07:00:00,-1.00,-1.00,0.0,0,0,0,0,0,0,0,0,0,0,0,0
533967_13308_88665_1,57.7,1,2022/10/18 07:15:00,-1.00,-1.00,0.0,0,0,0,0,0,0,0,0,0,0,0,0
533967_13308_88665_1,57.7,1,2022/10/18 07:30:00,-1.00,-1.00,0.0,0,0,0,0,0,0,0,0,0,0,0,0
533967_13308_88665_1,57.7,1,2022/10/18 07:45:00,-1.00,-1.00,0.0,0,0,0,0,0,0,0,0,0,0,0,0
533967_13308_88665_1,57.7,1,2022/10/18 08:00:00,-1.00,-1.00,0.0,0,0,0,0,0,0,0,0,0,0,0,0
533967_13308_88665_1,57.7,1,2022/10/18 08:15:00,-1.00,-1.00,0.0,0,0,0,0,0,0,0,0,0,0,0,0
533967_13308_88665_1,57.7,1,2022/10/18 08:30:00,-1.00,-1.00,0.0,0,0,0,0,0,0,0,0,0,0,0,0
533967_13308_88665_1,57.7,1,2022/10/18 08:45:00,-1.00,-1.00,0.0,0,0,0,0,0,0,0,0,0,0,0,0
533967_13308_88665_1,57.7,1,2022/10/18 09:00:00,-1.00,-1.00,0.0,0,0,0,0,0,0,0,0,0,0,0,0
533967_13308_88665_1,57.7,1,2022/10/18 09:15:00,-1.00,-1.00,0.0,0,0,0,0,0,0,0,0,0,0,0,0
533967_13308_88665_1,57.7,1,2022/10/18 09:30:00,-1.00,-1.00,0.0,0,0,0,0,0,0,0,0,0,0,0,0
533967_13308_88665_1,57.7,1,2022/10/18 09:45:00,-1.00,-1.00,0.0,0,0,0,0,0,0,0,0,0,0,0,0
533967_13308_88665_1,57.7,1,2022/10/18 10:00:00,-1.00,-1.00,0.0,0,0,0,0,0,0,0,0,0,0,0,0
533967_13308_88665_1,57.7,1,2022/10/18 10:15:00,-1.00,-1.00,0.0,0,0,0,0,0,0,0,0,0,0,0,0
533967_13308_88665_1,57.7,1,2022/10/18 10:30:00,-1.00,-1.00,0.0,0,0,0,0,0,0,0,0,0,0,0,0
533967_13308_88665_1,57.7,1,2022/10/18 10:45:00,-1.00,-1.00,0.0,0,0,0,0,0,0,0,0,0,0,0,0
533967_13308_88665_1,57.7,1,2022/10/18 11:00:00,-1.00,-1.00,0.0,0,0,0,0,0,0,0,0,0,0,0,0
533967_13308_88665_1,57.7,1,2022/10/18 11:15:00,-1.00,-1.00,0.0,0,0,0,0,0,0,0,0,0,0,0,0
533967_13308_88665_1,57.7,1,2022/10/18 11:30:00,-1.00,-1.00,0.0,0,0,0,0,0,0,0,0,0,0,0,0
533967_13308_88665_1,57.7,1,2022/10/18 11:45:00,-1.00,-1.00,0.0,0,0,0,0,0,0,0,0,0,0,0,0
533967_13308_88665_1,57.7,1,2022/10/18 12:00:00,-1.00,-1.00,0.0,0,0,0,0,0,0,0,0,0,0,0,0
533967_13308_88665_1,57.7,1,2022/10/18 12:15:00,-1.00,-1.00,0.0,0,0,0,0,0,0,0,0,0,0,0,0
533967_13308_88665_1,57.7,1,2022/10/18 12:30:00,-1.00,-1.00,0.0,0,0,0,0,0,0,0,0,0,0,0,0
533967_13308_88665_1,57.7,1,2022/10/18 12:45:00,-1.00,-1.00,0.0,0,0,0,0,0,0,0,0,0,0,0,0
533967_13308_88665_1,57.7,1,2022/10/18 13:00:00,-1.00,-1.00,0.0,0,0,0,0,0,0,0,0,0,0,0,0
533967_13308_88665_1,57.7,1,2022/10/18 13:15:00,-1.00,-1.00,0.0,0,0,0,0,0,0,0,0,0,0,0,0
533967_13308_88665_1,57.7,1,2022/10/18 13:30:00,-1.00,-1.00,0.0,0,0,0,0,0,0,0,0,0,0,0,0
533967_13308_88665_1,57.7,1,2022/10/18 13:45:00,-1.00,-1.00,0.0,0,0,0,0,0,0,0,0,0,0,0,0
533967_13308_88665_1,57.7,1,2022/10/18 14:00:00,-1.00,-1.00,0.0,0,0,0,0,0,0,0,0,0,0,0,0
533967_13308_88665_1,57.7,1,2022/10/18 14:15:00,-1.00,-1.00,0.0,0,0,0,0,0,0,0,0,0,0,0,0
533967_13308_88665_1,57.7,1,2022/10/18 14:30:00,-1.00,-1.00,0.0,0,0,0,0,0,0,0,0,0,0,0,0
533967_13308_88665_1,57.7,1,2022/10/18 14:45:00,-1.00,-1.00,0.0,0,0,0,0,0,0,0,0,0,0,0,0
533967_13308_88665_1,57.7,1,2022/10/18 15:00:00,-1.00,-1.00,0.0,0,0,0,0,0,0,0,0,0,0,0,0
533967_13308_88665_1,57.7,1,2022/10/18 15:15:00,-1.00,-1.00,0.0,0,0,0,0,0,0,0,0,0,0,0,0
533967_13308_88665_1,57.7,1,2022/10/18 15:30:00,-1.00,-1.00,0.0,0,0,0,0,0,0,0,0,0,0,0,0
533967_13308_88665_1,57.7,1,2022/10/18 15:45:00,-1.00,-1.00,0.0,0,0,0,0,0,0,0,0,0,0,0,0
533967_13308_88665_1,57.7,1,2022/10/18 16:00:00,-1.00,-1.00,0.0,0,0,0,0,0,0,0,0,0,0,0,0
533967_13308_88665_1,57.7,1,2022/10/18 16:15:00,-1.00,-1.00,0.0,0,0,0,0,0,0,0,0,0,0,0,0
533967_13308_88665_1,57.7,1,2022/10/18 16:30:00,-1.00,-1.00,0.0,0,0,0,0,0,0,0,0,0,0,0,0
533967_13308_88665_1,57.7,1,2022/10/18 16:45:00,-1.00,-1.00,0.0,0,0,0,0,0,0,0,0,0,0,0,0
533967_13308_88665_1,57.7,1,2022/10/18 17:00:00,-1.00,-1.00,0.0,0,0,0,0,0,0,0,0,0,0,0,0
533967_13308_88665_1,57.7,1,2022/10/18 17:15:00,-1.00,-1.00,0.0,0,0,0,0,0,0,0,0,0,0,0,0
533967_13308_88665_1,57.7,1,2022/10/18 17:30:00,-1.00,-1.00,0.0,0,0,0,0,0,0,0,0,0,0,0,0
533967_13308_88665_1,57.7,1,2022/10/18 17:45:00,-1.00,-1.00,0.0,0,0,0,0,0,0,0,0,0,0,0,0
533967_13308_88665_1,57.7,1,2022/10/18 18:00:00,-1.00,-1.00,0.0,0,0,0,0,0,0,0,0,0,0,0,0
533967_13308_88665_1,57.7,1,2022/10/18 18:15:00,-1.00,-1.00,0.0,0,0,0,0,0,0,0,0,0,0,0,0
533967_13308_88665_1,57.7,1,2022/10/18 18:30:00,-1.00,-1.00,0.0,0,0,0,0,0,0,0,0,0,0,0,0
533967_13308_88665_1,57.7,1,2022/10/18 18:45:00,-1.00,-1.00,0.0,0,0,0,0,0,0,0,0,0,0,0,0
533967_13715_72472_0,105.6,1,2022/10/18 06:30:00,-1.00,-1.00,0.0,0,0,0,0,0,0,0,0,0,0,0,0
533967_13715_72472_0,105.6,1,2022/10/18 06:45:00,-1.00,-1.00,0.0,0,0,0,0,0,0,0,0,0,0,0,0
533967_13715_72472_0,105.6,1,2022/10/18 07:00:00,-1.00,-1.00,0.0,0,0,0,0,0,0,0,0,0,0,0,0
533967_13715_72472_0,105.6,1,2022/10/18 07:15:00,-1.00,-1.00,0.0,0,0,0,0,0,0,0,0,0,0,0,0
533967_13715_72472_0,105.6,1,2022/10/18 07:30:00,-1.00,-1.00,0.0,0,0,0,0,0,0,0,0,0,0,0,0
533967_13715_72472_0,105.6,1,2022/10/18 07:45:00,-1.00,-1.00,0.0,0,0,0,0,0,0,0,0,0,0,0,0
533967_13715_72472_0,105.6,1,2022/10/18 08:00:00,-1.00,-1.00,0.0,0,0,0,0,0,0,0,0,0,0,0,0
533967_13715_72472_0,105.6,1,2022/10/18 08:15:00,-1.00,-1.00,0.0,0,0,0,0,0,0,0,0,0,0,0,0
533967_13715_72472_0,105.6,1,2022/10/18 08:30:00,-1.00,-1.00,0.0,0,0,0,0,0,0,0,0,0,0,0,0
533967_13715_72472_0,105.6,1,2022/10/18 08:45:00,-1.00,-1.00,0.0,0,0,0,0,0,0,0,0,0,0,0,0
533967_13715_72472_0,105.6,1,2022/10/18 09:00:00,-1.00,-1.00,0.0,0,0,0,0,0,0,0,0,0,0,0,0
533967_13715_72472_0,105.6,1,2022/10/18 09:15:00,-1.00,-1.00,0.0,0,0,0,0,0,0,0,0,0,0,0,0
533967_13715_72472_0,105.6,1,2022/10/18 09:30:00,-1.00,-1.00,0.0,0,0,0,0,0,0,0,0,0,0,0,0
533967_13715_72472_0,105.6,1,2022/10/18 09:45:00,-1.00,-1.00,0.0,0,0,0,0,0,0,0,0,0,0,0,0
533967_13715_72472_0,105.6,1,2022/10/18 10:00:00,-1.00,-1.00,0.0,0,0,0,0,0,0,0,0,0,0,0,0
533967_13715_72472_0,105.6,1,2022/10/18 10:15:00,-1.00,-1.00,0.0,0,0,0,0,0,0,0,0,0,0,0,0
533967_13715_72472_0,105.6,1,2022/10/18 10:30:00,-1.00,-1.00,0.0,0,0,0,0,0,0,0,0,0,0,0,0
533967_13715_72472_0,105.6,1,2022/10/18 10:45:00,-1.00,-1.00,0.0,0,0,0,0,0,0,0,0,0,0,0,0
533967_13715_72472_0,105.6,1,2022/10/18 11:00:00,-1.00,-1.00,0.0,0,0,0,0,0,0,0,0,0,0,0,0
533967_13715_72472_0,105.6,1,2022/10/18 11:15:00,-1.00,-1.00,0.0,0,0,0,0,0,0,0,0,0,0,0,0
533967_13715_72472_0,105.6,1,2022/10/18 11:30:00,-1.00,-1.00,0.0,0,0,0,0,0,0,0,0,0,0,0,0
533967_13715_72472_0,105.6,1,2022/10/18 11:45:00,-1.00,-1.00,0.0,0,0,0,0,0,0,0,0,0,0,0,0
533967_13715_72472_0,105.6,1,2022/10/18 12:00:00,-1.00,-1.00,0.0,0,0,0,0,0,0,0,0,0,0,0,0
533967_13715_72472_0,105.6,1,2022/10/18 12:15:00,-1.00,-1.00,0.0,0,0,0,0,0,0,0,0,0,0,0,0
533967_13715_72472_0,105.6,1,2022/10/18 12:30:00,-1.00,-1.00,0.0,0,0,0,0,0,0,0,0,0,0,0,0
533967_13715_72472_0,105.6,1,2022/10/18 12:45:00,-1.00,-1.00,0.0,0,0,0,0,0,0,0,0,0,0,0,0
533967_13715_72472_0,105.6,1,2022/10/18 13:00:00,-1.00,-1.00,0.0,0,0,0,0,0,0,0,0,0,0,0,0
533967_13715_72472_0,105.6,1,2022/10/18 13:15:00,-1.00,-1.00,0.0,0,0,0,0,0,0,0,0,0,0,0,0
533967_13715_72472_0,105.6,1,2022/10/18 13:30:00,-1.00,-1.00,0.0,0,0,0,0,0,0,0,0,0,0,0,0
533967_13715_72472_0,105.6,1,2022/10/18 13:45:00,-1.00,-1.00,0.0,0,0,0,0,0,0,0,0,0,0,0,0
533967_13715_72472_0,105.6,1,2022/10/18 14:00:00,-1.00,-1.00,0.0,0,0,0,0,0,0,0,0,0,0,0,0
533967_13715_72472_0,105.6,1,2022/10/18 14:15:00,-1.00,-1.00,0.0,0,0,0,0,0,0,0,0,0,0,0,0
533967_13715_72472_0,105.6,1,2022/10/18 14:30:00,-1.00,-1.00,0.0,0,0,0,0,0,0,0,0,0,0,0,0
533967_13715_72472_0,105.6,1,2022/10/18 14:45:00,-1.00,-1.00,0.0,0,0,0,0,0,0,0,0,0,0,0,0
533967_13715_72472_0,105.6,1,2022/10/18 15:00:00,-1.00,-1.00,0.0,0,0,0,0,0,0,0,0,0,0,0,0
533967_13715_72472_0,105.6,1,2022/10/18 15:15:00,-1.00,-1.00,0.0,0,0,0,0,0,0,0,0,0,0,0,0
533967_13715_72472_0,105.6,1,2022/10/18 15:30:00,-1.00,-1.00,0.0,0,0,0,0,0,0,0,0,0,0,0,0
533967_13715_72472_0,105.6,1,2022/10/18 15:45:00,-1.00,-1.00,0.0,0,0,0,0,0,0,0,0,0,0,0,0
533967_13715_72472_0,105.6,1,2022/10/18 16:00:00,-1.00,-1.00,0.0,0,0,0,0,0,0,0,0,0,0,0,0
533967_13715_72472_0,105.6,1,2022/10/18 16:15:00,-1.00,-1.00,0.0,0,0,0,0,0,0,0,0,0,0,0,0
533967_13715_72472_0,105.6,1,2022/10/18 16:30:00,-1.00,-1.00,0.0,0,0,0,0,0,0,0,0,0,0,0,0
533967_13715_72472_0,105.6,1,2022/10/18 16:45:00,-1.00,-1.00,0.0,0,0,0,0,0,0,0,0,0,0,0,0
533967_13715_72472_0,105.6,1,2022/10/18 17:00:00,-1.00,-1.00,0.0,0,0,0,0,0,0,0,0,0,0,0,0
533967_13715_72472_0,105.6,1,2022/10/18 17:15:00,-1.00,-1.00,0.0,0,0,0,0,0,0,0,0,0,0,0,0
533967_13715_72472_0,105.6,1,2022/10/18 17:30:00,-1.00,-1.00,0.0,0,0,0,0,0,0,0,0,0,0,0,0
533967_13715_72472_0,105.6,1,2022/10/18 17:45:00,-1.00,-1.00,0.0,0,0,0,0,0,0,0,0,0,0,0,0
533967_13715_72472_0,105.6,1,2022/10/18 18:00:00,-1.00,-1.00,0.0,0,0,0,0,0,0,0,0,0,0,0,0
533967_13715_72472_0,105.6,1,2022/10/18 18:15:00,-1.00,-1.00,0.0,0,0,0,0,0,0,0,0,0,0,0,0
533967_13715_72472_0,105.6,1,2022/10/18 18:30:00,-1.00,-1.00,0.0,0,0,0,0,0,0,0,0,0,0,0,0
533967_13715_72472_0,105.6,1,2022/10/18 18:45:00,-1.00,-1.00,0.0,0,0,0,0,0,0,0,0,0,0,0,0
533967_13715_72472_1,113.1,1,2022/10/18 06:30:00,-1.00,-1.00,0.0,0,0,0,0,0,0,0,0,0,0,0,0
533967_13715_72472_1,113.1,1,2022/10/18 06:45:00,-1.00,-1.00,0.0,0,0,0,0,0,0,0,0,0,0,0,0
533967_13715_72472_1,113.1,1,2022/10/18 07:00:00,-1.00,-1.00,0.0,0,0,0,0,0,0,0,0,0,0,0,0
533967_13715_72472_1,113.1,1,2022/10/18 07:15:00,-1.00,-1.00,0.0,0,0,0,0,0,0,0,0,0,0,0,0
533967_13715_72472_1,113.1,1,2022/10/18 07:30:00,-1.00,-1.00,0.0,0,0,0,0,0,0,0,0,0,0,0,0
533967_13715_72472_1,113.1,1,2022/10/18 07:45:00,-1.00,-1.00,0.0,0,0,0,0,0,0,0,0,0,0,0,0
533967_13715_72472_1,113.1,1,2022/10/18 08:00:00,-1.00,-1.00,0.0,0,0,0,0,0,0,0,0,0,0,0,0
533967_13715_72472_1,113.1,1,2022/10/18 08:15:00,-1.00,-1.00,0.0,0,0,0,0,0,0,0,0,0,0,0,0
533967_13715_72472_1,113.1,1,2022/10/18 08:30:00,-1.00,-1.00,0.0,0,0,0,0,0,0,0,0,0,0,0,0
533967_13715_72472_1,113.1,1,2022/10/18 08:45:00,-1.00,-1.00,0.0,0,0,0,0,0,0,0,0,0,0,0,0
533967_13715_72472_1,113.1,1,2022/10/18 09:00:00,-1.00,-1.00,0.0,0,0,0,0,0,0,0,0,0,0,0,0
533967_13715_72472_1,113.1,1,2022/10/18 09:15:00,-1.00,-1.00,0.0,0,0,0,0,0,0,0,0,0,0,0,0
533967_13715_72472_1,113.1,1,2022/10/18 09:30:00,-1.00,-1.00,0.0,0,0,0,0,0,0,0,0,0,0,0,0
533967_13715_72472_1,113.1,1,2022/10/18 09:45:00,-1.00,-1.00,0.0,0,0,0,0,0,0,0,0,0,0,0,0
533967_13715_72472_1,113.1,1,2022/10/18 10:00:00,-1.00,-1.00,0.0,0,0,0,0,0,0,0,0,0,0,0,0
533967_13715_72472_1,113.1,1,2022/10/18 10:15:00,-1.00,-1.00,0.0,0,0,0,0,0,0,0,0,0,0,0,0
533967_13715_72472_1,113.1,1,2022/10/18 10:30:00,-1.00,-1.00,0.0,0,0,0,0,0,0,0,0,0,0,0,0
533967_13715_72472_1,113.1,1,2022/10/18 10:45:00,-1.00,-1.00,0.0,0,0,0,0,0,0,0,0,0,0,0,0
533967_13715_72472_1,113.1,1,2022/10/18 11:00:00,-1.00,-1.00,0.0,0,0,0,0,0,0,0,0,0,0,0,0
533967_13715_72472_1,113.1,1,2022/10/18 11:15:00,-1.00,-1.00,0.0,0,0,0,0,0,0,0,0,0,0,0,0
533967_13715_72472_1,113.1,1,2022/10/18 11:30:00,-1.00,-1.00,0.0,0,0,0,0,0,0,0,0,0,0,0,0
533967_13715_72472_1,113.1,1,2022/10/18 11:45:00,-1.00,-1.00,0.0,0,0,0,0,0,0,0,0,0,0,0,0
533967_13715_72472_1,113.1,1,2022/10/18 12:00:00,-1.00,-1.00,0.0,0,0,0,0,0,0,0,0,0,0,0,0
533967_13715_72472_1,113.1,1,2022/10/18 12:15:00,-1.00,-1.00,0.0,0,0,0,0,0,0,0,0,0,0,0,0
533967_13715_72472_1,113.1,1,2022/10/18 12:30:00,-1.00,-1.00,0.0,0,0,0,0,0,0,0,0,0,0,0,0
533967_13715_72472_1,113.1,1,2022/10/18 12:45:00,-1.00,-1.00,0.0,0,0,0,0,0,0,0,0,0,0,0,0
533967_13715_72472_1,113.1,1,2022/10/18 13:00:00,-1.00,-1.00,0.0,0,0,0,0,0,0,0,0,0,0,0,0
533967_13715_72472_1,113.1,1,2022/10/18 13:15:00,-1.00,-1.00,0.0,0,0,0,0,0,0,0,0,0,0,0,0
533967_13715_72472_1,113.1,1,2022/10/18 13:30:00,-1.00,-1.00,0.0,0,0,0,0,0,0,0,0,0,0,0,0
533967_13715_72472_1,113.1,1,2022/10/18 13:45:00,-1.00,-1.00,0.0,0,0,0,0,0,0,0,0,0,0,0,0
533967_13715_72472_1,113.1,1,2022/10/18 14:00:00,-1.00,-1.00,0.0,0,0,0,0,0,0,0,0,0,0,0,0
533967_13715_72472_1,113.1,1,2022/10/18 14:15:00,-1.00,-1.00,0.0,0,0,0,0,0,0,0,0,0,0,0,0
533967_13715_72472_1,113.1,1,2022/10/18 14:30:00,-1.00,-1.00,0.0,0,0,0,0,0,0,0,0,0,0,0,0
533967_13715_72472_1,113.1,1,2022/10/18 14:45:00,-1.00,-1.00,0.0,0,0,0,0,0,0,0,0,0,0,0,0
533967_13715_72472_1,113.1,1,2022/10/18 15:00:00,-1.00,-1.00,0.0,0,0,0,0,0,0,0,0,0,0,0,0
533967_13715_72472_1,113.1,1,2022/10/18 15:15:00,-1.00,-1.00,0.0,0,0,0,0,0,0,0,0,0,0,0,0
533967_13715_72472_1,113.1,1,2022/10/18 15:30:00,-1.00,-1.00,0.0,0,0,0,0,0,0,0,0,0,0,0,0
533967_13715_72472_1,113.1,1,2022/10/18 15:45:00,-1.00,-1.00,0.0,0,0,0,0,0,0,0,0,0,0,0,0
533967_13715_72472_1,113.1,1,2022/10/18 16:00:00,-1.00,-1.00,0.0,0,0,0,0,0,0,0,0,0,0,0,0
533967_13715_72472_1,113.1,1,2022/10/18 16:15:00,-1.00,-1.00,0.0,0,0,0,0,0,0,0,0,0,0,0,0
533967_13715_72472_1,113.1,1,2022/10/18 16:30:00,-1.00,-1.00,0.0,0,0,0,0,0,0,0,0,0,0,0,0
533967_13715_72472_1,113.1,1,2022/10/18 16:45:00,-1.00,-1.00,0.0,0,0,0,0,0,0,0,0,0,0,0,0
533967_13715_72472_1,113.1,1,2022/10/18 17:00:00,-1.00,-1.00,0.0,0,0,0,0,0,0,0,0,0,0,0,0
533967_13715_72472_1,113.1,1,2022/10/18 17:15:00,-1.00,-1.00,0.0,0,0,0,0,0,0,0,0,0,0,0,0
533967_13715_72472_1,113.1,1,2022/10/18 17:30:00,-1.00,-1.00,0.0,0,0,0,0,0,0,0,0,0,0,0,0
533967_13715_72472_1,113.1,1,2022/10/18 17:45:00,-1.00,-1.00,0.0,0,0,0,0,0,0,0,0,0,0,0,0
533967_13715_72472_1,113.1,1,2022/10/18 18:00:00,-1.00,-1.00,0.0,0,0,0,0,0,0,0,0,0,0,0,0
533967_13715_72472_1,113.1,1,2022/10/18 18:15:00,-1.00,-1.00,0.0,0,0,0,0,0,0,0,0,0,0,0,0
533967_13715_72472_1,113.1,1,2022/10/18 18:30:00,-1.00,-1.00,0.0,0,0,0,0,0,0,0,0,0,0,0,0
533967_13715_72472_1,113.1,1,2022/10/18 18:45:00,-1.00,-1.00,0.0,0,0,0,0,0,0,0,0,0,0,0,0
533967_13844_14155_1,333.3,2,2022/10/18 06:30:00,48.00,25.00,27.0,21,0,15,3,3,0,0,0,0,0,0,0
533967_13844_14155_1,333.3,2,2022/10/18 06:45:00,47.94,25.03,74.0,67,0,60,3,4,0,0,0,0,0,0,0
533967_13844_14155_1,333.3,2,2022/10/18 07:00:00,47.97,25.02,71.0,65,0,59,3,3,0,0,0,0,0,0,0
533967_13844_14155_1,333.3,2,2022/10/18 07:15:00,48.00,25.00,86.0,83,0,80,3,0,0,0,0,0,0,0,0
533967_13844_14155_1,333.3,2,2022/10/18 07:30:00,48.00,25.00,83.0,74,0,65,6,3,0,0,0,0,0,0,0
533967_13844_14155_1,333.3,2,2022/10/18 07:45:00,48.00,25.00,60.0,60,0,60,0,0,0,0,0,0,0,0,0
533967_13844_14155_1,333.3,2,2022/10/18 08:00:00,48.00,25.00,67.0,67,0,67,0,0,0,0,0,0,0,0,0
533967_13844_14155_1,333.3,2,2022/10/18 08:15:00,48.00,25.00,111.0,111,0,111,0,0,0,0,0,0,0,0,0
533967_13844_14155_1,333.3,2,2022/10/18 08:30:00,47.98,25.01,89.0,89,0,89,0,0,0,0,0,0,0,0,0
533967_13844_14155_1,333.3,2,2022/10/18 08:45:00,48.00,25.00,97.0,97,0,97,0,0,0,0,0,0,0,0,0
533967_13844_14155_1,333.3,2,2022/10/18 09:00:00,47.97,25.01,82.0,71,0,60,7,4,0,0,0,0,0,0,0
533967_13844_14155_1,333.3,2,2022/10/18 09:15:00,48.00,25.00,85.0,79,0,73,5,1,0,0,0,0,0,0,0
533967_13844_14155_1,333.3,2,2022/10/18 09:30:00,48.00,25.00,79.0,76,0,73,3,0,0,0,0,0,0,0,0
533967_13844_14155_1,333.3,2,2022/10/18 09:45:00,47.98,25.01,116.0,103,0,90,13,0,0,0,0,0,0,0,0
533967_13844_14155_1,333.3,2,2022/10/18 10:00:00,48.00,25.00,117.0,100,0,83,15,2,0,0,0,0,0,0,0
533967_13844_14155_1,333.3,2,2022/10/18 10:15:00,47.99,25.01,137.0,134,0,131,1,2,0,0,0,0,0,0,0
533967_13844_14155_1,333.3,2,2022/10/18 10:30:00,47.97,25.02,120.0,120,0,120,0,0,0,0,0,0,0,0,0
533967_13844_14155_1,333.3,2,2022/10/18 10:45:00,48.00,25.00,113.0,105,0,97,8,0,0,0,0,0,0,0,0
533967_13844_14155_1,333.3,2,2022/10/18 11:00:00,47.99,25.01,144.0,129,0,114,15,0,0,0,0,0,0,0,0
533967_13844_14155_1,333.3,2,2022/10/18 11:15:00,48.00,25.00,95.0,83,0,71,11,1,0,0,0,0,0,0,0
533967_13844_14155_1,333.3,2,2022/10/18 11:30:00,48.00,25.00,119.0,109,0,99,9,1,0,0,0,0,0,0,0
533967_13844_14155_1,333.3,2,2022/10/18 11:45:00,47.97,25.01,138.0,134,0,130,3,1,0,0,0,0,0,0,0
533967_13844_14155_1,333.3,2,2022/10/18 12:00:00,47.98,25.01,91.0,83,0,75,8,0,0,0,0,0,0,0,0
533967_13844_14155_1,333.3,2,2022/10/18 12:15:00,48.00,25.00,116.0,109,0,102,7,0,0,0,0,0,0,0,0
533967_13844_14155_1,333.3,2,2022/10/18 12:30:00,48.00,25.00,89.0,83,0,77,6,0,0,0,0,0,0,0,0
533967_13844_14155_1,333.3,2,2022/10/18 12:45:00,47.98,25.01,134.0,120,0,106,9,5,0,0,0,0,0,0,0
533967_13844_14155_1,333.3,2,2022/10/18 13:00:00,47.98,25.01,127.0,115,0,103,9,3,0,0,0,0,0,0,0
533967_13844_14155_1,333.3,2,2022/10/18 13:15:00,48.00,25.00,131.0,122,0,113,4,5,0,0,0,0,0,0,0
533967_13844_14155_1,333.3,2,2022/10/18 13:30:00,48.00,25.00,113.0,109,0,105,4,0,0,0,0,0,0,0,0
533967_13844_14155_1,333.3,2,2022/10/18 13:45:00,48.00,25.00,69.0,65,0,61,4,0,0,0,0,0,0,0,0
533967_13844_14155_1,333.3,2,2022/10/18 14:00:00,48.00,25.00,89.0,81,0,73,6,2,0,0,0,0,0,0,0
533967_13844_14155_1,333.3,2,2022/10/18 14:15:00,48.00,25.00,145.0,137,0,129,5,3,0,0,0,0,0,0,0
533967_13844_14155_1,333.3,2,2022/10/18 14:30:00,47.95,25.03,114.0,113,0,112,1,0,0,0,0,0,0,0,0
533967_13844_14155_1,333.3,2,2022/10/18 14:45:00,48.00,25.00,112.0,109,0,106,0,3,0,0,0,0,0,0,0
533967_13844_14155_1,333.3,2,2022/10/18 15:00:00,48.00,25.00,80.0,80,0,80,0,0,0,0,0,0,0,0,0
533967_13844_14155_1,333.3,2,2022/10/18 15:15:00,48.00,25.00,79.0,77,0,75,2,0,0,0,0,0,0,0,0
533967_13844_14155_1,333.3,2,2022/10/18 15:30:00,47.99,25.01,135.0,135,0,135,0,0,0,0,0,0,0,0,0
533967_13844_14155_1,333.3,2,2022/10/18 15:45:00,47.98,25.01,105.0,103,0,101,2,0,0,0,0,0,0,0,0
533967_13844_14155_1,333.3,2,2022/10/18 16:00:00,47.98,25.01,133.0,127,0,121,5,1,0,0,0,0,0,0,0
533967_13844_14155_1,333.3,2,2022/10/18 16:15:00,48.00,25.00,95.0,90,0,85,4,1,0,0,0,0,0,0,0
533967_13844_14155_1,333.3,2,2022/10/18 16:30:00,48.00,25.00,76.0,76,0,76,0,0,0,0,0,0,0,0,0
533967_13844_14155_1,333.3,2,2022/10/18 16:45:00,48.00,25.00,130.0,124,0,118,6,0,0,0,0,0,0,0,0
533967_13844_14155_1,333.3,2,2022/10/18 17:00:00,48.00,25.00,117.0,109,0,101,8,0,0,0,0,0,0,0,0
533967_13844_14155_1,333.3,2,2022/10/18 17:15:00,47.99,25.01,167.0,166,0,165,1,0,0,0,0,0,0,0,0
533967_13844_14155_1,333.3,2,2022/10/18 17:30:00,48.00,25.00,73.0,69,0,65,0,4,0,0,0,0,0,0,0
533967_13844_14155_1,333.3,2,2022/10/18 17:45:00,48.00,25.00,101.0,97,0,93,3,1,0,0,0,0,0,0,0
533967_13844_14155_1,333.3,2,2022/10/18 18:00:00,48.00,25.00,91.0,90,0,89,1,0,0,0,0,0,0,0,0
533967_13844_14155_1,333.3,2,2022/10/18 18:15:00,47.98,25.01,99.0,94,0,89,0,5,0,0,0,0,0,0,0
533967_13844_14155_1,333.3,2,2022/10/18 18:30:00,48.00,25.00,93.0,89,0,85,3,1,0,0,0,0,0,0,0
533967_13844_14155_1,333.3,2,2022/10/18 18:45:00,48.00,25.00,62.0,61,0,60,0,1,0,0,0,0,0,0,0
533967_13891_14021_0,238.7,1,2022/10/18 06:30:00,50.33,17.07,40.0,40,0,40,0,0,0,0,0,0,0,0,0
533967_13891_14021_0,238.7,1,2022/10/18 06:45:00,50.33,17.07,58.0,54,0,50,2,2,0,0,0,0,0,0,0
533967_13891_14021_0,238.7,1,2022/10/18 07:00:00,49.84,17.24,44.0,41,0,38,1,2,0,0,0,0,0,0,0
533967_13891_14021_0,238.7,1,2022/10/18 07:15:00,50.39,17.06,19.0,18,0,17,0,1,0,0,0,0,0,0,0
533967_13891_14021_0,238.7,1,2022/10/18 07:30:00,50.48,17.02,44.0,42,0,40,1,1,0,0,0,0,0,0,0
533967_13891_14021_0,238.7,1,2022/10/18 07:45:00,50.31,17.08,36.0,36,0,36,0,0,0,0,0,0,0,0,0
533967_13891_14021_0,238.7,1,2022/10/18 08:00:00,21.18,40.58,56.0,53,0,50,0,3,0,0,0,0,0,0,0
533967_13891_14021_0,238.7,1,2022/10/18 08:15:00,14.76,58.22,72.0,69,0,66,2,1,0,0,0,0,0,0,0
533967_13891_14021_0,238.7,1,2022/10/18 08:30:00,33.85,25.39,68.0,62,0,56,4,2,0,0,0,0,0,0,0
533967_13891_14021_0,238.7,1,2022/10/18 08:45:00,48.30,17.79,80.0,72,0,64,8,0,0,0,0,0,0,0,0
533967_13891_14021_0,238.7,1,2022/10/18 09:00:00,50.43,17.04,53.0,50,0,47,1,2,0,0,0,0,0,0,0
533967_13891_14021_0,238.7,1,2022/10/18 09:15:00,50.27,17.10,32.0,31,0,30,0,1,0,0,0,0,0,0,0
533967_13891_14021_0,238.7,1,2022/10/18 09:30:00,50.15,17.14,40.0,37,0,34,2,1,0,0,0,0,0,0,0
533967_13891_14021_0,238.7,1,2022/10/18 09:45:00,50.37,17.06,35.0,32,0,29,3,0,0,0,0,0,0,0,0
533967_13891_14021_0,238.7,1,2022/10/18 10:00:00,44.34,19.38,68.0,60,0,52,7,1,0,0,0,0,0,0,0
533967_13891_14021_0,238.7,1,2022/10/18 10:15:00,49.61,17.32,71.0,65,0,59,5,1,0,0,0,0,0,0,0
533967_13891_14021_0,238.7,1,2022/10/18 10:30:00,44.25,19.42,60.0,57,0,54,0,3,0,0,0,0,0,0,0
533967_13891_14021_0,238.7,1,2022/10/18 10:45:00,50.23,17.11,47.0,37,0,27,8,2,0,0,0,0,0,0,0
533967_13891_14021_0,238.7,1,2022/10/18 11:00:00,50.04,17.18,48.0,40,0,32,6,2,0,0,0,0,0,0,0
533967_13891_14021_0,238.7,1,2022/10/18 11:15:00,50.01,17.19,30.0,27,0,24,2,1,0,0,0,0,0,0,0
533967_13891_14021_0,238.7,1,2022/10/18 11:30:00,50.24,17.11,44.0,38,0,32,4,2,0,0,0,0,0,0,0
533967_13891_14021_0,238.7,1,2022/10/18 11:45:00,50.47,17.03,39.0,37,0,35,1,1,0,0,0,0,0,0,0
533967_13891_14021_0,238.7,1,2022/10/18 12:00:00,48.54,17.71,58.0,51,0,44,5,2,0,0,0,0,0,0,0
533967_13891_14021_0,238.7,1,2022/10/18 12:15:00,50.10,17.15,40.0,39,0,38,1,0,0,0,0,0,0,0,0
533967_13891_14021_0,238.7,1,2022/10/18 12:30:00,50.40,17.05,48.0,40,0,32,7,1,0,0,0,0,0,0,0
533967_13891_14021_0,238.7,1,2022/10/18 12:45:00,50.10,17.15,52.0,46,0,40,4,2,0,0,0,0,0,0,0
533967_13891_14021_0,238.7,1,2022/10/18 13:00:00,50.14,17.14,75.0,65,0,55,8,2,0,0,0,0,0,0,0
533967_13891_14021_0,238.7,1,2022/10/18 13:15:00,50.00,17.19,38.0,32,0,26,4,2,0,0,0,0,0,0,0
533967_13891_14021_0,238.7,1,2022/10/18 13:30:00,50.55,17.00,23.0,22,0,21,0,1,0,0,0,0,0,0,0
533967_13891_14021_0,238.7,1,2022/10/18 13:45:00,50.55,17.00,24.0,19,0,14,4,1,0,0,0,0,0,0,0
533967_13891_14021_0,238.7,1,2022/10/18 14:00:00,50.55,17.00,39.0,30,0,21,5,4,0,0,0,0,0,0,0
533967_13891_14021_0,238.7,1,2022/10/18 14:15:00,50.11,17.15,63.0,60,0,57,1,2,0,0,0,0,0,0,0
533967_13891_14021_0,238.7,1,2022/10/18 14:30:00,50.05,17.17,63.0,59,0,55,2,2,0,0,0,0,0,0,0
533967_13891_14021_0,238.7,1,2022/10/18 14:45:00,50.25,17.10,40.0,39,0,38,0,1,0,0,0,0,0,0,0
533967_13891_14021_0,238.7,1,2022/10/18 15:00:00,50.32,17.08,27.0,25,0,23,1,1,0,0,0,0,0,0,0
533967_13891_14021_0,238.7,1,2022/10/18 15:15:00,50.45,17.03,31.0,29,0,27,2,0,0,0,0,0,0,0,0
533967_13891_14021_0,238.7,1,2022/10/18 15:30:00,50.32,17.08,51.0,50,0,49,0,1,0,0,0,0,0,0,0
533967_13891_14021_0,238.7,1,2022/10/18 15:45:00,50.40,17.05,40.0,39,0,38,0,1,0,0,0,0,0,0,0
533967_13891_14021_0,238.7,1,2022/10/18 16:00:00,50.40,17.05,62.0,58,0,54,0,4,0,0,0,0,0,0,0
533967_13891_14021_0,238.7,1,2022/10/18 16:15:00,50.40,17.05,39.0,39,0,39,0,0,0,0,0,0,0,0,0
533967_13891_14021_0,238.7,1,2022/10/18 16:30:00,50.05,17.17,64.0,64,0,64,0,0,0,0,0,0,0,0,0
533967_13891_14021_0,238.7,1,2022/10/18 16:45:00,50.37,17.06,65.0,65,0,65,0,0,0,0,0,0,0,0,0
533967_13891_14021_0,238.7,1,2022/10/18 17:00:00,44.98,19.11,65.0,65,0,65,0,0,0,0,0,0,0,0,0
533967_13891_14021_0,238.7,1,2022/10/18 17:15:00,50.13,17.14,84.0,84,0,84,0,0,0,0,0,0,0,0,0
533967_13891_14021_0,238.7,1,2022/10/18 17:30:00,50.33,17.08,55.0,53,0,51,0,2,0,0,0,0,0,0,0
533967_13891_14021_0,238.7,1,2022/10/18 17:45:00,50.38,17.06,69.0,68,0,67,0,1,0,0,0,0,0,0,0
533967_13891_14021_0,238.7,1,2022/10/18 18:00:00,50.24,17.10,72.0,67,0,62,0,5,0,0,0,0,0,0,0
533967_13891_14021_0,238.7,1,2022/10/18 18:15:00,50.06,17.17,40.0,36,0,32,0,4,0,0,0,0,0,0,0
533967_13891_14021_0,238.7,1,2022/10/18 18:30:00,50.38,17.06,34.0,34,0,34,0,0,0,0,0,0,0,0,0
533967_13891_14021_0,238.7,1,2022/10/18 18:45:00,50.40,17.05,40.0,40,0,40,0,0,0,0,0,0,0,0,0
533967_13891_14021_1,242.1,1,2022/10/18 06:30:00,50.24,17.35,17.0,17,0,17,0,0,0,0,0,0,0,0,0
533967_13891_14021_1,242.1,1,2022/10/18 06:45:00,50.72,17.19,16.0,16,0,16,0,0,0,0,0,0,0,0,0
533967_13891_14021_1,242.1,1,2022/10/18 07:00:00,49.59,17.58,19.0,19,0,19,0,0,0,0,0,0,0,0,0
533967_13891_14021_1,242.1,1,2022/10/18 07:15:00,50.02,17.43,35.0,35,0,35,0,0,0,0,0,0,0,0,0
533967_13891_14021_1,242.1,1,2022/10/18 07:30:00,49.84,17.49,58.0,53,0,48,5,0,0,0,0,0,0,0,0
533967_13891_14021_1,242.1,1,2022/10/18 07:45:00,49.90,17.47,50.0,47,0,44,1,2,0,0,0,0,0,0,0
533967_13891_14021_1,242.1,1,2022/10/18 08:00:00,49.93,17.46,56.0,50,0,44,5,1,0,0,0,0,0,0,0
533967_13891_14021_1,242.1,1,2022/10/18 08:15:00,49.78,17.51,49.0,47,0,45,2,0,0,0,0,0,0,0,0
533967_13891_14021_1,242.1,1,2022/10/18 08:30:00,49.60,17.58,60.0,52,0,44,5,3,0,0,0,0,0,0,0
533967_13891_14021_1,242.1,1,2022/10/18 08:45:00,50.22,17.36,44.0,39,0,34,2,3,0,0,0,0,0,0,0
533967_13891_14021_1,242.1,1,2022/10/18 09:00:00,50.02,17.43,53.0,49,0,45,4,0,0,0,0,0,0,0,0
533967_13891_14021_1,242.1,1,2022/10/18 09:15:00,49.64,17.56,33.0,32,0,31,1,0,0,0,0,0,0,0,0
533967_13891_14021_1,242.1,1,2022/10/18 09:30:00,49.65,17.56,37.0,34,0,31,3,0,0,0,0,0,0,0,0
533967_13891_14021_1,242.1,1,2022/10/18 09:45:00,50.29,17.33,44.0,36,0,28,6,2,0,0,0,0,0,0,0
533967_13891_14021_1,242.1,1,2022/10/18 10:00:00,50.49,17.26,36.0,34,0,32,1,1,0,0,0,0,0,0,0
533967_13891_14021_1,242.1,1,2022/10/18 10:15:00,49.88,17.48,50.0,42,0,34,8,0,0,0,0,0,0,0,0
533967_13891_14021_1,242.1,1,2022/10/18 10:30:00,49.95,17.45,43.0,42,0,41,0,1,0,0,0,0,0,0,0
533967_13891_14021_1,242.1,1,2022/10/18 10:45:00,50.19,17.37,49.0,49,0,49,0,0,0,0,0,0,0,0,0
533967_13891_14021_1,242.1,1,2022/10/18 11:00:00,50.04,17.42,38.0,38,0,38,0,0,0,0,0,0,0,0,0
533967_13891_14021_1,242.1,1,2022/10/18 11:15:00,50.04,17.42,85.0,83,0,81,0,2,0,0,0,0,0,0,0
533967_13891_14021_1,242.1,1,2022/10/18 11:30:00,49.74,17.53,45.0,38,0,31,6,1,0,0,0,0,0,0,0
533967_13891_14021_1,242.1,1,2022/10/18 11:45:00,49.97,17.45,49.0,47,0,45,2,0,0,0,0,0,0,0,0
533967_13891_14021_1,242.1,1,2022/10/18 12:00:00,50.31,17.33,62.0,61,0,60,0,1,0,0,0,0,0,0,0
533967_13891_14021_1,242.1,1,2022/10/18 12:15:00,50.13,17.39,69.0,67,0,65,2,0,0,0,0,0,0,0,0
533967_13891_14021_1,242.1,1,2022/10/18 12:30:00,50.12,17.39,79.0,74,0,69,3,2,0,0,0,0,0,0,0
533967_13891_14021_1,242.1,1,2022/10/18 12:45:00,50.12,17.39,61.0,56,0,51,5,0,0,0,0,0,0,0,0
533967_13891_14021_1,242.1,1,2022/10/18 13:00:00,50.15,17.38,61.0,60,0,59,0,1,0,0,0,0,0,0,0
533967_13891_14021_1,242.1,1,2022/10/18 13:15:00,50.24,17.35,43.0,40,0,37,2,1,0,0,0,0,0,0,0
533967_13891_14021_1,242.1,1,2022/10/18 13:30:00,49.98,17.44,61.0,61,0,61,0,0,0,0,0,0,0,0,0
533967_13891_14021_1,242.1,1,2022/10/18 13:45:00,49.90,17.47,47.0,47,0,47,0,0,0,0,0,0,0,0,0
533967_13891_14021_1,242.1,1,2022/10/18 14:00:00,50.02,17.43,71.0,70,0,69,0,1,0,0,0,0,0,0,0
533967_13891_14021_1,242.1,1,2022/10/18 14:15:00,49.77,17.51,37.0,37,0,37,0,0,0,0,0,0,0,0,0
533967_13891_14021_1,242.1,1,2022/10/18 14:30:00,50.25,17.35,49.0,46,0,43,2,1,0,0,0,0,0,0,0
533967_13891_14021_1,242.1,1,2022/10/18 14:45:00,50.18,17.37,45.0,43,0,41,0,2,0,0,0,0,0,0,0
533967_13891_14021_1,242.1,1,2022/10/18 15:00:00,50.22,17.36,54.0,50,0,46,2,2,0,0,0,0,0,0,0
533967_13891_14021_1,242.1,1,2022/10/18 15:15:00,50.02,17.43,36.0,35,0,34,0,1,0,0,0,0,0,0,0
533967_13891_14021_1,242.1,1,2022/10/18 15:30:00,50.05,17.42,39.0,36,0,33,2,1,0,0,0,0,0,0,0
533967_13891_14021_1,242.1,1,2022/10/18 15:45:00,49.95,17.45,31.0,31,0,31,0,0,0,0,0,0,0,0,0
533967_13891_14021_1,242.1,1,2022/10/18 16:00:00,49.68,17.55,68.0,64,0,60,0,4,0,0,0,0,0,0,0
533967_13891_14021_1,242.1,1,2022/10/18 16:15:00,50.11,17.40,53.0,53,0,53,0,0,0,0,0,0,0,0,0
533967_13891_14021_1,242.1,1,2022/10/18 16:30:00,49.81,17.50,58.0,58,0,58,0,0,0,0,0,0,0,0,0
533967_13891_14021_1,242.1,1,2022/10/18 16:45:00,50.02,17.43,57.0,56,0,55,0,1,0,0,0,0,0,0,0
533967_13891_14021_1,242.1,1,2022/10/18 17:00:00,49.97,17.44,54.0,54,0,54,0,0,0,0,0,0,0,0,0
533967_13891_14021_1,242.1,1,2022/10/18 17:15:00,49.87,17.48,54.0,54,0,54,0,0,0,0,0,0,0,0,0
533967_13891_14021_1,242.1,1,2022/10/18 17:30:00,49.86,17.49,69.0,68,0,67,0,1,0,0,0,0,0,0,0
533967_13891_14021_1,242.1,1,2022/10/18 17:45:00,49.90,17.47,64.0,64,0,64,0,0,0,0,0,0,0,0,0
533967_13891_14021_1,242.1,1,2022/10/18 18:00:00,49.94,17.45,78.0,77,0,76,0,1,0,0,0,0,0,0,0
533967_13891_14021_1,242.1,1,2022/10/18 18:15:00,50.06,17.41,63.0,63,0,63,0,0,0,0,0,0,0,0,0
533967_13891_14021_1,242.1,1,2022/10/18 18:30:00,50.04,17.42,82.0,81,0,80,0,1,0,0,0,0,0,0,0
533967_13891_14021_1,242.1,1,2022/10/18 18:45:00,49.61,17.57,35.0,35,0,35,0,0,0,0,0,0,0,0,0
533967_13891_72276_0,143.0,1,2022/10/18 06:30:00,-1.00,-1.00,0.0,0,0,0,0,0,0,0,0,0,0,0,0
533967_13891_72276_0,143.0,1,2022/10/18 06:45:00,-1.00,-1.00,0.0,0,0,0,0,0,0,0,0,0,0,0,0
533967_13891_72276_0,143.0,1,2022/10/18 07:00:00,-1.00,-1.00,0.0,0,0,0,0,0,0,0,0,0,0,0,0
533967_13891_72276_0,143.0,1,2022/10/18 07:15:00,-1.00,-1.00,0.0,0,0,0,0,0,0,0,0,0,0,0,0
533967_13891_72276_0,143.0,1,2022/10/18 07:30:00,-1.00,-1.00,0.0,0,0,0,0,0,0,0,0,0,0,0,0
533967_13891_72276_0,143.0,1,2022/10/18 07:45:00,-1.00,-1.00,0.0,0,0,0,0,0,0,0,0,0,0,0,0
533967_13891_72276_0,143.0,1,2022/10/18 08:00:00,-1.00,-1.00,0.0,0,0,0,0,0,0,0,0,0,0,0,0
533967_13891_72276_0,143.0,1,2022/10/18 08:15:00,-1.00,-1.00,0.0,0,0,0,0,0,0,0,0,0,0,0,0
533967_13891_72276_0,143.0,1,2022/10/18 08:30:00,-1.00,-1.00,0.0,0,0,0,0,0,0,0,0,0,0,0,0
533967_13891_72276_0,143.0,1,2022/10/18 08:45:00,-1.00,-1.00,0.0,0,0,0,0,0,0,0,0,0,0,0,0
533967_13891_72276_0,143.0,1,2022/10/18 09:00:00,-1.00,-1.00,0.0,0,0,0,0,0,0,0,0,0,0,0,0
533967_13891_72276_0,143.0,1,2022/10/18 09:15:00,-1.00,-1.00,0.0,0,0,0,0,0,0,0,0,0,0,0,0
533967_13891_72276_0,143.0,1,2022/10/18 09:30:00,-1.00,-1.00,0.0,0,0,0,0,0,0,0,0,0,0,0,0
533967_13891_72276_0,143.0,1,2022/10/18 09:45:00,-1.00,-1.00,0.0,0,0,0,0,0,0,0,0,0,0,0,0
533967_13891_72276_0,143.0,1,2022/10/18 10:00:00,-1.00,-1.00,0.0,0,0,0,0,0,0,0,0,0,0,0,0
533967_13891_72276_0,143.0,1,2022/10/18 10:15:00,-1.00,-1.00,0.0,0,0,0,0,0,0,0,0,0,0,0,0
533967_13891_72276_0,143.0,1,2022/10/18 10:30:00,-1.00,-1.00,0.0,0,0,0,0,0,0,0,0,0,0,0,0
533967_13891_72276_0,143.0,1,2022/10/18 10:45:00,-1.00,-1.00,0.0,0,0,0,0,0,0,0,0,0,0,0,0
533967_13891_72276_0,143.0,1,2022/10/18 11:00:00,-1.00,-1.00,0.0,0,0,0,0,0,0,0,0,0,0,0,0
533967_13891_72276_0,143.0,1,2022/10/18 11:15:00,-1.00,-1.00,0.0,0,0,0,0,0,0,0,0,0,0,0,0
533967_13891_72276_0,143.0,1,2022/10/18 11:30:00,-1.00,-1.00,0.0,0,0,0,0,0,0,0,0,0,0,0,0
533967_13891_72276_0,143.0,1,2022/10/18 11:45:00,-1.00,-1.00,0.0,0,0,0,0,0,0,0,0,0,0,0,0
533967_13891_72276_0,143.0,1,2022/10/18 12:00:00,-1.00,-1.00,0.0,0,0,0,0,0,0,0,0,0,0,0,0
533967_13891_72276_0,143.0,1,2022/10/18 12:15:00,-1.00,-1.00,0.0,0,0,0,0,0,0,0,0,0,0,0,0
533967_13891_72276_0,143.0,1,2022/10/18 12:30:00,-1.00,-1.00,0.0,0,0,0,0,0,0,0,0,0,0,0,0
533967_13891_72276_0,143.0,1,2022/10/18 12:45:00,-1.00,-1.00,0.0,0,0,0,0,0,0,0,0,0,0,0,0
533967_13891_72276_0,143.0,1,2022/10/18 13:00:00,-1.00,-1.00,0.0,0,0,0,0,0,0,0,0,0,0,0,0
533967_13891_72276_0,143.0,1,2022/10/18 13:15:00,-1.00,-1.00,0.0,0,0,0,0,0,0,0,0,0,0,0,0
533967_13891_72276_0,143.0,1,2022/10/18 13:30:00,-1.00,-1.00,0.0,0,0,0,0,0,0,0,0,0,0,0,0
533967_13891_72276_0,143.0,1,2022/10/18 13:45:00,-1.00,-1.00,0.0,0,0,0,0,0,0,0,0,0,0,0,0
533967_13891_72276_0,143.0,1,2022/10/18 14:00:00,-1.00,-1.00,0.0,0,0,0,0,0,0,0,0,0,0,0,0
533967_13891_72276_0,143.0,1,2022/10/18 14:15:00,-1.00,-1.00,0.0,0,0,0,0,0,0,0,0,0,0,0,0
533967_13891_72276_0,143.0,1,2022/10/18 14:30:00,-1.00,-1.00,0.0,0,0,0,0,0,0,0,0,0,0,0,0
533967_13891_72276_0,143.0,1,2022/10/18 14:45:00,-1.00,-1.00,0.0,0,0,0,0,0,0,0,0,0,0,0,0
533967_13891_72276_0,143.0,1,2022/10/18 15:00:00,-1.00,-1.00,0.0,0,0,0,0,0,0,0,0,0,0,0,0
533967_13891_72276_0,143.0,1,2022/10/18 15:15:00,-1.00,-1.00,0.0,0,0,0,0,0,0,0,0,0,0,0,0
533967_13891_72276_0,143.0,1,2022/10/18 15:30:00,-1.00,-1.00,0.0,0,0,0,0,0,0,0,0,0,0,0,0
533967_13891_72276_0,143.0,1,2022/10/18 15:45:00,-1.00,-1.00,0.0,0,0,0,0,0,0,0,0,0,0,0,0
533967_13891_72276_0,143.0,1,2022/10/18 16:00:00,-1.00,-1.00,0.0,0,0,0,0,0,0,0,0,0,0,0,0
533967_13891_72276_0,143.0,1,2022/10/18 16:15:00,-1.00,-1.00,0.0,0,0,0,0,0,0,0,0,0,0,0,0
533967_13891_72276_0,143.0,1,2022/10/18 16:30:00,-1.00,-1.00,0.0,0,0,0,0,0,0,0,0,0,0,0,0
533967_13891_72276_0,143.0,1,2022/10/18 16:45:00,-1.00,-1.00,0.0,0,0,0,0,0,0,0,0,0,0,0,0
533967_13891_72276_0,143.0,1,2022/10/18 17:00:00,-1.00,-1.00,0.0,0,0,0,0,0,0,0,0,0,0,0,0
533967_13891_72276_0,143.0,1,2022/10/18 17:15:00,-1.00,-1.00,0.0,0,0,0,0,0,0,0,0,0,0,0,0
533967_13891_72276_0,143.0,1,2022/10/18 17:30:00,-1.00,-1.00,0.0,0,0,0,0,0,0,0,0,0,0,0,0
533967_13891_72276_0,143.0,1,2022/10/18 17:45:00,-1.00,-1.00,0.0,0,0,0,0,0,0,0,0,0,0,0,0
533967_13891_72276_0,143.0,1,2022/10/18 18:00:00,-1.00,-1.00,0.0,0,0,0,0,0,0,0,0,0,0,0,0
533967_13891_72276_0,143.0,1,2022/10/18 18:15:00,-1.00,-1.00,0.0,0,0,0,0,0,0,0,0,0,0,0,0
533967_13891_72276_0,143.0,1,2022/10/18 18:30:00,-1.00,-1.00,0.0,0,0,0,0,0,0,0,0,0,0,0,0
533967_13891_72276_0,143.0,1,2022/10/18 18:45:00,-1.00,-1.00,0.0,0,0,0,0,0,0,0,0,0,0,0,0
533967_13891_72276_1,142.7,1,2022/10/18 06:30:00,-1.00,-1.00,0.0,0,0,0,0,0,0,0,0,0,0,0,0
533967_13891_72276_1,142.7,1,2022/10/18 06:45:00,-1.00,-1.00,0.0,0,0,0,0,0,0,0,0,0,0,0,0
533967_13891_72276_1,142.7,1,2022/10/18 07:00:00,-1.00,-1.00,0.0,0,0,0,0,0,0,0,0,0,0,0,0
533967_13891_72276_1,142.7,1,2022/10/18 07:15:00,-1.00,-1.00,0.0,0,0,0,0,0,0,0,0,0,0,0,0
533967_13891_72276_1,142.7,1,2022/10/18 07:30:00,-1.00,-1.00,0.0,0,0,0,0,0,0,0,0,0,0,0,0
533967_13891_72276_1,142.7,1,2022/10/18 07:45:00,-1.00,-1.00,0.0,0,0,0,0,0,0,0,0,0,0,0,0
533967_13891_72276_1,142.7,1,2022/10/18 08:00:00,-1.00,-1.00,0.0,0,0,0,0,0,0,0,0,0,0,0,0
533967_13891_72276_1,142.7,1,2022/10/18 08:15:00,-1.00,-1.00,0.0,0,0,0,0,0,0,0,0,0,0,0,0
533967_13891_72276_1,142.7,1,2022/10/18 08:30:00,-1.00,-1.00,0.0,0,0,0,0,0,0,0,0,0,0,0,0
533967_13891_72276_1,142.7,1,2022/10/18 08:45:00,-1.00,-1.00,0.0,0,0,0,0,0,0,0,0,0,0,0,0
533967_13891_72276_1,142.7,1,2022/10/18 09:00:00,-1.00,-1.00,0.0,0,0,0,0,0,0,0,0,0,0,0,0
533967_13891_72276_1,142.7,1,2022/10/18 09:15:00,-1.00,-1.00,0.0,0,0,0,0,0,0,0,0,0,0,0,0
533967_13891_72276_1,142.7,1,2022/10/18 09:30:00,-1.00,-1.00,0.0,0,0,0,0,0,0,0,0,0,0,0,0
533967_13891_72276_1,142.7,1,2022/10/18 09:45:00,-1.00,-1.00,0.0,0,0,0,0,0,0,0,0,0,0,0,0
533967_13891_72276_1,142.7,1,2022/10/18 10:00:00,-1.00,-1.00,0.0,0,0,0,0,0,0,0,0,0,0,0,0
533967_13891_72276_1,142.7,1,2022/10/18 10:15:00,-1.00,-1.00,0.0,0,0,0,0,0,0,0,0,0,0,0,0
533967_13891_72276_1,142.7,1,2022/10/18 10:30:00,-1.00,-1.00,0.0,0,0,0,0,0,0,0,0,0,0,0,0
533967_13891_72276_1,142.7,1,2022/10/18 10:45:00,-1.00,-1.00,0.0,0,0,0,0,0,0,0,0,0,0,0,0
533967_13891_72276_1,142.7,1,2022/10/18 11:00:00,-1.00,-1.00,0.0,0,0,0,0,0,0,0,0,0,0,0,0
533967_13891_72276_1,142.7,1,2022/10/18 11:15:00,-1.00,-1.00,0.0,0,0,0,0,0,0,0,0,0,0,0,0
533967_13891_72276_1,142.7,1,2022/10/18 11:30:00,-1.00,-1.00,0.0,0,0,0,0,0,0,0,0,0,0,0,0
533967_13891_72276_1,142.7,1,2022/10/18 11:45:00,-1.00,-1.00,0.0,0,0,0,0,0,0,0,0,0,0,0,0
533967_13891_72276_1,142.7,1,2022/10/18 12:00:00,-1.00,-1.00,0.0,0,0,0,0,0,0,0,0,0,0,0,0
533967_13891_72276_1,142.7,1,2022/10/18 12:15:00,-1.00,-1.00,0.0,0,0,0,0,0,0,0,0,0,0,0,0
533967_13891_72276_1,142.7,1,2022/10/18 12:30:00,-1.00,-1.00,0.0,0,0,0,0,0,0,0,0,0,0,0,0
533967_13891_72276_1,142.7,1,2022/10/18 12:45:00,-1.00,-1.00,0.0,0,0,0,0,0,0,0,0,0,0,0,0
533967_13891_72276_1,142.7,1,2022/10/18 13:00:00,-1.00,-1.00,0.0,0,0,0,0,0,0,0,0,0,0,0,0
533967_13891_72276_1,142.7,1,2022/10/18 13:15:00,-1.00,-1.00,0.0,0,0,0,0,0,0,0,0,0,0,0,0
533967_13891_72276_1,142.7,1,2022/10/18 13:30:00,-1.00,-1.00,0.0,0,0,0,0,0,0,0,0,0,0,0,0
533967_13891_72276_1,142.7,1,2022/10/18 13:45:00,-1.00,-1.00,0.0,0,0,0,0,0,0,0,0,0,0,0,0
533967_13891_72276_1,142.7,1,2022/10/18 14:00:00,-1.00,-1.00,0.0,0,0,0,0,0,0,0,0,0,0,0,0
533967_13891_72276_1,142.7,1,2022/10/18 14:15:00,-1.00,-1.00,0.0,0,0,0,0,0,0,0,0,0,0,0,0
533967_13891_72276_1,142.7,1,2022/10/18 14:30:00,-1.00,-1.00,0.0,0,0,0,0,0,0,0,0,0,0,0,0
533967_13891_72276_1,142.7,1,2022/10/18 14:45:00,-1.00,-1.00,0.0,0,0,0,0,0,0,0,0,0,0,0,0
533967_13891_72276_1,142.7,1,2022/10/18 15:00:00,-1.00,-1.00,0.0,0,0,0,0,0,0,0,0,0,0,0,0
533967_13891_72276_1,142.7,1,2022/10/18 15:15:00,-1.00,-1.00,0.0,0,0,0,0,0,0,0,0,0,0,0,0
533967_13891_72276_1,142.7,1,2022/10/18 15:30:00,-1.00,-1.00,0.0,0,0,0,0,0,0,0,0,0,0,0,0
533967_13891_72276_1,142.7,1,2022/10/18 15:45:00,-1.00,-1.00,0.0,0,0,0,0,0,0,0,0,0,0,0,0
533967_13891_72276_1,142.7,1,2022/10/18 16:00:00,-1.00,-1.00,0.0,0,0,0,0,0,0,0,0,0,0,0,0
533967_13891_72276_1,142.7,1,2022/10/18 16:15:00,-1.00,-1.00,0.0,0,0,0,0,0,0,0,0,0,0,0,0
533967_13891_72276_1,142.7,1,2022/10/18 16:30:00,-1.00,-1.00,0.0,0,0,0,0,0,0,0,0,0,0,0,0
533967_13891_72276_1,142.7,1,2022/10/18 16:45:00,-1.00,-1.00,0.0,0,0,0,0,0,0,0,0,0,0,0,0
533967_13891_72276_1,142.7,1,2022/10/18 17:00:00,-1.00,-1.00,0.0,0,0,0,0,0,0,0,0,0,0,0,0
533967_13891_72276_1,142.7,1,2022/10/18 17:15:00,-1.00,-1.00,0.0,0,0,0,0,0,0,0,0,0,0,0,0
533967_13891_72276_1,142.7,1,2022/10/18 17:30:00,-1.00,-1.00,0.0,0,0,0,0,0,0,0,0,0,0,0,0
533967_13891_72276_1,142.7,1,2022/10/18 17:45:00,-1.00,-1.00,0.0,0,0,0,0,0,0,0,0,0,0,0,0
533967_13891_72276_1,142.7,1,2022/10/18 18:00:00,-1.00,-1.00,0.0,0,0,0,0,0,0,0,0,0,0,0,0
533967_13891_72276_1,142.7,1,2022/10/18 18:15:00,-1.00,-1.00,0.0,0,0,0,0,0,0,0,0,0,0,0,0
533967_13891_72276_1,142.7,1,2022/10/18 18:30:00,-1.00,-1.00,0.0,0,0,0,0,0,0,0,0,0,0,0,0
533967_13891_72276_1,142.7,1,2022/10/18 18:45:00,-1.00,-1.00,0.0,0,0,0,0,0,0,0,0,0,0,0,0
533967_14017_14018_0,200.9,1,2022/10/18 06:30:00,51.66,14.00,50.0,46,0,42,3,1,0,0,0,0,0,0,0
533967_14017_14018_0,200.9,1,2022/10/18 06:45:00,51.56,14.03,40.0,39,0,38,1,0,0,0,0,0,0,0,0
533967_14017_14018_0,200.9,1,2022/10/18 07:00:00,51.49,14.05,47.0,44,0,41,3,0,0,0,0,0,0,0,0
533967_14017_14018_0,200.9,1,2022/10/18 07:15:00,51.03,14.17,79.0,70,0,61,3,6,0,0,0,0,0,0,0
533967_14017_14018_0,200.9,1,2022/10/18 07:30:00,50.62,14.29,90.0,84,0,78,4,2,0,0,0,0,0,0,0
533967_14017_14018_0,200.9,1,2022/10/18 07:45:00,32.82,22.03,97.0,87,0,77,6,4,0,0,0,0,0,0,0
533967_14017_14018_0,200.9,1,2022/10/18 08:00:00,51.41,14.07,82.0,74,0,66,3,5,0,0,0,0,0,0,0
533967_14017_14018_0,200.9,1,2022/10/18 08:15:00,22.56,32.06,114.0,103,0,92,6,5,0,0,0,0,0,0,0
533967_14017_14018_0,200.9,1,2022/10/18 08:30:00,17.19,42.07,113.0,106,0,99,5,2,0,0,0,0,0,0,0
533967_14017_14018_0,200.9,1,2022/10/18 08:45:00,12.43,58.20,98.0,90,0,82,6,2,0,0,0,0,0,0,0
533967_14017_14018_0,200.9,1,2022/10/18 09:00:00,51.49,14.04,77.0,68,0,59,8,1,0,0,0,0,0,0,0
533967_14017_14018_0,200.9,1,2022/10/18 09:15:00,50.51,14.32,82.0,69,0,56,13,0,0,0,0,0,0,0,0
533967_14017_14018_0,200.9,1,2022/10/18 09:30:00,50.53,14.31,74.0,67,0,60,7,0,0,0,0,0,0,0,0
533967_14017_14018_0,200.9,1,2022/10/18 09:45:00,51.55,14.03,71.0,67,0,63,4,0,0,0,0,0,0,0,0
533967_14017_14018_0,200.9,1,2022/10/18 10:00:00,51.03,14.17,65.0,58,0,51,7,0,0,0,0,0,0,0,0
533967_14017_14018_0,200.9,1,2022/10/18 10:15:00,50.92,14.20,74.0,64,0,54,9,1,0,0,0,0,0,0,0
533967_14017_14018_0,200.9,1,2022/10/18 10:30:00,51.52,14.04,64.0,54,0,44,10,0,0,0,0,0,0,0,0
533967_14017_14018_0,200.9,1,2022/10/18 10:45:00,51.45,14.06,57.0,52,0,47,5,0,0,0,0,0,0,0,0
533967_14017_14018_0,200.9,1,2022/10/18 11:00:00,51.38,14.08,64.0,53,0,42,10,1,0,0,0,0,0,0,0
533967_14017_14018_0,200.9,1,2022/10/18 11:15:00,51.21,14.12,56.0,49,0,42,4,3,0,0,0,0,0,0,0
533967_14017_14018_0,200.9,1,2022/10/18 11:30:00,51.66,14.00,51.0,43,0,35,8,0,0,0,0,0,0,0,0
533967_14017_14018_0,200.9,1,2022/10/18 11:45:00,51.66,14.00,47.0,42,0,37,5,0,0,0,0,0,0,0,0
533967_14017_14018_0,200.9,1,2022/10/18 12:00:00,51.52,14.04,59.0,55,0,51,4,0,0,0,0,0,0,0,0
533967_14017_14018_0,200.9,1,2022/10/18 12:15:00,51.16,14.14,83.0,74,0,65,6,3,0,0,0,0,0,0,0
533967_14017_14018_0,200.9,1,2022/10/18 12:30:00,51.10,14.15,77.0,65,0,53,8,4,0,0,0,0,0,0,0
533967_14017_14018_0,200.9,1,2022/10/18 12:45:00,51.66,14.00,33.0,33,0,33,0,0,0,0,0,0,0,0,0
533967_14017_14018_0,200.9,1,2022/10/18 13:00:00,51.15,14.14,60.0,50,0,40,8,2,0,0,0,0,0,0,0
533967_14017_14018_0,200.9,1,2022/10/18 13:15:00,51.66,14.00,57.0,48,0,39,8,1,0,0,0,0,0,0,0
533967_14017_14018_0,200.9,1,2022/10/18 13:30:00,51.56,14.03,45.0,38,0,31,7,0,0,0,0,0,0,0,0
533967_14017_14018_0,200.9,1,2022/10/18 13:45:00,51.66,14.00,44.0,37,0,30,6,1,0,0,0,0,0,0,0
533967_14017_14018_0,200.9,1,2022/10/18 14:00:00,51.56,14.03,44.0,39,0,34,2,3,0,0,0,0,0,0,0
533967_14017_14018_0,200.9,1,2022/10/18 14:15:00,51.66,14.00,53.0,50,0,47,3,0,0,0,0,0,0,0,0
533967_14017_14018_0,200.9,1,2022/10/18 14:30:00,51.49,14.05,49.0,44,0,39,5,0,0,0,0,0,0,0,0
533967_14017_14018_0,200.9,1,2022/10/18 14:45:00,51.50,14.04,50.0,46,0,42,3,1,0,0,0,0,0,0,0
533967_14017_14018_0,200.9,1,2022/10/18 15:00:00,51.57,14.02,51.0,44,0,37,7,0,0,0,0,0,0,0,0
533967_14017_14018_0,200.9,1,2022/10/18 15:15:00,51.66,14.00,43.0,42,0,41,0,1,0,0,0,0,0,0,0
533967_14017_14018_0,200.9,1,2022/10/18 15:30:00,44.42,16.28,63.0,57,0,51,6,0,0,0,0,0,0,0,0
533967_14017_14018_0,200.9,1,2022/10/18 15:45:00,51.44,14.06,54.0,51,0,48,0,3,0,0,0,0,0,0,0
533967_14017_14018_0,200.9,1,2022/10/18 16:00:00,50.22,14.40,83.0,75,0,67,8,0,0,0,0,0,0,0,0
533967_14017_14018_0,200.9,1,2022/10/18 16:15:00,51.32,14.09,60.0,54,0,48,6,0,0,0,0,0,0,0,0
533967_14017_14018_0,200.9,1,2022/10/18 16:30:00,50.77,14.24,77.0,74,0,71,3,0,0,0,0,0,0,0,0
533967_14017_14018_0,200.9,1,2022/10/18 16:45:00,50.56,14.30,77.0,69,0,61,8,0,0,0,0,0,0,0,0
533967_14017_14018_0,200.9,1,2022/10/18 17:00:00,51.48,14.05,73.0,61,0,49,7,5,0,0,0,0,0,0,0
533967_14017_14018_0,200.9,1,2022/10/18 17:15:00,49.80,14.52,73.0,71,0,69,2,0,0,0,0,0,0,0,0
533967_14017_14018_0,200.9,1,2022/10/18 17:30:00,51.21,14.12,85.0,82,0,79,0,3,0,0,0,0,0,0,0
533967_14017_14018_0,200.9,1,2022/10/18 17:45:00,50.82,14.23,72.0,69,0,66,2,1,0,0,0,0,0,0,0
533967_14017_14018_0,200.9,1,2022/10/18 18:00:00,51.39,14.07,84.0,84,0,84,0,0,0,0,0,0,0,0,0
533967_14017_14018_0,200.9,1,2022/10/18 18:15:00,51.54,14.03,68.0,65,0,62,2,1,0,0,0,0,0,0,0
533967_14017_14018_0,200.9,1,2022/10/18 18:30:00,51.52,14.04,54.0,54,0,54,0,0,0,0,0,0,0,0,0
533967_14017_14018_0,200.9,1,2022/10/18 18:45:00,51.66,14.00,53.0,52,0,51,0,1,0,0,0,0,0,0,0
533967_14017_14018_1,200.6,1,2022/10/18 06:30:00,49.67,14.54,89.0,82,0,75,1,6,0,0,0,0,0,0,0
533967_14017_14018_1,200.6,1,2022/10/18 06:45:00,49.51,14.59,101.0,94,0,87,3,4,0,0,0,0,0,0,0
533967_14017_14018_1,200.6,1,2022/10/18 07:00:00,49.78,14.51,104.0,95,0,86,2,7,0,0,0,0,0,0,0
533967_14017_14018_1,200.6,1,2022/10/18 07:15:00,50.02,14.44,108.0,101,0,94,6,1,0,0,0,0,0,0,0
533967_14017_14018_1,200.6,1,2022/10/18 07:30:00,49.75,14.52,110.0,99,0,88,5,6,0,0,0,0,0,0,0
533967_14017_14018_1,200.6,1,2022/10/18 07:45:00,49.96,14.45,72.0,64,0,56,2,6,0,0,0,0,0,0,0
533967_14017_14018_1,200.6,1,2022/10/18 08:00:00,50.00,14.44,114.0,109,0,104,0,5,0,0,0,0,0,0,0
533967_14017_14018_1,200.6,1,2022/10/18 08:15:00,50.05,14.43,107.0,101,0,95,3,3,0,0,0,0,0,0,0
533967_14017_14018_1,200.6,1,2022/10/18 08:30:00,49.60,14.56,100.0,95,0,90,3,2,0,0,0,0,0,0,0
533967_14017_14018_1,200.6,1,2022/10/18 08:45:00,49.73,14.52,78.0,73,0,68,3,2,0,0,0,0,0,0,0
533967_14017_14018_1,200.6,1,2022/10/18 09:00:00,49.80,14.50,65.0,58,0,51,7,0,0,0,0,0,0,0,0
533967_14017_14018_1,200.6,1,2022/10/18 09:15:00,49.58,14.56,56.0,48,0,40,8,0,0,0,0,0,0,0,0
533967_14017_14018_1,200.6,1,2022/10/18 09:30:00,49.64,14.55,51.0,44,0,37,7,0,0,0,0,0,0,0,0
533967_14017_14018_1,200.6,1,2022/10/18 09:45:00,49.43,14.61,65.0,56,0,47,8,1,0,0,0,0,0,0,0
533967_14017_14018_1,200.6,1,2022/10/18 10:00:00,50.35,14.34,52.0,44,0,36,7,1,0,0,0,0,0,0,0
533967_14017_14018_1,200.6,1,2022/10/18 10:15:00,49.87,14.48,53.0,48,0,43,4,1,0,0,0,0,0,0,0
533967_14017_14018_1,200.6,1,2022/10/18 10:30:00,49.83,14.49,66.0,49,0,32,14,3,0,0,0,0,0,0,0
533967_14017_14018_1,200.6,1,2022/10/18 10:45:00,50.02,14.44,70.0,55,0,40,15,0,0,0,0,0,0,0,0
533967_14017_14018_1,200.6,1,2022/10/18 11:00:00,49.20,14.68,53.0,40,0,27,9,4,0,0,0,0,0,0,0
533967_14017_14018_1,200.6,1,2022/10/18 11:15:00,49.92,14.46,46.0,41,0,36,5,0,0,0,0,0,0,0,0
533967_14017_14018_1,200.6,1,2022/10/18 11:30:00,49.58,14.56,47.0,39,0,31,1,7,0,0,0,0,0,0,0
533967_14017_14018_1,200.6,1,2022/10/18 11:45:00,49.83,14.49,65.0,49,0,33,14,2,0,0,0,0,0,0,0
533967_14017_14018_1,200.6,1,2022/10/18 12:00:00,50.00,14.44,69.0,61,0,53,8,0,0,0,0,0,0,0,0
533967_14017_14018_1,200.6,1,2022/10/18 12:15:00,49.83,14.49,64.0,59,0,54,5,0,0,0,0,0,0,0,0
533967_14017_14018_1,200.6,1,2022/10/18 12:30:00,49.77,14.51,61.0,57,0,53,2,2,0,0,0,0,0,0,0
533967_14017_14018_1,200.6,1,2022/10/18 12:45:00,49.41,14.61,64.0,57,0,50,4,3,0,0,0,0,0,0,0
533967_14017_14018_1,200.6,1,2022/10/18 13:00:00,49.63,14.55,58.0,51,0,44,5,2,0,0,0,0,0,0,0
533967_14017_14018_1,200.6,1,2022/10/18 13:15:00,49.77,14.51,76.0,63,0,50,9,4,0,0,0,0,0,0,0
533967_14017_14018_1,200.6,1,2022/10/18 13:30:00,49.76,14.51,49.0,43,0,37,4,2,0,0,0,0,0,0,0
533967_14017_14018_1,200.6,1,2022/10/18 13:45:00,49.53,14.58,45.0,38,0,31,4,3,0,0,0,0,0,0,0
533967_14017_14018_1,200.6,1,2022/10/18 14:00:00,49.80,14.50,34.0,30,0,26,3,1,0,0,0,0,0,0,0
533967_14017_14018_1,200.6,1,2022/10/18 14:15:00,49.72,14.52,56.0,44,0,32,12,0,0,0,0,0,0,0,0
533967_14017_14018_1,200.6,1,2022/10/18 14:30:00,50.06,14.42,39.0,33,0,27,5,1,0,0,0,0,0,0,0
533967_14017_14018_1,200.6,1,2022/10/18 14:45:00,50.29,14.36,34.0,28,0,22,6,0,0,0,0,0,0,0,0
533967_14017_14018_1,200.6,1,2022/10/18 15:00:00,49.48,14.59,31.0,27,0,23,4,0,0,0,0,0,0,0,0
533967_14017_14018_1,200.6,1,2022/10/18 15:15:00,50.14,14.40,64.0,55,0,46,8,1,0,0,0,0,0,0,0
533967_14017_14018_1,200.6,1,2022/10/18 15:30:00,50.00,14.44,31.0,25,0,19,6,0,0,0,0,0,0,0,0
533967_14017_14018_1,200.6,1,2022/10/18 15:45:00,50.22,14.38,60.0,45,0,30,14,1,0,0,0,0,0,0,0
533967_14017_14018_1,200.6,1,2022/10/18 16:00:00,49.94,14.46,55.0,50,0,45,4,1,0,0,0,0,0,0,0
533967_14017_14018_1,200.6,1,2022/10/18 16:15:00,49.68,14.53,45.0,43,0,41,0,2,0,0,0,0,0,0,0
533967_14017_14018_1,200.6,1,2022/10/18 16:30:00,49.63,14.55,46.0,40,0,34,6,0,0,0,0,0,0,0,0
533967_14017_14018_1,200.6,1,2022/10/18 16:45:00,49.69,14.53,51.0,47,0,43,4,0,0,0,0,0,0,0,0
533967_14017_14018_1,200.6,1,2022/10/18 17:00:00,49.93,14.46,79.0,78,0,77,1,0,0,0,0,0,0,0,0
533967_14017_14018_1,200.6,1,2022/10/18 17:15:00,49.80,14.50,80.0,72,0,64,3,5,0,0,0,0,0,0,0
533967_14017_14018_1,200.6,1,2022/10/18 17:30:00,49.80,14.50,52.0,50,0,48,0,2,0,0,0,0,0,0,0
533967_14017_14018_1,200.6,1,2022/10/18 17:45:00,49.32,14.64,68.0,64,0,60,1,3,0,0,0,0,0,0,0
533967_14017_14018_1,200.6,1,2022/10/18 18:00:00,50.22,14.38,52.0,45,0,38,0,7,0,0,0,0,0,0,0
533967_14017_14018_1,200.6,1,2022/10/18 18:15:00,49.91,14.47,68.0,64,0,60,0,4,0,0,0,0,0,0,0
533967_14017_14018_1,200.6,1,2022/10/18 18:30:00,49.77,14.51,68.0,65,0,62,1,2,0,0,0,0,0,0,0
533967_14017_14018_1,200.6,1,2022/10/18 18:45:00,49.65,14.54,59.0,57,0,55,2,0,0,0,0,0,0,0,0
533967_14021_88656_0,220.4,1,2022/10/18 06:30:00,-1.00,-1.00,0.0,0,0,0,0,0,0,0,0,0,0,0,0
533967_14021_88656_0,220.4,1,2022/10/18 06:45:00,-1.00,-1.00,0.0,0,0,0,0,0,0,0,0,0,0,0,0
533967_14021_88656_0,220.4,1,2022/10/18 07:00:00,-1.00,-1.00,0.0,0,0,0,0,0,0,0,0,0,0,0,0
533967_14021_88656_0,220.4,1,2022/10/18 07:15:00,-1.00,-1.00,0.0,0,0,0,0,0,0,0,0,0,0,0,0
533967_14021_88656_0,220.4,1,2022/10/18 07:30:00,-1.00,-1.00,0.0,0,0,0,0,0,0,0,0,0,0,0,0
533967_14021_88656_0,220.4,1,2022/10/18 07:45:00,-1.00,-1.00,0.0,0,0,0,0,0,0,0,0,0,0,0,0
533967_14021_88656_0,220.4,1,2022/10/18 08:00:00,-1.00,-1.00,0.0,0,0,0,0,0,0,0,0,0,0,0,0
533967_14021_88656_0,220.4,1,2022/10/18 08:15:00,-1.00,-1.00,0.0,0,0,0,0,0,0,0,0,0,0,0,0
533967_14021_88656_0,220.4,1,2022/10/18 08:30:00,-1.00,-1.00,0.0,0,0,0,0,0,0,0,0,0,0,0,0
533967_14021_88656_0,220.4,1,2022/10/18 08:45:00,-1.00,-1.00,0.0,0,0,0,0,0,0,0,0,0,0,0,0
533967_14021_88656_0,220.4,1,2022/10/18 09:00:00,-1.00,-1.00,0.0,0,0,0,0,0,0,0,0,0,0,0,0
533967_14021_88656_0,220.4,1,2022/10/18 09:15:00,-1.00,-1.00,0.0,0,0,0,0,0,0,0,0,0,0,0,0
533967_14021_88656_0,220.4,1,2022/10/18 09:30:00,-1.00,-1.00,0.0,0,0,0,0,0,0,0,0,0,0,0,0
533967_14021_88656_0,220.4,1,2022/10/18 09:45:00,-1.00,-1.00,0.0,0,0,0,0,0,0,0,0,0,0,0,0
533967_14021_88656_0,220.4,1,2022/10/18 10:00:00,-1.00,-1.00,0.0,0,0,0,0,0,0,0,0,0,0,0,0
533967_14021_88656_0,220.4,1,2022/10/18 10:15:00,-1.00,-1.00,0.0,0,0,0,0,0,0,0,0,0,0,0,0
533967_14021_88656_0,220.4,1,2022/10/18 10:30:00,-1.00,-1.00,0.0,0,0,0,0,0,0,0,0,0,0,0,0
533967_14021_88656_0,220.4,1,2022/10/18 10:45:00,-1.00,-1.00,0.0,0,0,0,0,0,0,0,0,0,0,0,0
533967_14021_88656_0,220.4,1,2022/10/18 11:00:00,-1.00,-1.00,0.0,0,0,0,0,0,0,0,0,0,0,0,0
533967_14021_88656_0,220.4,1,2022/10/18 11:15:00,-1.00,-1.00,0.0,0,0,0,0,0,0,0,0,0,0,0,0
533967_14021_88656_0,220.4,1,2022/10/18 11:30:00,-1.00,-1.00,0.0,0,0,0,0,0,0,0,0,0,0,0,0
533967_14021_88656_0,220.4,1,2022/10/18 11:45:00,-1.00,-1.00,0.0,0,0,0,0,0,0,0,0,0,0,0,0
533967_14021_88656_0,220.4,1,2022/10/18 12:00:00,-1.00,-1.00,0.0,0,0,0,0,0,0,0,0,0,0,0,0
533967_14021_88656_0,220.4,1,2022/10/18 12:15:00,-1.00,-1.00,0.0,0,0,0,0,0,0,0,0,0,0,0,0
533967_14021_88656_0,220.4,1,2022/10/18 12:30:00,-1.00,-1.00,0.0,0,0,0,0,0,0,0,0,0,0,0,0
533967_14021_88656_0,220.4,1,2022/10/18 12:45:00,-1.00,-1.00,0.0,0,0,0,0,0,0,0,0,0,0,0,0
533967_14021_88656_0,220.4,1,2022/10/18 13:00:00,-1.00,-1.00,0.0,0,0,0,0,0,0,0,0,0,0,0,0
533967_14021_88656_0,220.4,1,2022/10/18 13:15:00,-1.00,-1.00,0.0,0,0,0,0,0,0,0,0,0,0,0,0
533967_14021_88656_0,220.4,1,2022/10/18 13:30:00,-1.00,-1.00,0.0,0,0,0,0,0,0,0,0,0,0,0,0
533967_14021_88656_0,220.4,1,2022/10/18 13:45:00,-1.00,-1.00,0.0,0,0,0,0,0,0,0,0,0,0,0,0
533967_14021_88656_0,220.4,1,2022/10/18 14:00:00,-1.00,-1.00,0.0,0,0,0,0,0,0,0,0,0,0,0,0
533967_14021_88656_0,220.4,1,2022/10/18 14:15:00,-1.00,-1.00,0.0,0,0,0,0,0,0,0,0,0,0,0,0
533967_14021_88656_0,220.4,1,2022/10/18 14:30:00,-1.00,-1.00,0.0,0,0,0,0,0,0,0,0,0,0,0,0
533967_14021_88656_0,220.4,1,2022/10/18 14:45:00,-1.00,-1.00,0.0,0,0,0,0,0,0,0,0,0,0,0,0
533967_14021_88656_0,220.4,1,2022/10/18 15:00:00,-1.00,-1.00,0.0,0,0,0,0,0,0,0,0,0,0,0,0
533967_14021_88656_0,220.4,1,2022/10/18 15:15:00,-1.00,-1.00,0.0,0,0,0,0,0,0,0,0,0,0,0,0
533967_14021_88656_0,220.4,1,2022/10/18 15:30:00,-1.00,-1.00,0.0,0,0,0,0,0,0,0,0,0,0,0,0
533967_14021_88656_0,220.4,1,2022/10/18 15:45:00,-1.00,-1.00,0.0,0,0,0,0,0,0,0,0,0,0,0,0
533967_14021_88656_0,220.4,1,2022/10/18 16:00:00,-1.00,-1.00,0.0,0,0,0,0,0,0,0,0,0,0,0,0
533967_14021_88656_0,220.4,1,2022/10/18 16:15:00,-1.00,-1.00,0.0,0,0,0,0,0,0,0,0,0,0,0,0
533967_14021_88656_0,220.4,1,2022/10/18 16:30:00,-1.00,-1.00,0.0,0,0,0,0,0,0,0,0,0,0,0,0
533967_14021_88656_0,220.4,1,2022/10/18 16:45:00,-1.00,-1.00,0.0,0,0,0,0,0,0,0,0,0,0,0,0
533967_14021_88656_0,220.4,1,2022/10/18 17:00:00,-1.00,-1.00,0.0,0,0,0,0,0,0,0,0,0,0,0,0
533967_14021_88656_0,220.4,1,2022/10/18 17:15:00,-1.00,-1.00,0.0,0,0,0,0,0,0,0,0,0,0,0,0
533967_14021_88656_0,220.4,1,2022/10/18 17:30:00,-1.00,-1.00,0.0,0,0,0,0,0,0,0,0,0,0,0,0
533967_14021_88656_0,220.4,1,2022/10/18 17:45:00,-1.00,-1.00,0.0,0,0,0,0,0,0,0,0,0,0,0,0
533967_14021_88656_0,220.4,1,2022/10/18 18:00:00,-1.00,-1.00,0.0,0,0,0,0,0,0,0,0,0,0,0,0
533967_14021_88656_0,220.4,1,2022/10/18 18:15:00,-1.00,-1.00,0.0,0,0,0,0,0,0,0,0,0,0,0,0
533967_14021_88656_0,220.4,1,2022/10/18 18:30:00,-1.00,-1.00,0.0,0,0,0,0,0,0,0,0,0,0,0,0
533967_14021_88656_0,220.4,1,2022/10/18 18:45:00,-1.00,-1.00,0.0,0,0,0,0,0,0,0,0,0,0,0,0
533967_14021_88656_1,228.5,1,2022/10/18 06:30:00,-1.00,-1.00,0.0,0,0,0,0,0,0,0,0,0,0,0,0
533967_14021_88656_1,228.5,1,2022/10/18 06:45:00,-1.00,-1.00,0.0,0,0,0,0,0,0,0,0,0,0,0,0
533967_14021_88656_1,228.5,1,2022/10/18 07:00:00,-1.00,-1.00,0.0,0,0,0,0,0,0,0,0,0,0,0,0
533967_14021_88656_1,228.5,1,2022/10/18 07:15:00,-1.00,-1.00,0.0,0,0,0,0,0,0,0,0,0,0,0,0
533967_14021_88656_1,228.5,1,2022/10/18 07:30:00,-1.00,-1.00,0.0,0,0,0,0,0,0,0,0,0,0,0,0
533967_14021_88656_1,228.5,1,2022/10/18 07:45:00,-1.00,-1.00,0.0,0,0,0,0,0,0,0,0,0,0,0,0
533967_14021_88656_1,228.5,1,2022/10/18 08:00:00,-1.00,-1.00,0.0,0,0,0,0,0,0,0,0,0,0,0,0
533967_14021_88656_1,228.5,1,2022/10/18 08:15:00,-1.00,-1.00,0.0,0,0,0,0,0,0,0,0,0,0,0,0
533967_14021_88656_1,228.5,1,2022/10/18 08:30:00,-1.00,-1.00,0.0,0,0,0,0,0,0,0,0,0,0,0,0
533967_14021_88656_1,228.5,1,2022/10/18 08:45:00,-1.00,-1.00,0.0,0,0,0,0,0,0,0,0,0,0,0,0
533967_14021_88656_1,228.5,1,2022/10/18 09:00:00,-1.00,-1.00,0.0,0,0,0,0,0,0,0,0,0,0,0,0
533967_14021_88656_1,228.5,1,2022/10/18 09:15:00,-1.00,-1.00,0.0,0,0,0,0,0,0,0,0,0,0,0,0
533967_14021_88656_1,228.5,1,2022/10/18 09:30:00,-1.00,-1.00,0.0,0,0,0,0,0,0,0,0,0,0,0,0
533967_14021_88656_1,228.5,1,2022/10/18 09:45:00,-1.00,-1.00,0.0,0,0,0,0,0,0,0,0,0,0,0,0
533967_14021_88656_1,228.5,1,2022/10/18 10:00:00,-1.00,-1.00,0.0,0,0,0,0,0,0,0,0,0,0,0,0
533967_14021_88656_1,228.5,1,2022/10/18 10:15:00,-1.00,-1.00,0.0,0,0,0,0,0,0,0,0,0,0,0,0
533967_14021_88656_1,228.5,1,2022/10/18 10:30:00,-1.00,-1.00,0.0,0,0,0,0,0,0,0,0,0,0,0,0
533967_14021_88656_1,228.5,1,2022/10/18 10:45:00,-1.00,-1.00,0.0,0,0,0,0,0,0,0,0,0,0,0,0
533967_14021_88656_1,228.5,1,2022/10/18 11:00:00,-1.00,-1.00,0.0,0,0,0,0,0,0,0,0,0,0,0,0
533967_14021_88656_1,228.5,1,2022/10/18 11:15:00,-1.00,-1.00,0.0,0,0,0,0,0,0,0,0,0,0,0,0
533967_14021_88656_1,228.5,1,2022/10/18 11:30:00,-1.00,-1.00,0.0,0,0,0,0,0,0,0,0,0,0,0,0
533967_14021_88656_1,228.5,1,2022/10/18 11:45:00,-1.00,-1.00,0.0,0,0,0,0,0,0,0,0,0,0,0,0
533967_14021_88656_1,228.5,1,2022/10/18 12:00:00,-1.00,-1.00,0.0,0,0,0,0,0,0,0,0,0,0,0,0
533967_14021_88656_1,228.5,1,2022/10/18 12:15:00,-1.00,-1.00,0.0,0,0,0,0,0,0,0,0,0,0,0,0
533967_14021_88656_1,228.5,1,2022/10/18 12:30:00,-1.00,-1.00,0.0,0,0,0,0,0,0,0,0,0,0,0,0
533967_14021_88656_1,228.5,1,2022/10/18 12:45:00,-1.00,-1.00,0.0,0,0,0,0,0,0,0,0,0,0,0,0
533967_14021_88656_1,228.5,1,2022/10/18 13:00:00,-1.00,-1.00,0.0,0,0,0,0,0,0,0,0,0,0,0,0
533967_14021_88656_1,228.5,1,2022/10/18 13:15:00,-1.00,-1.00,0.0,0,0,0,0,0,0,0,0,0,0,0,0
533967_14021_88656_1,228.5,1,2022/10/18 13:30:00,-1.00,-1.00,0.0,0,0,0,0,0,0,0,0,0,0,0,0
533967_14021_88656_1,228.5,1,2022/10/18 13:45:00,-1.00,-1.00,0.0,0,0,0,0,0,0,0,0,0,0,0,0
533967_14021_88656_1,228.5,1,2022/10/18 14:00:00,-1.00,-1.00,0.0,0,0,0,0,0,0,0,0,0,0,0,0
533967_14021_88656_1,228.5,1,2022/10/18 14:15:00,-1.00,-1.00,0.0,0,0,0,0,0,0,0,0,0,0,0,0
533967_14021_88656_1,228.5,1,2022/10/18 14:30:00,-1.00,-1.00,0.0,0,0,0,0,0,0,0,0,0,0,0,0
533967_14021_88656_1,228.5,1,2022/10/18 14:45:00,-1.00,-1.00,0.0,0,0,0,0,0,0,0,0,0,0,0,0
533967_14021_88656_1,228.5,1,2022/10/18 15:00:00,-1.00,-1.00,0.0,0,0,0,0,0,0,0,0,0,0,0,0
533967_14021_88656_1,228.5,1,2022/10/18 15:15:00,-1.00,-1.00,0.0,0,0,0,0,0,0,0,0,0,0,0,0
533967_14021_88656_1,228.5,1,2022/10/18 15:30:00,-1.00,-1.00,0.0,0,0,0,0,0,0,0,0,0,0,0,0
533967_14021_88656_1,228.5,1,2022/10/18 15:45:00,-1.00,-1.00,0.0,0,0,0,0,0,0,0,0,0,0,0,0
533967_14021_88656_1,228.5,1,2022/10/18 16:00:00,-1.00,-1.00,0.0,0,0,0,0,0,0,0,0,0,0,0,0
533967_14021_88656_1,228.5,1,2022/10/18 16:15:00,-1.00,-1.00,0.0,0,0,0,0,0,0,0,0,0,0,0,0
533967_14021_88656_1,228.5,1,2022/10/18 16:30:00,-1.00,-1.00,0.0,0,0,0,0,0,0,0,0,0,0,0,0
533967_14021_88656_1,228.5,1,2022/10/18 16:45:00,-1.00,-1.00,0.0,0,0,0,0,0,0,0,0,0,0,0,0
533967_14021_88656_1,228.5,1,2022/10/18 17:00:00,-1.00,-1.00,0.0,0,0,0,0,0,0,0,0,0,0,0,0
533967_14021_88656_1,228.5,1,2022/10/18 17:15:00,-1.00,-1.00,0.0,0,0,0,0,0,0,0,0,0,0,0,0
533967_14021_88656_1,228.5,1,2022/10/18 17:30:00,-1.00,-1.00,0.0,0,0,0,0,0,0,0,0,0,0,0,0
533967_14021_88656_1,228.5,1,2022/10/18 17:45:00,-1.00,-1.00,0.0,0,0,0,0,0,0,0,0,0,0,0,0
533967_14021_88656_1,228.5,1,2022/10/18 18:00:00,-1.00,-1.00,0.0,0,0,0,0,0,0,0,0,0,0,0,0
533967_14021_88656_1,228.5,1,2022/10/18 18:15:00,-1.00,-1.00,0.0,0,0,0,0,0,0,0,0,0,0,0,0
533967_14021_88656_1,228.5,1,2022/10/18 18:30:00,-1.00,-1.00,0.0,0,0,0,0,0,0,0,0,0,0,0,0
533967_14021_88656_1,228.5,1,2022/10/18 18:45:00,-1.00,-1.00,0.0,0,0,0,0,0,0,0,0,0,0,0,0
533967_14156_88894_0,321.0,1,2022/10/18 06:30:00,-1.00,-1.00,0.0,0,0,0,0,0,0,0,0,0,0,0,0
533967_14156_88894_0,321.0,1,2022/10/18 06:45:00,-1.00,-1.00,0.0,0,0,0,0,0,0,0,0,0,0,0,0
533967_14156_88894_0,321.0,1,2022/10/18 07:00:00,-1.00,-1.00,0.0,0,0,0,0,0,0,0,0,0,0,0,0
533967_14156_88894_0,321.0,1,2022/10/18 07:15:00,-1.00,-1.00,0.0,0,0,0,0,0,0,0,0,0,0,0,0
533967_14156_88894_0,321.0,1,2022/10/18 07:30:00,-1.00,-1.00,0.0,0,0,0,0,0,0,0,0,0,0,0,0
533967_14156_88894_0,321.0,1,2022/10/18 07:45:00,-1.00,-1.00,0.0,0,0,0,0,0,0,0,0,0,0,0,0
533967_14156_88894_0,321.0,1,2022/10/18 08:00:00,-1.00,-1.00,0.0,0,0,0,0,0,0,0,0,0,0,0,0
533967_14156_88894_0,321.0,1,2022/10/18 08:15:00,-1.00,-1.00,0.0,0,0,0,0,0,0,0,0,0,0,0,0
533967_14156_88894_0,321.0,1,2022/10/18 08:30:00,-1.00,-1.00,0.0,0,0,0,0,0,0,0,0,0,0,0,0
533967_14156_88894_0,321.0,1,2022/10/18 08:45:00,-1.00,-1.00,0.0,0,0,0,0,0,0,0,0,0,0,0,0
533967_14156_88894_0,321.0,1,2022/10/18 09:00:00,-1.00,-1.00,0.0,0,0,0,0,0,0,0,0,0,0,0,0
533967_14156_88894_0,321.0,1,2022/10/18 09:15:00,-1.00,-1.00,0.0,0,0,0,0,0,0,0,0,0,0,0,0
533967_14156_88894_0,321.0,1,2022/10/18 09:30:00,-1.00,-1.00,0.0,0,0,0,0,0,0,0,0,0,0,0,0
533967_14156_88894_0,321.0,1,2022/10/18 09:45:00,-1.00,-1.00,0.0,0,0,0,0,0,0,0,0,0,0,0,0
533967_14156_88894_0,321.0,1,2022/10/18 10:00:00,-1.00,-1.00,0.0,0,0,0,0,0,0,0,0,0,0,0,0
533967_14156_88894_0,321.0,1,2022/10/18 10:15:00,-1.00,-1.00,0.0,0,0,0,0,0,0,0,0,0,0,0,0
533967_14156_88894_0,321.0,1,2022/10/18 10:30:00,-1.00,-1.00,0.0,0,0,0,0,0,0,0,0,0,0,0,0
533967_14156_88894_0,321.0,1,2022/10/18 10:45:00,-1.00,-1.00,0.0,0,0,0,0,0,0,0,0,0,0,0,0
533967_14156_88894_0,321.0,1,2022/10/18 11:00:00,-1.00,-1.00,0.0,0,0,0,0,0,0,0,0,0,0,0,0
533967_14156_88894_0,321.0,1,2022/10/18 11:15:00,-1.00,-1.00,0.0,0,0,0,0,0,0,0,0,0,0,0,0
533967_14156_88894_0,321.0,1,2022/10/18 11:30:00,-1.00,-1.00,0.0,0,0,0,0,0,0,0,0,0,0,0,0
533967_14156_88894_0,321.0,1,2022/10/18 11:45:00,-1.00,-1.00,0.0,0,0,0,0,0,0,0,0,0,0,0,0
533967_14156_88894_0,321.0,1,2022/10/18 12:00:00,-1.00,-1.00,0.0,0,0,0,0,0,0,0,0,0,0,0,0
533967_14156_88894_0,321.0,1,2022/10/18 12:15:00,-1.00,-1.00,0.0,0,0,0,0,0,0,0,0,0,0,0,0
533967_14156_88894_0,321.0,1,2022/10/18 12:30:00,-1.00,-1.00,0.0,0,0,0,0,0,0,0,0,0,0,0,0
533967_14156_88894_0,321.0,1,2022/10/18 12:45:00,-1.00,-1.00,0.0,0,0,0,0,0,0,0,0,0,0,0,0
533967_14156_88894_0,321.0,1,2022/10/18 13:00:00,-1.00,-1.00,0.0,0,0,0,0,0,0,0,0,0,0,0,0
533967_14156_88894_0,321.0,1,2022/10/18 13:15:00,-1.00,-1.00,0.0,0,0,0,0,0,0,0,0,0,0,0,0
533967_14156_88894_0,321.0,1,2022/10/18 13:30:00,-1.00,-1.00,0.0,0,0,0,0,0,0,0,0,0,0,0,0
533967_14156_88894_0,321.0,1,2022/10/18 13:45:00,-1.00,-1.00,0.0,0,0,0,0,0,0,0,0,0,0,0,0
533967_14156_88894_0,321.0,1,2022/10/18 14:00:00,-1.00,-1.00,0.0,0,0,0,0,0,0,0,0,0,0,0,0
533967_14156_88894_0,321.0,1,2022/10/18 14:15:00,-1.00,-1.00,0.0,0,0,0,0,0,0,0,0,0,0,0,0
533967_14156_88894_0,321.0,1,2022/10/18 14:30:00,-1.00,-1.00,0.0,0,0,0,0,0,0,0,0,0,0,0,0
533967_14156_88894_0,321.0,1,2022/10/18 14:45:00,-1.00,-1.00,0.0,0,0,0,0,0,0,0,0,0,0,0,0
533967_14156_88894_0,321.0,1,2022/10/18 15:00:00,-1.00,-1.00,0.0,0,0,0,0,0,0,0,0,0,0,0,0
533967_14156_88894_0,321.0,1,2022/10/18 15:15:00,-1.00,-1.00,0.0,0,0,0,0,0,0,0,0,0,0,0,0
533967_14156_88894_0,321.0,1,2022/10/18 15:30:00,-1.00,-1.00,0.0,0,0,0,0,0,0,0,0,0,0,0,0
533967_14156_88894_0,321.0,1,2022/10/18 15:45:00,-1.00,-1.00,0.0,0,0,0,0,0,0,0,0,0,0,0,0
533967_14156_88894_0,321.0,1,2022/10/18 16:00:00,-1.00,-1.00,0.0,0,0,0,0,0,0,0,0,0,0,0,0
533967_14156_88894_0,321.0,1,2022/10/18 16:15:00,-1.00,-1.00,0.0,0,0,0,0,0,0,0,0,0,0,0,0
533967_14156_88894_0,321.0,1,2022/10/18 16:30:00,-1.00,-1.00,0.0,0,0,0,0,0,0,0,0,0,0,0,0
533967_14156_88894_0,321.0,1,2022/10/18 16:45:00,-1.00,-1.00,0.0,0,0,0,0,0,0,0,0,0,0,0,0
533967_14156_88894_0,321.0,1,2022/10/18 17:00:00,-1.00,-1.00,0.0,0,0,0,0,0,0,0,0,0,0,0,0
533967_14156_88894_0,321.0,1,2022/10/18 17:15:00,-1.00,-1.00,0.0,0,0,0,0,0,0,0,0,0,0,0,0
533967_14156_88894_0,321.0,1,2022/10/18 17:30:00,-1.00,-1.00,0.0,0,0,0,0,0,0,0,0,0,0,0,0
533967_14156_88894_0,321.0,1,2022/10/18 17:45:00,-1.00,-1.00,0.0,0,0,0,0,0,0,0,0,0,0,0,0
533967_14156_88894_0,321.0,1,2022/10/18 18:00:00,-1.00,-1.00,0.0,0,0,0,0,0,0,0,0,0,0,0,0
533967_14156_88894_0,321.0,1,2022/10/18 18:15:00,-1.00,-1.00,0.0,0,0,0,0,0,0,0,0,0,0,0,0
533967_14156_88894_0,321.0,1,2022/10/18 18:30:00,-1.00,-1.00,0.0,0,0,0,0,0,0,0,0,0,0,0,0
533967_14156_88894_0,321.0,1,2022/10/18 18:45:00,-1.00,-1.00,0.0,0,0,0,0,0,0,0,0,0,0,0,0
533967_14156_88894_1,322.5,1,2022/10/18 06:30:00,-1.00,-1.00,0.0,0,0,0,0,0,0,0,0,0,0,0,0
533967_14156_88894_1,322.5,1,2022/10/18 06:45:00,-1.00,-1.00,0.0,0,0,0,0,0,0,0,0,0,0,0,0
533967_14156_88894_1,322.5,1,2022/10/18 07:00:00,-1.00,-1.00,0.0,0,0,0,0,0,0,0,0,0,0,0,0
533967_14156_88894_1,322.5,1,2022/10/18 07:15:00,-1.00,-1.00,0.0,0,0,0,0,0,0,0,0,0,0,0,0
533967_14156_88894_1,322.5,1,2022/10/18 07:30:00,-1.00,-1.00,0.0,0,0,0,0,0,0,0,0,0,0,0,0
533967_14156_88894_1,322.5,1,2022/10/18 07:45:00,-1.00,-1.00,0.0,0,0,0,0,0,0,0,0,0,0,0,0
533967_14156_88894_1,322.5,1,2022/10/18 08:00:00,-1.00,-1.00,0.0,0,0,0,0,0,0,0,0,0,0,0,0
533967_14156_88894_1,322.5,1,2022/10/18 08:15:00,-1.00,-1.00,0.0,0,0,0,0,0,0,0,0,0,0,0,0
533967_14156_88894_1,322.5,1,2022/10/18 08:30:00,-1.00,-1.00,0.0,0,0,0,0,0,0,0,0,0,0,0,0
533967_14156_88894_1,322.5,1,2022/10/18 08:45:00,-1.00,-1.00,0.0,0,0,0,0,0,0,0,0,0,0,0,0
533967_14156_88894_1,322.5,1,2022/10/18 09:00:00,-1.00,-1.00,0.0,0,0,0,0,0,0,0,0,0,0,0,0
533967_14156_88894_1,322.5,1,2022/10/18 09:15:00,-1.00,-1.00,0.0,0,0,0,0,0,0,0,0,0,0,0,0
533967_14156_88894_1,322.5,1,2022/10/18 09:30:00,-1.00,-1.00,0.0,0,0,0,0,0,0,0,0,0,0,0,0
533967_14156_88894_1,322.5,1,2022/10/18 09:45:00,-1.00,-1.00,0.0,0,0,0,0,0,0,0,0,0,0,0,0
533967_14156_88894_1,322.5,1,2022/10/18 10:00:00,-1.00,-1.00,0.0,0,0,0,0,0,0,0,0,0,0,0,0
533967_14156_88894_1,322.5,1,2022/10/18 10:15:00,-1.00,-1.00,0.0,0,0,0,0,0,0,0,0,0,0,0,0
533967_14156_88894_1,322.5,1,2022/10/18 10:30:00,-1.00,-1.00,0.0,0,0,0,0,0,0,0,0,0,0,0,0
533967_14156_88894_1,322.5,1,2022/10/18 10:45:00,-1.00,-1.00,0.0,0,0,0,0,0,0,0,0,0,0,0,0
533967_14156_88894_1,322.5,1,2022/10/18 11:00:00,-1.00,-1.00,0.0,0,0,0,0,0,0,0,0,0,0,0,0
533967_14156_88894_1,322.5,1,2022/10/18 11:15:00,-1.00,-1.00,0.0,0,0,0,0,0,0,0,0,0,0,0,0
533967_14156_88894_1,322.5,1,2022/10/18 11:30:00,-1.00,-1.00,0.0,0,0,0,0,0,0,0,0,0,0,0,0
533967_14156_88894_1,322.5,1,2022/10/18 11:45:00,-1.00,-1.00,0.0,0,0,0,0,0,0,0,0,0,0,0,0
533967_14156_88894_1,322.5,1,2022/10/18 12:00:00,-1.00,-1.00,0.0,0,0,0,0,0,0,0,0,0,0,0,0
533967_14156_88894_1,322.5,1,2022/10/18 12:15:00,-1.00,-1.00,0.0,0,0,0,0,0,0,0,0,0,0,0,0
533967_14156_88894_1,322.5,1,2022/10/18 12:30:00,-1.00,-1.00,0.0,0,0,0,0,0,0,0,0,0,0,0,0
533967_14156_88894_1,322.5,1,2022/10/18 12:45:00,-1.00,-1.00,0.0,0,0,0,0,0,0,0,0,0,0,0,0
533967_14156_88894_1,322.5,1,2022/10/18 13:00:00,-1.00,-1.00,0.0,0,0,0,0,0,0,0,0,0,0,0,0
533967_14156_88894_1,322.5,1,2022/10/18 13:15:00,-1.00,-1.00,0.0,0,0,0,0,0,0,0,0,0,0,0,0
533967_14156_88894_1,322.5,1,2022/10/18 13:30:00,-1.00,-1.00,0.0,0,0,0,0,0,0,0,0,0,0,0,0
533967_14156_88894_1,322.5,1,2022/10/18 13:45:00,-1.00,-1.00,0.0,0,0,0,0,0,0,0,0,0,0,0,0
533967_14156_88894_1,322.5,1,2022/10/18 14:00:00,-1.00,-1.00,0.0,0,0,0,0,0,0,0,0,0,0,0,0
533967_14156_88894_1,322.5,1,2022/10/18 14:15:00,-1.00,-1.00,0.0,0,0,0,0,0,0,0,0,0,0,0,0
533967_14156_88894_1,322.5,1,2022/10/18 14:30:00,-1.00,-1.00,0.0,0,0,0,0,0,0,0,0,0,0,0,0
533967_14156_88894_1,322.5,1,2022/10/18 14:45:00,-1.00,-1.00,0.0,0,0,0,0,0,0,0,0,0,0,0,0
533967_14156_88894_1,322.5,1,2022/10/18 15:00:00,-1.00,-1.00,0.0,0,0,0,0,0,0,0,0,0,0,0,0
533967_14156_88894_1,322.5,1,2022/10/18 15:15:00,-1.00,-1.00,0.0,0,0,0,0,0,0,0,0,0,0,0,0
533967_14156_88894_1,322.5,1,2022/10/18 15:30:00,-1.00,-1.00,0.0,0,0,0,0,0,0,0,0,0,0,0,0
533967_14156_88894_1,322.5,1,2022/10/18 15:45:00,-1.00,-1.00,0.0,0,0,0,0,0,0,0,0,0,0,0,0
533967_14156_88894_1,322.5,1,2022/10/18 16:00:00,-1.00,-1.00,0.0,0,0,0,0,0,0,0,0,0,0,0,0
533967_14156_88894_1,322.5,1,2022/10/18 16:15:00,-1.00,-1.00,0.0,0,0,0,0,0,0,0,0,0,0,0,0
533967_14156_88894_1,322.5,1,2022/10/18 16:30:00,-1.00,-1.00,0.0,0,0,0,0,0,0,0,0,0,0,0,0
533967_14156_88894_1,322.5,1,2022/10/18 16:45:00,-1.00,-1.00,0.0,0,0,0,0,0,0,0,0,0,0,0,0
533967_14156_88894_1,322.5,1,2022/10/18 17:00:00,-1.00,-1.00,0.0,0,0,0,0,0,0,0,0,0,0,0,0
533967_14156_88894_1,322.5,1,2022/10/18 17:15:00,-1.00,-1.00,0.0,0,0,0,0,0,0,0,0,0,0,0,0
533967_14156_88894_1,322.5,1,2022/10/18 17:30:00,-1.00,-1.00,0.0,0,0,0,0,0,0,0,0,0,0,0,0
533967_14156_88894_1,322.5,1,2022/10/18 17:45:00,-1.00,-1.00,0.0,0,0,0,0,0,0,0,0,0,0,0,0
533967_14156_88894_1,322.5,1,2022/10/18 18:00:00,-1.00,-1.00,0.0,0,0,0,0,0,0,0,0,0,0,0,0
533967_14156_88894_1,322.5,1,2022/10/18 18:15:00,-1.00,-1.00,0.0,0,0,0,0,0,0,0,0,0,0,0,0
533967_14156_88894_1,322.5,1,2022/10/18 18:30:00,-1.00,-1.00,0.0,0,0,0,0,0,0,0,0,0,0,0,0
533967_14156_88894_1,322.5,1,2022/10/18 18:45:00,-1.00,-1.00,0.0,0,0,0,0,0,0,0,0,0,0,0,0
533967_72276_88656_0,311.9,1,2022/10/18 06:30:00,-1.00,-1.00,0.0,0,0,0,0,0,0,0,0,0,0,0,0
533967_72276_88656_0,311.9,1,2022/10/18 06:45:00,-1.00,-1.00,0.0,0,0,0,0,0,0,0,0,0,0,0,0
533967_72276_88656_0,311.9,1,2022/10/18 07:00:00,-1.00,-1.00,0.0,0,0,0,0,0,0,0,0,0,0,0,0
533967_72276_88656_0,311.9,1,2022/10/18 07:15:00,-1.00,-1.00,0.0,0,0,0,0,0,0,0,0,0,0,0,0
533967_72276_88656_0,311.9,1,2022/10/18 07:30:00,-1.00,-1.00,0.0,0,0,0,0,0,0,0,0,0,0,0,0
533967_72276_88656_0,311.9,1,2022/10/18 07:45:00,-1.00,-1.00,0.0,0,0,0,0,0,0,0,0,0,0,0,0
533967_72276_88656_0,311.9,1,2022/10/18 08:00:00,-1.00,-1.00,0.0,0,0,0,0,0,0,0,0,0,0,0,0
533967_72276_88656_0,311.9,1,2022/10/18 08:15:00,-1.00,-1.00,0.0,0,0,0,0,0,0,0,0,0,0,0,0
533967_72276_88656_0,311.9,1,2022/10/18 08:30:00,-1.00,-1.00,0.0,0,0,0,0,0,0,0,0,0,0,0,0
533967_72276_88656_0,311.9,1,2022/10/18 08:45:00,-1.00,-1.00,0.0,0,0,0,0,0,0,0,0,0,0,0,0
533967_72276_88656_0,311.9,1,2022/10/18 09:00:00,-1.00,-1.00,0.0,0,0,0,0,0,0,0,0,0,0,0,0
533967_72276_88656_0,311.9,1,2022/10/18 09:15:00,-1.00,-1.00,0.0,0,0,0,0,0,0,0,0,0,0,0,0
533967_72276_88656_0,311.9,1,2022/10/18 09:30:00,-1.00,-1.00,0.0,0,0,0,0,0,0,0,0,0,0,0,0
533967_72276_88656_0,311.9,1,2022/10/18 09:45:00,-1.00,-1.00,0.0,0,0,0,0,0,0,0,0,0,0,0,0
533967_72276_88656_0,311.9,1,2022/10/18 10:00:00,-1.00,-1.00,0.0,0,0,0,0,0,0,0,0,0,0,0,0
533967_72276_88656_0,311.9,1,2022/10/18 10:15:00,-1.00,-1.00,0.0,0,0,0,0,0,0,0,0,0,0,0,0
533967_72276_88656_0,311.9,1,2022/10/18 10:30:00,-1.00,-1.00,0.0,0,0,0,0,0,0,0,0,0,0,0,0
533967_72276_88656_0,311.9,1,2022/10/18 10:45:00,-1.00,-1.00,0.0,0,0,0,0,0,0,0,0,0,0,0,0
533967_72276_88656_0,311.9,1,2022/10/18 11:00:00,-1.00,-1.00,0.0,0,0,0,0,0,0,0,0,0,0,0,0
533967_72276_88656_0,311.9,1,2022/10/18 11:15:00,-1.00,-1.00,0.0,0,0,0,0,0,0,0,0,0,0,0,0
533967_72276_88656_0,311.9,1,2022/10/18 11:30:00,-1.00,-1.00,0.0,0,0,0,0,0,0,0,0,0,0,0,0
533967_72276_88656_0,311.9,1,2022/10/18 11:45:00,-1.00,-1.00,0.0,0,0,0,0,0,0,0,0,0,0,0,0
533967_72276_88656_0,311.9,1,2022/10/18 12:00:00,-1.00,-1.00,0.0,0,0,0,0,0,0,0,0,0,0,0,0
533967_72276_88656_0,311.9,1,2022/10/18 12:15:00,-1.00,-1.00,0.0,0,0,0,0,0,0,0,0,0,0,0,0
533967_72276_88656_0,311.9,1,2022/10/18 12:30:00,-1.00,-1.00,0.0,0,0,0,0,0,0,0,0,0,0,0,0
533967_72276_88656_0,311.9,1,2022/10/18 12:45:00,-1.00,-1.00,0.0,0,0,0,0,0,0,0,0,0,0,0,0
533967_72276_88656_0,311.9,1,2022/10/18 13:00:00,-1.00,-1.00,0.0,0,0,0,0,0,0,0,0,0,0,0,0
533967_72276_88656_0,311.9,1,2022/10/18 13:15:00,-1.00,-1.00,0.0,0,0,0,0,0,0,0,0,0,0,0,0
533967_72276_88656_0,311.9,1,2022/10/18 13:30:00,-1.00,-1.00,0.0,0,0,0,0,0,0,0,0,0,0,0,0
533967_72276_88656_0,311.9,1,2022/10/18 13:45:00,-1.00,-1.00,0.0,0,0,0,0,0,0,0,0,0,0,0,0
533967_72276_88656_0,311.9,1,2022/10/18 14:00:00,-1.00,-1.00,0.0,0,0,0,0,0,0,0,0,0,0,0,0
533967_72276_88656_0,311.9,1,2022/10/18 14:15:00,-1.00,-1.00,0.0,0,0,0,0,0,0,0,0,0,0,0,0
533967_72276_88656_0,311.9,1,2022/10/18 14:30:00,-1.00,-1.00,0.0,0,0,0,0,0,0,0,0,0,0,0,0
533967_72276_88656_0,311.9,1,2022/10/18 14:45:00,-1.00,-1.00,0.0,0,0,0,0,0,0,0,0,0,0,0,0
533967_72276_88656_0,311.9,1,2022/10/18 15:00:00,-1.00,-1.00,0.0,0,0,0,0,0,0,0,0,0,0,0,0
533967_72276_88656_0,311.9,1,2022/10/18 15:15:00,-1.00,-1.00,0.0,0,0,0,0,0,0,0,0,0,0,0,0
533967_72276_88656_0,311.9,1,2022/10/18 15:30:00,-1.00,-1.00,0.0,0,0,0,0,0,0,0,0,0,0,0,0
533967_72276_88656_0,311.9,1,2022/10/18 15:45:00,-1.00,-1.00,0.0,0,0,0,0,0,0,0,0,0,0,0,0
533967_72276_88656_0,311.9,1,2022/10/18 16:00:00,-1.00,-1.00,0.0,0,0,0,0,0,0,0,0,0,0,0,0
533967_72276_88656_0,311.9,1,2022/10/18 16:15:00,-1.00,-1.00,0.0,0,0,0,0,0,0,0,0,0,0,0,0
533967_72276_88656_0,311.9,1,2022/10/18 16:30:00,-1.00,-1.00,0.0,0,0,0,0,0,0,0,0,0,0,0,0
533967_72276_88656_0,311.9,1,2022/10/18 16:45:00,-1.00,-1.00,0.0,0,0,0,0,0,0,0,0,0,0,0,0
533967_72276_88656_0,311.9,1,2022/10/18 17:00:00,-1.00,-1.00,0.0,0,0,0,0,0,0,0,0,0,0,0,0
533967_72276_88656_0,311.9,1,2022/10/18 17:15:00,-1.00,-1.00,0.0,0,0,0,0,0,0,0,0,0,0,0,0
533967_72276_88656_0,311.9,1,2022/10/18 17:30:00,-1.00,-1.00,0.0,0,0,0,0,0,0,0,0,0,0,0,0
533967_72276_88656_0,311.9,1,2022/10/18 17:45:00,-1.00,-1.00,0.0,0,0,0,0,0,0,0,0,0,0,0,0
533967_72276_88656_0,311.9,1,2022/10/18 18:00:00,-1.00,-1.00,0.0,0,0,0,0,0,0,0,0,0,0,0,0
533967_72276_88656_0,311.9,1,2022/10/18 18:15:00,-1.00,-1.00,0.0,0,0,0,0,0,0,0,0,0,0,0,0
533967_72276_88656_0,311.9,1,2022/10/18 18:30:00,-1.00,-1.00,0.0,0,0,0,0,0,0,0,0,0,0,0,0
533967_72276_88656_0,311.9,1,2022/10/18 18:45:00,-1.00,-1.00,0.0,0,0,0,0,0,0,0,0,0,0,0,0
533967_72276_88656_1,326.1,1,2022/10/18 06:30:00,-1.00,-1.00,0.0,0,0,0,0,0,0,0,0,0,0,0,0
533967_72276_88656_1,326.1,1,2022/10/18 06:45:00,-1.00,-1.00,0.0,0,0,0,0,0,0,0,0,0,0,0,0
533967_72276_88656_1,326.1,1,2022/10/18 07:00:00,-1.00,-1.00,0.0,0,0,0,0,0,0,0,0,0,0,0,0
533967_72276_88656_1,326.1,1,2022/10/18 07:15:00,-1.00,-1.00,0.0,0,0,0,0,0,0,0,0,0,0,0,0
533967_72276_88656_1,326.1,1,2022/10/18 07:30:00,-1.00,-1.00,0.0,0,0,0,0,0,0,0,0,0,0,0,0
533967_72276_88656_1,326.1,1,2022/10/18 07:45:00,-1.00,-1.00,0.0,0,0,0,0,0,0,0,0,0,0,0,0
533967_72276_88656_1,326.1,1,2022/10/18 08:00:00,-1.00,-1.00,0.0,0,0,0,0,0,0,0,0,0,0,0,0
533967_72276_88656_1,326.1,1,2022/10/18 08:15:00,-1.00,-1.00,0.0,0,0,0,0,0,0,0,0,0,0,0,0
533967_72276_88656_1,326.1,1,2022/10/18 08:30:00,-1.00,-1.00,0.0,0,0,0,0,0,0,0,0,0,0,0,0
533967_72276_88656_1,326.1,1,2022/10/18 08:45:00,-1.00,-1.00,0.0,0,0,0,0,0,0,0,0,0,0,0,0
533967_72276_88656_1,326.1,1,2022/10/18 09:00:00,-1.00,-1.00,0.0,0,0,0,0,0,0,0,0,0,0,0,0
533967_72276_88656_1,326.1,1,2022/10/18 09:15:00,-1.00,-1.00,0.0,0,0,0,0,0,0,0,0,0,0,0,0
533967_72276_88656_1,326.1,1,2022/10/18 09:30:00,-1.00,-1.00,0.0,0,0,0,0,0,0,0,0,0,0,0,0
533967_72276_88656_1,326.1,1,2022/10/18 09:45:00,-1.00,-1.00,0.0,0,0,0,0,0,0,0,0,0,0,0,0
533967_72276_88656_1,326.1,1,2022/10/18 10:00:00,-1.00,-1.00,0.0,0,0,0,0,0,0,0,0,0,0,0,0
533967_72276_88656_1,326.1,1,2022/10/18 10:15:00,-1.00,-1.00,0.0,0,0,0,0,0,0,0,0,0,0,0,0
533967_72276_88656_1,326.1,1,2022/10/18 10:30:00,-1.00,-1.00,0.0,0,0,0,0,0,0,0,0,0,0,0,0
533967_72276_88656_1,326.1,1,2022/10/18 10:45:00,-1.00,-1.00,0.0,0,0,0,0,0,0,0,0,0,0,0,0
533967_72276_88656_1,326.1,1,2022/10/18 11:00:00,-1.00,-1.00,0.0,0,0,0,0,0,0,0,0,0,0,0,0
533967_72276_88656_1,326.1,1,2022/10/18 11:15:00,-1.00,-1.00,0.0,0,0,0,0,0,0,0,0,0,0,0,0
533967_72276_88656_1,326.1,1,2022/10/18 11:30:00,-1.00,-1.00,0.0,0,0,0,0,0,0,0,0,0,0,0,0
533967_72276_88656_1,326.1,1,2022/10/18 11:45:00,-1.00,-1.00,0.0,0,0,0,0,0,0,0,0,0,0,0,0
533967_72276_88656_1,326.1,1,2022/10/18 12:00:00,-1.00,-1.00,0.0,0,0,0,0,0,0,0,0,0,0,0,0
533967_72276_88656_1,326.1,1,2022/10/18 12:15:00,-1.00,-1.00,0.0,0,0,0,0,0,0,0,0,0,0,0,0
533967_72276_88656_1,326.1,1,2022/10/18 12:30:00,-1.00,-1.00,0.0,0,0,0,0,0,0,0,0,0,0,0,0
533967_72276_88656_1,326.1,1,2022/10/18 12:45:00,-1.00,-1.00,0.0,0,0,0,0,0,0,0,0,0,0,0,0
533967_72276_88656_1,326.1,1,2022/10/18 13:00:00,-1.00,-1.00,0.0,0,0,0,0,0,0,0,0,0,0,0,0
533967_72276_88656_1,326.1,1,2022/10/18 13:15:00,-1.00,-1.00,0.0,0,0,0,0,0,0,0,0,0,0,0,0
533967_72276_88656_1,326.1,1,2022/10/18 13:30:00,-1.00,-1.00,0.0,0,0,0,0,0,0,0,0,0,0,0,0
533967_72276_88656_1,326.1,1,2022/10/18 13:45:00,-1.00,-1.00,0.0,0,0,0,0,0,0,0,0,0,0,0,0
533967_72276_88656_1,326.1,1,2022/10/18 14:00:00,-1.00,-1.00,0.0,0,0,0,0,0,0,0,0,0,0,0,0
533967_72276_88656_1,326.1,1,2022/10/18 14:15:00,-1.00,-1.00,0.0,0,0,0,0,0,0,0,0,0,0,0,0
533967_72276_88656_1,326.1,1,2022/10/18 14:30:00,-1.00,-1.00,0.0,0,0,0,0,0,0,0,0,0,0,0,0
533967_72276_88656_1,326.1,1,2022/10/18 14:45:00,-1.00,-1.00,0.0,0,0,0,0,0,0,0,0,0,0,0,0
533967_72276_88656_1,326.1,1,2022/10/18 15:00:00,-1.00,-1.00,0.0,0,0,0,0,0,0,0,0,0,0,0,0
533967_72276_88656_1,326.1,1,2022/10/18 15:15:00,-1.00,-1.00,0.0,0,0,0,0,0,0,0,0,0,0,0,0
533967_72276_88656_1,326.1,1,2022/10/18 15:30:00,-1.00,-1.00,0.0,0,0,0,0,0,0,0,0,0,0,0,0
533967_72276_88656_1,326.1,1,2022/10/18 15:45:00,-1.00,-1.00,0.0,0,0,0,0,0,0,0,0,0,0,0,0
533967_72276_88656_1,326.1,1,2022/10/18 16:00:00,-1.00,-1.00,0.0,0,0,0,0,0,0,0,0,0,0,0,0
533967_72276_88656_1,326.1,1,2022/10/18 16:15:00,-1.00,-1.00,0.0,0,0,0,0,0,0,0,0,0,0,0,0
533967_72276_88656_1,326.1,1,2022/10/18 16:30:00,-1.00,-1.00,0.0,0,0,0,0,0,0,0,0,0,0,0,0
533967_72276_88656_1,326.1,1,2022/10/18 16:45:00,-1.00,-1.00,0.0,0,0,0,0,0,0,0,0,0,0,0,0
533967_72276_88656_1,326.1,1,2022/10/18 17:00:00,-1.00,-1.00,0.0,0,0,0,0,0,0,0,0,0,0,0,0
533967_72276_88656_1,326.1,1,2022/10/18 17:15:00,-1.00,-1.00,0.0,0,0,0,0,0,0,0,0,0,0,0,0
533967_72276_88656_1,326.1,1,2022/10/18 17:30:00,-1.00,-1.00,0.0,0,0,0,0,0,0,0,0,0,0,0,0
533967_72276_88656_1,326.1,1,2022/10/18 17:45:00,-1.00,-1.00,0.0,0,0,0,0,0,0,0,0,0,0,0,0
533967_72276_88656_1,326.1,1,2022/10/18 18:00:00,-1.00,-1.00,0.0,0,0,0,0,0,0,0,0,0,0,0,0
533967_72276_88656_1,326.1,1,2022/10/18 18:15:00,-1.00,-1.00,0.0,0,0,0,0,0,0,0,0,0,0,0,0
533967_72276_88656_1,326.1,1,2022/10/18 18:30:00,-1.00,-1.00,0.0,0,0,0,0,0,0,0,0,0,0,0,0
533967_72276_88656_1,326.1,1,2022/10/18 18:45:00,-1.00,-1.00,0.0,0,0,0,0,0,0,0,0,0,0,0,0
533967_74224_88894_0,308.9,1,2022/10/18 06:30:00,-1.00,-1.00,0.0,0,0,0,0,0,0,0,0,0,0,0,0
533967_74224_88894_0,308.9,1,2022/10/18 06:45:00,-1.00,-1.00,0.0,0,0,0,0,0,0,0,0,0,0,0,0
533967_74224_88894_0,308.9,1,2022/10/18 07:00:00,-1.00,-1.00,0.0,0,0,0,0,0,0,0,0,0,0,0,0
533967_74224_88894_0,308.9,1,2022/10/18 07:15:00,-1.00,-1.00,0.0,0,0,0,0,0,0,0,0,0,0,0,0
533967_74224_88894_0,308.9,1,2022/10/18 07:30:00,-1.00,-1.00,0.0,0,0,0,0,0,0,0,0,0,0,0,0
533967_74224_88894_0,308.9,1,2022/10/18 07:45:00,-1.00,-1.00,0.0,0,0,0,0,0,0,0,0,0,0,0,0
533967_74224_88894_0,308.9,1,2022/10/18 08:00:00,-1.00,-1.00,0.0,0,0,0,0,0,0,0,0,0,0,0,0
533967_74224_88894_0,308.9,1,2022/10/18 08:15:00,-1.00,-1.00,0.0,0,0,0,0,0,0,0,0,0,0,0,0
533967_74224_88894_0,308.9,1,2022/10/18 08:30:00,-1.00,-1.00,0.0,0,0,0,0,0,0,0,0,0,0,0,0
533967_74224_88894_0,308.9,1,2022/10/18 08:45:00,-1.00,-1.00,0.0,0,0,0,0,0,0,0,0,0,0,0,0
533967_74224_88894_0,308.9,1,2022/10/18 09:00:00,-1.00,-1.00,0.0,0,0,0,0,0,0,0,0,0,0,0,0
533967_74224_88894_0,308.9,1,2022/10/18 09:15:00,-1.00,-1.00,0.0,0,0,0,0,0,0,0,0,0,0,0,0
533967_74224_88894_0,308.9,1,2022/10/18 09:30:00,-1.00,-1.00,0.0,0,0,0,0,0,0,0,0,0,0,0,0
533967_74224_88894_0,308.9,1,2022/10/18 09:45:00,-1.00,-1.00,0.0,0,0,0,0,0,0,0,0,0,0,0,0
533967_74224_88894_0,308.9,1,2022/10/18 10:00:00,-1.00,-1.00,0.0,0,0,0,0,0,0,0,0,0,0,0,0
533967_74224_88894_0,308.9,1,2022/10/18 10:15:00,-1.00,-1.00,0.0,0,0,0,0,0,0,0,0,0,0,0,0
533967_74224_88894_0,308.9,1,2022/10/18 10:30:00,-1.00,-1.00,0.0,0,0,0,0,0,0,0,0,0,0,0,0
533967_74224_88894_0,308.9,1,2022/10/18 10:45:00,-1.00,-1.00,0.0,0,0,0,0,0,0,0,0,0,0,0,0
533967_74224_88894_0,308.9,1,2022/10/18 11:00:00,-1.00,-1.00,0.0,0,0,0,0,0,0,0,0,0,0,0,0
533967_74224_88894_0,308.9,1,2022/10/18 11:15:00,-1.00,-1.00,0.0,0,0,0,0,0,0,0,0,0,0,0,0
533967_74224_88894_0,308.9,1,2022/10/18 11:30:00,-1.00,-1.00,0.0,0,0,0,0,0,0,0,0,0,0,0,0
533967_74224_88894_0,308.9,1,2022/10/18 11:45:00,-1.00,-1.00,0.0,0,0,0,0,0,0,0,0,0,0,0,0
533967_74224_88894_0,308.9,1,2022/10/18 12:00:00,-1.00,-1.00,0.0,0,0,0,0,0,0,0,0,0,0,0,0
533967_74224_88894_0,308.9,1,2022/10/18 12:15:00,-1.00,-1.00,0.0,0,0,0,0,0,0,0,0,0,0,0,0
533967_74224_88894_0,308.9,1,2022/10/18 12:30:00,-1.00,-1.00,0.0,0,0,0,0,0,0,0,0,0,0,0,0
533967_74224_88894_0,308.9,1,2022/10/18 12:45:00,-1.00,-1.00,0.0,0,0,0,0,0,0,0,0,0,0,0,0
533967_74224_88894_0,308.9,1,2022/10/18 13:00:00,-1.00,-1.00,0.0,0,0,0,0,0,0,0,0,0,0,0,0
533967_74224_88894_0,308.9,1,2022/10/18 13:15:00,-1.00,-1.00,0.0,0,0,0,0,0,0,0,0,0,0,0,0
533967_74224_88894_0,308.9,1,2022/10/18 13:30:00,-1.00,-1.00,0.0,0,0,0,0,0,0,0,0,0,0,0,0
533967_74224_88894_0,308.9,1,2022/10/18 13:45:00,-1.00,-1.00,0.0,0,0,0,0,0,0,0,0,0,0,0,0
533967_74224_88894_0,308.9,1,2022/10/18 14:00:00,-1.00,-1.00,0.0,0,0,0,0,0,0,0,0,0,0,0,0
533967_74224_88894_0,308.9,1,2022/10/18 14:15:00,-1.00,-1.00,0.0,0,0,0,0,0,0,0,0,0,0,0,0
533967_74224_88894_0,308.9,1,2022/10/18 14:30:00,-1.00,-1.00,0.0,0,0,0,0,0,0,0,0,0,0,0,0
533967_74224_88894_0,308.9,1,2022/10/18 14:45:00,-1.00,-1.00,0.0,0,0,0,0,0,0,0,0,0,0,0,0
533967_74224_88894_0,308.9,1,2022/10/18 15:00:00,-1.00,-1.00,0.0,0,0,0,0,0,0,0,0,0,0,0,0
533967_74224_88894_0,308.9,1,2022/10/18 15:15:00,-1.00,-1.00,0.0,0,0,0,0,0,0,0,0,0,0,0,0
533967_74224_88894_0,308.9,1,2022/10/18 15:30:00,-1.00,-1.00,0.0,0,0,0,0,0,0,0,0,0,0,0,0
533967_74224_88894_0,308.9,1,2022/10/18 15:45:00,-1.00,-1.00,0.0,0,0,0,0,0,0,0,0,0,0,0,0
533967_74224_88894_0,308.9,1,2022/10/18 16:00:00,-1.00,-1.00,0.0,0,0,0,0,0,0,0,0,0,0,0,0
533967_74224_88894_0,308.9,1,2022/10/18 16:15:00,-1.00,-1.00,0.0,0,0,0,0,0,0,0,0,0,0,0,0
533967_74224_88894_0,308.9,1,2022/10/18 16:30:00,-1.00,-1.00,0.0,0,0,0,0,0,0,0,0,0,0,0,0
533967_74224_88894_0,308.9,1,2022/10/18 16:45:00,-1.00,-1.00,0.0,0,0,0,0,0,0,0,0,0,0,0,0
533967_74224_88894_0,308.9,1,2022/10/18 17:00:00,-1.00,-1.00,0.0,0,0,0,0,0,0,0,0,0,0,0,0
533967_74224_88894_0,308.9,1,2022/10/18 17:15:00,-1.00,-1.00,0.0,0,0,0,0,0,0,0,0,0,0,0,0
533967_74224_88894_0,308.9,1,2022/10/18 17:30:00,-1.00,-1.00,0.0,0,0,0,0,0,0,0,0,0,0,0,0
533967_74224_88894_0,308.9,1,2022/10/18 17:45:00,-1.00,-1.00,0.0,0,0,0,0,0,0,0,0,0,0,0,0
533967_74224_88894_0,308.9,1,2022/10/18 18:00:00,-1.00,-1.00,0.0,0,0,0,0,0,0,0,0,0,0,0,0
533967_74224_88894_0,308.9,1,2022/10/18 18:15:00,-1.00,-1.00,0.0,0,0,0,0,0,0,0,0,0,0,0,0
533967_74224_88894_0,308.9,1,2022/10/18 18:30:00,-1.00,-1.00,0.0,0,0,0,0,0,0,0,0,0,0,0,0
533967_74224_88894_0,308.9,1,2022/10/18 18:45:00,-1.00,-1.00,0.0,0,0,0,0,0,0,0,0,0,0,0,0
533967_74224_88894_1,288.9,1,2022/10/18 06:30:00,-1.00,-1.00,0.0,0,0,0,0,0,0,0,0,0,0,0,0
533967_74224_88894_1,288.9,1,2022/10/18 06:45:00,-1.00,-1.00,0.0,0,0,0,0,0,0,0,0,0,0,0,0
533967_74224_88894_1,288.9,1,2022/10/18 07:00:00,-1.00,-1.00,0.0,0,0,0,0,0,0,0,0,0,0,0,0
533967_74224_88894_1,288.9,1,2022/10/18 07:15:00,-1.00,-1.00,0.0,0,0,0,0,0,0,0,0,0,0,0,0
533967_74224_88894_1,288.9,1,2022/10/18 07:30:00,-1.00,-1.00,0.0,0,0,0,0,0,0,0,0,0,0,0,0
533967_74224_88894_1,288.9,1,2022/10/18 07:45:00,-1.00,-1.00,0.0,0,0,0,0,0,0,0,0,0,0,0,0
533967_74224_88894_1,288.9,1,2022/10/18 08:00:00,-1.00,-1.00,0.0,0,0,0,0,0,0,0,0,0,0,0,0
533967_74224_88894_1,288.9,1,2022/10/18 08:15:00,-1.00,-1.00,0.0,0,0,0,0,0,0,0,0,0,0,0,0
533967_74224_88894_1,288.9,1,2022/10/18 08:30:00,-1.00,-1.00,0.0,0,0,0,0,0,0,0,0,0,0,0,0
533967_74224_88894_1,288.9,1,2022/10/18 08:45:00,-1.00,-1.00,0.0,0,0,0,0,0,0,0,0,0,0,0,0
533967_74224_88894_1,288.9,1,2022/10/18 09:00:00,-1.00,-1.00,0.0,0,0,0,0,0,0,0,0,0,0,0,0
533967_74224_88894_1,288.9,1,2022/10/18 09:15:00,-1.00,-1.00,0.0,0,0,0,0,0,0,0,0,0,0,0,0
533967_74224_88894_1,288.9,1,2022/10/18 09:30:00,-1.00,-1.00,0.0,0,0,0,0,0,0,0,0,0,0,0,0
533967_74224_88894_1,288.9,1,2022/10/18 09:45:00,-1.00,-1.00,0.0,0,0,0,0,0,0,0,0,0,0,0,0
533967_74224_88894_1,288.9,1,2022/10/18 10:00:00,-1.00,-1.00,0.0,0,0,0,0,0,0,0,0,0,0,0,0
533967_74224_88894_1,288.9,1,2022/10/18 10:15:00,-1.00,-1.00,0.0,0,0,0,0,0,0,0,0,0,0,0,0
533967_74224_88894_1,288.9,1,2022/10/18 10:30:00,-1.00,-1.00,0.0,0,0,0,0,0,0,0,0,0,0,0,0
533967_74224_88894_1,288.9,1,2022/10/18 10:45:00,-1.00,-1.00,0.0,0,0,0,0,0,0,0,0,0,0,0,0
533967_74224_88894_1,288.9,1,2022/10/18 11:00:00,-1.00,-1.00,0.0,0,0,0,0,0,0,0,0,0,0,0,0
533967_74224_88894_1,288.9,1,2022/10/18 11:15:00,-1.00,-1.00,0.0,0,0,0,0,0,0,0,0,0,0,0,0
533967_74224_88894_1,288.9,1,2022/10/18 11:30:00,-1.00,-1.00,0.0,0,0,0,0,0,0,0,0,0,0,0,0
533967_74224_88894_1,288.9,1,2022/10/18 11:45:00,-1.00,-1.00,0.0,0,0,0,0,0,0,0,0,0,0,0,0
533967_74224_88894_1,288.9,1,2022/10/18 12:00:00,-1.00,-1.00,0.0,0,0,0,0,0,0,0,0,0,0,0,0
533967_74224_88894_1,288.9,1,2022/10/18 12:15:00,-1.00,-1.00,0.0,0,0,0,0,0,0,0,0,0,0,0,0
533967_74224_88894_1,288.9,1,2022/10/18 12:30:00,-1.00,-1.00,0.0,0,0,0,0,0,0,0,0,0,0,0,0
533967_74224_88894_1,288.9,1,2022/10/18 12:45:00,-1.00,-1.00,0.0,0,0,0,0,0,0,0,0,0,0,0,0
533967_74224_88894_1,288.9,1,2022/10/18 13:00:00,-1.00,-1.00,0.0,0,0,0,0,0,0,0,0,0,0,0,0
533967_74224_88894_1,288.9,1,2022/10/18 13:15:00,-1.00,-1.00,0.0,0,0,0,0,0,0,0,0,0,0,0,0
533967_74224_88894_1,288.9,1,2022/10/18 13:30:00,-1.00,-1.00,0.0,0,0,0,0,0,0,0,0,0,0,0,0
533967_74224_88894_1,288.9,1,2022/10/18 13:45:00,-1.00,-1.00,0.0,0,0,0,0,0,0,0,0,0,0,0,0
533967_74224_88894_1,288.9,1,2022/10/18 14:00:00,-1.00,-1.00,0.0,0,0,0,0,0,0,0,0,0,0,0,0
533967_74224_88894_1,288.9,1,2022/10/18 14:15:00,-1.00,-1.00,0.0,0,0,0,0,0,0,0,0,0,0,0,0
533967_74224_88894_1,288.9,1,2022/10/18 14:30:00,-1.00,-1.00,0.0,0,0,0,0,0,0,0,0,0,0,0,0
533967_74224_88894_1,288.9,1,2022/10/18 14:45:00,-1.00,-1.00,0.0,0,0,0,0,0,0,0,0,0,0,0,0
533967_74224_88894_1,288.9,1,2022/10/18 15:00:00,-1.00,-1.00,0.0,0,0,0,0,0,0,0,0,0,0,0,0
533967_74224_88894_1,288.9,1,2022/10/18 15:15:00,-1.00,-1.00,0.0,0,0,0,0,0,0,0,0,0,0,0,0
533967_74224_88894_1,288.9,1,2022/10/18 15:30:00,-1.00,-1.00,0.0,0,0,0,0,0,0,0,0,0,0,0,0
533967_74224_88894_1,288.9,1,2022/10/18 15:45:00,-1.00,-1.00,0.0,0,0,0,0,0,0,0,0,0,0,0,0
533967_74224_88894_1,288.9,1,2022/10/18 16:00:00,-1.00,-1.00,0.0,0,0,0,0,0,0,0,0,0,0,0,0
533967_74224_88894_1,288.9,1,2022/10/18 16:15:00,-1.00,-1.00,0.0,0,0,0,0,0,0,0,0,0,0,0,0
533967_74224_88894_1,288.9,1,2022/10/18 16:30:00,-1.00,-1.00,0.0,0,0,0,0,0,0,0,0,0,0,0,0
533967_74224_88894_1,288.9,1,2022/10/18 16:45:00,-1.00,-1.00,0.0,0,0,0,0,0,0,0,0,0,0,0,0
533967_74224_88894_1,288.9,1,2022/10/18 17:00:00,-1.00,-1.00,0.0,0,0,0,0,0,0,0,0,0,0,0,0
533967_74224_88894_1,288.9,1,2022/10/18 17:15:00,-1.00,-1.00,0.0,0,0,0,0,0,0,0,0,0,0,0,0
533967_74224_88894_1,288.9,1,2022/10/18 17:30:00,-1.00,-1.00,0.0,0,0,0,0,0,0,0,0,0,0,0,0
533967_74224_88894_1,288.9,1,2022/10/18 17:45:00,-1.00,-1.00,0.0,0,0,0,0,0,0,0,0,0,0,0,0
533967_74224_88894_1,288.9,1,2022/10/18 18:00:00,-1.00,-1.00,0.0,0,0,0,0,0,0,0,0,0,0,0,0
533967_74224_88894_1,288.9,1,2022/10/18 18:15:00,-1.00,-1.00,0.0,0,0,0,0,0,0,0,0,0,0,0,0
533967_74224_88894_1,288.9,1,2022/10/18 18:30:00,-1.00,-1.00,0.0,0,0,0,0,0,0,0,0,0,0,0,0
533967_74224_88894_1,288.9,1,2022/10/18 18:45:00,-1.00,-1.00,0.0,0,0,0,0,0,0,0,0,0,0,0,0
533967_87767_87768_0,126.3,1,2022/10/18 06:30:00,-1.00,-1.00,0.0,0,0,0,0,0,0,0,0,0,0,0,0
533967_87767_87768_0,126.3,1,2022/10/18 06:45:00,-1.00,-1.00,0.0,0,0,0,0,0,0,0,0,0,0,0,0
533967_87767_87768_0,126.3,1,2022/10/18 07:00:00,-1.00,-1.00,0.0,0,0,0,0,0,0,0,0,0,0,0,0
533967_87767_87768_0,126.3,1,2022/10/18 07:15:00,-1.00,-1.00,0.0,0,0,0,0,0,0,0,0,0,0,0,0
533967_87767_87768_0,126.3,1,2022/10/18 07:30:00,-1.00,-1.00,0.0,0,0,0,0,0,0,0,0,0,0,0,0
533967_87767_87768_0,126.3,1,2022/10/18 07:45:00,-1.00,-1.00,0.0,0,0,0,0,0,0,0,0,0,0,0,0
533967_87767_87768_0,126.3,1,2022/10/18 08:00:00,-1.00,-1.00,0.0,0,0,0,0,0,0,0,0,0,0,0,0
533967_87767_87768_0,126.3,1,2022/10/18 08:15:00,-1.00,-1.00,0.0,0,0,0,0,0,0,0,0,0,0,0,0
533967_87767_87768_0,126.3,1,2022/10/18 08:30:00,-1.00,-1.00,0.0,0,0,0,0,0,0,0,0,0,0,0,0
533967_87767_87768_0,126.3,1,2022/10/18 08:45:00,-1.00,-1.00,0.0,0,0,0,0,0,0,0,0,0,0,0,0
533967_87767_87768_0,126.3,1,2022/10/18 09:00:00,-1.00,-1.00,0.0,0,0,0,0,0,0,0,0,0,0,0,0
533967_87767_87768_0,126.3,1,2022/10/18 09:15:00,-1.00,-1.00,0.0,0,0,0,0,0,0,0,0,0,0,0,0
533967_87767_87768_0,126.3,1,2022/10/18 09:30:00,-1.00,-1.00,0.0,0,0,0,0,0,0,0,0,0,0,0,0
533967_87767_87768_0,126.3,1,2022/10/18 09:45:00,-1.00,-1.00,0.0,0,0,0,0,0,0,0,0,0,0,0,0
533967_87767_87768_0,126.3,1,2022/10/18 10:00:00,-1.00,-1.00,0.0,0,0,0,0,0,0,0,0,0,0,0,0
533967_87767_87768_0,126.3,1,2022/10/18 10:15:00,-1.00,-1.00,0.0,0,0,0,0,0,0,0,0,0,0,0,0
533967_87767_87768_0,126.3,1,2022/10/18 10:30:00,-1.00,-1.00,0.0,0,0,0,0,0,0,0,0,0,0,0,0
533967_87767_87768_0,126.3,1,2022/10/18 10:45:00,-1.00,-1.00,0.0,0,0,0,0,0,0,0,0,0,0,0,0
533967_87767_87768_0,126.3,1,2022/10/18 11:00:00,-1.00,-1.00,0.0,0,0,0,0,0,0,0,0,0,0,0,0
533967_87767_87768_0,126.3,1,2022/10/18 11:15:00,-1.00,-1.00,0.0,0,0,0,0,0,0,0,0,0,0,0,0
533967_87767_87768_0,126.3,1,2022/10/18 11:30:00,-1.00,-1.00,0.0,0,0,0,0,0,0,0,0,0,0,0,0
533967_87767_87768_0,126.3,1,2022/10/18 11:45:00,-1.00,-1.00,0.0,0,0,0,0,0,0,0,0,0,0,0,0
533967_87767_87768_0,126.3,1,2022/10/18 12:00:00,-1.00,-1.00,0.0,0,0,0,0,0,0,0,0,0,0,0,0
533967_87767_87768_0,126.3,1,2022/10/18 12:15:00,-1.00,-1.00,0.0,0,0,0,0,0,0,0,0,0,0,0,0
533967_87767_87768_0,126.3,1,2022/10/18 12:30:00,-1.00,-1.00,0.0,0,0,0,0,0,0,0,0,0,0,0,0
533967_87767_87768_0,126.3,1,2022/10/18 12:45:00,-1.00,-1.00,0.0,0,0,0,0,0,0,0,0,0,0,0,0
533967_87767_87768_0,126.3,1,2022/10/18 13:00:00,-1.00,-1.00,0.0,0,0,0,0,0,0,0,0,0,0,0,0
533967_87767_87768_0,126.3,1,2022/10/18 13:15:00,-1.00,-1.00,0.0,0,0,0,0,0,0,0,0,0,0,0,0
533967_87767_87768_0,126.3,1,2022/10/18 13:30:00,-1.00,-1.00,0.0,0,0,0,0,0,0,0,0,0,0,0,0
533967_87767_87768_0,126.3,1,2022/10/18 13:45:00,-1.00,-1.00,0.0,0,0,0,0,0,0,0,0,0,0,0,0
533967_87767_87768_0,126.3,1,2022/10/18 14:00:00,-1.00,-1.00,0.0,0,0,0,0,0,0,0,0,0,0,0,0
533967_87767_87768_0,126.3,1,2022/10/18 14:15:00,-1.00,-1.00,0.0,0,0,0,0,0,0,0,0,0,0,0,0
533967_87767_87768_0,126.3,1,2022/10/18 14:30:00,-1.00,-1.00,0.0,0,0,0,0,0,0,0,0,0,0,0,0
533967_87767_87768_0,126.3,1,2022/10/18 14:45:00,-1.00,-1.00,0.0,0,0,0,0,0,0,0,0,0,0,0,0
533967_87767_87768_0,126.3,1,2022/10/18 15:00:00,-1.00,-1.00,0.0,0,0,0,0,0,0,0,0,0,0,0,0
533967_87767_87768_0,126.3,1,2022/10/18 15:15:00,-1.00,-1.00,0.0,0,0,0,0,0,0,0,0,0,0,0,0
533967_87767_87768_0,126.3,1,2022/10/18 15:30:00,-1.00,-1.00,0.0,0,0,0,0,0,0,0,0,0,0,0,0
533967_87767_87768_0,126.3,1,2022/10/18 15:45:00,-1.00,-1.00,0.0,0,0,0,0,0,0,0,0,0,0,0,0
533967_87767_87768_0,126.3,1,2022/10/18 16:00:00,-1.00,-1.00,0.0,0,0,0,0,0,0,0,0,0,0,0,0
533967_87767_87768_0,126.3,1,2022/10/18 16:15:00,-1.00,-1.00,0.0,0,0,0,0,0,0,0,0,0,0,0,0
533967_87767_87768_0,126.3,1,2022/10/18 16:30:00,-1.00,-1.00,0.0,0,0,0,0,0,0,0,0,0,0,0,0
533967_87767_87768_0,126.3,1,2022/10/18 16:45:00,-1.00,-1.00,0.0,0,0,0,0,0,0,0,0,0,0,0,0
533967_87767_87768_0,126.3,1,2022/10/18 17:00:00,-1.00,-1.00,0.0,0,0,0,0,0,0,0,0,0,0,0,0
533967_87767_87768_0,126.3,1,2022/10/18 17:15:00,-1.00,-1.00,0.0,0,0,0,0,0,0,0,0,0,0,0,0
533967_87767_87768_0,126.3,1,2022/10/18 17:30:00,-1.00,-1.00,0.0,0,0,0,0,0,0,0,0,0,0,0,0
533967_87767_87768_0,126.3,1,2022/10/18 17:45:00,-1.00,-1.00,0.0,0,0,0,0,0,0,0,0,0,0,0,0
533967_87767_87768_0,126.3,1,2022/10/18 18:00:00,-1.00,-1.00,0.0,0,0,0,0,0,0,0,0,0,0,0,0
533967_87767_87768_0,126.3,1,2022/10/18 18:15:00,-1.00,-1.00,0.0,0,0,0,0,0,0,0,0,0,0,0,0
533967_87767_87768_0,126.3,1,2022/10/18 18:30:00,-1.00,-1.00,0.0,0,0,0,0,0,0,0,0,0,0,0,0
533967_87767_87768_0,126.3,1,2022/10/18 18:45:00,-1.00,-1.00,0.0,0,0,0,0,0,0,0,0,0,0,0,0
533967_87767_87768_1,125.3,1,2022/10/18 06:30:00,-1.00,-1.00,0.0,0,0,0,0,0,0,0,0,0,0,0,0
533967_87767_87768_1,125.3,1,2022/10/18 06:45:00,-1.00,-1.00,0.0,0,0,0,0,0,0,0,0,0,0,0,0
533967_87767_87768_1,125.3,1,2022/10/18 07:00:00,-1.00,-1.00,0.0,0,0,0,0,0,0,0,0,0,0,0,0
533967_87767_87768_1,125.3,1,2022/10/18 07:15:00,-1.00,-1.00,0.0,0,0,0,0,0,0,0,0,0,0,0,0
533967_87767_87768_1,125.3,1,2022/10/18 07:30:00,-1.00,-1.00,0.0,0,0,0,0,0,0,0,0,0,0,0,0
533967_87767_87768_1,125.3,1,2022/10/18 07:45:00,-1.00,-1.00,0.0,0,0,0,0,0,0,0,0,0,0,0,0
533967_87767_87768_1,125.3,1,2022/10/18 08:00:00,-1.00,-1.00,0.0,0,0,0,0,0,0,0,0,0,0,0,0
533967_87767_87768_1,125.3,1,2022/10/18 08:15:00,-1.00,-1.00,0.0,0,0,0,0,0,0,0,0,0,0,0,0
533967_87767_87768_1,125.3,1,2022/10/18 08:30:00,-1.00,-1.00,0.0,0,0,0,0,0,0,0,0,0,0,0,0
533967_87767_87768_1,125.3,1,2022/10/18 08:45:00,-1.00,-1.00,0.0,0,0,0,0,0,0,0,0,0,0,0,0
533967_87767_87768_1,125.3,1,2022/10/18 09:00:00,-1.00,-1.00,0.0,0,0,0,0,0,0,0,0,0,0,0,0
533967_87767_87768_1,125.3,1,2022/10/18 09:15:00,-1.00,-1.00,0.0,0,0,0,0,0,0,0,0,0,0,0,0
533967_87767_87768_1,125.3,1,2022/10/18 09:30:00,-1.00,-1.00,0.0,0,0,0,0,0,0,0,0,0,0,0,0
533967_87767_87768_1,125.3,1,2022/10/18 09:45:00,-1.00,-1.00,0.0,0,0,0,0,0,0,0,0,0,0,0,0
533967_87767_87768_1,125.3,1,2022/10/18 10:00:00,-1.00,-1.00,0.0,0,0,0,0,0,0,0,0,0,0,0,0
533967_87767_87768_1,125.3,1,2022/10/18 10:15:00,-1.00,-1.00,0.0,0,0,0,0,0,0,0,0,0,0,0,0
533967_87767_87768_1,125.3,1,2022/10/18 10:30:00,-1.00,-1.00,0.0,0,0,0,0,0,0,0,0,0,0,0,0
533967_87767_87768_1,125.3,1,2022/10/18 10:45:00,-1.00,-1.00,0.0,0,0,0,0,0,0,0,0,0,0,0,0
533967_87767_87768_1,125.3,1,2022/10/18 11:00:00,-1.00,-1.00,0.0,0,0,0,0,0,0,0,0,0,0,0,0
533967_87767_87768_1,125.3,1,2022/10/18 11:15:00,-1.00,-1.00,0.0,0,0,0,0,0,0,0,0,0,0,0,0
533967_87767_87768_1,125.3,1,2022/10/18 11:30:00,-1.00,-1.00,0.0,0,0,0,0,0,0,0,0,0,0,0,0
533967_87767_87768_1,125.3,1,2022/10/18 11:45:00,-1.00,-1.00,0.0,0,0,0,0,0,0,0,0,0,0,0,0
533967_87767_87768_1,125.3,1,2022/10/18 12:00:00,-1.00,-1.00,0.0,0,0,0,0,0,0,0,0,0,0,0,0
533967_87767_87768_1,125.3,1,2022/10/18 12:15:00,-1.00,-1.00,0.0,0,0,0,0,0,0,0,0,0,0,0,0
533967_87767_87768_1,125.3,1,2022/10/18 12:30:00,-1.00,-1.00,0.0,0,0,0,0,0,0,0,0,0,0,0,0
533967_87767_87768_1,125.3,1,2022/10/18 12:45:00,-1.00,-1.00,0.0,0,0,0,0,0,0,0,0,0,0,0,0
533967_87767_87768_1,125.3,1,2022/10/18 13:00:00,-1.00,-1.00,0.0,0,0,0,0,0,0,0,0,0,0,0,0
533967_87767_87768_1,125.3,1,2022/10/18 13:15:00,-1.00,-1.00,0.0,0,0,0,0,0,0,0,0,0,0,0,0
533967_87767_87768_1,125.3,1,2022/10/18 13:30:00,-1.00,-1.00,0.0,0,0,0,0,0,0,0,0,0,0,0,0
533967_87767_87768_1,125.3,1,2022/10/18 13:45:00,-1.00,-1.00,0.0,0,0,0,0,0,0,0,0,0,0,0,0
533967_87767_87768_1,125.3,1,2022/10/18 14:00:00,-1.00,-1.00,0.0,0,0,0,0,0,0,0,0,0,0,0,0
533967_87767_87768_1,125.3,1,2022/10/18 14:15:00,-1.00,-1.00,0.0,0,0,0,0,0,0,0,0,0,0,0,0
533967_87767_87768_1,125.3,1,2022/10/18 14:30:00,-1.00,-1.00,0.0,0,0,0,0,0,0,0,0,0,0,0,0
533967_87767_87768_1,125.3,1,2022/10/18 14:45:00,-1.00,-1.00,0.0,0,0,0,0,0,0,0,0,0,0,0,0
533967_87767_87768_1,125.3,1,2022/10/18 15:00:00,-1.00,-1.00,0.0,0,0,0,0,0,0,0,0,0,0,0,0
533967_87767_87768_1,125.3,1,2022/10/18 15:15:00,-1.00,-1.00,0.0,0,0,0,0,0,0,0,0,0,0,0,0
533967_87767_87768_1,125.3,1,2022/10/18 15:30:00,-1.00,-1.00,0.0,0,0,0,0,0,0,0,0,0,0,0,0
533967_87767_87768_1,125.3,1,2022/10/18 15:45:00,-1.00,-1.00,0.0,0,0,0,0,0,0,0,0,0,0,0,0
533967_87767_87768_1,125.3,1,2022/10/18 16:00:00,-1.00,-1.00,0.0,0,0,0,0,0,0,0,0,0,0,0,0
533967_87767_87768_1,125.3,1,2022/10/18 16:15:00,-1.00,-1.00,0.0,0,0,0,0,0,0,0,0,0,0,0,0
533967_87767_87768_1,125.3,1,2022/10/18 16:30:00,-1.00,-1.00,0.0,0,0,0,0,0,0,0,0,0,0,0,0
533967_87767_87768_1,125.3,1,2022/10/18 16:45:00,-1.00,-1.00,0.0,0,0,0,0,0,0,0,0,0,0,0,0
533967_87767_87768_1,125.3,1,2022/10/18 17:00:00,-1.00,-1.00,0.0,0,0,0,0,0,0,0,0,0,0,0,0
533967_87767_87768_1,125.3,1,2022/10/18 17:15:00,-1.00,-1.00,0.0,0,0,0,0,0,0,0,0,0,0,0,0
533967_87767_87768_1,125.3,1,2022/10/18 17:30:00,-1.00,-1.00,0.0,0,0,0,0,0,0,0,0,0,0,0,0
533967_87767_87768_1,125.3,1,2022/10/18 17:45:00,-1.00,-1.00,0.0,0,0,0,0,0,0,0,0,0,0,0,0
533967_87767_87768_1,125.3,1,2022/10/18 18:00:00,-1.00,-1.00,0.0,0,0,0,0,0,0,0,0,0,0,0,0
533967_87767_87768_1,125.3,1,2022/10/18 18:15:00,-1.00,-1.00,0.0,0,0,0,0,0,0,0,0,0,0,0,0
533967_87767_87768_1,125.3,1,2022/10/18 18:30:00,-1.00,-1.00,0.0,0,0,0,0,0,0,0,0,0,0,0,0
533967_87767_87768_1,125.3,1,2022/10/18 18:45:00,-1.00,-1.00,0.0,0,0,0,0,0,0,0,0,0,0,0,0
533967_87767_88200_0,38.5,1,2022/10/18 06:30:00,-1.00,-1.00,0.0,0,0,0,0,0,0,0,0,0,0,0,0
533967_87767_88200_0,38.5,1,2022/10/18 06:45:00,-1.00,-1.00,0.0,0,0,0,0,0,0,0,0,0,0,0,0
533967_87767_88200_0,38.5,1,2022/10/18 07:00:00,-1.00,-1.00,0.0,0,0,0,0,0,0,0,0,0,0,0,0
533967_87767_88200_0,38.5,1,2022/10/18 07:15:00,-1.00,-1.00,0.0,0,0,0,0,0,0,0,0,0,0,0,0
533967_87767_88200_0,38.5,1,2022/10/18 07:30:00,-1.00,-1.00,0.0,0,0,0,0,0,0,0,0,0,0,0,0
533967_87767_88200_0,38.5,1,2022/10/18 07:45:00,-1.00,-1.00,0.0,0,0,0,0,0,0,0,0,0,0,0,0
533967_87767_88200_0,38.5,1,2022/10/18 08:00:00,-1.00,-1.00,0.0,0,0,0,0,0,0,0,0,0,0,0,0
533967_87767_88200_0,38.5,1,2022/10/18 08:15:00,-1.00,-1.00,0.0,0,0,0,0,0,0,0,0,0,0,0,0
533967_87767_88200_0,38.5,1,2022/10/18 08:30:00,-1.00,-1.00,0.0,0,0,0,0,0,0,0,0,0,0,0,0
533967_87767_88200_0,38.5,1,2022/10/18 08:45:00,-1.00,-1.00,0.0,0,0,0,0,0,0,0,0,0,0,0,0
533967_87767_88200_0,38.5,1,2022/10/18 09:00:00,-1.00,-1.00,0.0,0,0,0,0,0,0,0,0,0,0,0,0
533967_87767_88200_0,38.5,1,2022/10/18 09:15:00,-1.00,-1.00,0.0,0,0,0,0,0,0,0,0,0,0,0,0
533967_87767_88200_0,38.5,1,2022/10/18 09:30:00,-1.00,-1.00,0.0,0,0,0,0,0,0,0,0,0,0,0,0
533967_87767_88200_0,38.5,1,2022/10/18 09:45:00,-1.00,-1.00,0.0,0,0,0,0,0,0,0,0,0,0,0,0
533967_87767_88200_0,38.5,1,2022/10/18 10:00:00,-1.00,-1.00,0.0,0,0,0,0,0,0,0,0,0,0,0,0
533967_87767_88200_0,38.5,1,2022/10/18 10:15:00,-1.00,-1.00,0.0,0,0,0,0,0,0,0,0,0,0,0,0
533967_87767_88200_0,38.5,1,2022/10/18 10:30:00,-1.00,-1.00,0.0,0,0,0,0,0,0,0,0,0,0,0,0
533967_87767_88200_0,38.5,1,2022/10/18 10:45:00,-1.00,-1.00,0.0,0,0,0,0,0,0,0,0,0,0,0,0
533967_87767_88200_0,38.5,1,2022/10/18 11:00:00,-1.00,-1.00,0.0,0,0,0,0,0,0,0,0,0,0,0,0
533967_87767_88200_0,38.5,1,2022/10/18 11:15:00,-1.00,-1.00,0.0,0,0,0,0,0,0,0,0,0,0,0,0
533967_87767_88200_0,38.5,1,2022/10/18 11:30:00,-1.00,-1.00,0.0,0,0,0,0,0,0,0,0,0,0,0,0
533967_87767_88200_0,38.5,1,2022/10/18 11:45:00,-1.00,-1.00,0.0,0,0,0,0,0,0,0,0,0,0,0,0
533967_87767_88200_0,38.5,1,2022/10/18 12:00:00,-1.00,-1.00,0.0,0,0,0,0,0,0,0,0,0,0,0,0
533967_87767_88200_0,38.5,1,2022/10/18 12:15:00,-1.00,-1.00,0.0,0,0,0,0,0,0,0,0,0,0,0,0
533967_87767_88200_0,38.5,1,2022/10/18 12:30:00,-1.00,-1.00,0.0,0,0,0,0,0,0,0,0,0,0,0,0
533967_87767_88200_0,38.5,1,2022/10/18 12:45:00,-1.00,-1.00,0.0,0,0,0,0,0,0,0,0,0,0,0,0
533967_87767_88200_0,38.5,1,2022/10/18 13:00:00,-1.00,-1.00,0.0,0,0,0,0,0,0,0,0,0,0,0,0
533967_87767_88200_0,38.5,1,2022/10/18 13:15:00,-1.00,-1.00,0.0,0,0,0,0,0,0,0,0,0,0,0,0
533967_87767_88200_0,38.5,1,2022/10/18 13:30:00,-1.00,-1.00,0.0,0,0,0,0,0,0,0,0,0,0,0,0
533967_87767_88200_0,38.5,1,2022/10/18 13:45:00,-1.00,-1.00,0.0,0,0,0,0,0,0,0,0,0,0,0,0
533967_87767_88200_0,38.5,1,2022/10/18 14:00:00,-1.00,-1.00,0.0,0,0,0,0,0,0,0,0,0,0,0,0
533967_87767_88200_0,38.5,1,2022/10/18 14:15:00,-1.00,-1.00,0.0,0,0,0,0,0,0,0,0,0,0,0,0
533967_87767_88200_0,38.5,1,2022/10/18 14:30:00,-1.00,-1.00,0.0,0,0,0,0,0,0,0,0,0,0,0,0
533967_87767_88200_0,38.5,1,2022/10/18 14:45:00,-1.00,-1.00,0.0,0,0,0,0,0,0,0,0,0,0,0,0
533967_87767_88200_0,38.5,1,2022/10/18 15:00:00,-1.00,-1.00,0.0,0,0,0,0,0,0,0,0,0,0,0,0
533967_87767_88200_0,38.5,1,2022/10/18 15:15:00,-1.00,-1.00,0.0,0,0,0,0,0,0,0,0,0,0,0,0
533967_87767_88200_0,38.5,1,2022/10/18 15:30:00,-1.00,-1.00,0.0,0,0,0,0,0,0,0,0,0,0,0,0
533967_87767_88200_0,38.5,1,2022/10/18 15:45:00,-1.00,-1.00,0.0,0,0,0,0,0,0,0,0,0,0,0,0
533967_87767_88200_0,38.5,1,2022/10/18 16:00:00,-1.00,-1.00,0.0,0,0,0,0,0,0,0,0,0,0,0,0
533967_87767_88200_0,38.5,1,2022/10/18 16:15:00,-1.00,-1.00,0.0,0,0,0,0,0,0,0,0,0,0,0,0
533967_87767_88200_0,38.5,1,2022/10/18 16:30:00,-1.00,-1.00,0.0,0,0,0,0,0,0,0,0,0,0,0,0
533967_87767_88200_0,38.5,1,2022/10/18 16:45:00,-1.00,-1.00,0.0,0,0,0,0,0,0,0,0,0,0,0,0
533967_87767_88200_0,38.5,1,2022/10/18 17:00:00,-1.00,-1.00,0.0,0,0,0,0,0,0,0,0,0,0,0,0
533967_87767_88200_0,38.5,1,2022/10/18 17:15:00,-1.00,-1.00,0.0,0,0,0,0,0,0,0,0,0,0,0,0
533967_87767_88200_0,38.5,1,2022/10/18 17:30:00,-1.00,-1.00,0.0,0,0,0,0,0,0,0,0,0,0,0,0
533967_87767_88200_0,38.5,1,2022/10/18 17:45:00,-1.00,-1.00,0.0,0,0,0,0,0,0,0,0,0,0,0,0
533967_87767_88200_0,38.5,1,2022/10/18 18:00:00,-1.00,-1.00,0.0,0,0,0,0,0,0,0,0,0,0,0,0
533967_87767_88200_0,38.5,1,2022/10/18 18:15:00,-1.00,-1.00,0.0,0,0,0,0,0,0,0,0,0,0,0,0
533967_87767_88200_0,38.5,1,2022/10/18 18:30:00,-1.00,-1.00,0.0,0,0,0,0,0,0,0,0,0,0,0,0
533967_87767_88200_0,38.5,1,2022/10/18 18:45:00,-1.00,-1.00,0.0,0,0,0,0,0,0,0,0,0,0,0,0
533967_87767_88200_1,43.3,1,2022/10/18 06:30:00,-1.00,-1.00,0.0,0,0,0,0,0,0,0,0,0,0,0,0
533967_87767_88200_1,43.3,1,2022/10/18 06:45:00,-1.00,-1.00,0.0,0,0,0,0,0,0,0,0,0,0,0,0
533967_87767_88200_1,43.3,1,2022/10/18 07:00:00,-1.00,-1.00,0.0,0,0,0,0,0,0,0,0,0,0,0,0
533967_87767_88200_1,43.3,1,2022/10/18 07:15:00,-1.00,-1.00,0.0,0,0,0,0,0,0,0,0,0,0,0,0
533967_87767_88200_1,43.3,1,2022/10/18 07:30:00,-1.00,-1.00,0.0,0,0,0,0,0,0,0,0,0,0,0,0
533967_87767_88200_1,43.3,1,2022/10/18 07:45:00,-1.00,-1.00,0.0,0,0,0,0,0,0,0,0,0,0,0,0
533967_87767_88200_1,43.3,1,2022/10/18 08:00:00,-1.00,-1.00,0.0,0,0,0,0,0,0,0,0,0,0,0,0
533967_87767_88200_1,43.3,1,2022/10/18 08:15:00,-1.00,-1.00,0.0,0,0,0,0,0,0,0,0,0,0,0,0
533967_87767_88200_1,43.3,1,2022/10/18 08:30:00,-1.00,-1.00,0.0,0,0,0,0,0,0,0,0,0,0,0,0
533967_87767_88200_1,43.3,1,2022/10/18 08:45:00,-1.00,-1.00,0.0,0,0,0,0,0,0,0,0,0,0,0,0
533967_87767_88200_1,43.3,1,2022/10/18 09:00:00,-1.00,-1.00,0.0,0,0,0,0,0,0,0,0,0,0,0,0
533967_87767_88200_1,43.3,1,2022/10/18 09:15:00,-1.00,-1.00,0.0,0,0,0,0,0,0,0,0,0,0,0,0
533967_87767_88200_1,43.3,1,2022/10/18 09:30:00,-1.00,-1.00,0.0,0,0,0,0,0,0,0,0,0,0,0,0
533967_87767_88200_1,43.3,1,2022/10/18 09:45:00,-1.00,-1.00,0.0,0,0,0,0,0,0,0,0,0,0,0,0
533967_87767_88200_1,43.3,1,2022/10/18 10:00:00,-1.00,-1.00,0.0,0,0,0,0,0,0,0,0,0,0,0,0
533967_87767_88200_1,43.3,1,2022/10/18 10:15:00,-1.00,-1.00,0.0,0,0,0,0,0,0,0,0,0,0,0,0
533967_87767_88200_1,43.3,1,2022/10/18 10:30:00,-1.00,-1.00,0.0,0,0,0,0,0,0,0,0,0,0,0,0
533967_87767_88200_1,43.3,1,2022/10/18 10:45:00,-1.00,-1.00,0.0,0,0,0,0,0,0,0,0,0,0,0,0
533967_87767_88200_1,43.3,1,2022/10/18 11:00:00,-1.00,-1.00,0.0,0,0,0,0,0,0,0,0,0,0,0,0
533967_87767_88200_1,43.3,1,2022/10/18 11:15:00,-1.00,-1.00,0.0,0,0,0,0,0,0,0,0,0,0,0,0
533967_87767_88200_1,43.3,1,2022/10/18 11:30:00,-1.00,-1.00,0.0,0,0,0,0,0,0,0,0,0,0,0,0
533967_87767_88200_1,43.3,1,2022/10/18 11:45:00,-1.00,-1.00,0.0,0,0,0,0,0,0,0,0,0,0,0,0
533967_87767_88200_1,43.3,1,2022/10/18 12:00:00,-1.00,-1.00,0.0,0,0,0,0,0,0,0,0,0,0,0,0
533967_87767_88200_1,43.3,1,2022/10/18 12:15:00,-1.00,-1.00,0.0,0,0,0,0,0,0,0,0,0,0,0,0
533967_87767_88200_1,43.3,1,2022/10/18 12:30:00,-1.00,-1.00,0.0,0,0,0,0,0,0,0,0,0,0,0,0
533967_87767_88200_1,43.3,1,2022/10/18 12:45:00,-1.00,-1.00,0.0,0,0,0,0,0,0,0,0,0,0,0,0
533967_87767_88200_1,43.3,1,2022/10/18 13:00:00,-1.00,-1.00,0.0,0,0,0,0,0,0,0,0,0,0,0,0
533967_87767_88200_1,43.3,1,2022/10/18 13:15:00,-1.00,-1.00,0.0,0,0,0,0,0,0,0,0,0,0,0,0
533967_87767_88200_1,43.3,1,2022/10/18 13:30:00,-1.00,-1.00,0.0,0,0,0,0,0,0,0,0,0,0,0,0
533967_87767_88200_1,43.3,1,2022/10/18 13:45:00,-1.00,-1.00,0.0,0,0,0,0,0,0,0,0,0,0,0,0
533967_87767_88200_1,43.3,1,2022/10/18 14:00:00,-1.00,-1.00,0.0,0,0,0,0,0,0,0,0,0,0,0,0
533967_87767_88200_1,43.3,1,2022/10/18 14:15:00,-1.00,-1.00,0.0,0,0,0,0,0,0,0,0,0,0,0,0
533967_87767_88200_1,43.3,1,2022/10/18 14:30:00,-1.00,-1.00,0.0,0,0,0,0,0,0,0,0,0,0,0,0
533967_87767_88200_1,43.3,1,2022/10/18 14:45:00,-1.00,-1.00,0.0,0,0,0,0,0,0,0,0,0,0,0,0
533967_87767_88200_1,43.3,1,2022/10/18 15:00:00,-1.00,-1.00,0.0,0,0,0,0,0,0,0,0,0,0,0,0
533967_87767_88200_1,43.3,1,2022/10/18 15:15:00,-1.00,-1.00,0.0,0,0,0,0,0,0,0,0,0,0,0,0
533967_87767_88200_1,43.3,1,2022/10/18 15:30:00,-1.00,-1.00,0.0,0,0,0,0,0,0,0,0,0,0,0,0
533967_87767_88200_1,43.3,1,2022/10/18 15:45:00,-1.00,-1.00,0.0,0,0,0,0,0,0,0,0,0,0,0,0
533967_87767_88200_1,43.3,1,2022/10/18 16:00:00,-1.00,-1.00,0.0,0,0,0,0,0,0,0,0,0,0,0,0
533967_87767_88200_1,43.3,1,2022/10/18 16:15:00,-1.00,-1.00,0.0,0,0,0,0,0,0,0,0,0,0,0,0
533967_87767_88200_1,43.3,1,2022/10/18 16:30:00,-1.00,-1.00,0.0,0,0,0,0,0,0,0,0,0,0,0,0
533967_87767_88200_1,43.3,1,2022/10/18 16:45:00,-1.00,-1.00,0.0,0,0,0,0,0,0,0,0,0,0,0,0
533967_87767_88200_1,43.3,1,2022/10/18 17:00:00,-1.00,-1.00,0.0,0,0,0,0,0,0,0,0,0,0,0,0
533967_87767_88200_1,43.3,1,2022/10/18 17:15:00,-1.00,-1.00,0.0,0,0,0,0,0,0,0,0,0,0,0,0
533967_87767_88200_1,43.3,1,2022/10/18 17:30:00,-1.00,-1.00,0.0,0,0,0,0,0,0,0,0,0,0,0,0
533967_87767_88200_1,43.3,1,2022/10/18 17:45:00,-1.00,-1.00,0.0,0,0,0,0,0,0,0,0,0,0,0,0
533967_87767_88200_1,43.3,1,2022/10/18 18:00:00,-1.00,-1.00,0.0,0,0,0,0,0,0,0,0,0,0,0,0
533967_87767_88200_1,43.3,1,2022/10/18 18:15:00,-1.00,-1.00,0.0,0,0,0,0,0,0,0,0,0,0,0,0
533967_87767_88200_1,43.3,1,2022/10/18 18:30:00,-1.00,-1.00,0.0,0,0,0,0,0,0,0,0,0,0,0,0
533967_87767_88200_1,43.3,1,2022/10/18 18:45:00,-1.00,-1.00,0.0,0,0,0,0,0,0,0,0,0,0,0,0
533967_87768_88199_0,62.3,1,2022/10/18 06:30:00,-1.00,-1.00,0.0,0,0,0,0,0,0,0,0,0,0,0,0
533967_87768_88199_0,62.3,1,2022/10/18 06:45:00,-1.00,-1.00,0.0,0,0,0,0,0,0,0,0,0,0,0,0
533967_87768_88199_0,62.3,1,2022/10/18 07:00:00,-1.00,-1.00,0.0,0,0,0,0,0,0,0,0,0,0,0,0
533967_87768_88199_0,62.3,1,2022/10/18 07:15:00,-1.00,-1.00,0.0,0,0,0,0,0,0,0,0,0,0,0,0
533967_87768_88199_0,62.3,1,2022/10/18 07:30:00,-1.00,-1.00,0.0,0,0,0,0,0,0,0,0,0,0,0,0
533967_87768_88199_0,62.3,1,2022/10/18 07:45:00,-1.00,-1.00,0.0,0,0,0,0,0,0,0,0,0,0,0,0
533967_87768_88199_0,62.3,1,2022/10/18 08:00:00,-1.00,-1.00,0.0,0,0,0,0,0,0,0,0,0,0,0,0
533967_87768_88199_0,62.3,1,2022/10/18 08:15:00,-1.00,-1.00,0.0,0,0,0,0,0,0,0,0,0,0,0,0
533967_87768_88199_0,62.3,1,2022/10/18 08:30:00,-1.00,-1.00,0.0,0,0,0,0,0,0,0,0,0,0,0,0
533967_87768_88199_0,62.3,1,2022/10/18 08:45:00,-1.00,-1.00,0.0,0,0,0,0,0,0,0,0,0,0,0,0
533967_87768_88199_0,62.3,1,2022/10/18 09:00:00,-1.00,-1.00,0.0,0,0,0,0,0,0,0,0,0,0,0,0
533967_87768_88199_0,62.3,1,2022/10/18 09:15:00,-1.00,-1.00,0.0,0,0,0,0,0,0,0,0,0,0,0,0
533967_87768_88199_0,62.3,1,2022/10/18 09:30:00,-1.00,-1.00,0.0,0,0,0,0,0,0,0,0,0,0,0,0
533967_87768_88199_0,62.3,1,2022/10/18 09:45:00,-1.00,-1.00,0.0,0,0,0,0,0,0,0,0,0,0,0,0
533967_87768_88199_0,62.3,1,2022/10/18 10:00:00,-1.00,-1.00,0.0,0,0,0,0,0,0,0,0,0,0,0,0
533967_87768_88199_0,62.3,1,2022/10/18 10:15:00,-1.00,-1.00,0.0,0,0,0,0,0,0,0,0,0,0,0,0
533967_87768_88199_0,62.3,1,2022/10/18 10:30:00,-1.00,-1.00,0.0,0,0,0,0,0,0,0,0,0,0,0,0
533967_87768_88199_0,62.3,1,2022/10/18 10:45:00,-1.00,-1.00,0.0,0,0,0,0,0,0,0,0,0,0,0,0
533967_87768_88199_0,62.3,1,2022/10/18 11:00:00,-1.00,-1.00,0.0,0,0,0,0,0,0,0,0,0,0,0,0
533967_87768_88199_0,62.3,1,2022/10/18 11:15:00,-1.00,-1.00,0.0,0,0,0,0,0,0,0,0,0,0,0,0
533967_87768_88199_0,62.3,1,2022/10/18 11:30:00,-1.00,-1.00,0.0,0,0,0,0,0,0,0,0,0,0,0,0
533967_87768_88199_0,62.3,1,2022/10/18 11:45:00,-1.00,-1.00,0.0,0,0,0,0,0,0,0,0,0,0,0,0
533967_87768_88199_0,62.3,1,2022/10/18 12:00:00,-1.00,-1.00,0.0,0,0,0,0,0,0,0,0,0,0,0,0
533967_87768_88199_0,62.3,1,2022/10/18 12:15:00,-1.00,-1.00,0.0,0,0,0,0,0,0,0,0,0,0,0,0
533967_87768_88199_0,62.3,1,2022/10/18 12:30:00,-1.00,-1.00,0.0,0,0,0,0,0,0,0,0,0,0,0,0
533967_87768_88199_0,62.3,1,2022/10/18 12:45:00,-1.00,-1.00,0.0,0,0,0,0,0,0,0,0,0,0,0,0
533967_87768_88199_0,62.3,1,2022/10/18 13:00:00,-1.00,-1.00,0.0,0,0,0,0,0,0,0,0,0,0,0,0
533967_87768_88199_0,62.3,1,2022/10/18 13:15:00,-1.00,-1.00,0.0,0,0,0,0,0,0,0,0,0,0,0,0
533967_87768_88199_0,62.3,1,2022/10/18 13:30:00,-1.00,-1.00,0.0,0,0,0,0,0,0,0,0,0,0,0,0
533967_87768_88199_0,62.3,1,2022/10/18 13:45:00,-1.00,-1.00,0.0,0,0,0,0,0,0,0,0,0,0,0,0
533967_87768_88199_0,62.3,1,2022/10/18 14:00:00,-1.00,-1.00,0.0,0,0,0,0,0,0,0,0,0,0,0,0
533967_87768_88199_0,62.3,1,2022/10/18 14:15:00,-1.00,-1.00,0.0,0,0,0,0,0,0,0,0,0,0,0,0
533967_87768_88199_0,62.3,1,2022/10/18 14:30:00,-1.00,-1.00,0.0,0,0,0,0,0,0,0,0,0,0,0,0
533967_87768_88199_0,62.3,1,2022/10/18 14:45:00,-1.00,-1.00,0.0,0,0,0,0,0,0,0,0,0,0,0,0
533967_87768_88199_0,62.3,1,2022/10/18 15:00:00,-1.00,-1.00,0.0,0,0,0,0,0,0,0,0,0,0,0,0
533967_87768_88199_0,62.3,1,2022/10/18 15:15:00,-1.00,-1.00,0.0,0,0,0,0,0,0,0,0,0,0,0,0
533967_87768_88199_0,62.3,1,2022/10/18 15:30:00,-1.00,-1.00,0.0,0,0,0,0,0,0,0,0,0,0,0,0
533967_87768_88199_0,62.3,1,2022/10/18 15:45:00,-1.00,-1.00,0.0,0,0,0,0,0,0,0,0,0,0,0,0
533967_87768_88199_0,62.3,1,2022/10/18 16:00:00,-1.00,-1.00,0.0,0,0,0,0,0,0,0,0,0,0,0,0
533967_87768_88199_0,62.3,1,2022/10/18 16:15:00,-1.00,-1.00,0.0,0,0,0,0,0,0,0,0,0,0,0,0
533967_87768_88199_0,62.3,1,2022/10/18 16:30:00,-1.00,-1.00,0.0,0,0,0,0,0,0,0,0,0,0,0,0
533967_87768_88199_0,62.3,1,2022/10/18 16:45:00,-1.00,-1.00,0.0,0,0,0,0,0,0,0,0,0,0,0,0
533967_87768_88199_0,62.3,1,2022/10/18 17:00:00,-1.00,-1.00,0.0,0,0,0,0,0,0,0,0,0,0,0,0
533967_87768_88199_0,62.3,1,2022/10/18 17:15:00,-1.00,-1.00,0.0,0,0,0,0,0,0,0,0,0,0,0,0
533967_87768_88199_0,62.3,1,2022/10/18 17:30:00,-1.00,-1.00,0.0,0,0,0,0,0,0,0,0,0,0,0,0
533967_87768_88199_0,62.3,1,2022/10/18 17:45:00,-1.00,-1.00,0.0,0,0,0,0,0,0,0,0,0,0,0,0
533967_87768_88199_0,62.3,1,2022/10/18 18:00:00,-1.00,-1.00,0.0,0,0,0,0,0,0,0,0,0,0,0,0
533967_87768_88199_0,62.3,1,2022/10/18 18:15:00,-1.00,-1.00,0.0,0,0,0,0,0,0,0,0,0,0,0,0
533967_87768_88199_0,62.3,1,2022/10/18 18:30:00,-1.00,-1.00,0.0,0,0,0,0,0,0,0,0,0,0,0,0
533967_87768_88199_0,62.3,1,2022/10/18 18:45:00,-1.00,-1.00,0.0,0,0,0,0,0,0,0,0,0,0,0,0
533967_87768_88199_1,62.2,1,2022/10/18 06:30:00,-1.00,-1.00,0.0,0,0,0,0,0,0,0,0,0,0,0,0
533967_87768_88199_1,62.2,1,2022/10/18 06:45:00,-1.00,-1.00,0.0,0,0,0,0,0,0,0,0,0,0,0,0
533967_87768_88199_1,62.2,1,2022/10/18 07:00:00,-1.00,-1.00,0.0,0,0,0,0,0,0,0,0,0,0,0,0
533967_87768_88199_1,62.2,1,2022/10/18 07:15:00,-1.00,-1.00,0.0,0,0,0,0,0,0,0,0,0,0,0,0
533967_87768_88199_1,62.2,1,2022/10/18 07:30:00,-1.00,-1.00,0.0,0,0,0,0,0,0,0,0,0,0,0,0
533967_87768_88199_1,62.2,1,2022/10/18 07:45:00,-1.00,-1.00,0.0,0,0,0,0,0,0,0,0,0,0,0,0
533967_87768_88199_1,62.2,1,2022/10/18 08:00:00,-1.00,-1.00,0.0,0,0,0,0,0,0,0,0,0,0,0,0
533967_87768_88199_1,62.2,1,2022/10/18 08:15:00,-1.00,-1.00,0.0,0,0,0,0,0,0,0,0,0,0,0,0
533967_87768_88199_1,62.2,1,2022/10/18 08:30:00,-1.00,-1.00,0.0,0,0,0,0,0,0,0,0,0,0,0,0
533967_87768_88199_1,62.2,1,2022/10/18 08:45:00,-1.00,-1.00,0.0,0,0,0,0,0,0,0,0,0,0,0,0
533967_87768_88199_1,62.2,1,2022/10/18 09:00:00,-1.00,-1.00,0.0,0,0,0,0,0,0,0,0,0,0,0,0
533967_87768_88199_1,62.2,1,2022/10/18 09:15:00,-1.00,-1.00,0.0,0,0,0,0,0,0,0,0,0,0,0,0
533967_87768_88199_1,62.2,1,2022/10/18 09:30:00,-1.00,-1.00,0.0,0,0,0,0,0,0,0,0,0,0,0,0
533967_87768_88199_1,62.2,1,2022/10/18 09:45:00,-1.00,-1.00,0.0,0,0,0,0,0,0,0,0,0,0,0,0
533967_87768_88199_1,62.2,1,2022/10/18 10:00:00,-1.00,-1.00,0.0,0,0,0,0,0,0,0,0,0,0,0,0
533967_87768_88199_1,62.2,1,2022/10/18 10:15:00,-1.00,-1.00,0.0,0,0,0,0,0,0,0,0,0,0,0,0
533967_87768_88199_1,62.2,1,2022/10/18 10:30:00,-1.00,-1.00,0.0,0,0,0,0,0,0,0,0,0,0,0,0
533967_87768_88199_1,62.2,1,2022/10/18 10:45:00,-1.00,-1.00,0.0,0,0,0,0,0,0,0,0,0,0,0,0
533967_87768_88199_1,62.2,1,2022/10/18 11:00:00,-1.00,-1.00,0.0,0,0,0,0,0,0,0,0,0,0,0,0
533967_87768_88199_1,62.2,1,2022/10/18 11:15:00,-1.00,-1.00,0.0,0,0,0,0,0,0,0,0,0,0,0,0
533967_87768_88199_1,62.2,1,2022/10/18 11:30:00,-1.00,-1.00,0.0,0,0,0,0,0,0,0,0,0,0,0,0
533967_87768_88199_1,62.2,1,2022/10/18 11:45:00,-1.00,-1.00,0.0,0,0,0,0,0,0,0,0,0,0,0,0
533967_87768_88199_1,62.2,1,2022/10/18 12:00:00,-1.00,-1.00,0.0,0,0,0,0,0,0,0,0,0,0,0,0
533967_87768_88199_1,62.2,1,2022/10/18 12:15:00,-1.00,-1.00,0.0,0,0,0,0,0,0,0,0,0,0,0,0
533967_87768_88199_1,62.2,1,2022/10/18 12:30:00,-1.00,-1.00,0.0,0,0,0,0,0,0,0,0,0,0,0,0
533967_87768_88199_1,62.2,1,2022/10/18 12:45:00,-1.00,-1.00,0.0,0,0,0,0,0,0,0,0,0,0,0,0
533967_87768_88199_1,62.2,1,2022/10/18 13:00:00,-1.00,-1.00,0.0,0,0,0,0,0,0,0,0,0,0,0,0
533967_87768_88199_1,62.2,1,2022/10/18 13:15:00,-1.00,-1.00,0.0,0,0,0,0,0,0,0,0,0,0,0,0
533967_87768_88199_1,62.2,1,2022/10/18 13:30:00,-1.00,-1.00,0.0,0,0,0,0,0,0,0,0,0,0,0,0
533967_87768_88199_1,62.2,1,2022/10/18 13:45:00,-1.00,-1.00,0.0,0,0,0,0,0,0,0,0,0,0,0,0
533967_87768_88199_1,62.2,1,2022/10/18 14:00:00,-1.00,-1.00,0.0,0,0,0,0,0,0,0,0,0,0,0,0
533967_87768_88199_1,62.2,1,2022/10/18 14:15:00,-1.00,-1.00,0.0,0,0,0,0,0,0,0,0,0,0,0,0
533967_87768_88199_1,62.2,1,2022/10/18 14:30:00,-1.00,-1.00,0.0,0,0,0,0,0,0,0,0,0,0,0,0
533967_87768_88199_1,62.2,1,2022/10/18 14:45:00,-1.00,-1.00,0.0,0,0,0,0,0,0,0,0,0,0,0,0
533967_87768_88199_1,62.2,1,2022/10/18 15:00:00,-1.00,-1.00,0.0,0,0,0,0,0,0,0,0,0,0,0,0
533967_87768_88199_1,62.2,1,2022/10/18 15:15:00,-1.00,-1.00,0.0,0,0,0,0,0,0,0,0,0,0,0,0
533967_87768_88199_1,62.2,1,2022/10/18 15:30:00,-1.00,-1.00,0.0,0,0,0,0,0,0,0,0,0,0,0,0
533967_87768_88199_1,62.2,1,2022/10/18 15:45:00,-1.00,-1.00,0.0,0,0,0,0,0,0,0,0,0,0,0,0
533967_87768_88199_1,62.2,1,2022/10/18 16:00:00,-1.00,-1.00,0.0,0,0,0,0,0,0,0,0,0,0,0,0
533967_87768_88199_1,62.2,1,2022/10/18 16:15:00,-1.00,-1.00,0.0,0,0,0,0,0,0,0,0,0,0,0,0
533967_87768_88199_1,62.2,1,2022/10/18 16:30:00,-1.00,-1.00,0.0,0,0,0,0,0,0,0,0,0,0,0,0
533967_87768_88199_1,62.2,1,2022/10/18 16:45:00,-1.00,-1.00,0.0,0,0,0,0,0,0,0,0,0,0,0,0
533967_87768_88199_1,62.2,1,2022/10/18 17:00:00,-1.00,-1.00,0.0,0,0,0,0,0,0,0,0,0,0,0,0
533967_87768_88199_1,62.2,1,2022/10/18 17:15:00,-1.00,-1.00,0.0,0,0,0,0,0,0,0,0,0,0,0,0
533967_87768_88199_1,62.2,1,2022/10/18 17:30:00,-1.00,-1.00,0.0,0,0,0,0,0,0,0,0,0,0,0,0
533967_87768_88199_1,62.2,1,2022/10/18 17:45:00,-1.00,-1.00,0.0,0,0,0,0,0,0,0,0,0,0,0,0
533967_87768_88199_1,62.2,1,2022/10/18 18:00:00,-1.00,-1.00,0.0,0,0,0,0,0,0,0,0,0,0,0,0
533967_87768_88199_1,62.2,1,2022/10/18 18:15:00,-1.00,-1.00,0.0,0,0,0,0,0,0,0,0,0,0,0,0
533967_87768_88199_1,62.2,1,2022/10/18 18:30:00,-1.00,-1.00,0.0,0,0,0,0,0,0,0,0,0,0,0,0
533967_87768_88199_1,62.2,1,2022/10/18 18:45:00,-1.00,-1.00,0.0,0,0,0,0,0,0,0,0,0,0,0,0
533967_87769_87770_0,117.5,1,2022/10/18 06:30:00,-1.00,-1.00,0.0,0,0,0,0,0,0,0,0,0,0,0,0
533967_87769_87770_0,117.5,1,2022/10/18 06:45:00,-1.00,-1.00,0.0,0,0,0,0,0,0,0,0,0,0,0,0
533967_87769_87770_0,117.5,1,2022/10/18 07:00:00,-1.00,-1.00,0.0,0,0,0,0,0,0,0,0,0,0,0,0
533967_87769_87770_0,117.5,1,2022/10/18 07:15:00,-1.00,-1.00,0.0,0,0,0,0,0,0,0,0,0,0,0,0
533967_87769_87770_0,117.5,1,2022/10/18 07:30:00,-1.00,-1.00,0.0,0,0,0,0,0,0,0,0,0,0,0,0
533967_87769_87770_0,117.5,1,2022/10/18 07:45:00,-1.00,-1.00,0.0,0,0,0,0,0,0,0,0,0,0,0,0
533967_87769_87770_0,117.5,1,2022/10/18 08:00:00,-1.00,-1.00,0.0,0,0,0,0,0,0,0,0,0,0,0,0
533967_87769_87770_0,117.5,1,2022/10/18 08:15:00,-1.00,-1.00,0.0,0,0,0,0,0,0,0,0,0,0,0,0
533967_87769_87770_0,117.5,1,2022/10/18 08:30:00,-1.00,-1.00,0.0,0,0,0,0,0,0,0,0,0,0,0,0
533967_87769_87770_0,117.5,1,2022/10/18 08:45:00,-1.00,-1.00,0.0,0,0,0,0,0,0,0,0,0,0,0,0
533967_87769_87770_0,117.5,1,2022/10/18 09:00:00,-1.00,-1.00,0.0,0,0,0,0,0,0,0,0,0,0,0,0
533967_87769_87770_0,117.5,1,2022/10/18 09:15:00,-1.00,-1.00,0.0,0,0,0,0,0,0,0,0,0,0,0,0
533967_87769_87770_0,117.5,1,2022/10/18 09:30:00,-1.00,-1.00,0.0,0,0,0,0,0,0,0,0,0,0,0,0
533967_87769_87770_0,117.5,1,2022/10/18 09:45:00,-1.00,-1.00,0.0,0,0,0,0,0,0,0,0,0,0,0,0
533967_87769_87770_0,117.5,1,2022/10/18 10:00:00,-1.00,-1.00,0.0,0,0,0,0,0,0,0,0,0,0,0,0
533967_87769_87770_0,117.5,1,2022/10/18 10:15:00,-1.00,-1.00,0.0,0,0,0,0,0,0,0,0,0,0,0,0
533967_87769_87770_0,117.5,1,2022/10/18 10:30:00,-1.00,-1.00,0.0,0,0,0,0,0,0,0,0,0,0,0,0
533967_87769_87770_0,117.5,1,2022/10/18 10:45:00,-1.00,-1.00,0.0,0,0,0,0,0,0,0,0,0,0,0,0
533967_87769_87770_0,117.5,1,2022/10/18 11:00:00,-1.00,-1.00,0.0,0,0,0,0,0,0,0,0,0,0,0,0
533967_87769_87770_0,117.5,1,2022/10/18 11:15:00,-1.00,-1.00,0.0,0,0,0,0,0,0,0,0,0,0,0,0
533967_87769_87770_0,117.5,1,2022/10/18 11:30:00,-1.00,-1.00,0.0,0,0,0,0,0,0,0,0,0,0,0,0
533967_87769_87770_0,117.5,1,2022/10/18 11:45:00,-1.00,-1.00,0.0,0,0,0,0,0,0,0,0,0,0,0,0
533967_87769_87770_0,117.5,1,2022/10/18 12:00:00,-1.00,-1.00,0.0,0,0,0,0,0,0,0,0,0,0,0,0
533967_87769_87770_0,117.5,1,2022/10/18 12:15:00,-1.00,-1.00,0.0,0,0,0,0,0,0,0,0,0,0,0,0
533967_87769_87770_0,117.5,1,2022/10/18 12:30:00,-1.00,-1.00,0.0,0,0,0,0,0,0,0,0,0,0,0,0
533967_87769_87770_0,117.5,1,2022/10/18 12:45:00,-1.00,-1.00,0.0,0,0,0,0,0,0,0,0,0,0,0,0
533967_87769_87770_0,117.5,1,2022/10/18 13:00:00,-1.00,-1.00,0.0,0,0,0,0,0,0,0,0,0,0,0,0
533967_87769_87770_0,117.5,1,2022/10/18 13:15:00,-1.00,-1.00,0.0,0,0,0,0,0,0,0,0,0,0,0,0
533967_87769_87770_0,117.5,1,2022/10/18 13:30:00,-1.00,-1.00,0.0,0,0,0,0,0,0,0,0,0,0,0,0
533967_87769_87770_0,117.5,1,2022/10/18 13:45:00,-1.00,-1.00,0.0,0,0,0,0,0,0,0,0,0,0,0,0
533967_87769_87770_0,117.5,1,2022/10/18 14:00:00,-1.00,-1.00,0.0,0,0,0,0,0,0,0,0,0,0,0,0
533967_87769_87770_0,117.5,1,2022/10/18 14:15:00,-1.00,-1.00,0.0,0,0,0,0,0,0,0,0,0,0,0,0
533967_87769_87770_0,117.5,1,2022/10/18 14:30:00,-1.00,-1.00,0.0,0,0,0,0,0,0,0,0,0,0,0,0
533967_87769_87770_0,117.5,1,2022/10/18 14:45:00,-1.00,-1.00,0.0,0,0,0,0,0,0,0,0,0,0,0,0
533967_87769_87770_0,117.5,1,2022/10/18 15:00:00,-1.00,-1.00,0.0,0,0,0,0,0,0,0,0,0,0,0,0
533967_87769_87770_0,117.5,1,2022/10/18 15:15:00,-1.00,-1.00,0.0,0,0,0,0,0,0,0,0,0,0,0,0
533967_87769_87770_0,117.5,1,2022/10/18 15:30:00,-1.00,-1.00,0.0,0,0,0,0,0,0,0,0,0,0,0,0
533967_87769_87770_0,117.5,1,2022/10/18 15:45:00,-1.00,-1.00,0.0,0,0,0,0,0,0,0,0,0,0,0,0
533967_87769_87770_0,117.5,1,2022/10/18 16:00:00,-1.00,-1.00,0.0,0,0,0,0,0,0,0,0,0,0,0,0
533967_87769_87770_0,117.5,1,2022/10/18 16:15:00,-1.00,-1.00,0.0,0,0,0,0,0,0,0,0,0,0,0,0
533967_87769_87770_0,117.5,1,2022/10/18 16:30:00,-1.00,-1.00,0.0,0,0,0,0,0,0,0,0,0,0,0,0
533967_87769_87770_0,117.5,1,2022/10/18 16:45:00,-1.00,-1.00,0.0,0,0,0,0,0,0,0,0,0,0,0,0
533967_87769_87770_0,117.5,1,2022/10/18 17:00:00,-1.00,-1.00,0.0,0,0,0,0,0,0,0,0,0,0,0,0
533967_87769_87770_0,117.5,1,2022/10/18 17:15:00,-1.00,-1.00,0.0,0,0,0,0,0,0,0,0,0,0,0,0
533967_87769_87770_0,117.5,1,2022/10/18 17:30:00,-1.00,-1.00,0.0,0,0,0,0,0,0,0,0,0,0,0,0
533967_87769_87770_0,117.5,1,2022/10/18 17:45:00,-1.00,-1.00,0.0,0,0,0,0,0,0,0,0,0,0,0,0
533967_87769_87770_0,117.5,1,2022/10/18 18:00:00,-1.00,-1.00,0.0,0,0,0,0,0,0,0,0,0,0,0,0
533967_87769_87770_0,117.5,1,2022/10/18 18:15:00,-1.00,-1.00,0.0,0,0,0,0,0,0,0,0,0,0,0,0
533967_87769_87770_0,117.5,1,2022/10/18 18:30:00,-1.00,-1.00,0.0,0,0,0,0,0,0,0,0,0,0,0,0
533967_87769_87770_0,117.5,1,2022/10/18 18:45:00,-1.00,-1.00,0.0,0,0,0,0,0,0,0,0,0,0,0,0
533967_87769_87770_1,97.2,1,2022/10/18 06:30:00,-1.00,-1.00,0.0,0,0,0,0,0,0,0,0,0,0,0,0
533967_87769_87770_1,97.2,1,2022/10/18 06:45:00,-1.00,-1.00,0.0,0,0,0,0,0,0,0,0,0,0,0,0
533967_87769_87770_1,97.2,1,2022/10/18 07:00:00,-1.00,-1.00,0.0,0,0,0,0,0,0,0,0,0,0,0,0
533967_87769_87770_1,97.2,1,2022/10/18 07:15:00,-1.00,-1.00,0.0,0,0,0,0,0,0,0,0,0,0,0,0
533967_87769_87770_1,97.2,1,2022/10/18 07:30:00,-1.00,-1.00,0.0,0,0,0,0,0,0,0,0,0,0,0,0
533967_87769_87770_1,97.2,1,2022/10/18 07:45:00,-1.00,-1.00,0.0,0,0,0,0,0,0,0,0,0,0,0,0
533967_87769_87770_1,97.2,1,2022/10/18 08:00:00,-1.00,-1.00,0.0,0,0,0,0,0,0,0,0,0,0,0,0
533967_87769_87770_1,97.2,1,2022/10/18 08:15:00,-1.00,-1.00,0.0,0,0,0,0,0,0,0,0,0,0,0,0
533967_87769_87770_1,97.2,1,2022/10/18 08:30:00,-1.00,-1.00,0.0,0,0,0,0,0,0,0,0,0,0,0,0
533967_87769_87770_1,97.2,1,2022/10/18 08:45:00,-1.00,-1.00,0.0,0,0,0,0,0,0,0,0,0,0,0,0
533967_87769_87770_1,97.2,1,2022/10/18 09:00:00,-1.00,-1.00,0.0,0,0,0,0,0,0,0,0,0,0,0,0
533967_87769_87770_1,97.2,1,2022/10/18 09:15:00,-1.00,-1.00,0.0,0,0,0,0,0,0,0,0,0,0,0,0
533967_87769_87770_1,97.2,1,2022/10/18 09:30:00,-1.00,-1.00,0.0,0,0,0,0,0,0,0,0,0,0,0,0
533967_87769_87770_1,97.2,1,2022/10/18 09:45:00,-1.00,-1.00,0.0,0,0,0,0,0,0,0,0,0,0,0,0
533967_87769_87770_1,97.2,1,2022/10/18 10:00:00,-1.00,-1.00,0.0,0,0,0,0,0,0,0,0,0,0,0,0
533967_87769_87770_1,97.2,1,2022/10/18 10:15:00,-1.00,-1.00,0.0,0,0,0,0,0,0,0,0,0,0,0,0
533967_87769_87770_1,97.2,1,2022/10/18 10:30:00,-1.00,-1.00,0.0,0,0,0,0,0,0,0,0,0,0,0,0
533967_87769_87770_1,97.2,1,2022/10/18 10:45:00,-1.00,-1.00,0.0,0,0,0,0,0,0,0,0,0,0,0,0
533967_87769_87770_1,97.2,1,2022/10/18 11:00:00,-1.00,-1.00,0.0,0,0,0,0,0,0,0,0,0,0,0,0
533967_87769_87770_1,97.2,1,2022/10/18 11:15:00,-1.00,-1.00,0.0,0,0,0,0,0,0,0,0,0,0,0,0
533967_87769_87770_1,97.2,1,2022/10/18 11:30:00,-1.00,-1.00,0.0,0,0,0,0,0,0,0,0,0,0,0,0
533967_87769_87770_1,97.2,1,2022/10/18 11:45:00,-1.00,-1.00,0.0,0,0,0,0,0,0,0,0,0,0,0,0
533967_87769_87770_1,97.2,1,2022/10/18 12:00:00,-1.00,-1.00,0.0,0,0,0,0,0,0,0,0,0,0,0,0
533967_87769_87770_1,97.2,1,2022/10/18 12:15:00,-1.00,-1.00,0.0,0,0,0,0,0,0,0,0,0,0,0,0
533967_87769_87770_1,97.2,1,2022/10/18 12:30:00,-1.00,-1.00,0.0,0,0,0,0,0,0,0,0,0,0,0,0
533967_87769_87770_1,97.2,1,2022/10/18 12:45:00,-1.00,-1.00,0.0,0,0,0,0,0,0,0,0,0,0,0,0
533967_87769_87770_1,97.2,1,2022/10/18 13:00:00,-1.00,-1.00,0.0,0,0,0,0,0,0,0,0,0,0,0,0
533967_87769_87770_1,97.2,1,2022/10/18 13:15:00,-1.00,-1.00,0.0,0,0,0,0,0,0,0,0,0,0,0,0
533967_87769_87770_1,97.2,1,2022/10/18 13:30:00,-1.00,-1.00,0.0,0,0,0,0,0,0,0,0,0,0,0,0
533967_87769_87770_1,97.2,1,2022/10/18 13:45:00,-1.00,-1.00,0.0,0,0,0,0,0,0,0,0,0,0,0,0
533967_87769_87770_1,97.2,1,2022/10/18 14:00:00,-1.00,-1.00,0.0,0,0,0,0,0,0,0,0,0,0,0,0
533967_87769_87770_1,97.2,1,2022/10/18 14:15:00,-1.00,-1.00,0.0,0,0,0,0,0,0,0,0,0,0,0,0
533967_87769_87770_1,97.2,1,2022/10/18 14:30:00,-1.00,-1.00,0.0,0,0,0,0,0,0,0,0,0,0,0,0
533967_87769_87770_1,97.2,1,2022/10/18 14:45:00,-1.00,-1.00,0.0,0,0,0,0,0,0,0,0,0,0,0,0
533967_87769_87770_1,97.2,1,2022/10/18 15:00:00,-1.00,-1.00,0.0,0,0,0,0,0,0,0,0,0,0,0,0
533967_87769_87770_1,97.2,1,2022/10/18 15:15:00,-1.00,-1.00,0.0,0,0,0,0,0,0,0,0,0,0,0,0
533967_87769_87770_1,97.2,1,2022/10/18 15:30:00,-1.00,-1.00,0.0,0,0,0,0,0,0,0,0,0,0,0,0
533967_87769_87770_1,97.2,1,2022/10/18 15:45:00,-1.00,-1.00,0.0,0,0,0,0,0,0,0,0,0,0,0,0
533967_87769_87770_1,97.2,1,2022/10/18 16:00:00,-1.00,-1.00,0.0,0,0,0,0,0,0,0,0,0,0,0,0
533967_87769_87770_1,97.2,1,2022/10/18 16:15:00,-1.00,-1.00,0.0,0,0,0,0,0,0,0,0,0,0,0,0
533967_87769_87770_1,97.2,1,2022/10/18 16:30:00,-1.00,-1.00,0.0,0,0,0,0,0,0,0,0,0,0,0,0
533967_87769_87770_1,97.2,1,2022/10/18 16:45:00,-1.00,-1.00,0.0,0,0,0,0,0,0,0,0,0,0,0,0
533967_87769_87770_1,97.2,1,2022/10/18 17:00:00,-1.00,-1.00,0.0,0,0,0,0,0,0,0,0,0,0,0,0
533967_87769_87770_1,97.2,1,2022/10/18 17:15:00,-1.00,-1.00,0.0,0,0,0,0,0,0,0,0,0,0,0,0
533967_87769_87770_1,97.2,1,2022/10/18 17:30:00,-1.00,-1.00,0.0,0,0,0,0,0,0,0,0,0,0,0,0
533967_87769_87770_1,97.2,1,2022/10/18 17:45:00,-1.00,-1.00,0.0,0,0,0,0,0,0,0,0,0,0,0,0
533967_87769_87770_1,97.2,1,2022/10/18 18:00:00,-1.00,-1.00,0.0,0,0,0,0,0,0,0,0,0,0,0,0
533967_87769_87770_1,97.2,1,2022/10/18 18:15:00,-1.00,-1.00,0.0,0,0,0,0,0,0,0,0,0,0,0,0
533967_87769_87770_1,97.2,1,2022/10/18 18:30:00,-1.00,-1.00,0.0,0,0,0,0,0,0,0,0,0,0,0,0
533967_87769_87770_1,97.2,1,2022/10/18 18:45:00,-1.00,-1.00,0.0,0,0,0,0,0,0,0,0,0,0,0,0
533967_88199_88200_0,120.4,1,2022/10/18 06:30:00,-1.00,-1.00,0.0,0,0,0,0,0,0,0,0,0,0,0,0
533967_88199_88200_0,120.4,1,2022/10/18 06:45:00,-1.00,-1.00,0.0,0,0,0,0,0,0,0,0,0,0,0,0
533967_88199_88200_0,120.4,1,2022/10/18 07:00:00,-1.00,-1.00,0.0,0,0,0,0,0,0,0,0,0,0,0,0
533967_88199_88200_0,120.4,1,2022/10/18 07:15:00,-1.00,-1.00,0.0,0,0,0,0,0,0,0,0,0,0,0,0
533967_88199_88200_0,120.4,1,2022/10/18 07:30:00,-1.00,-1.00,0.0,0,0,0,0,0,0,0,0,0,0,0,0
533967_88199_88200_0,120.4,1,2022/10/18 07:45:00,-1.00,-1.00,0.0,0,0,0,0,0,0,0,0,0,0,0,0
533967_88199_88200_0,120.4,1,2022/10/18 08:00:00,-1.00,-1.00,0.0,0,0,0,0,0,0,0,0,0,0,0,0
533967_88199_88200_0,120.4,1,2022/10/18 08:15:00,-1.00,-1.00,0.0,0,0,0,0,0,0,0,0,0,0,0,0
533967_88199_88200_0,120.4,1,2022/10/18 08:30:00,-1.00,-1.00,0.0,0,0,0,0,0,0,0,0,0,0,0,0
533967_88199_88200_0,120.4,1,2022/10/18 08:45:00,-1.00,-1.00,0.0,0,0,0,0,0,0,0,0,0,0,0,0
533967_88199_88200_0,120.4,1,2022/10/18 09:00:00,-1.00,-1.00,0.0,0,0,0,0,0,0,0,0,0,0,0,0
533967_88199_88200_0,120.4,1,2022/10/18 09:15:00,-1.00,-1.00,0.0,0,0,0,0,0,0,0,0,0,0,0,0
533967_88199_88200_0,120.4,1,2022/10/18 09:30:00,-1.00,-1.00,0.0,0,0,0,0,0,0,0,0,0,0,0,0
533967_88199_88200_0,120.4,1,2022/10/18 09:45:00,-1.00,-1.00,0.0,0,0,0,0,0,0,0,0,0,0,0,0
533967_88199_88200_0,120.4,1,2022/10/18 10:00:00,-1.00,-1.00,0.0,0,0,0,0,0,0,0,0,0,0,0,0
533967_88199_88200_0,120.4,1,2022/10/18 10:15:00,-1.00,-1.00,0.0,0,0,0,0,0,0,0,0,0,0,0,0
533967_88199_88200_0,120.4,1,2022/10/18 10:30:00,-1.00,-1.00,0.0,0,0,0,0,0,0,0,0,0,0,0,0
533967_88199_88200_0,120.4,1,2022/10/18 10:45:00,-1.00,-1.00,0.0,0,0,0,0,0,0,0,0,0,0,0,0
533967_88199_88200_0,120.4,1,2022/10/18 11:00:00,-1.00,-1.00,0.0,0,0,0,0,0,0,0,0,0,0,0,0
533967_88199_88200_0,120.4,1,2022/10/18 11:15:00,-1.00,-1.00,0.0,0,0,0,0,0,0,0,0,0,0,0,0
533967_88199_88200_0,120.4,1,2022/10/18 11:30:00,-1.00,-1.00,0.0,0,0,0,0,0,0,0,0,0,0,0,0
533967_88199_88200_0,120.4,1,2022/10/18 11:45:00,-1.00,-1.00,0.0,0,0,0,0,0,0,0,0,0,0,0,0
533967_88199_88200_0,120.4,1,2022/10/18 12:00:00,-1.00,-1.00,0.0,0,0,0,0,0,0,0,0,0,0,0,0
533967_88199_88200_0,120.4,1,2022/10/18 12:15:00,-1.00,-1.00,0.0,0,0,0,0,0,0,0,0,0,0,0,0
533967_88199_88200_0,120.4,1,2022/10/18 12:30:00,-1.00,-1.00,0.0,0,0,0,0,0,0,0,0,0,0,0,0
533967_88199_88200_0,120.4,1,2022/10/18 12:45:00,-1.00,-1.00,0.0,0,0,0,0,0,0,0,0,0,0,0,0
533967_88199_88200_0,120.4,1,2022/10/18 13:00:00,-1.00,-1.00,0.0,0,0,0,0,0,0,0,0,0,0,0,0
533967_88199_88200_0,120.4,1,2022/10/18 13:15:00,-1.00,-1.00,0.0,0,0,0,0,0,0,0,0,0,0,0,0
533967_88199_88200_0,120.4,1,2022/10/18 13:30:00,-1.00,-1.00,0.0,0,0,0,0,0,0,0,0,0,0,0,0
533967_88199_88200_0,120.4,1,2022/10/18 13:45:00,-1.00,-1.00,0.0,0,0,0,0,0,0,0,0,0,0,0,0
533967_88199_88200_0,120.4,1,2022/10/18 14:00:00,-1.00,-1.00,0.0,0,0,0,0,0,0,0,0,0,0,0,0
533967_88199_88200_0,120.4,1,2022/10/18 14:15:00,-1.00,-1.00,0.0,0,0,0,0,0,0,0,0,0,0,0,0
533967_88199_88200_0,120.4,1,2022/10/18 14:30:00,-1.00,-1.00,0.0,0,0,0,0,0,0,0,0,0,0,0,0
533967_88199_88200_0,120.4,1,2022/10/18 14:45:00,-1.00,-1.00,0.0,0,0,0,0,0,0,0,0,0,0,0,0
533967_88199_88200_0,120.4,1,2022/10/18 15:00:00,-1.00,-1.00,0.0,0,0,0,0,0,0,0,0,0,0,0,0
533967_88199_88200_0,120.4,1,2022/10/18 15:15:00,-1.00,-1.00,0.0,0,0,0,0,0,0,0,0,0,0,0,0
533967_88199_88200_0,120.4,1,2022/10/18 15:30:00,-1.00,-1.00,0.0,0,0,0,0,0,0,0,0,0,0,0,0
533967_88199_88200_0,120.4,1,2022/10/18 15:45:00,-1.00,-1.00,0.0,0,0,0,0,0,0,0,0,0,0,0,0
533967_88199_88200_0,120.4,1,2022/10/18 16:00:00,-1.00,-1.00,0.0,0,0,0,0,0,0,0,0,0,0,0,0
533967_88199_88200_0,120.4,1,2022/10/18 16:15:00,-1.00,-1.00,0.0,0,0,0,0,0,0,0,0,0,0,0,0
533967_88199_88200_0,120.4,1,2022/10/18 16:30:00,-1.00,-1.00,0.0,0,0,0,0,0,0,0,0,0,0,0,0
533967_88199_88200_0,120.4,1,2022/10/18 16:45:00,-1.00,-1.00,0.0,0,0,0,0,0,0,0,0,0,0,0,0
533967_88199_88200_0,120.4,1,2022/10/18 17:00:00,-1.00,-1.00,0.0,0,0,0,0,0,0,0,0,0,0,0,0
533967_88199_88200_0,120.4,1,2022/10/18 17:15:00,-1.00,-1.00,0.0,0,0,0,0,0,0,0,0,0,0,0,0
533967_88199_88200_0,120.4,1,2022/10/18 17:30:00,-1.00,-1.00,0.0,0,0,0,0,0,0,0,0,0,0,0,0
533967_88199_88200_0,120.4,1,2022/10/18 17:45:00,-1.00,-1.00,0.0,0,0,0,0,0,0,0,0,0,0,0,0
533967_88199_88200_0,120.4,1,2022/10/18 18:00:00,-1.00,-1.00,0.0,0,0,0,0,0,0,0,0,0,0,0,0
533967_88199_88200_0,120.4,1,2022/10/18 18:15:00,-1.00,-1.00,0.0,0,0,0,0,0,0,0,0,0,0,0,0
533967_88199_88200_0,120.4,1,2022/10/18 18:30:00,-1.00,-1.00,0.0,0,0,0,0,0,0,0,0,0,0,0,0
533967_88199_88200_0,120.4,1,2022/10/18 18:45:00,-1.00,-1.00,0.0,0,0,0,0,0,0,0,0,0,0,0,0
533967_88199_88200_1,120.8,1,2022/10/18 06:30:00,-1.00,-1.00,0.0,0,0,0,0,0,0,0,0,0,0,0,0
533967_88199_88200_1,120.8,1,2022/10/18 06:45:00,-1.00,-1.00,0.0,0,0,0,0,0,0,0,0,0,0,0,0
533967_88199_88200_1,120.8,1,2022/10/18 07:00:00,-1.00,-1.00,0.0,0,0,0,0,0,0,0,0,0,0,0,0
533967_88199_88200_1,120.8,1,2022/10/18 07:15:00,-1.00,-1.00,0.0,0,0,0,0,0,0,0,0,0,0,0,0
533967_88199_88200_1,120.8,1,2022/10/18 07:30:00,-1.00,-1.00,0.0,0,0,0,0,0,0,0,0,0,0,0,0
533967_88199_88200_1,120.8,1,2022/10/18 07:45:00,-1.00,-1.00,0.0,0,0,0,0,0,0,0,0,0,0,0,0
533967_88199_88200_1,120.8,1,2022/10/18 08:00:00,-1.00,-1.00,0.0,0,0,0,0,0,0,0,0,0,0,0,0
533967_88199_88200_1,120.8,1,2022/10/18 08:15:00,-1.00,-1.00,0.0,0,0,0,0,0,0,0,0,0,0,0,0
533967_88199_88200_1,120.8,1,2022/10/18 08:30:00,-1.00,-1.00,0.0,0,0,0,0,0,0,0,0,0,0,0,0
533967_88199_88200_1,120.8,1,2022/10/18 08:45:00,-1.00,-1.00,0.0,0,0,0,0,0,0,0,0,0,0,0,0
533967_88199_88200_1,120.8,1,2022/10/18 09:00:00,-1.00,-1.00,0.0,0,0,0,0,0,0,0,0,0,0,0,0
533967_88199_88200_1,120.8,1,2022/10/18 09:15:00,-1.00,-1.00,0.0,0,0,0,0,0,0,0,0,0,0,0,0
533967_88199_88200_1,120.8,1,2022/10/18 09:30:00,-1.00,-1.00,0.0,0,0,0,0,0,0,0,0,0,0,0,0
533967_88199_88200_1,120.8,1,2022/10/18 09:45:00,-1.00,-1.00,0.0,0,0,0,0,0,0,0,0,0,0,0,0
533967_88199_88200_1,120.8,1,2022/10/18 10:00:00,-1.00,-1.00,0.0,0,0,0,0,0,0,0,0,0,0,0,0
533967_88199_88200_1,120.8,1,2022/10/18 10:15:00,-1.00,-1.00,0.0,0,0,0,0,0,0,0,0,0,0,0,0
533967_88199_88200_1,120.8,1,2022/10/18 10:30:00,-1.00,-1.00,0.0,0,0,0,0,0,0,0,0,0,0,0,0
533967_88199_88200_1,120.8,1,2022/10/18 10:45:00,-1.00,-1.00,0.0,0,0,0,0,0,0,0,0,0,0,0,0
533967_88199_88200_1,120.8,1,2022/10/18 11:00:00,-1.00,-1.00,0.0,0,0,0,0,0,0,0,0,0,0,0,0
533967_88199_88200_1,120.8,1,2022/10/18 11:15:00,-1.00,-1.00,0.0,0,0,0,0,0,0,0,0,0,0,0,0
533967_88199_88200_1,120.8,1,2022/10/18 11:30:00,-1.00,-1.00,0.0,0,0,0,0,0,0,0,0,0,0,0,0
533967_88199_88200_1,120.8,1,2022/10/18 11:45:00,-1.00,-1.00,0.0,0,0,0,0,0,0,0,0,0,0,0,0
533967_88199_88200_1,120.8,1,2022/10/18 12:00:00,-1.00,-1.00,0.0,0,0,0,0,0,0,0,0,0,0,0,0
533967_88199_88200_1,120.8,1,2022/10/18 12:15:00,-1.00,-1.00,0.0,0,0,0,0,0,0,0,0,0,0,0,0
533967_88199_88200_1,120.8,1,2022/10/18 12:30:00,-1.00,-1.00,0.0,0,0,0,0,0,0,0,0,0,0,0,0
533967_88199_88200_1,120.8,1,2022/10/18 12:45:00,-1.00,-1.00,0.0,0,0,0,0,0,0,0,0,0,0,0,0
533967_88199_88200_1,120.8,1,2022/10/18 13:00:00,-1.00,-1.00,0.0,0,0,0,0,0,0,0,0,0,0,0,0
533967_88199_88200_1,120.8,1,2022/10/18 13:15:00,-1.00,-1.00,0.0,0,0,0,0,0,0,0,0,0,0,0,0
533967_88199_88200_1,120.8,1,2022/10/18 13:30:00,-1.00,-1.00,0.0,0,0,0,0,0,0,0,0,0,0,0,0
533967_88199_88200_1,120.8,1,2022/10/18 13:45:00,-1.00,-1.00,0.0,0,0,0,0,0,0,0,0,0,0,0,0
533967_88199_88200_1,120.8,1,2022/10/18 14:00:00,-1.00,-1.00,0.0,0,0,0,0,0,0,0,0,0,0,0,0
533967_88199_88200_1,120.8,1,2022/10/18 14:15:00,-1.00,-1.00,0.0,0,0,0,0,0,0,0,0,0,0,0,0
533967_88199_88200_1,120.8,1,2022/10/18 14:30:00,-1.00,-1.00,0.0,0,0,0,0,0,0,0,0,0,0,0,0
533967_88199_88200_1,120.8,1,2022/10/18 14:45:00,-1.00,-1.00,0.0,0,0,0,0,0,0,0,0,0,0,0,0
533967_88199_88200_1,120.8,1,2022/10/18 15:00:00,-1.00,-1.00,0.0,0,0,0,0,0,0,0,0,0,0,0,0
533967_88199_88200_1,120.8,1,2022/10/18 15:15:00,-1.00,-1.00,0.0,0,0,0,0,0,0,0,0,0,0,0,0
533967_88199_88200_1,120.8,1,2022/10/18 15:30:00,-1.00,-1.00,0.0,0,0,0,0,0,0,0,0,0,0,0,0
533967_88199_88200_1,120.8,1,2022/10/18 15:45:00,-1.00,-1.00,0.0,0,0,0,0,0,0,0,0,0,0,0,0
533967_88199_88200_1,120.8,1,2022/10/18 16:00:00,-1.00,-1.00,0.0,0,0,0,0,0,0,0,0,0,0,0,0
533967_88199_88200_1,120.8,1,2022/10/18 16:15:00,-1.00,-1.00,0.0,0,0,0,0,0,0,0,0,0,0,0,0
533967_88199_88200_1,120.8,1,2022/10/18 16:30:00,-1.00,-1.00,0.0,0,0,0,0,0,0,0,0,0,0,0,0
533967_88199_88200_1,120.8,1,2022/10/18 16:45:00,-1.00,-1.00,0.0,0,0,0,0,0,0,0,0,0,0,0,0
533967_88199_88200_1,120.8,1,2022/10/18 17:00:00,-1.00,-1.00,0.0,0,0,0,0,0,0,0,0,0,0,0,0
533967_88199_88200_1,120.8,1,2022/10/18 17:15:00,-1.00,-1.00,0.0,0,0,0,0,0,0,0,0,0,0,0,0
533967_88199_88200_1,120.8,1,2022/10/18 17:30:00,-1.00,-1.00,0.0,0,0,0,0,0,0,0,0,0,0,0,0
533967_88199_88200_1,120.8,1,2022/10/18 17:45:00,-1.00,-1.00,0.0,0,0,0,0,0,0,0,0,0,0,0,0
533967_88199_88200_1,120.8,1,2022/10/18 18:00:00,-1.00,-1.00,0.0,0,0,0,0,0,0,0,0,0,0,0,0
533967_88199_88200_1,120.8,1,2022/10/18 18:15:00,-1.00,-1.00,0.0,0,0,0,0,0,0,0,0,0,0,0,0
533967_88199_88200_1,120.8,1,2022/10/18 18:30:00,-1.00,-1.00,0.0,0,0,0,0,0,0,0,0,0,0,0,0
533967_88199_88200_1,120.8,1,2022/10/18 18:45:00,-1.00,-1.00,0.0,0,0,0,0,0,0,0,0,0,0,0,0
533967_88199_88201_0,56.6,1,2022/10/18 06:30:00,-1.00,-1.00,0.0,0,0,0,0,0,0,0,0,0,0,0,0
533967_88199_88201_0,56.6,1,2022/10/18 06:45:00,-1.00,-1.00,0.0,0,0,0,0,0,0,0,0,0,0,0,0
533967_88199_88201_0,56.6,1,2022/10/18 07:00:00,-1.00,-1.00,0.0,0,0,0,0,0,0,0,0,0,0,0,0
533967_88199_88201_0,56.6,1,2022/10/18 07:15:00,-1.00,-1.00,0.0,0,0,0,0,0,0,0,0,0,0,0,0
533967_88199_88201_0,56.6,1,2022/10/18 07:30:00,-1.00,-1.00,0.0,0,0,0,0,0,0,0,0,0,0,0,0
533967_88199_88201_0,56.6,1,2022/10/18 07:45:00,-1.00,-1.00,0.0,0,0,0,0,0,0,0,0,0,0,0,0
533967_88199_88201_0,56.6,1,2022/10/18 08:00:00,-1.00,-1.00,0.0,0,0,0,0,0,0,0,0,0,0,0,0
533967_88199_88201_0,56.6,1,2022/10/18 08:15:00,-1.00,-1.00,0.0,0,0,0,0,0,0,0,0,0,0,0,0
533967_88199_88201_0,56.6,1,2022/10/18 08:30:00,-1.00,-1.00,0.0,0,0,0,0,0,0,0,0,0,0,0,0
533967_88199_88201_0,56.6,1,2022/10/18 08:45:00,-1.00,-1.00,0.0,0,0,0,0,0,0,0,0,0,0,0,0
533967_88199_88201_0,56.6,1,2022/10/18 09:00:00,-1.00,-1.00,0.0,0,0,0,0,0,0,0,0,0,0,0,0
533967_88199_88201_0,56.6,1,2022/10/18 09:15:00,-1.00,-1.00,0.0,0,0,0,0,0,0,0,0,0,0,0,0
533967_88199_88201_0,56.6,1,2022/10/18 09:30:00,-1.00,-1.00,0.0,0,0,0,0,0,0,0,0,0,0,0,0
533967_88199_88201_0,56.6,1,2022/10/18 09:45:00,-1.00,-1.00,0.0,0,0,0,0,0,0,0,0,0,0,0,0
533967_88199_88201_0,56.6,1,2022/10/18 10:00:00,-1.00,-1.00,0.0,0,0,0,0,0,0,0,0,0,0,0,0
533967_88199_88201_0,56.6,1,2022/10/18 10:15:00,-1.00,-1.00,0.0,0,0,0,0,0,0,0,0,0,0,0,0
533967_88199_88201_0,56.6,1,2022/10/18 10:30:00,-1.00,-1.00,0.0,0,0,0,0,0,0,0,0,0,0,0,0
533967_88199_88201_0,56.6,1,2022/10/18 10:45:00,-1.00,-1.00,0.0,0,0,0,0,0,0,0,0,0,0,0,0
533967_88199_88201_0,56.6,1,2022/10/18 11:00:00,-1.00,-1.00,0.0,0,0,0,0,0,0,0,0,0,0,0,0
533967_88199_88201_0,56.6,1,2022/10/18 11:15:00,-1.00,-1.00,0.0,0,0,0,0,0,0,0,0,0,0,0,0
533967_88199_88201_0,56.6,1,2022/10/18 11:30:00,-1.00,-1.00,0.0,0,0,0,0,0,0,0,0,0,0,0,0
533967_88199_88201_0,56.6,1,2022/10/18 11:45:00,-1.00,-1.00,0.0,0,0,0,0,0,0,0,0,0,0,0,0
533967_88199_88201_0,56.6,1,2022/10/18 12:00:00,-1.00,-1.00,0.0,0,0,0,0,0,0,0,0,0,0,0,0
533967_88199_88201_0,56.6,1,2022/10/18 12:15:00,-1.00,-1.00,0.0,0,0,0,0,0,0,0,0,0,0,0,0
533967_88199_88201_0,56.6,1,2022/10/18 12:30:00,-1.00,-1.00,0.0,0,0,0,0,0,0,0,0,0,0,0,0
533967_88199_88201_0,56.6,1,2022/10/18 12:45:00,-1.00,-1.00,0.0,0,0,0,0,0,0,0,0,0,0,0,0
533967_88199_88201_0,56.6,1,2022/10/18 13:00:00,-1.00,-1.00,0.0,0,0,0,0,0,0,0,0,0,0,0,0
533967_88199_88201_0,56.6,1,2022/10/18 13:15:00,-1.00,-1.00,0.0,0,0,0,0,0,0,0,0,0,0,0,0
533967_88199_88201_0,56.6,1,2022/10/18 13:30:00,-1.00,-1.00,0.0,0,0,0,0,0,0,0,0,0,0,0,0
533967_88199_88201_0,56.6,1,2022/10/18 13:45:00,-1.00,-1.00,0.0,0,0,0,0,0,0,0,0,0,0,0,0
533967_88199_88201_0,56.6,1,2022/10/18 14:00:00,-1.00,-1.00,0.0,0,0,0,0,0,0,0,0,0,0,0,0
533967_88199_88201_0,56.6,1,2022/10/18 14:15:00,-1.00,-1.00,0.0,0,0,0,0,0,0,0,0,0,0,0,0
533967_88199_88201_0,56.6,1,2022/10/18 14:30:00,-1.00,-1.00,0.0,0,0,0,0,0,0,0,0,0,0,0,0
533967_88199_88201_0,56.6,1,2022/10/18 14:45:00,-1.00,-1.00,0.0,0,0,0,0,0,0,0,0,0,0,0,0
533967_88199_88201_0,56.6,1,2022/10/18 15:00:00,-1.00,-1.00,0.0,0,0,0,0,0,0,0,0,0,0,0,0
533967_88199_88201_0,56.6,1,2022/10/18 15:15:00,-1.00,-1.00,0.0,0,0,0,0,0,0,0,0,0,0,0,0
533967_88199_88201_0,56.6,1,2022/10/18 15:30:00,-1.00,-1.00,0.0,0,0,0,0,0,0,0,0,0,0,0,0
533967_88199_88201_0,56.6,1,2022/10/18 15:45:00,-1.00,-1.00,0.0,0,0,0,0,0,0,0,0,0,0,0,0
533967_88199_88201_0,56.6,1,2022/10/18 16:00:00,-1.00,-1.00,0.0,0,0,0,0,0,0,0,0,0,0,0,0
533967_88199_88201_0,56.6,1,2022/10/18 16:15:00,-1.00,-1.00,0.0,0,0,0,0,0,0,0,0,0,0,0,0
533967_88199_88201_0,56.6,1,2022/10/18 16:30:00,-1.00,-1.00,0.0,0,0,0,0,0,0,0,0,0,0,0,0
533967_88199_88201_0,56.6,1,2022/10/18 16:45:00,-1.00,-1.00,0.0,0,0,0,0,0,0,0,0,0,0,0,0
533967_88199_88201_0,56.6,1,2022/10/18 17:00:00,-1.00,-1.00,0.0,0,0,0,0,0,0,0,0,0,0,0,0
533967_88199_88201_0,56.6,1,2022/10/18 17:15:00,-1.00,-1.00,0.0,0,0,0,0,0,0,0,0,0,0,0,0
533967_88199_88201_0,56.6,1,2022/10/18 17:30:00,-1.00,-1.00,0.0,0,0,0,0,0,0,0,0,0,0,0,0
533967_88199_88201_0,56.6,1,2022/10/18 17:45:00,-1.00,-1.00,0.0,0,0,0,0,0,0,0,0,0,0,0,0
533967_88199_88201_0,56.6,1,2022/10/18 18:00:00,-1.00,-1.00,0.0,0,0,0,0,0,0,0,0,0,0,0,0
533967_88199_88201_0,56.6,1,2022/10/18 18:15:00,-1.00,-1.00,0.0,0,0,0,0,0,0,0,0,0,0,0,0
533967_88199_88201_0,56.6,1,2022/10/18 18:30:00,-1.00,-1.00,0.0,0,0,0,0,0,0,0,0,0,0,0,0
533967_88199_88201_0,56.6,1,2022/10/18 18:45:00,-1.00,-1.00,0.0,0,0,0,0,0,0,0,0,0,0,0,0
533967_88199_88201_1,56.3,1,2022/10/18 06:30:00,-1.00,-1.00,0.0,0,0,0,0,0,0,0,0,0,0,0,0
533967_88199_88201_1,56.3,1,2022/10/18 06:45:00,-1.00,-1.00,0.0,0,0,0,0,0,0,0,0,0,0,0,0
533967_88199_88201_1,56.3,1,2022/10/18 07:00:00,-1.00,-1.00,0.0,0,0,0,0,0,0,0,0,0,0,0,0
533967_88199_88201_1,56.3,1,2022/10/18 07:15:00,-1.00,-1.00,0.0,0,0,0,0,0,0,0,0,0,0,0,0
533967_88199_88201_1,56.3,1,2022/10/18 07:30:00,-1.00,-1.00,0.0,0,0,0,0,0,0,0,0,0,0,0,0
533967_88199_88201_1,56.3,1,2022/10/18 07:45:00,-1.00,-1.00,0.0,0,0,0,0,0,0,0,0,0,0,0,0
533967_88199_88201_1,56.3,1,2022/10/18 08:00:00,-1.00,-1.00,0.0,0,0,0,0,0,0,0,0,0,0,0,0
533967_88199_88201_1,56.3,1,2022/10/18 08:15:00,-1.00,-1.00,0.0,0,0,0,0,0,0,0,0,0,0,0,0
533967_88199_88201_1,56.3,1,2022/10/18 08:30:00,-1.00,-1.00,0.0,0,0,0,0,0,0,0,0,0,0,0,0
533967_88199_88201_1,56.3,1,2022/10/18 08:45:00,-1.00,-1.00,0.0,0,0,0,0,0,0,0,0,0,0,0,0
533967_88199_88201_1,56.3,1,2022/10/18 09:00:00,-1.00,-1.00,0.0,0,0,0,0,0,0,0,0,0,0,0,0
533967_88199_88201_1,56.3,1,2022/10/18 09:15:00,-1.00,-1.00,0.0,0,0,0,0,0,0,0,0,0,0,0,0
533967_88199_88201_1,56.3,1,2022/10/18 09:30:00,-1.00,-1.00,0.0,0,0,0,0,0,0,0,0,0,0,0,0
533967_88199_88201_1,56.3,1,2022/10/18 09:45:00,-1.00,-1.00,0.0,0,0,0,0,0,0,0,0,0,0,0,0
533967_88199_88201_1,56.3,1,2022/10/18 10:00:00,-1.00,-1.00,0.0,0,0,0,0,0,0,0,0,0,0,0,0
533967_88199_88201_1,56.3,1,2022/10/18 10:15:00,-1.00,-1.00,0.0,0,0,0,0,0,0,0,0,0,0,0,0
533967_88199_88201_1,56.3,1,2022/10/18 10:30:00,-1.00,-1.00,0.0,0,0,0,0,0,0,0,0,0,0,0,0
533967_88199_88201_1,56.3,1,2022/10/18 10:45:00,-1.00,-1.00,0.0,0,0,0,0,0,0,0,0,0,0,0,0
533967_88199_88201_1,56.3,1,2022/10/18 11:00:00,-1.00,-1.00,0.0,0,0,0,0,0,0,0,0,0,0,0,0
533967_88199_88201_1,56.3,1,2022/10/18 11:15:00,-1.00,-1.00,0.0,0,0,0,0,0,0,0,0,0,0,0,0
533967_88199_88201_1,56.3,1,2022/10/18 11:30:00,-1.00,-1.00,0.0,0,0,0,0,0,0,0,0,0,0,0,0
533967_88199_88201_1,56.3,1,2022/10/18 11:45:00,-1.00,-1.00,0.0,0,0,0,0,0,0,0,0,0,0,0,0
533967_88199_88201_1,56.3,1,2022/10/18 12:00:00,-1.00,-1.00,0.0,0,0,0,0,0,0,0,0,0,0,0,0
533967_88199_88201_1,56.3,1,2022/10/18 12:15:00,-1.00,-1.00,0.0,0,0,0,0,0,0,0,0,0,0,0,0
533967_88199_88201_1,56.3,1,2022/10/18 12:30:00,-1.00,-1.00,0.0,0,0,0,0,0,0,0,0,0,0,0,0
533967_88199_88201_1,56.3,1,2022/10/18 12:45:00,-1.00,-1.00,0.0,0,0,0,0,0,0,0,0,0,0,0,0
533967_88199_88201_1,56.3,1,2022/10/18 13:00:00,-1.00,-1.00,0.0,0,0,0,0,0,0,0,0,0,0,0,0
533967_88199_88201_1,56.3,1,2022/10/18 13:15:00,-1.00,-1.00,0.0,0,0,0,0,0,0,0,0,0,0,0,0
533967_88199_88201_1,56.3,1,2022/10/18 13:30:00,-1.00,-1.00,0.0,0,0,0,0,0,0,0,0,0,0,0,0
533967_88199_88201_1,56.3,1,2022/10/18 13:45:00,-1.00,-1.00,0.0,0,0,0,0,0,0,0,0,0,0,0,0
533967_88199_88201_1,56.3,1,2022/10/18 14:00:00,-1.00,-1.00,0.0,0,0,0,0,0,0,0,0,0,0,0,0
533967_88199_88201_1,56.3,1,2022/10/18 14:15:00,-1.00,-1.00,0.0,0,0,0,0,0,0,0,0,0,0,0,0
533967_88199_88201_1,56.3,1,2022/10/18 14:30:00,-1.00,-1.00,0.0,0,0,0,0,0,0,0,0,0,0,0,0
533967_88199_88201_1,56.3,1,2022/10/18 14:45:00,-1.00,-1.00,0.0,0,0,0,0,0,0,0,0,0,0,0,0
533967_88199_88201_1,56.3,1,2022/10/18 15:00:00,-1.00,-1.00,0.0,0,0,0,0,0,0,0,0,0,0,0,0
533967_88199_88201_1,56.3,1,2022/10/18 15:15:00,-1.00,-1.00,0.0,0,0,0,0,0,0,0,0,0,0,0,0
533967_88199_88201_1,56.3,1,2022/10/18 15:30:00,-1.00,-1.00,0.0,0,0,0,0,0,0,0,0,0,0,0,0
533967_88199_88201_1,56.3,1,2022/10/18 15:45:00,-1.00,-1.00,0.0,0,0,0,0,0,0,0,0,0,0,0,0
533967_88199_88201_1,56.3,1,2022/10/18 16:00:00,-1.00,-1.00,0.0,0,0,0,0,0,0,0,0,0,0,0,0
533967_88199_88201_1,56.3,1,2022/10/18 16:15:00,-1.00,-1.00,0.0,0,0,0,0,0,0,0,0,0,0,0,0
533967_88199_88201_1,56.3,1,2022/10/18 16:30:00,-1.00,-1.00,0.0,0,0,0,0,0,0,0,0,0,0,0,0
533967_88199_88201_1,56.3,1,2022/10/18 16:45:00,-1.00,-1.00,0.0,0,0,0,0,0,0,0,0,0,0,0,0
533967_88199_88201_1,56.3,1,2022/10/18 17:00:00,-1.00,-1.00,0.0,0,0,0,0,0,0,0,0,0,0,0,0
533967_88199_88201_1,56.3,1,2022/10/18 17:15:00,-1.00,-1.00,0.0,0,0,0,0,0,0,0,0,0,0,0,0
533967_88199_88201_1,56.3,1,2022/10/18 17:30:00,-1.00,-1.00,0.0,0,0,0,0,0,0,0,0,0,0,0,0
533967_88199_88201_1,56.3,1,2022/10/18 17:45:00,-1.00,-1.00,0.0,0,0,0,0,0,0,0,0,0,0,0,0
533967_88199_88201_1,56.3,1,2022/10/18 18:00:00,-1.00,-1.00,0.0,0,0,0,0,0,0,0,0,0,0,0,0
533967_88199_88201_1,56.3,1,2022/10/18 18:15:00,-1.00,-1.00,0.0,0,0,0,0,0,0,0,0,0,0,0,0
533967_88199_88201_1,56.3,1,2022/10/18 18:30:00,-1.00,-1.00,0.0,0,0,0,0,0,0,0,0,0,0,0,0
533967_88199_88201_1,56.3,1,2022/10/18 18:45:00,-1.00,-1.00,0.0,0,0,0,0,0,0,0,0,0,0,0,0
533967_88200_88202_0,56.0,1,2022/10/18 06:30:00,-1.00,-1.00,0.0,0,0,0,0,0,0,0,0,0,0,0,0
533967_88200_88202_0,56.0,1,2022/10/18 06:45:00,-1.00,-1.00,0.0,0,0,0,0,0,0,0,0,0,0,0,0
533967_88200_88202_0,56.0,1,2022/10/18 07:00:00,-1.00,-1.00,0.0,0,0,0,0,0,0,0,0,0,0,0,0
533967_88200_88202_0,56.0,1,2022/10/18 07:15:00,-1.00,-1.00,0.0,0,0,0,0,0,0,0,0,0,0,0,0
533967_88200_88202_0,56.0,1,2022/10/18 07:30:00,-1.00,-1.00,0.0,0,0,0,0,0,0,0,0,0,0,0,0
533967_88200_88202_0,56.0,1,2022/10/18 07:45:00,-1.00,-1.00,0.0,0,0,0,0,0,0,0,0,0,0,0,0
533967_88200_88202_0,56.0,1,2022/10/18 08:00:00,-1.00,-1.00,0.0,0,0,0,0,0,0,0,0,0,0,0,0
533967_88200_88202_0,56.0,1,2022/10/18 08:15:00,-1.00,-1.00,0.0,0,0,0,0,0,0,0,0,0,0,0,0
533967_88200_88202_0,56.0,1,2022/10/18 08:30:00,-1.00,-1.00,0.0,0,0,0,0,0,0,0,0,0,0,0,0
533967_88200_88202_0,56.0,1,2022/10/18 08:45:00,-1.00,-1.00,0.0,0,0,0,0,0,0,0,0,0,0,0,0
533967_88200_88202_0,56.0,1,2022/10/18 09:00:00,-1.00,-1.00,0.0,0,0,0,0,0,0,0,0,0,0,0,0
533967_88200_88202_0,56.0,1,2022/10/18 09:15:00,-1.00,-1.00,0.0,0,0,0,0,0,0,0,0,0,0,0,0
533967_88200_88202_0,56.0,1,2022/10/18 09:30:00,-1.00,-1.00,0.0,0,0,0,0,0,0,0,0,0,0,0,0
533967_88200_88202_0,56.0,1,2022/10/18 09:45:00,-1.00,-1.00,0.0,0,0,0,0,0,0,0,0,0,0,0,0
533967_88200_88202_0,56.0,1,2022/10/18 10:00:00,-1.00,-1.00,0.0,0,0,0,0,0,0,0,0,0,0,0,0
533967_88200_88202_0,56.0,1,2022/10/18 10:15:00,-1.00,-1.00,0.0,0,0,0,0,0,0,0,0,0,0,0,0
533967_88200_88202_0,56.0,1,2022/10/18 10:30:00,-1.00,-1.00,0.0,0,0,0,0,0,0,0,0,0,0,0,0
533967_88200_88202_0,56.0,1,2022/10/18 10:45:00,-1.00,-1.00,0.0,0,0,0,0,0,0,0,0,0,0,0,0
533967_88200_88202_0,56.0,1,2022/10/18 11:00:00,-1.00,-1.00,0.0,0,0,0,0,0,0,0,0,0,0,0,0
533967_88200_88202_0,56.0,1,2022/10/18 11:15:00,-1.00,-1.00,0.0,0,0,0,0,0,0,0,0,0,0,0,0
533967_88200_88202_0,56.0,1,2022/10/18 11:30:00,-1.00,-1.00,0.0,0,0,0,0,0,0,0,0,0,0,0,0
533967_88200_88202_0,56.0,1,2022/10/18 11:45:00,-1.00,-1.00,0.0,0,0,0,0,0,0,0,0,0,0,0,0
533967_88200_88202_0,56.0,1,2022/10/18 12:00:00,-1.00,-1.00,0.0,0,0,0,0,0,0,0,0,0,0,0,0
533967_88200_88202_0,56.0,1,2022/10/18 12:15:00,-1.00,-1.00,0.0,0,0,0,0,0,0,0,0,0,0,0,0
533967_88200_88202_0,56.0,1,2022/10/18 12:30:00,-1.00,-1.00,0.0,0,0,0,0,0,0,0,0,0,0,0,0
533967_88200_88202_0,56.0,1,2022/10/18 12:45:00,-1.00,-1.00,0.0,0,0,0,0,0,0,0,0,0,0,0,0
533967_88200_88202_0,56.0,1,2022/10/18 13:00:00,-1.00,-1.00,0.0,0,0,0,0,0,0,0,0,0,0,0,0
533967_88200_88202_0,56.0,1,2022/10/18 13:15:00,-1.00,-1.00,0.0,0,0,0,0,0,0,0,0,0,0,0,0
533967_88200_88202_0,56.0,1,2022/10/18 13:30:00,-1.00,-1.00,0.0,0,0,0,0,0,0,0,0,0,0,0,0
533967_88200_88202_0,56.0,1,2022/10/18 13:45:00,-1.00,-1.00,0.0,0,0,0,0,0,0,0,0,0,0,0,0
533967_88200_88202_0,56.0,1,2022/10/18 14:00:00,-1.00,-1.00,0.0,0,0,0,0,0,0,0,0,0,0,0,0
533967_88200_88202_0,56.0,1,2022/10/18 14:15:00,-1.00,-1.00,0.0,0,0,0,0,0,0,0,0,0,0,0,0
533967_88200_88202_0,56.0,1,2022/10/18 14:30:00,-1.00,-1.00,0.0,0,0,0,0,0,0,0,0,0,0,0,0
533967_88200_88202_0,56.0,1,2022/10/18 14:45:00,-1.00,-1.00,0.0,0,0,0,0,0,0,0,0,0,0,0,0
533967_88200_88202_0,56.0,1,2022/10/18 15:00:00,-1.00,-1.00,0.0,0,0,0,0,0,0,0,0,0,0,0,0
533967_88200_88202_0,56.0,1,2022/10/18 15:15:00,-1.00,-1.00,0.0,0,0,0,0,0,0,0,0,0,0,0,0
533967_88200_88202_0,56.0,1,2022/10/18 15:30:00,-1.00,-1.00,0.0,0,0,0,0,0,0,0,0,0,0,0,0
533967_88200_88202_0,56.0,1,2022/10/18 15:45:00,-1.00,-1.00,0.0,0,0,0,0,0,0,0,0,0,0,0,0
533967_88200_88202_0,56.0,1,2022/10/18 16:00:00,-1.00,-1.00,0.0,0,0,0,0,0,0,0,0,0,0,0,0
533967_88200_88202_0,56.0,1,2022/10/18 16:15:00,-1.00,-1.00,0.0,0,0,0,0,0,0,0,0,0,0,0,0
533967_88200_88202_0,56.0,1,2022/10/18 16:30:00,-1.00,-1.00,0.0,0,0,0,0,0,0,0,0,0,0,0,0
533967_88200_88202_0,56.0,1,2022/10/18 16:45:00,-1.00,-1.00,0.0,0,0,0,0,0,0,0,0,0,0,0,0
533967_88200_88202_0,56.0,1,2022/10/18 17:00:00,-1.00,-1.00,0.0,0,0,0,0,0,0,0,0,0,0,0,0
533967_88200_88202_0,56.0,1,2022/10/18 17:15:00,-1.00,-1.00,0.0,0,0,0,0,0,0,0,0,0,0,0,0
533967_88200_88202_0,56.0,1,2022/10/18 17:30:00,-1.00,-1.00,0.0,0,0,0,0,0,0,0,0,0,0,0,0
533967_88200_88202_0,56.0,1,2022/10/18 17:45:00,-1.00,-1.00,0.0,0,0,0,0,0,0,0,0,0,0,0,0
533967_88200_88202_0,56.0,1,2022/10/18 18:00:00,-1.00,-1.00,0.0,0,0,0,0,0,0,0,0,0,0,0,0
533967_88200_88202_0,56.0,1,2022/10/18 18:15:00,-1.00,-1.00,0.0,0,0,0,0,0,0,0,0,0,0,0,0
533967_88200_88202_0,56.0,1,2022/10/18 18:30:00,-1.00,-1.00,0.0,0,0,0,0,0,0,0,0,0,0,0,0
533967_88200_88202_0,56.0,1,2022/10/18 18:45:00,-1.00,-1.00,0.0,0,0,0,0,0,0,0,0,0,0,0,0
533967_88200_88202_1,56.8,1,2022/10/18 06:30:00,-1.00,-1.00,0.0,0,0,0,0,0,0,0,0,0,0,0,0
533967_88200_88202_1,56.8,1,2022/10/18 06:45:00,-1.00,-1.00,0.0,0,0,0,0,0,0,0,0,0,0,0,0
533967_88200_88202_1,56.8,1,2022/10/18 07:00:00,-1.00,-1.00,0.0,0,0,0,0,0,0,0,0,0,0,0,0
533967_88200_88202_1,56.8,1,2022/10/18 07:15:00,-1.00,-1.00,0.0,0,0,0,0,0,0,0,0,0,0,0,0
533967_88200_88202_1,56.8,1,2022/10/18 07:30:00,-1.00,-1.00,0.0,0,0,0,0,0,0,0,0,0,0,0,0
533967_88200_88202_1,56.8,1,2022/10/18 07:45:00,-1.00,-1.00,0.0,0,0,0,0,0,0,0,0,0,0,0,0
533967_88200_88202_1,56.8,1,2022/10/18 08:00:00,-1.00,-1.00,0.0,0,0,0,0,0,0,0,0,0,0,0,0
533967_88200_88202_1,56.8,1,2022/10/18 08:15:00,-1.00,-1.00,0.0,0,0,0,0,0,0,0,0,0,0,0,0
533967_88200_88202_1,56.8,1,2022/10/18 08:30:00,-1.00,-1.00,0.0,0,0,0,0,0,0,0,0,0,0,0,0
533967_88200_88202_1,56.8,1,2022/10/18 08:45:00,-1.00,-1.00,0.0,0,0,0,0,0,0,0,0,0,0,0,0
533967_88200_88202_1,56.8,1,2022/10/18 09:00:00,-1.00,-1.00,0.0,0,0,0,0,0,0,0,0,0,0,0,0
533967_88200_88202_1,56.8,1,2022/10/18 09:15:00,-1.00,-1.00,0.0,0,0,0,0,0,0,0,0,0,0,0,0
533967_88200_88202_1,56.8,1,2022/10/18 09:30:00,-1.00,-1.00,0.0,0,0,0,0,0,0,0,0,0,0,0,0
533967_88200_88202_1,56.8,1,2022/10/18 09:45:00,-1.00,-1.00,0.0,0,0,0,0,0,0,0,0,0,0,0,0
533967_88200_88202_1,56.8,1,2022/10/18 10:00:00,-1.00,-1.00,0.0,0,0,0,0,0,0,0,0,0,0,0,0
533967_88200_88202_1,56.8,1,2022/10/18 10:15:00,-1.00,-1.00,0.0,0,0,0,0,0,0,0,0,0,0,0,0
533967_88200_88202_1,56.8,1,2022/10/18 10:30:00,-1.00,-1.00,0.0,0,0,0,0,0,0,0,0,0,0,0,0
533967_88200_88202_1,56.8,1,2022/10/18 10:45:00,-1.00,-1.00,0.0,0,0,0,0,0,0,0,0,0,0,0,0
533967_88200_88202_1,56.8,1,2022/10/18 11:00:00,-1.00,-1.00,0.0,0,0,0,0,0,0,0,0,0,0,0,0
533967_88200_88202_1,56.8,1,2022/10/18 11:15:00,-1.00,-1.00,0.0,0,0,0,0,0,0,0,0,0,0,0,0
533967_88200_88202_1,56.8,1,2022/10/18 11:30:00,-1.00,-1.00,0.0,0,0,0,0,0,0,0,0,0,0,0,0
533967_88200_88202_1,56.8,1,2022/10/18 11:45:00,-1.00,-1.00,0.0,0,0,0,0,0,0,0,0,0,0,0,0
533967_88200_88202_1,56.8,1,2022/10/18 12:00:00,-1.00,-1.00,0.0,0,0,0,0,0,0,0,0,0,0,0,0
533967_88200_88202_1,56.8,1,2022/10/18 12:15:00,-1.00,-1.00,0.0,0,0,0,0,0,0,0,0,0,0,0,0
533967_88200_88202_1,56.8,1,2022/10/18 12:30:00,-1.00,-1.00,0.0,0,0,0,0,0,0,0,0,0,0,0,0
533967_88200_88202_1,56.8,1,2022/10/18 12:45:00,-1.00,-1.00,0.0,0,0,0,0,0,0,0,0,0,0,0,0
533967_88200_88202_1,56.8,1,2022/10/18 13:00:00,-1.00,-1.00,0.0,0,0,0,0,0,0,0,0,0,0,0,0
533967_88200_88202_1,56.8,1,2022/10/18 13:15:00,-1.00,-1.00,0.0,0,0,0,0,0,0,0,0,0,0,0,0
533967_88200_88202_1,56.8,1,2022/10/18 13:30:00,-1.00,-1.00,0.0,0,0,0,0,0,0,0,0,0,0,0,0
533967_88200_88202_1,56.8,1,2022/10/18 13:45:00,-1.00,-1.00,0.0,0,0,0,0,0,0,0,0,0,0,0,0
533967_88200_88202_1,56.8,1,2022/10/18 14:00:00,-1.00,-1.00,0.0,0,0,0,0,0,0,0,0,0,0,0,0
533967_88200_88202_1,56.8,1,2022/10/18 14:15:00,-1.00,-1.00,0.0,0,0,0,0,0,0,0,0,0,0,0,0
533967_88200_88202_1,56.8,1,2022/10/18 14:30:00,-1.00,-1.00,0.0,0,0,0,0,0,0,0,0,0,0,0,0
533967_88200_88202_1,56.8,1,2022/10/18 14:45:00,-1.00,-1.00,0.0,0,0,0,0,0,0,0,0,0,0,0,0
533967_88200_88202_1,56.8,1,2022/10/18 15:00:00,-1.00,-1.00,0.0,0,0,0,0,0,0,0,0,0,0,0,0
533967_88200_88202_1,56.8,1,2022/10/18 15:15:00,-1.00,-1.00,0.0,0,0,0,0,0,0,0,0,0,0,0,0
533967_88200_88202_1,56.8,1,2022/10/18 15:30:00,-1.00,-1.00,0.0,0,0,0,0,0,0,0,0,0,0,0,0
533967_88200_88202_1,56.8,1,2022/10/18 15:45:00,-1.00,-1.00,0.0,0,0,0,0,0,0,0,0,0,0,0,0
533967_88200_88202_1,56.8,1,2022/10/18 16:00:00,-1.00,-1.00,0.0,0,0,0,0,0,0,0,0,0,0,0,0
533967_88200_88202_1,56.8,1,2022/10/18 16:15:00,-1.00,-1.00,0.0,0,0,0,0,0,0,0,0,0,0,0,0
533967_88200_88202_1,56.8,1,2022/10/18 16:30:00,-1.00,-1.00,0.0,0,0,0,0,0,0,0,0,0,0,0,0
533967_88200_88202_1,56.8,1,2022/10/18 16:45:00,-1.00,-1.00,0.0,0,0,0,0,0,0,0,0,0,0,0,0
533967_88200_88202_1,56.8,1,2022/10/18 17:00:00,-1.00,-1.00,0.0,0,0,0,0,0,0,0,0,0,0,0,0
533967_88200_88202_1,56.8,1,2022/10/18 17:15:00,-1.00,-1.00,0.0,0,0,0,0,0,0,0,0,0,0,0,0
533967_88200_88202_1,56.8,1,2022/10/18 17:30:00,-1.00,-1.00,0.0,0,0,0,0,0,0,0,0,0,0,0,0
533967_88200_88202_1,56.8,1,2022/10/18 17:45:00,-1.00,-1.00,0.0,0,0,0,0,0,0,0,0,0,0,0,0
533967_88200_88202_1,56.8,1,2022/10/18 18:00:00,-1.00,-1.00,0.0,0,0,0,0,0,0,0,0,0,0,0,0
533967_88200_88202_1,56.8,1,2022/10/18 18:15:00,-1.00,-1.00,0.0,0,0,0,0,0,0,0,0,0,0,0,0
533967_88200_88202_1,56.8,1,2022/10/18 18:30:00,-1.00,-1.00,0.0,0,0,0,0,0,0,0,0,0,0,0,0
533967_88200_88202_1,56.8,1,2022/10/18 18:45:00,-1.00,-1.00,0.0,0,0,0,0,0,0,0,0,0,0,0,0
533967_88201_88203_0,128.4,1,2022/10/18 06:30:00,-1.00,-1.00,0.0,0,0,0,0,0,0,0,0,0,0,0,0
533967_88201_88203_0,128.4,1,2022/10/18 06:45:00,-1.00,-1.00,0.0,0,0,0,0,0,0,0,0,0,0,0,0
533967_88201_88203_0,128.4,1,2022/10/18 07:00:00,-1.00,-1.00,0.0,0,0,0,0,0,0,0,0,0,0,0,0
533967_88201_88203_0,128.4,1,2022/10/18 07:15:00,-1.00,-1.00,0.0,0,0,0,0,0,0,0,0,0,0,0,0
533967_88201_88203_0,128.4,1,2022/10/18 07:30:00,-1.00,-1.00,0.0,0,0,0,0,0,0,0,0,0,0,0,0
533967_88201_88203_0,128.4,1,2022/10/18 07:45:00,-1.00,-1.00,0.0,0,0,0,0,0,0,0,0,0,0,0,0
533967_88201_88203_0,128.4,1,2022/10/18 08:00:00,-1.00,-1.00,0.0,0,0,0,0,0,0,0,0,0,0,0,0
533967_88201_88203_0,128.4,1,2022/10/18 08:15:00,-1.00,-1.00,0.0,0,0,0,0,0,0,0,0,0,0,0,0
533967_88201_88203_0,128.4,1,2022/10/18 08:30:00,-1.00,-1.00,0.0,0,0,0,0,0,0,0,0,0,0,0,0
533967_88201_88203_0,128.4,1,2022/10/18 08:45:00,-1.00,-1.00,0.0,0,0,0,0,0,0,0,0,0,0,0,0
533967_88201_88203_0,128.4,1,2022/10/18 09:00:00,-1.00,-1.00,0.0,0,0,0,0,0,0,0,0,0,0,0,0
533967_88201_88203_0,128.4,1,2022/10/18 09:15:00,-1.00,-1.00,0.0,0,0,0,0,0,0,0,0,0,0,0,0
533967_88201_88203_0,128.4,1,2022/10/18 09:30:00,-1.00,-1.00,0.0,0,0,0,0,0,0,0,0,0,0,0,0
533967_88201_88203_0,128.4,1,2022/10/18 09:45:00,-1.00,-1.00,0.0,0,0,0,0,0,0,0,0,0,0,0,0
533967_88201_88203_0,128.4,1,2022/10/18 10:00:00,-1.00,-1.00,0.0,0,0,0,0,0,0,0,0,0,0,0,0
533967_88201_88203_0,128.4,1,2022/10/18 10:15:00,-1.00,-1.00,0.0,0,0,0,0,0,0,0,0,0,0,0,0
533967_88201_88203_0,128.4,1,2022/10/18 10:30:00,-1.00,-1.00,0.0,0,0,0,0,0,0,0,0,0,0,0,0
533967_88201_88203_0,128.4,1,2022/10/18 10:45:00,-1.00,-1.00,0.0,0,0,0,0,0,0,0,0,0,0,0,0
533967_88201_88203_0,128.4,1,2022/10/18 11:00:00,-1.00,-1.00,0.0,0,0,0,0,0,0,0,0,0,0,0,0
533967_88201_88203_0,128.4,1,2022/10/18 11:15:00,-1.00,-1.00,0.0,0,0,0,0,0,0,0,0,0,0,0,0
533967_88201_88203_0,128.4,1,2022/10/18 11:30:00,-1.00,-1.00,0.0,0,0,0,0,0,0,0,0,0,0,0,0
533967_88201_88203_0,128.4,1,2022/10/18 11:45:00,-1.00,-1.00,0.0,0,0,0,0,0,0,0,0,0,0,0,0
533967_88201_88203_0,128.4,1,2022/10/18 12:00:00,-1.00,-1.00,0.0,0,0,0,0,0,0,0,0,0,0,0,0
533967_88201_88203_0,128.4,1,2022/10/18 12:15:00,-1.00,-1.00,0.0,0,0,0,0,0,0,0,0,0,0,0,0
533967_88201_88203_0,128.4,1,2022/10/18 12:30:00,-1.00,-1.00,0.0,0,0,0,0,0,0,0,0,0,0,0,0
533967_88201_88203_0,128.4,1,2022/10/18 12:45:00,-1.00,-1.00,0.0,0,0,0,0,0,0,0,0,0,0,0,0
533967_88201_88203_0,128.4,1,2022/10/18 13:00:00,-1.00,-1.00,0.0,0,0,0,0,0,0,0,0,0,0,0,0
533967_88201_88203_0,128.4,1,2022/10/18 13:15:00,-1.00,-1.00,0.0,0,0,0,0,0,0,0,0,0,0,0,0
533967_88201_88203_0,128.4,1,2022/10/18 13:30:00,-1.00,-1.00,0.0,0,0,0,0,0,0,0,0,0,0,0,0
533967_88201_88203_0,128.4,1,2022/10/18 13:45:00,-1.00,-1.00,0.0,0,0,0,0,0,0,0,0,0,0,0,0
533967_88201_88203_0,128.4,1,2022/10/18 14:00:00,-1.00,-1.00,0.0,0,0,0,0,0,0,0,0,0,0,0,0
533967_88201_88203_0,128.4,1,2022/10/18 14:15:00,-1.00,-1.00,0.0,0,0,0,0,0,0,0,0,0,0,0,0
533967_88201_88203_0,128.4,1,2022/10/18 14:30:00,-1.00,-1.00,0.0,0,0,0,0,0,0,0,0,0,0,0,0
533967_88201_88203_0,128.4,1,2022/10/18 14:45:00,-1.00,-1.00,0.0,0,0,0,0,0,0,0,0,0,0,0,0
533967_88201_88203_0,128.4,1,2022/10/18 15:00:00,-1.00,-1.00,0.0,0,0,0,0,0,0,0,0,0,0,0,0
533967_88201_88203_0,128.4,1,2022/10/18 15:15:00,-1.00,-1.00,0.0,0,0,0,0,0,0,0,0,0,0,0,0
533967_88201_88203_0,128.4,1,2022/10/18 15:30:00,-1.00,-1.00,0.0,0,0,0,0,0,0,0,0,0,0,0,0
533967_88201_88203_0,128.4,1,2022/10/18 15:45:00,-1.00,-1.00,0.0,0,0,0,0,0,0,0,0,0,0,0,0
533967_88201_88203_0,128.4,1,2022/10/18 16:00:00,-1.00,-1.00,0.0,0,0,0,0,0,0,0,0,0,0,0,0
533967_88201_88203_0,128.4,1,2022/10/18 16:15:00,-1.00,-1.00,0.0,0,0,0,0,0,0,0,0,0,0,0,0
533967_88201_88203_0,128.4,1,2022/10/18 16:30:00,-1.00,-1.00,0.0,0,0,0,0,0,0,0,0,0,0,0,0
533967_88201_88203_0,128.4,1,2022/10/18 16:45:00,-1.00,-1.00,0.0,0,0,0,0,0,0,0,0,0,0,0,0
533967_88201_88203_0,128.4,1,2022/10/18 17:00:00,-1.00,-1.00,0.0,0,0,0,0,0,0,0,0,0,0,0,0
533967_88201_88203_0,128.4,1,2022/10/18 17:15:00,-1.00,-1.00,0.0,0,0,0,0,0,0,0,0,0,0,0,0
533967_88201_88203_0,128.4,1,2022/10/18 17:30:00,-1.00,-1.00,0.0,0,0,0,0,0,0,0,0,0,0,0,0
533967_88201_88203_0,128.4,1,2022/10/18 17:45:00,-1.00,-1.00,0.0,0,0,0,0,0,0,0,0,0,0,0,0
533967_88201_88203_0,128.4,1,2022/10/18 18:00:00,-1.00,-1.00,0.0,0,0,0,0,0,0,0,0,0,0,0,0
533967_88201_88203_0,128.4,1,2022/10/18 18:15:00,-1.00,-1.00,0.0,0,0,0,0,0,0,0,0,0,0,0,0
533967_88201_88203_0,128.4,1,2022/10/18 18:30:00,-1.00,-1.00,0.0,0,0,0,0,0,0,0,0,0,0,0,0
533967_88201_88203_0,128.4,1,2022/10/18 18:45:00,-1.00,-1.00,0.0,0,0,0,0,0,0,0,0,0,0,0,0
533967_88201_88203_1,128.3,1,2022/10/18 06:30:00,-1.00,-1.00,0.0,0,0,0,0,0,0,0,0,0,0,0,0
533967_88201_88203_1,128.3,1,2022/10/18 06:45:00,-1.00,-1.00,0.0,0,0,0,0,0,0,0,0,0,0,0,0
533967_88201_88203_1,128.3,1,2022/10/18 07:00:00,-1.00,-1.00,0.0,0,0,0,0,0,0,0,0,0,0,0,0
533967_88201_88203_1,128.3,1,2022/10/18 07:15:00,-1.00,-1.00,0.0,0,0,0,0,0,0,0,0,0,0,0,0
533967_88201_88203_1,128.3,1,2022/10/18 07:30:00,-1.00,-1.00,0.0,0,0,0,0,0,0,0,0,0,0,0,0
533967_88201_88203_1,128.3,1,2022/10/18 07:45:00,-1.00,-1.00,0.0,0,0,0,0,0,0,0,0,0,0,0,0
533967_88201_88203_1,128.3,1,2022/10/18 08:00:00,-1.00,-1.00,0.0,0,0,0,0,0,0,0,0,0,0,0,0
533967_88201_88203_1,128.3,1,2022/10/18 08:15:00,-1.00,-1.00,0.0,0,0,0,0,0,0,0,0,0,0,0,0
533967_88201_88203_1,128.3,1,2022/10/18 08:30:00,-1.00,-1.00,0.0,0,0,0,0,0,0,0,0,0,0,0,0
533967_88201_88203_1,128.3,1,2022/10/18 08:45:00,-1.00,-1.00,0.0,0,0,0,0,0,0,0,0,0,0,0,0
533967_88201_88203_1,128.3,1,2022/10/18 09:00:00,-1.00,-1.00,0.0,0,0,0,0,0,0,0,0,0,0,0,0
533967_88201_88203_1,128.3,1,2022/10/18 09:15:00,-1.00,-1.00,0.0,0,0,0,0,0,0,0,0,0,0,0,0
533967_88201_88203_1,128.3,1,2022/10/18 09:30:00,-1.00,-1.00,0.0,0,0,0,0,0,0,0,0,0,0,0,0
533967_88201_88203_1,128.3,1,2022/10/18 09:45:00,-1.00,-1.00,0.0,0,0,0,0,0,0,0,0,0,0,0,0
533967_88201_88203_1,128.3,1,2022/10/18 10:00:00,-1.00,-1.00,0.0,0,0,0,0,0,0,0,0,0,0,0,0
533967_88201_88203_1,128.3,1,2022/10/18 10:15:00,-1.00,-1.00,0.0,0,0,0,0,0,0,0,0,0,0,0,0
533967_88201_88203_1,128.3,1,2022/10/18 10:30:00,-1.00,-1.00,0.0,0,0,0,0,0,0,0,0,0,0,0,0
533967_88201_88203_1,128.3,1,2022/10/18 10:45:00,-1.00,-1.00,0.0,0,0,0,0,0,0,0,0,0,0,0,0
533967_88201_88203_1,128.3,1,2022/10/18 11:00:00,-1.00,-1.00,0.0,0,0,0,0,0,0,0,0,0,0,0,0
533967_88201_88203_1,128.3,1,2022/10/18 11:15:00,-1.00,-1.00,0.0,0,0,0,0,0,0,0,0,0,0,0,0
533967_88201_88203_1,128.3,1,2022/10/18 11:30:00,-1.00,-1.00,0.0,0,0,0,0,0,0,0,0,0,0,0,0
533967_88201_88203_1,128.3,1,2022/10/18 11:45:00,-1.00,-1.00,0.0,0,0,0,0,0,0,0,0,0,0,0,0
533967_88201_88203_1,128.3,1,2022/10/18 12:00:00,-1.00,-1.00,0.0,0,0,0,0,0,0,0,0,0,0,0,0
533967_88201_88203_1,128.3,1,2022/10/18 12:15:00,-1.00,-1.00,0.0,0,0,0,0,0,0,0,0,0,0,0,0
533967_88201_88203_1,128.3,1,2022/10/18 12:30:00,-1.00,-1.00,0.0,0,0,0,0,0,0,0,0,0,0,0,0
533967_88201_88203_1,128.3,1,2022/10/18 12:45:00,-1.00,-1.00,0.0,0,0,0,0,0,0,0,0,0,0,0,0
533967_88201_88203_1,128.3,1,2022/10/18 13:00:00,-1.00,-1.00,0.0,0,0,0,0,0,0,0,0,0,0,0,0
533967_88201_88203_1,128.3,1,2022/10/18 13:15:00,-1.00,-1.00,0.0,0,0,0,0,0,0,0,0,0,0,0,0
533967_88201_88203_1,128.3,1,2022/10/18 13:30:00,-1.00,-1.00,0.0,0,0,0,0,0,0,0,0,0,0,0,0
533967_88201_88203_1,128.3,1,2022/10/18 13:45:00,-1.00,-1.00,0.0,0,0,0,0,0,0,0,0,0,0,0,0
533967_88201_88203_1,128.3,1,2022/10/18 14:00:00,-1.00,-1.00,0.0,0,0,0,0,0,0,0,0,0,0,0,0
533967_88201_88203_1,128.3,1,2022/10/18 14:15:00,-1.00,-1.00,0.0,0,0,0,0,0,0,0,0,0,0,0,0
533967_88201_88203_1,128.3,1,2022/10/18 14:30:00,-1.00,-1.00,0.0,0,0,0,0,0,0,0,0,0,0,0,0
533967_88201_88203_1,128.3,1,2022/10/18 14:45:00,-1.00,-1.00,0.0,0,0,0,0,0,0,0,0,0,0,0,0
533967_88201_88203_1,128.3,1,2022/10/18 15:00:00,-1.00,-1.00,0.0,0,0,0,0,0,0,0,0,0,0,0,0
533967_88201_88203_1,128.3,1,2022/10/18 15:15:00,-1.00,-1.00,0.0,0,0,0,0,0,0,0,0,0,0,0,0
533967_88201_88203_1,128.3,1,2022/10/18 15:30:00,-1.00,-1.00,0.0,0,0,0,0,0,0,0,0,0,0,0,0
533967_88201_88203_1,128.3,1,2022/10/18 15:45:00,-1.00,-1.00,0.0,0,0,0,0,0,0,0,0,0,0,0,0
533967_88201_88203_1,128.3,1,2022/10/18 16:00:00,-1.00,-1.00,0.0,0,0,0,0,0,0,0,0,0,0,0,0
533967_88201_88203_1,128.3,1,2022/10/18 16:15:00,-1.00,-1.00,0.0,0,0,0,0,0,0,0,0,0,0,0,0
533967_88201_88203_1,128.3,1,2022/10/18 16:30:00,-1.00,-1.00,0.0,0,0,0,0,0,0,0,0,0,0,0,0
533967_88201_88203_1,128.3,1,2022/10/18 16:45:00,-1.00,-1.00,0.0,0,0,0,0,0,0,0,0,0,0,0,0
533967_88201_88203_1,128.3,1,2022/10/18 17:00:00,-1.00,-1.00,0.0,0,0,0,0,0,0,0,0,0,0,0,0
533967_88201_88203_1,128.3,1,2022/10/18 17:15:00,-1.00,-1.00,0.0,0,0,0,0,0,0,0,0,0,0,0,0
533967_88201_88203_1,128.3,1,2022/10/18 17:30:00,-1.00,-1.00,0.0,0,0,0,0,0,0,0,0,0,0,0,0
533967_88201_88203_1,128.3,1,2022/10/18 17:45:00,-1.00,-1.00,0.0,0,0,0,0,0,0,0,0,0,0,0,0
533967_88201_88203_1,128.3,1,2022/10/18 18:00:00,-1.00,-1.00,0.0,0,0,0,0,0,0,0,0,0,0,0,0
533967_88201_88203_1,128.3,1,2022/10/18 18:15:00,-1.00,-1.00,0.0,0,0,0,0,0,0,0,0,0,0,0,0
533967_88201_88203_1,128.3,1,2022/10/18 18:30:00,-1.00,-1.00,0.0,0,0,0,0,0,0,0,0,0,0,0,0
533967_88201_88203_1,128.3,1,2022/10/18 18:45:00,-1.00,-1.00,0.0,0,0,0,0,0,0,0,0,0,0,0,0
533967_88201_88204_0,86.7,1,2022/10/18 06:30:00,-1.00,-1.00,0.0,0,0,0,0,0,0,0,0,0,0,0,0
533967_88201_88204_0,86.7,1,2022/10/18 06:45:00,-1.00,-1.00,0.0,0,0,0,0,0,0,0,0,0,0,0,0
533967_88201_88204_0,86.7,1,2022/10/18 07:00:00,-1.00,-1.00,0.0,0,0,0,0,0,0,0,0,0,0,0,0
533967_88201_88204_0,86.7,1,2022/10/18 07:15:00,-1.00,-1.00,0.0,0,0,0,0,0,0,0,0,0,0,0,0
533967_88201_88204_0,86.7,1,2022/10/18 07:30:00,-1.00,-1.00,0.0,0,0,0,0,0,0,0,0,0,0,0,0
533967_88201_88204_0,86.7,1,2022/10/18 07:45:00,-1.00,-1.00,0.0,0,0,0,0,0,0,0,0,0,0,0,0
533967_88201_88204_0,86.7,1,2022/10/18 08:00:00,-1.00,-1.00,0.0,0,0,0,0,0,0,0,0,0,0,0,0
533967_88201_88204_0,86.7,1,2022/10/18 08:15:00,-1.00,-1.00,0.0,0,0,0,0,0,0,0,0,0,0,0,0
533967_88201_88204_0,86.7,1,2022/10/18 08:30:00,-1.00,-1.00,0.0,0,0,0,0,0,0,0,0,0,0,0,0
533967_88201_88204_0,86.7,1,2022/10/18 08:45:00,-1.00,-1.00,0.0,0,0,0,0,0,0,0,0,0,0,0,0
533967_88201_88204_0,86.7,1,2022/10/18 09:00:00,-1.00,-1.00,0.0,0,0,0,0,0,0,0,0,0,0,0,0
533967_88201_88204_0,86.7,1,2022/10/18 09:15:00,-1.00,-1.00,0.0,0,0,0,0,0,0,0,0,0,0,0,0
533967_88201_88204_0,86.7,1,2022/10/18 09:30:00,-1.00,-1.00,0.0,0,0,0,0,0,0,0,0,0,0,0,0
533967_88201_88204_0,86.7,1,2022/10/18 09:45:00,-1.00,-1.00,0.0,0,0,0,0,0,0,0,0,0,0,0,0
533967_88201_88204_0,86.7,1,2022/10/18 10:00:00,-1.00,-1.00,0.0,0,0,0,0,0,0,0,0,0,0,0,0
533967_88201_88204_0,86.7,1,2022/10/18 10:15:00,-1.00,-1.00,0.0,0,0,0,0,0,0,0,0,0,0,0,0
533967_88201_88204_0,86.7,1,2022/10/18 10:30:00,-1.00,-1.00,0.0,0,0,0,0,0,0,0,0,0,0,0,0
533967_88201_88204_0,86.7,1,2022/10/18 10:45:00,-1.00,-1.00,0.0,0,0,0,0,0,0,0,0,0,0,0,0
533967_88201_88204_0,86.7,1,2022/10/18 11:00:00,-1.00,-1.00,0.0,0,0,0,0,0,0,0,0,0,0,0,0
533967_88201_88204_0,86.7,1,2022/10/18 11:15:00,-1.00,-1.00,0.0,0,0,0,0,0,0,0,0,0,0,0,0
533967_88201_88204_0,86.7,1,2022/10/18 11:30:00,-1.00,-1.00,0.0,0,0,0,0,0,0,0,0,0,0,0,0
533967_88201_88204_0,86.7,1,2022/10/18 11:45:00,-1.00,-1.00,0.0,0,0,0,0,0,0,0,0,0,0,0,0
533967_88201_88204_0,86.7,1,2022/10/18 12:00:00,-1.00,-1.00,0.0,0,0,0,0,0,0,0,0,0,0,0,0
533967_88201_88204_0,86.7,1,2022/10/18 12:15:00,-1.00,-1.00,0.0,0,0,0,0,0,0,0,0,0,0,0,0
533967_88201_88204_0,86.7,1,2022/10/18 12:30:00,-1.00,-1.00,0.0,0,0,0,0,0,0,0,0,0,0,0,0
533967_88201_88204_0,86.7,1,2022/10/18 12:45:00,-1.00,-1.00,0.0,0,0,0,0,0,0,0,0,0,0,0,0
533967_88201_88204_0,86.7,1,2022/10/18 13:00:00,-1.00,-1.00,0.0,0,0,0,0,0,0,0,0,0,0,0,0
533967_88201_88204_0,86.7,1,2022/10/18 13:15:00,-1.00,-1.00,0.0,0,0,0,0,0,0,0,0,0,0,0,0
533967_88201_88204_0,86.7,1,2022/10/18 13:30:00,-1.00,-1.00,0.0,0,0,0,0,0,0,0,0,0,0,0,0
533967_88201_88204_0,86.7,1,2022/10/18 13:45:00,-1.00,-1.00,0.0,0,0,0,0,0,0,0,0,0,0,0,0
533967_88201_88204_0,86.7,1,2022/10/18 14:00:00,-1.00,-1.00,0.0,0,0,0,0,0,0,0,0,0,0,0,0
533967_88201_88204_0,86.7,1,2022/10/18 14:15:00,-1.00,-1.00,0.0,0,0,0,0,0,0,0,0,0,0,0,0
533967_88201_88204_0,86.7,1,2022/10/18 14:30:00,-1.00,-1.00,0.0,0,0,0,0,0,0,0,0,0,0,0,0
533967_88201_88204_0,86.7,1,2022/10/18 14:45:00,-1.00,-1.00,0.0,0,0,0,0,0,0,0,0,0,0,0,0
533967_88201_88204_0,86.7,1,2022/10/18 15:00:00,-1.00,-1.00,0.0,0,0,0,0,0,0,0,0,0,0,0,0
533967_88201_88204_0,86.7,1,2022/10/18 15:15:00,-1.00,-1.00,0.0,0,0,0,0,0,0,0,0,0,0,0,0
533967_88201_88204_0,86.7,1,2022/10/18 15:30:00,-1.00,-1.00,0.0,0,0,0,0,0,0,0,0,0,0,0,0
533967_88201_88204_0,86.7,1,2022/10/18 15:45:00,-1.00,-1.00,0.0,0,0,0,0,0,0,0,0,0,0,0,0
533967_88201_88204_0,86.7,1,2022/10/18 16:00:00,-1.00,-1.00,0.0,0,0,0,0,0,0,0,0,0,0,0,0
533967_88201_88204_0,86.7,1,2022/10/18 16:15:00,-1.00,-1.00,0.0,0,0,0,0,0,0,0,0,0,0,0,0
533967_88201_88204_0,86.7,1,2022/10/18 16:30:00,-1.00,-1.00,0.0,0,0,0,0,0,0,0,0,0,0,0,0
533967_88201_88204_0,86.7,1,2022/10/18 16:45:00,-1.00,-1.00,0.0,0,0,0,0,0,0,0,0,0,0,0,0
533967_88201_88204_0,86.7,1,2022/10/18 17:00:00,-1.00,-1.00,0.0,0,0,0,0,0,0,0,0,0,0,0,0
533967_88201_88204_0,86.7,1,2022/10/18 17:15:00,-1.00,-1.00,0.0,0,0,0,0,0,0,0,0,0,0,0,0
533967_88201_88204_0,86.7,1,2022/10/18 17:30:00,-1.00,-1.00,0.0,0,0,0,0,0,0,0,0,0,0,0,0
533967_88201_88204_0,86.7,1,2022/10/18 17:45:00,-1.00,-1.00,0.0,0,0,0,0,0,0,0,0,0,0,0,0
533967_88201_88204_0,86.7,1,2022/10/18 18:00:00,-1.00,-1.00,0.0,0,0,0,0,0,0,0,0,0,0,0,0
533967_88201_88204_0,86.7,1,2022/10/18 18:15:00,-1.00,-1.00,0.0,0,0,0,0,0,0,0,0,0,0,0,0
533967_88201_88204_0,86.7,1,2022/10/18 18:30:00,-1.00,-1.00,0.0,0,0,0,0,0,0,0,0,0,0,0,0
533967_88201_88204_0,86.7,1,2022/10/18 18:45:00,-1.00,-1.00,0.0,0,0,0,0,0,0,0,0,0,0,0,0
533967_88201_88204_1,87.4,1,2022/10/18 06:30:00,-1.00,-1.00,0.0,0,0,0,0,0,0,0,0,0,0,0,0
533967_88201_88204_1,87.4,1,2022/10/18 06:45:00,-1.00,-1.00,0.0,0,0,0,0,0,0,0,0,0,0,0,0
533967_88201_88204_1,87.4,1,2022/10/18 07:00:00,-1.00,-1.00,0.0,0,0,0,0,0,0,0,0,0,0,0,0
533967_88201_88204_1,87.4,1,2022/10/18 07:15:00,-1.00,-1.00,0.0,0,0,0,0,0,0,0,0,0,0,0,0
533967_88201_88204_1,87.4,1,2022/10/18 07:30:00,-1.00,-1.00,0.0,0,0,0,0,0,0,0,0,0,0,0,0
533967_88201_88204_1,87.4,1,2022/10/18 07:45:00,-1.00,-1.00,0.0,0,0,0,0,0,0,0,0,0,0,0,0
533967_88201_88204_1,87.4,1,2022/10/18 08:00:00,-1.00,-1.00,0.0,0,0,0,0,0,0,0,0,0,0,0,0
533967_88201_88204_1,87.4,1,2022/10/18 08:15:00,-1.00,-1.00,0.0,0,0,0,0,0,0,0,0,0,0,0,0
533967_88201_88204_1,87.4,1,2022/10/18 08:30:00,-1.00,-1.00,0.0,0,0,0,0,0,0,0,0,0,0,0,0
533967_88201_88204_1,87.4,1,2022/10/18 08:45:00,-1.00,-1.00,0.0,0,0,0,0,0,0,0,0,0,0,0,0
533967_88201_88204_1,87.4,1,2022/10/18 09:00:00,-1.00,-1.00,0.0,0,0,0,0,0,0,0,0,0,0,0,0
533967_88201_88204_1,87.4,1,2022/10/18 09:15:00,-1.00,-1.00,0.0,0,0,0,0,0,0,0,0,0,0,0,0
533967_88201_88204_1,87.4,1,2022/10/18 09:30:00,-1.00,-1.00,0.0,0,0,0,0,0,0,0,0,0,0,0,0
533967_88201_88204_1,87.4,1,2022/10/18 09:45:00,-1.00,-1.00,0.0,0,0,0,0,0,0,0,0,0,0,0,0
533967_88201_88204_1,87.4,1,2022/10/18 10:00:00,-1.00,-1.00,0.0,0,0,0,0,0,0,0,0,0,0,0,0
533967_88201_88204_1,87.4,1,2022/10/18 10:15:00,-1.00,-1.00,0.0,0,0,0,0,0,0,0,0,0,0,0,0
533967_88201_88204_1,87.4,1,2022/10/18 10:30:00,-1.00,-1.00,0.0,0,0,0,0,0,0,0,0,0,0,0,0
533967_88201_88204_1,87.4,1,2022/10/18 10:45:00,-1.00,-1.00,0.0,0,0,0,0,0,0,0,0,0,0,0,0
533967_88201_88204_1,87.4,1,2022/10/18 11:00:00,-1.00,-1.00,0.0,0,0,0,0,0,0,0,0,0,0,0,0
533967_88201_88204_1,87.4,1,2022/10/18 11:15:00,-1.00,-1.00,0.0,0,0,0,0,0,0,0,0,0,0,0,0
533967_88201_88204_1,87.4,1,2022/10/18 11:30:00,-1.00,-1.00,0.0,0,0,0,0,0,0,0,0,0,0,0,0
533967_88201_88204_1,87.4,1,2022/10/18 11:45:00,-1.00,-1.00,0.0,0,0,0,0,0,0,0,0,0,0,0,0
533967_88201_88204_1,87.4,1,2022/10/18 12:00:00,-1.00,-1.00,0.0,0,0,0,0,0,0,0,0,0,0,0,0
533967_88201_88204_1,87.4,1,2022/10/18 12:15:00,-1.00,-1.00,0.0,0,0,0,0,0,0,0,0,0,0,0,0
533967_88201_88204_1,87.4,1,2022/10/18 12:30:00,-1.00,-1.00,0.0,0,0,0,0,0,0,0,0,0,0,0,0
533967_88201_88204_1,87.4,1,2022/10/18 12:45:00,-1.00,-1.00,0.0,0,0,0,0,0,0,0,0,0,0,0,0
533967_88201_88204_1,87.4,1,2022/10/18 13:00:00,-1.00,-1.00,0.0,0,0,0,0,0,0,0,0,0,0,0,0
533967_88201_88204_1,87.4,1,2022/10/18 13:15:00,-1.00,-1.00,0.0,0,0,0,0,0,0,0,0,0,0,0,0
533967_88201_88204_1,87.4,1,2022/10/18 13:30:00,-1.00,-1.00,0.0,0,0,0,0,0,0,0,0,0,0,0,0
533967_88201_88204_1,87.4,1,2022/10/18 13:45:00,-1.00,-1.00,0.0,0,0,0,0,0,0,0,0,0,0,0,0
533967_88201_88204_1,87.4,1,2022/10/18 14:00:00,-1.00,-1.00,0.0,0,0,0,0,0,0,0,0,0,0,0,0
533967_88201_88204_1,87.4,1,2022/10/18 14:15:00,-1.00,-1.00,0.0,0,0,0,0,0,0,0,0,0,0,0,0
533967_88201_88204_1,87.4,1,2022/10/18 14:30:00,-1.00,-1.00,0.0,0,0,0,0,0,0,0,0,0,0,0,0
533967_88201_88204_1,87.4,1,2022/10/18 14:45:00,-1.00,-1.00,0.0,0,0,0,0,0,0,0,0,0,0,0,0
533967_88201_88204_1,87.4,1,2022/10/18 15:00:00,-1.00,-1.00,0.0,0,0,0,0,0,0,0,0,0,0,0,0
533967_88201_88204_1,87.4,1,2022/10/18 15:15:00,-1.00,-1.00,0.0,0,0,0,0,0,0,0,0,0,0,0,0
533967_88201_88204_1,87.4,1,2022/10/18 15:30:00,-1.00,-1.00,0.0,0,0,0,0,0,0,0,0,0,0,0,0
533967_88201_88204_1,87.4,1,2022/10/18 15:45:00,-1.00,-1.00,0.0,0,0,0,0,0,0,0,0,0,0,0,0
533967_88201_88204_1,87.4,1,2022/10/18 16:00:00,-1.00,-1.00,0.0,0,0,0,0,0,0,0,0,0,0,0,0
533967_88201_88204_1,87.4,1,2022/10/18 16:15:00,-1.00,-1.00,0.0,0,0,0,0,0,0,0,0,0,0,0,0
533967_88201_88204_1,87.4,1,2022/10/18 16:30:00,-1.00,-1.00,0.0,0,0,0,0,0,0,0,0,0,0,0,0
533967_88201_88204_1,87.4,1,2022/10/18 16:45:00,-1.00,-1.00,0.0,0,0,0,0,0,0,0,0,0,0,0,0
533967_88201_88204_1,87.4,1,2022/10/18 17:00:00,-1.00,-1.00,0.0,0,0,0,0,0,0,0,0,0,0,0,0
533967_88201_88204_1,87.4,1,2022/10/18 17:15:00,-1.00,-1.00,0.0,0,0,0,0,0,0,0,0,0,0,0,0
533967_88201_88204_1,87.4,1,2022/10/18 17:30:00,-1.00,-1.00,0.0,0,0,0,0,0,0,0,0,0,0,0,0
533967_88201_88204_1,87.4,1,2022/10/18 17:45:00,-1.00,-1.00,0.0,0,0,0,0,0,0,0,0,0,0,0,0
533967_88201_88204_1,87.4,1,2022/10/18 18:00:00,-1.00,-1.00,0.0,0,0,0,0,0,0,0,0,0,0,0,0
533967_88201_88204_1,87.4,1,2022/10/18 18:15:00,-1.00,-1.00,0.0,0,0,0,0,0,0,0,0,0,0,0,0
533967_88201_88204_1,87.4,1,2022/10/18 18:30:00,-1.00,-1.00,0.0,0,0,0,0,0,0,0,0,0,0,0,0
533967_88201_88204_1,87.4,1,2022/10/18 18:45:00,-1.00,-1.00,0.0,0,0,0,0,0,0,0,0,0,0,0,0
533967_88202_88204_0,56.8,1,2022/10/18 06:30:00,-1.00,-1.00,0.0,0,0,0,0,0,0,0,0,0,0,0,0
533967_88202_88204_0,56.8,1,2022/10/18 06:45:00,-1.00,-1.00,0.0,0,0,0,0,0,0,0,0,0,0,0,0
533967_88202_88204_0,56.8,1,2022/10/18 07:00:00,-1.00,-1.00,0.0,0,0,0,0,0,0,0,0,0,0,0,0
533967_88202_88204_0,56.8,1,2022/10/18 07:15:00,-1.00,-1.00,0.0,0,0,0,0,0,0,0,0,0,0,0,0
533967_88202_88204_0,56.8,1,2022/10/18 07:30:00,-1.00,-1.00,0.0,0,0,0,0,0,0,0,0,0,0,0,0
533967_88202_88204_0,56.8,1,2022/10/18 07:45:00,-1.00,-1.00,0.0,0,0,0,0,0,0,0,0,0,0,0,0
533967_88202_88204_0,56.8,1,2022/10/18 08:00:00,-1.00,-1.00,0.0,0,0,0,0,0,0,0,0,0,0,0,0
533967_88202_88204_0,56.8,1,2022/10/18 08:15:00,-1.00,-1.00,0.0,0,0,0,0,0,0,0,0,0,0,0,0
533967_88202_88204_0,56.8,1,2022/10/18 08:30:00,-1.00,-1.00,0.0,0,0,0,0,0,0,0,0,0,0,0,0
533967_88202_88204_0,56.8,1,2022/10/18 08:45:00,-1.00,-1.00,0.0,0,0,0,0,0,0,0,0,0,0,0,0
533967_88202_88204_0,56.8,1,2022/10/18 09:00:00,-1.00,-1.00,0.0,0,0,0,0,0,0,0,0,0,0,0,0
533967_88202_88204_0,56.8,1,2022/10/18 09:15:00,-1.00,-1.00,0.0,0,0,0,0,0,0,0,0,0,0,0,0
533967_88202_88204_0,56.8,1,2022/10/18 09:30:00,-1.00,-1.00,0.0,0,0,0,0,0,0,0,0,0,0,0,0
533967_88202_88204_0,56.8,1,2022/10/18 09:45:00,-1.00,-1.00,0.0,0,0,0,0,0,0,0,0,0,0,0,0
533967_88202_88204_0,56.8,1,2022/10/18 10:00:00,-1.00,-1.00,0.0,0,0,0,0,0,0,0,0,0,0,0,0
533967_88202_88204_0,56.8,1,2022/10/18 10:15:00,-1.00,-1.00,0.0,0,0,0,0,0,0,0,0,0,0,0,0
533967_88202_88204_0,56.8,1,2022/10/18 10:30:00,-1.00,-1.00,0.0,0,0,0,0,0,0,0,0,0,0,0,0
533967_88202_88204_0,56.8,1,2022/10/18 10:45:00,-1.00,-1.00,0.0,0,0,0,0,0,0,0,0,0,0,0,0
533967_88202_88204_0,56.8,1,2022/10/18 11:00:00,-1.00,-1.00,0.0,0,0,0,0,0,0,0,0,0,0,0,0
533967_88202_88204_0,56.8,1,2022/10/18 11:15:00,-1.00,-1.00,0.0,0,0,0,0,0,0,0,0,0,0,0,0
533967_88202_88204_0,56.8,1,2022/10/18 11:30:00,-1.00,-1.00,0.0,0,0,0,0,0,0,0,0,0,0,0,0
533967_88202_88204_0,56.8,1,2022/10/18 11:45:00,-1.00,-1.00,0.0,0,0,0,0,0,0,0,0,0,0,0,0
533967_88202_88204_0,56.8,1,2022/10/18 12:00:00,-1.00,-1.00,0.0,0,0,0,0,0,0,0,0,0,0,0,0
533967_88202_88204_0,56.8,1,2022/10/18 12:15:00,-1.00,-1.00,0.0,0,0,0,0,0,0,0,0,0,0,0,0
533967_88202_88204_0,56.8,1,2022/10/18 12:30:00,-1.00,-1.00,0.0,0,0,0,0,0,0,0,0,0,0,0,0
533967_88202_88204_0,56.8,1,2022/10/18 12:45:00,-1.00,-1.00,0.0,0,0,0,0,0,0,0,0,0,0,0,0
533967_88202_88204_0,56.8,1,2022/10/18 13:00:00,-1.00,-1.00,0.0,0,0,0,0,0,0,0,0,0,0,0,0
533967_88202_88204_0,56.8,1,2022/10/18 13:15:00,-1.00,-1.00,0.0,0,0,0,0,0,0,0,0,0,0,0,0
533967_88202_88204_0,56.8,1,2022/10/18 13:30:00,-1.00,-1.00,0.0,0,0,0,0,0,0,0,0,0,0,0,0
533967_88202_88204_0,56.8,1,2022/10/18 13:45:00,-1.00,-1.00,0.0,0,0,0,0,0,0,0,0,0,0,0,0
533967_88202_88204_0,56.8,1,2022/10/18 14:00:00,-1.00,-1.00,0.0,0,0,0,0,0,0,0,0,0,0,0,0
533967_88202_88204_0,56.8,1,2022/10/18 14:15:00,-1.00,-1.00,0.0,0,0,0,0,0,0,0,0,0,0,0,0
533967_88202_88204_0,56.8,1,2022/10/18 14:30:00,-1.00,-1.00,0.0,0,0,0,0,0,0,0,0,0,0,0,0
533967_88202_88204_0,56.8,1,2022/10/18 14:45:00,-1.00,-1.00,0.0,0,0,0,0,0,0,0,0,0,0,0,0
533967_88202_88204_0,56.8,1,2022/10/18 15:00:00,-1.00,-1.00,0.0,0,0,0,0,0,0,0,0,0,0,0,0
533967_88202_88204_0,56.8,1,2022/10/18 15:15:00,-1.00,-1.00,0.0,0,0,0,0,0,0,0,0,0,0,0,0
533967_88202_88204_0,56.8,1,2022/10/18 15:30:00,-1.00,-1.00,0.0,0,0,0,0,0,0,0,0,0,0,0,0
533967_88202_88204_0,56.8,1,2022/10/18 15:45:00,-1.00,-1.00,0.0,0,0,0,0,0,0,0,0,0,0,0,0
533967_88202_88204_0,56.8,1,2022/10/18 16:00:00,-1.00,-1.00,0.0,0,0,0,0,0,0,0,0,0,0,0,0
533967_88202_88204_0,56.8,1,2022/10/18 16:15:00,-1.00,-1.00,0.0,0,0,0,0,0,0,0,0,0,0,0,0
533967_88202_88204_0,56.8,1,2022/10/18 16:30:00,-1.00,-1.00,0.0,0,0,0,0,0,0,0,0,0,0,0,0
533967_88202_88204_0,56.8,1,2022/10/18 16:45:00,-1.00,-1.00,0.0,0,0,0,0,0,0,0,0,0,0,0,0
533967_88202_88204_0,56.8,1,2022/10/18 17:00:00,-1.00,-1.00,0.0,0,0,0,0,0,0,0,0,0,0,0,0
533967_88202_88204_0,56.8,1,2022/10/18 17:15:00,-1.00,-1.00,0.0,0,0,0,0,0,0,0,0,0,0,0,0
533967_88202_88204_0,56.8,1,2022/10/18 17:30:00,-1.00,-1.00,0.0,0,0,0,0,0,0,0,0,0,0,0,0
533967_88202_88204_0,56.8,1,2022/10/18 17:45:00,-1.00,-1.00,0.0,0,0,0,0,0,0,0,0,0,0,0,0
533967_88202_88204_0,56.8,1,2022/10/18 18:00:00,-1.00,-1.00,0.0,0,0,0,0,0,0,0,0,0,0,0,0
533967_88202_88204_0,56.8,1,2022/10/18 18:15:00,-1.00,-1.00,0.0,0,0,0,0,0,0,0,0,0,0,0,0
533967_88202_88204_0,56.8,1,2022/10/18 18:30:00,-1.00,-1.00,0.0,0,0,0,0,0,0,0,0,0,0,0,0
533967_88202_88204_0,56.8,1,2022/10/18 18:45:00,-1.00,-1.00,0.0,0,0,0,0,0,0,0,0,0,0,0,0
533967_88202_88204_1,56.8,1,2022/10/18 06:30:00,-1.00,-1.00,0.0,0,0,0,0,0,0,0,0,0,0,0,0
533967_88202_88204_1,56.8,1,2022/10/18 06:45:00,-1.00,-1.00,0.0,0,0,0,0,0,0,0,0,0,0,0,0
533967_88202_88204_1,56.8,1,2022/10/18 07:00:00,-1.00,-1.00,0.0,0,0,0,0,0,0,0,0,0,0,0,0
533967_88202_88204_1,56.8,1,2022/10/18 07:15:00,-1.00,-1.00,0.0,0,0,0,0,0,0,0,0,0,0,0,0
533967_88202_88204_1,56.8,1,2022/10/18 07:30:00,-1.00,-1.00,0.0,0,0,0,0,0,0,0,0,0,0,0,0
533967_88202_88204_1,56.8,1,2022/10/18 07:45:00,-1.00,-1.00,0.0,0,0,0,0,0,0,0,0,0,0,0,0
533967_88202_88204_1,56.8,1,2022/10/18 08:00:00,-1.00,-1.00,0.0,0,0,0,0,0,0,0,0,0,0,0,0
533967_88202_88204_1,56.8,1,2022/10/18 08:15:00,-1.00,-1.00,0.0,0,0,0,0,0,0,0,0,0,0,0,0
533967_88202_88204_1,56.8,1,2022/10/18 08:30:00,-1.00,-1.00,0.0,0,0,0,0,0,0,0,0,0,0,0,0
533967_88202_88204_1,56.8,1,2022/10/18 08:45:00,-1.00,-1.00,0.0,0,0,0,0,0,0,0,0,0,0,0,0
533967_88202_88204_1,56.8,1,2022/10/18 09:00:00,-1.00,-1.00,0.0,0,0,0,0,0,0,0,0,0,0,0,0
533967_88202_88204_1,56.8,1,2022/10/18 09:15:00,-1.00,-1.00,0.0,0,0,0,0,0,0,0,0,0,0,0,0
533967_88202_88204_1,56.8,1,2022/10/18 09:30:00,-1.00,-1.00,0.0,0,0,0,0,0,0,0,0,0,0,0,0
533967_88202_88204_1,56.8,1,2022/10/18 09:45:00,-1.00,-1.00,0.0,0,0,0,0,0,0,0,0,0,0,0,0
533967_88202_88204_1,56.8,1,2022/10/18 10:00:00,-1.00,-1.00,0.0,0,0,0,0,0,0,0,0,0,0,0,0
533967_88202_88204_1,56.8,1,2022/10/18 10:15:00,-1.00,-1.00,0.0,0,0,0,0,0,0,0,0,0,0,0,0
533967_88202_88204_1,56.8,1,2022/10/18 10:30:00,-1.00,-1.00,0.0,0,0,0,0,0,0,0,0,0,0,0,0
533967_88202_88204_1,56.8,1,2022/10/18 10:45:00,-1.00,-1.00,0.0,0,0,0,0,0,0,0,0,0,0,0,0
533967_88202_88204_1,56.8,1,2022/10/18 11:00:00,-1.00,-1.00,0.0,0,0,0,0,0,0,0,0,0,0,0,0
533967_88202_88204_1,56.8,1,2022/10/18 11:15:00,-1.00,-1.00,0.0,0,0,0,0,0,0,0,0,0,0,0,0
533967_88202_88204_1,56.8,1,2022/10/18 11:30:00,-1.00,-1.00,0.0,0,0,0,0,0,0,0,0,0,0,0,0
533967_88202_88204_1,56.8,1,2022/10/18 11:45:00,-1.00,-1.00,0.0,0,0,0,0,0,0,0,0,0,0,0,0
533967_88202_88204_1,56.8,1,2022/10/18 12:00:00,-1.00,-1.00,0.0,0,0,0,0,0,0,0,0,0,0,0,0
533967_88202_88204_1,56.8,1,2022/10/18 12:15:00,-1.00,-1.00,0.0,0,0,0,0,0,0,0,0,0,0,0,0
533967_88202_88204_1,56.8,1,2022/10/18 12:30:00,-1.00,-1.00,0.0,0,0,0,0,0,0,0,0,0,0,0,0
533967_88202_88204_1,56.8,1,2022/10/18 12:45:00,-1.00,-1.00,0.0,0,0,0,0,0,0,0,0,0,0,0,0
533967_88202_88204_1,56.8,1,2022/10/18 13:00:00,-1.00,-1.00,0.0,0,0,0,0,0,0,0,0,0,0,0,0
533967_88202_88204_1,56.8,1,2022/10/18 13:15:00,-1.00,-1.00,0.0,0,0,0,0,0,0,0,0,0,0,0,0
533967_88202_88204_1,56.8,1,2022/10/18 13:30:00,-1.00,-1.00,0.0,0,0,0,0,0,0,0,0,0,0,0,0
533967_88202_88204_1,56.8,1,2022/10/18 13:45:00,-1.00,-1.00,0.0,0,0,0,0,0,0,0,0,0,0,0,0
533967_88202_88204_1,56.8,1,2022/10/18 14:00:00,-1.00,-1.00,0.0,0,0,0,0,0,0,0,0,0,0,0,0
533967_88202_88204_1,56.8,1,2022/10/18 14:15:00,-1.00,-1.00,0.0,0,0,0,0,0,0,0,0,0,0,0,0
533967_88202_88204_1,56.8,1,2022/10/18 14:30:00,-1.00,-1.00,0.0,0,0,0,0,0,0,0,0,0,0,0,0
533967_88202_88204_1,56.8,1,2022/10/18 14:45:00,-1.00,-1.00,0.0,0,0,0,0,0,0,0,0,0,0,0,0
533967_88202_88204_1,56.8,1,2022/10/18 15:00:00,-1.00,-1.00,0.0,0,0,0,0,0,0,0,0,0,0,0,0
533967_88202_88204_1,56.8,1,2022/10/18 15:15:00,-1.00,-1.00,0.0,0,0,0,0,0,0,0,0,0,0,0,0
533967_88202_88204_1,56.8,1,2022/10/18 15:30:00,-1.00,-1.00,0.0,0,0,0,0,0,0,0,0,0,0,0,0
533967_88202_88204_1,56.8,1,2022/10/18 15:45:00,-1.00,-1.00,0.0,0,0,0,0,0,0,0,0,0,0,0,0
533967_88202_88204_1,56.8,1,2022/10/18 16:00:00,-1.00,-1.00,0.0,0,0,0,0,0,0,0,0,0,0,0,0
533967_88202_88204_1,56.8,1,2022/10/18 16:15:00,-1.00,-1.00,0.0,0,0,0,0,0,0,0,0,0,0,0,0
533967_88202_88204_1,56.8,1,2022/10/18 16:30:00,-1.00,-1.00,0.0,0,0,0,0,0,0,0,0,0,0,0,0
533967_88202_88204_1,56.8,1,2022/10/18 16:45:00,-1.00,-1.00,0.0,0,0,0,0,0,0,0,0,0,0,0,0
533967_88202_88204_1,56.8,1,2022/10/18 17:00:00,-1.00,-1.00,0.0,0,0,0,0,0,0,0,0,0,0,0,0
533967_88202_88204_1,56.8,1,2022/10/18 17:15:00,-1.00,-1.00,0.0,0,0,0,0,0,0,0,0,0,0,0,0
533967_88202_88204_1,56.8,1,2022/10/18 17:30:00,-1.00,-1.00,0.0,0,0,0,0,0,0,0,0,0,0,0,0
533967_88202_88204_1,56.8,1,2022/10/18 17:45:00,-1.00,-1.00,0.0,0,0,0,0,0,0,0,0,0,0,0,0
533967_88202_88204_1,56.8,1,2022/10/18 18:00:00,-1.00,-1.00,0.0,0,0,0,0,0,0,0,0,0,0,0,0
533967_88202_88204_1,56.8,1,2022/10/18 18:15:00,-1.00,-1.00,0.0,0,0,0,0,0,0,0,0,0,0,0,0
533967_88202_88204_1,56.8,1,2022/10/18 18:30:00,-1.00,-1.00,0.0,0,0,0,0,0,0,0,0,0,0,0,0
533967_88202_88204_1,56.8,1,2022/10/18 18:45:00,-1.00,-1.00,0.0,0,0,0,0,0,0,0,0,0,0,0,0
533967_88202_88302_0,96.4,1,2022/10/18 06:30:00,-1.00,-1.00,0.0,0,0,0,0,0,0,0,0,0,0,0,0
533967_88202_88302_0,96.4,1,2022/10/18 06:45:00,-1.00,-1.00,0.0,0,0,0,0,0,0,0,0,0,0,0,0
533967_88202_88302_0,96.4,1,2022/10/18 07:00:00,-1.00,-1.00,0.0,0,0,0,0,0,0,0,0,0,0,0,0
533967_88202_88302_0,96.4,1,2022/10/18 07:15:00,-1.00,-1.00,0.0,0,0,0,0,0,0,0,0,0,0,0,0
533967_88202_88302_0,96.4,1,2022/10/18 07:30:00,-1.00,-1.00,0.0,0,0,0,0,0,0,0,0,0,0,0,0
533967_88202_88302_0,96.4,1,2022/10/18 07:45:00,-1.00,-1.00,0.0,0,0,0,0,0,0,0,0,0,0,0,0
533967_88202_88302_0,96.4,1,2022/10/18 08:00:00,-1.00,-1.00,0.0,0,0,0,0,0,0,0,0,0,0,0,0
533967_88202_88302_0,96.4,1,2022/10/18 08:15:00,-1.00,-1.00,0.0,0,0,0,0,0,0,0,0,0,0,0,0
533967_88202_88302_0,96.4,1,2022/10/18 08:30:00,-1.00,-1.00,0.0,0,0,0,0,0,0,0,0,0,0,0,0
533967_88202_88302_0,96.4,1,2022/10/18 08:45:00,-1.00,-1.00,0.0,0,0,0,0,0,0,0,0,0,0,0,0
533967_88202_88302_0,96.4,1,2022/10/18 09:00:00,-1.00,-1.00,0.0,0,0,0,0,0,0,0,0,0,0,0,0
533967_88202_88302_0,96.4,1,2022/10/18 09:15:00,-1.00,-1.00,0.0,0,0,0,0,0,0,0,0,0,0,0,0
533967_88202_88302_0,96.4,1,2022/10/18 09:30:00,-1.00,-1.00,0.0,0,0,0,0,0,0,0,0,0,0,0,0
533967_88202_88302_0,96.4,1,2022/10/18 09:45:00,-1.00,-1.00,0.0,0,0,0,0,0,0,0,0,0,0,0,0
533967_88202_88302_0,96.4,1,2022/10/18 10:00:00,-1.00,-1.00,0.0,0,0,0,0,0,0,0,0,0,0,0,0
533967_88202_88302_0,96.4,1,2022/10/18 10:15:00,-1.00,-1.00,0.0,0,0,0,0,0,0,0,0,0,0,0,0
533967_88202_88302_0,96.4,1,2022/10/18 10:30:00,-1.00,-1.00,0.0,0,0,0,0,0,0,0,0,0,0,0,0
533967_88202_88302_0,96.4,1,2022/10/18 10:45:00,-1.00,-1.00,0.0,0,0,0,0,0,0,0,0,0,0,0,0
533967_88202_88302_0,96.4,1,2022/10/18 11:00:00,-1.00,-1.00,0.0,0,0,0,0,0,0,0,0,0,0,0,0
533967_88202_88302_0,96.4,1,2022/10/18 11:15:00,-1.00,-1.00,0.0,0,0,0,0,0,0,0,0,0,0,0,0
533967_88202_88302_0,96.4,1,2022/10/18 11:30:00,-1.00,-1.00,0.0,0,0,0,0,0,0,0,0,0,0,0,0
533967_88202_88302_0,96.4,1,2022/10/18 11:45:00,-1.00,-1.00,0.0,0,0,0,0,0,0,0,0,0,0,0,0
533967_88202_88302_0,96.4,1,2022/10/18 12:00:00,-1.00,-1.00,0.0,0,0,0,0,0,0,0,0,0,0,0,0
533967_88202_88302_0,96.4,1,2022/10/18 12:15:00,-1.00,-1.00,0.0,0,0,0,0,0,0,0,0,0,0,0,0
533967_88202_88302_0,96.4,1,2022/10/18 12:30:00,-1.00,-1.00,0.0,0,0,0,0,0,0,0,0,0,0,0,0
533967_88202_88302_0,96.4,1,2022/10/18 12:45:00,-1.00,-1.00,0.0,0,0,0,0,0,0,0,0,0,0,0,0
533967_88202_88302_0,96.4,1,2022/10/18 13:00:00,-1.00,-1.00,0.0,0,0,0,0,0,0,0,0,0,0,0,0
533967_88202_88302_0,96.4,1,2022/10/18 13:15:00,-1.00,-1.00,0.0,0,0,0,0,0,0,0,0,0,0,0,0
533967_88202_88302_0,96.4,1,2022/10/18 13:30:00,-1.00,-1.00,0.0,0,0,0,0,0,0,0,0,0,0,0,0
533967_88202_88302_0,96.4,1,2022/10/18 13:45:00,-1.00,-1.00,0.0,0,0,0,0,0,0,0,0,0,0,0,0
533967_88202_88302_0,96.4,1,2022/10/18 14:00:00,-1.00,-1.00,0.0,0,0,0,0,0,0,0,0,0,0,0,0
533967_88202_88302_0,96.4,1,2022/10/18 14:15:00,-1.00,-1.00,0.0,0,0,0,0,0,0,0,0,0,0,0,0
533967_88202_88302_0,96.4,1,2022/10/18 14:30:00,-1.00,-1.00,0.0,0,0,0,0,0,0,0,0,0,0,0,0
533967_88202_88302_0,96.4,1,2022/10/18 14:45:00,-1.00,-1.00,0.0,0,0,0,0,0,0,0,0,0,0,0,0
533967_88202_88302_0,96.4,1,2022/10/18 15:00:00,-1.00,-1.00,0.0,0,0,0,0,0,0,0,0,0,0,0,0
533967_88202_88302_0,96.4,1,2022/10/18 15:15:00,-1.00,-1.00,0.0,0,0,0,0,0,0,0,0,0,0,0,0
533967_88202_88302_0,96.4,1,2022/10/18 15:30:00,-1.00,-1.00,0.0,0,0,0,0,0,0,0,0,0,0,0,0
533967_88202_88302_0,96.4,1,2022/10/18 15:45:00,-1.00,-1.00,0.0,0,0,0,0,0,0,0,0,0,0,0,0
533967_88202_88302_0,96.4,1,2022/10/18 16:00:00,-1.00,-1.00,0.0,0,0,0,0,0,0,0,0,0,0,0,0
533967_88202_88302_0,96.4,1,2022/10/18 16:15:00,-1.00,-1.00,0.0,0,0,0,0,0,0,0,0,0,0,0,0
533967_88202_88302_0,96.4,1,2022/10/18 16:30:00,-1.00,-1.00,0.0,0,0,0,0,0,0,0,0,0,0,0,0
533967_88202_88302_0,96.4,1,2022/10/18 16:45:00,-1.00,-1.00,0.0,0,0,0,0,0,0,0,0,0,0,0,0
533967_88202_88302_0,96.4,1,2022/10/18 17:00:00,-1.00,-1.00,0.0,0,0,0,0,0,0,0,0,0,0,0,0
533967_88202_88302_0,96.4,1,2022/10/18 17:15:00,-1.00,-1.00,0.0,0,0,0,0,0,0,0,0,0,0,0,0
533967_88202_88302_0,96.4,1,2022/10/18 17:30:00,-1.00,-1.00,0.0,0,0,0,0,0,0,0,0,0,0,0,0
533967_88202_88302_0,96.4,1,2022/10/18 17:45:00,-1.00,-1.00,0.0,0,0,0,0,0,0,0,0,0,0,0,0
533967_88202_88302_0,96.4,1,2022/10/18 18:00:00,-1.00,-1.00,0.0,0,0,0,0,0,0,0,0,0,0,0,0
533967_88202_88302_0,96.4,1,2022/10/18 18:15:00,-1.00,-1.00,0.0,0,0,0,0,0,0,0,0,0,0,0,0
533967_88202_88302_0,96.4,1,2022/10/18 18:30:00,-1.00,-1.00,0.0,0,0,0,0,0,0,0,0,0,0,0,0
533967_88202_88302_0,96.4,1,2022/10/18 18:45:00,-1.00,-1.00,0.0,0,0,0,0,0,0,0,0,0,0,0,0
533967_88202_88302_1,95.6,1,2022/10/18 06:30:00,-1.00,-1.00,0.0,0,0,0,0,0,0,0,0,0,0,0,0
533967_88202_88302_1,95.6,1,2022/10/18 06:45:00,-1.00,-1.00,0.0,0,0,0,0,0,0,0,0,0,0,0,0
533967_88202_88302_1,95.6,1,2022/10/18 07:00:00,-1.00,-1.00,0.0,0,0,0,0,0,0,0,0,0,0,0,0
533967_88202_88302_1,95.6,1,2022/10/18 07:15:00,-1.00,-1.00,0.0,0,0,0,0,0,0,0,0,0,0,0,0
533967_88202_88302_1,95.6,1,2022/10/18 07:30:00,-1.00,-1.00,0.0,0,0,0,0,0,0,0,0,0,0,0,0
533967_88202_88302_1,95.6,1,2022/10/18 07:45:00,-1.00,-1.00,0.0,0,0,0,0,0,0,0,0,0,0,0,0
533967_88202_88302_1,95.6,1,2022/10/18 08:00:00,-1.00,-1.00,0.0,0,0,0,0,0,0,0,0,0,0,0,0
533967_88202_88302_1,95.6,1,2022/10/18 08:15:00,-1.00,-1.00,0.0,0,0,0,0,0,0,0,0,0,0,0,0
533967_88202_88302_1,95.6,1,2022/10/18 08:30:00,-1.00,-1.00,0.0,0,0,0,0,0,0,0,0,0,0,0,0
533967_88202_88302_1,95.6,1,2022/10/18 08:45:00,-1.00,-1.00,0.0,0,0,0,0,0,0,0,0,0,0,0,0
533967_88202_88302_1,95.6,1,2022/10/18 09:00:00,-1.00,-1.00,0.0,0,0,0,0,0,0,0,0,0,0,0,0
533967_88202_88302_1,95.6,1,2022/10/18 09:15:00,-1.00,-1.00,0.0,0,0,0,0,0,0,0,0,0,0,0,0
533967_88202_88302_1,95.6,1,2022/10/18 09:30:00,-1.00,-1.00,0.0,0,0,0,0,0,0,0,0,0,0,0,0
533967_88202_88302_1,95.6,1,2022/10/18 09:45:00,-1.00,-1.00,0.0,0,0,0,0,0,0,0,0,0,0,0,0
533967_88202_88302_1,95.6,1,2022/10/18 10:00:00,-1.00,-1.00,0.0,0,0,0,0,0,0,0,0,0,0,0,0
533967_88202_88302_1,95.6,1,2022/10/18 10:15:00,-1.00,-1.00,0.0,0,0,0,0,0,0,0,0,0,0,0,0
533967_88202_88302_1,95.6,1,2022/10/18 10:30:00,-1.00,-1.00,0.0,0,0,0,0,0,0,0,0,0,0,0,0
533967_88202_88302_1,95.6,1,2022/10/18 10:45:00,-1.00,-1.00,0.0,0,0,0,0,0,0,0,0,0,0,0,0
533967_88202_88302_1,95.6,1,2022/10/18 11:00:00,-1.00,-1.00,0.0,0,0,0,0,0,0,0,0,0,0,0,0
533967_88202_88302_1,95.6,1,2022/10/18 11:15:00,-1.00,-1.00,0.0,0,0,0,0,0,0,0,0,0,0,0,0
533967_88202_88302_1,95.6,1,2022/10/18 11:30:00,-1.00,-1.00,0.0,0,0,0,0,0,0,0,0,0,0,0,0
533967_88202_88302_1,95.6,1,2022/10/18 11:45:00,-1.00,-1.00,0.0,0,0,0,0,0,0,0,0,0,0,0,0
533967_88202_88302_1,95.6,1,2022/10/18 12:00:00,-1.00,-1.00,0.0,0,0,0,0,0,0,0,0,0,0,0,0
533967_88202_88302_1,95.6,1,2022/10/18 12:15:00,-1.00,-1.00,0.0,0,0,0,0,0,0,0,0,0,0,0,0
533967_88202_88302_1,95.6,1,2022/10/18 12:30:00,-1.00,-1.00,0.0,0,0,0,0,0,0,0,0,0,0,0,0
533967_88202_88302_1,95.6,1,2022/10/18 12:45:00,-1.00,-1.00,0.0,0,0,0,0,0,0,0,0,0,0,0,0
533967_88202_88302_1,95.6,1,2022/10/18 13:00:00,-1.00,-1.00,0.0,0,0,0,0,0,0,0,0,0,0,0,0
533967_88202_88302_1,95.6,1,2022/10/18 13:15:00,-1.00,-1.00,0.0,0,0,0,0,0,0,0,0,0,0,0,0
533967_88202_88302_1,95.6,1,2022/10/18 13:30:00,-1.00,-1.00,0.0,0,0,0,0,0,0,0,0,0,0,0,0
533967_88202_88302_1,95.6,1,2022/10/18 13:45:00,-1.00,-1.00,0.0,0,0,0,0,0,0,0,0,0,0,0,0
533967_88202_88302_1,95.6,1,2022/10/18 14:00:00,-1.00,-1.00,0.0,0,0,0,0,0,0,0,0,0,0,0,0
533967_88202_88302_1,95.6,1,2022/10/18 14:15:00,-1.00,-1.00,0.0,0,0,0,0,0,0,0,0,0,0,0,0
533967_88202_88302_1,95.6,1,2022/10/18 14:30:00,-1.00,-1.00,0.0,0,0,0,0,0,0,0,0,0,0,0,0
533967_88202_88302_1,95.6,1,2022/10/18 14:45:00,-1.00,-1.00,0.0,0,0,0,0,0,0,0,0,0,0,0,0
533967_88202_88302_1,95.6,1,2022/10/18 15:00:00,-1.00,-1.00,0.0,0,0,0,0,0,0,0,0,0,0,0,0
533967_88202_88302_1,95.6,1,2022/10/18 15:15:00,-1.00,-1.00,0.0,0,0,0,0,0,0,0,0,0,0,0,0
533967_88202_88302_1,95.6,1,2022/10/18 15:30:00,-1.00,-1.00,0.0,0,0,0,0,0,0,0,0,0,0,0,0
533967_88202_88302_1,95.6,1,2022/10/18 15:45:00,-1.00,-1.00,0.0,0,0,0,0,0,0,0,0,0,0,0,0
533967_88202_88302_1,95.6,1,2022/10/18 16:00:00,-1.00,-1.00,0.0,0,0,0,0,0,0,0,0,0,0,0,0
533967_88202_88302_1,95.6,1,2022/10/18 16:15:00,-1.00,-1.00,0.0,0,0,0,0,0,0,0,0,0,0,0,0
533967_88202_88302_1,95.6,1,2022/10/18 16:30:00,-1.00,-1.00,0.0,0,0,0,0,0,0,0,0,0,0,0,0
533967_88202_88302_1,95.6,1,2022/10/18 16:45:00,-1.00,-1.00,0.0,0,0,0,0,0,0,0,0,0,0,0,0
533967_88202_88302_1,95.6,1,2022/10/18 17:00:00,-1.00,-1.00,0.0,0,0,0,0,0,0,0,0,0,0,0,0
533967_88202_88302_1,95.6,1,2022/10/18 17:15:00,-1.00,-1.00,0.0,0,0,0,0,0,0,0,0,0,0,0,0
533967_88202_88302_1,95.6,1,2022/10/18 17:30:00,-1.00,-1.00,0.0,0,0,0,0,0,0,0,0,0,0,0,0
533967_88202_88302_1,95.6,1,2022/10/18 17:45:00,-1.00,-1.00,0.0,0,0,0,0,0,0,0,0,0,0,0,0
533967_88202_88302_1,95.6,1,2022/10/18 18:00:00,-1.00,-1.00,0.0,0,0,0,0,0,0,0,0,0,0,0,0
533967_88202_88302_1,95.6,1,2022/10/18 18:15:00,-1.00,-1.00,0.0,0,0,0,0,0,0,0,0,0,0,0,0
533967_88202_88302_1,95.6,1,2022/10/18 18:30:00,-1.00,-1.00,0.0,0,0,0,0,0,0,0,0,0,0,0,0
533967_88202_88302_1,95.6,1,2022/10/18 18:45:00,-1.00,-1.00,0.0,0,0,0,0,0,0,0,0,0,0,0,0
533967_88203_88204_0,84.6,1,2022/10/18 06:30:00,-1.00,-1.00,0.0,0,0,0,0,0,0,0,0,0,0,0,0
533967_88203_88204_0,84.6,1,2022/10/18 06:45:00,-1.00,-1.00,0.0,0,0,0,0,0,0,0,0,0,0,0,0
533967_88203_88204_0,84.6,1,2022/10/18 07:00:00,-1.00,-1.00,0.0,0,0,0,0,0,0,0,0,0,0,0,0
533967_88203_88204_0,84.6,1,2022/10/18 07:15:00,-1.00,-1.00,0.0,0,0,0,0,0,0,0,0,0,0,0,0
533967_88203_88204_0,84.6,1,2022/10/18 07:30:00,-1.00,-1.00,0.0,0,0,0,0,0,0,0,0,0,0,0,0
533967_88203_88204_0,84.6,1,2022/10/18 07:45:00,-1.00,-1.00,0.0,0,0,0,0,0,0,0,0,0,0,0,0
533967_88203_88204_0,84.6,1,2022/10/18 08:00:00,-1.00,-1.00,0.0,0,0,0,0,0,0,0,0,0,0,0,0
533967_88203_88204_0,84.6,1,2022/10/18 08:15:00,-1.00,-1.00,0.0,0,0,0,0,0,0,0,0,0,0,0,0
533967_88203_88204_0,84.6,1,2022/10/18 08:30:00,-1.00,-1.00,0.0,0,0,0,0,0,0,0,0,0,0,0,0
533967_88203_88204_0,84.6,1,2022/10/18 08:45:00,-1.00,-1.00,0.0,0,0,0,0,0,0,0,0,0,0,0,0
533967_88203_88204_0,84.6,1,2022/10/18 09:00:00,-1.00,-1.00,0.0,0,0,0,0,0,0,0,0,0,0,0,0
533967_88203_88204_0,84.6,1,2022/10/18 09:15:00,-1.00,-1.00,0.0,0,0,0,0,0,0,0,0,0,0,0,0
533967_88203_88204_0,84.6,1,2022/10/18 09:30:00,-1.00,-1.00,0.0,0,0,0,0,0,0,0,0,0,0,0,0
533967_88203_88204_0,84.6,1,2022/10/18 09:45:00,-1.00,-1.00,0.0,0,0,0,0,0,0,0,0,0,0,0,0
533967_88203_88204_0,84.6,1,2022/10/18 10:00:00,-1.00,-1.00,0.0,0,0,0,0,0,0,0,0,0,0,0,0
533967_88203_88204_0,84.6,1,2022/10/18 10:15:00,-1.00,-1.00,0.0,0,0,0,0,0,0,0,0,0,0,0,0
533967_88203_88204_0,84.6,1,2022/10/18 10:30:00,-1.00,-1.00,0.0,0,0,0,0,0,0,0,0,0,0,0,0
533967_88203_88204_0,84.6,1,2022/10/18 10:45:00,-1.00,-1.00,0.0,0,0,0,0,0,0,0,0,0,0,0,0
533967_88203_88204_0,84.6,1,2022/10/18 11:00:00,-1.00,-1.00,0.0,0,0,0,0,0,0,0,0,0,0,0,0
533967_88203_88204_0,84.6,1,2022/10/18 11:15:00,-1.00,-1.00,0.0,0,0,0,0,0,0,0,0,0,0,0,0
533967_88203_88204_0,84.6,1,2022/10/18 11:30:00,-1.00,-1.00,0.0,0,0,0,0,0,0,0,0,0,0,0,0
533967_88203_88204_0,84.6,1,2022/10/18 11:45:00,-1.00,-1.00,0.0,0,0,0,0,0,0,0,0,0,0,0,0
533967_88203_88204_0,84.6,1,2022/10/18 12:00:00,-1.00,-1.00,0.0,0,0,0,0,0,0,0,0,0,0,0,0
533967_88203_88204_0,84.6,1,2022/10/18 12:15:00,-1.00,-1.00,0.0,0,0,0,0,0,0,0,0,0,0,0,0
533967_88203_88204_0,84.6,1,2022/10/18 12:30:00,-1.00,-1.00,0.0,0,0,0,0,0,0,0,0,0,0,0,0
533967_88203_88204_0,84.6,1,2022/10/18 12:45:00,-1.00,-1.00,0.0,0,0,0,0,0,0,0,0,0,0,0,0
533967_88203_88204_0,84.6,1,2022/10/18 13:00:00,-1.00,-1.00,0.0,0,0,0,0,0,0,0,0,0,0,0,0
533967_88203_88204_0,84.6,1,2022/10/18 13:15:00,-1.00,-1.00,0.0,0,0,0,0,0,0,0,0,0,0,0,0
533967_88203_88204_0,84.6,1,2022/10/18 13:30:00,-1.00,-1.00,0.0,0,0,0,0,0,0,0,0,0,0,0,0
533967_88203_88204_0,84.6,1,2022/10/18 13:45:00,-1.00,-1.00,0.0,0,0,0,0,0,0,0,0,0,0,0,0
533967_88203_88204_0,84.6,1,2022/10/18 14:00:00,-1.00,-1.00,0.0,0,0,0,0,0,0,0,0,0,0,0,0
533967_88203_88204_0,84.6,1,2022/10/18 14:15:00,-1.00,-1.00,0.0,0,0,0,0,0,0,0,0,0,0,0,0
533967_88203_88204_0,84.6,1,2022/10/18 14:30:00,-1.00,-1.00,0.0,0,0,0,0,0,0,0,0,0,0,0,0
533967_88203_88204_0,84.6,1,2022/10/18 14:45:00,-1.00,-1.00,0.0,0,0,0,0,0,0,0,0,0,0,0,0
533967_88203_88204_0,84.6,1,2022/10/18 15:00:00,-1.00,-1.00,0.0,0,0,0,0,0,0,0,0,0,0,0,0
533967_88203_88204_0,84.6,1,2022/10/18 15:15:00,-1.00,-1.00,0.0,0,0,0,0,0,0,0,0,0,0,0,0
533967_88203_88204_0,84.6,1,2022/10/18 15:30:00,-1.00,-1.00,0.0,0,0,0,0,0,0,0,0,0,0,0,0
533967_88203_88204_0,84.6,1,2022/10/18 15:45:00,-1.00,-1.00,0.0,0,0,0,0,0,0,0,0,0,0,0,0
533967_88203_88204_0,84.6,1,2022/10/18 16:00:00,-1.00,-1.00,0.0,0,0,0,0,0,0,0,0,0,0,0,0
533967_88203_88204_0,84.6,1,2022/10/18 16:15:00,-1.00,-1.00,0.0,0,0,0,0,0,0,0,0,0,0,0,0
533967_88203_88204_0,84.6,1,2022/10/18 16:30:00,-1.00,-1.00,0.0,0,0,0,0,0,0,0,0,0,0,0,0
533967_88203_88204_0,84.6,1,2022/10/18 16:45:00,-1.00,-1.00,0.0,0,0,0,0,0,0,0,0,0,0,0,0
533967_88203_88204_0,84.6,1,2022/10/18 17:00:00,-1.00,-1.00,0.0,0,0,0,0,0,0,0,0,0,0,0,0
533967_88203_88204_0,84.6,1,2022/10/18 17:15:00,-1.00,-1.00,0.0,0,0,0,0,0,0,0,0,0,0,0,0
533967_88203_88204_0,84.6,1,2022/10/18 17:30:00,-1.00,-1.00,0.0,0,0,0,0,0,0,0,0,0,0,0,0
533967_88203_88204_0,84.6,1,2022/10/18 17:45:00,-1.00,-1.00,0.0,0,0,0,0,0,0,0,0,0,0,0,0
533967_88203_88204_0,84.6,1,2022/10/18 18:00:00,-1.00,-1.00,0.0,0,0,0,0,0,0,0,0,0,0,0,0
533967_88203_88204_0,84.6,1,2022/10/18 18:15:00,-1.00,-1.00,0.0,0,0,0,0,0,0,0,0,0,0,0,0
533967_88203_88204_0,84.6,1,2022/10/18 18:30:00,-1.00,-1.00,0.0,0,0,0,0,0,0,0,0,0,0,0,0
533967_88203_88204_0,84.6,1,2022/10/18 18:45:00,-1.00,-1.00,0.0,0,0,0,0,0,0,0,0,0,0,0,0
533967_88203_88204_1,85.3,1,2022/10/18 06:30:00,-1.00,-1.00,0.0,0,0,0,0,0,0,0,0,0,0,0,0
533967_88203_88204_1,85.3,1,2022/10/18 06:45:00,-1.00,-1.00,0.0,0,0,0,0,0,0,0,0,0,0,0,0
533967_88203_88204_1,85.3,1,2022/10/18 07:00:00,-1.00,-1.00,0.0,0,0,0,0,0,0,0,0,0,0,0,0
533967_88203_88204_1,85.3,1,2022/10/18 07:15:00,-1.00,-1.00,0.0,0,0,0,0,0,0,0,0,0,0,0,0
533967_88203_88204_1,85.3,1,2022/10/18 07:30:00,-1.00,-1.00,0.0,0,0,0,0,0,0,0,0,0,0,0,0
533967_88203_88204_1,85.3,1,2022/10/18 07:45:00,-1.00,-1.00,0.0,0,0,0,0,0,0,0,0,0,0,0,0
533967_88203_88204_1,85.3,1,2022/10/18 08:00:00,-1.00,-1.00,0.0,0,0,0,0,0,0,0,0,0,0,0,0
533967_88203_88204_1,85.3,1,2022/10/18 08:15:00,-1.00,-1.00,0.0,0,0,0,0,0,0,0,0,0,0,0,0
533967_88203_88204_1,85.3,1,2022/10/18 08:30:00,-1.00,-1.00,0.0,0,0,0,0,0,0,0,0,0,0,0,0
533967_88203_88204_1,85.3,1,2022/10/18 08:45:00,-1.00,-1.00,0.0,0,0,0,0,0,0,0,0,0,0,0,0
533967_88203_88204_1,85.3,1,2022/10/18 09:00:00,-1.00,-1.00,0.0,0,0,0,0,0,0,0,0,0,0,0,0
533967_88203_88204_1,85.3,1,2022/10/18 09:15:00,-1.00,-1.00,0.0,0,0,0,0,0,0,0,0,0,0,0,0
533967_88203_88204_1,85.3,1,2022/10/18 09:30:00,-1.00,-1.00,0.0,0,0,0,0,0,0,0,0,0,0,0,0
533967_88203_88204_1,85.3,1,2022/10/18 09:45:00,-1.00,-1.00,0.0,0,0,0,0,0,0,0,0,0,0,0,0
533967_88203_88204_1,85.3,1,2022/10/18 10:00:00,-1.00,-1.00,0.0,0,0,0,0,0,0,0,0,0,0,0,0
533967_88203_88204_1,85.3,1,2022/10/18 10:15:00,-1.00,-1.00,0.0,0,0,0,0,0,0,0,0,0,0,0,0
533967_88203_88204_1,85.3,1,2022/10/18 10:30:00,-1.00,-1.00,0.0,0,0,0,0,0,0,0,0,0,0,0,0
533967_88203_88204_1,85.3,1,2022/10/18 10:45:00,-1.00,-1.00,0.0,0,0,0,0,0,0,0,0,0,0,0,0
533967_88203_88204_1,85.3,1,2022/10/18 11:00:00,-1.00,-1.00,0.0,0,0,0,0,0,0,0,0,0,0,0,0
533967_88203_88204_1,85.3,1,2022/10/18 11:15:00,-1.00,-1.00,0.0,0,0,0,0,0,0,0,0,0,0,0,0
533967_88203_88204_1,85.3,1,2022/10/18 11:30:00,-1.00,-1.00,0.0,0,0,0,0,0,0,0,0,0,0,0,0
533967_88203_88204_1,85.3,1,2022/10/18 11:45:00,-1.00,-1.00,0.0,0,0,0,0,0,0,0,0,0,0,0,0
533967_88203_88204_1,85.3,1,2022/10/18 12:00:00,-1.00,-1.00,0.0,0,0,0,0,0,0,0,0,0,0,0,0
533967_88203_88204_1,85.3,1,2022/10/18 12:15:00,-1.00,-1.00,0.0,0,0,0,0,0,0,0,0,0,0,0,0
533967_88203_88204_1,85.3,1,2022/10/18 12:30:00,-1.00,-1.00,0.0,0,0,0,0,0,0,0,0,0,0,0,0
533967_88203_88204_1,85.3,1,2022/10/18 12:45:00,-1.00,-1.00,0.0,0,0,0,0,0,0,0,0,0,0,0,0
533967_88203_88204_1,85.3,1,2022/10/18 13:00:00,-1.00,-1.00,0.0,0,0,0,0,0,0,0,0,0,0,0,0
533967_88203_88204_1,85.3,1,2022/10/18 13:15:00,-1.00,-1.00,0.0,0,0,0,0,0,0,0,0,0,0,0,0
533967_88203_88204_1,85.3,1,2022/10/18 13:30:00,-1.00,-1.00,0.0,0,0,0,0,0,0,0,0,0,0,0,0
533967_88203_88204_1,85.3,1,2022/10/18 13:45:00,-1.00,-1.00,0.0,0,0,0,0,0,0,0,0,0,0,0,0
533967_88203_88204_1,85.3,1,2022/10/18 14:00:00,-1.00,-1.00,0.0,0,0,0,0,0,0,0,0,0,0,0,0
533967_88203_88204_1,85.3,1,2022/10/18 14:15:00,-1.00,-1.00,0.0,0,0,0,0,0,0,0,0,0,0,0,0
533967_88203_88204_1,85.3,1,2022/10/18 14:30:00,-1.00,-1.00,0.0,0,0,0,0,0,0,0,0,0,0,0,0
533967_88203_88204_1,85.3,1,2022/10/18 14:45:00,-1.00,-1.00,0.0,0,0,0,0,0,0,0,0,0,0,0,0
533967_88203_88204_1,85.3,1,2022/10/18 15:00:00,-1.00,-1.00,0.0,0,0,0,0,0,0,0,0,0,0,0,0
533967_88203_88204_1,85.3,1,2022/10/18 15:15:00,-1.00,-1.00,0.0,0,0,0,0,0,0,0,0,0,0,0,0
533967_88203_88204_1,85.3,1,2022/10/18 15:30:00,-1.00,-1.00,0.0,0,0,0,0,0,0,0,0,0,0,0,0
533967_88203_88204_1,85.3,1,2022/10/18 15:45:00,-1.00,-1.00,0.0,0,0,0,0,0,0,0,0,0,0,0,0
533967_88203_88204_1,85.3,1,2022/10/18 16:00:00,-1.00,-1.00,0.0,0,0,0,0,0,0,0,0,0,0,0,0
533967_88203_88204_1,85.3,1,2022/10/18 16:15:00,-1.00,-1.00,0.0,0,0,0,0,0,0,0,0,0,0,0,0
533967_88203_88204_1,85.3,1,2022/10/18 16:30:00,-1.00,-1.00,0.0,0,0,0,0,0,0,0,0,0,0,0,0
533967_88203_88204_1,85.3,1,2022/10/18 16:45:00,-1.00,-1.00,0.0,0,0,0,0,0,0,0,0,0,0,0,0
533967_88203_88204_1,85.3,1,2022/10/18 17:00:00,-1.00,-1.00,0.0,0,0,0,0,0,0,0,0,0,0,0,0
533967_88203_88204_1,85.3,1,2022/10/18 17:15:00,-1.00,-1.00,0.0,0,0,0,0,0,0,0,0,0,0,0,0
533967_88203_88204_1,85.3,1,2022/10/18 17:30:00,-1.00,-1.00,0.0,0,0,0,0,0,0,0,0,0,0,0,0
533967_88203_88204_1,85.3,1,2022/10/18 17:45:00,-1.00,-1.00,0.0,0,0,0,0,0,0,0,0,0,0,0,0
533967_88203_88204_1,85.3,1,2022/10/18 18:00:00,-1.00,-1.00,0.0,0,0,0,0,0,0,0,0,0,0,0,0
533967_88203_88204_1,85.3,1,2022/10/18 18:15:00,-1.00,-1.00,0.0,0,0,0,0,0,0,0,0,0,0,0,0
533967_88203_88204_1,85.3,1,2022/10/18 18:30:00,-1.00,-1.00,0.0,0,0,0,0,0,0,0,0,0,0,0,0
533967_88203_88204_1,85.3,1,2022/10/18 18:45:00,-1.00,-1.00,0.0,0,0,0,0,0,0,0,0,0,0,0,0
533967_88203_88302_0,58.8,1,2022/10/18 06:30:00,-1.00,-1.00,0.0,0,0,0,0,0,0,0,0,0,0,0,0
533967_88203_88302_0,58.8,1,2022/10/18 06:45:00,-1.00,-1.00,0.0,0,0,0,0,0,0,0,0,0,0,0,0
533967_88203_88302_0,58.8,1,2022/10/18 07:00:00,-1.00,-1.00,0.0,0,0,0,0,0,0,0,0,0,0,0,0
533967_88203_88302_0,58.8,1,2022/10/18 07:15:00,-1.00,-1.00,0.0,0,0,0,0,0,0,0,0,0,0,0,0
533967_88203_88302_0,58.8,1,2022/10/18 07:30:00,-1.00,-1.00,0.0,0,0,0,0,0,0,0,0,0,0,0,0
533967_88203_88302_0,58.8,1,2022/10/18 07:45:00,-1.00,-1.00,0.0,0,0,0,0,0,0,0,0,0,0,0,0
533967_88203_88302_0,58.8,1,2022/10/18 08:00:00,-1.00,-1.00,0.0,0,0,0,0,0,0,0,0,0,0,0,0
533967_88203_88302_0,58.8,1,2022/10/18 08:15:00,-1.00,-1.00,0.0,0,0,0,0,0,0,0,0,0,0,0,0
533967_88203_88302_0,58.8,1,2022/10/18 08:30:00,-1.00,-1.00,0.0,0,0,0,0,0,0,0,0,0,0,0,0
533967_88203_88302_0,58.8,1,2022/10/18 08:45:00,-1.00,-1.00,0.0,0,0,0,0,0,0,0,0,0,0,0,0
533967_88203_88302_0,58.8,1,2022/10/18 09:00:00,-1.00,-1.00,0.0,0,0,0,0,0,0,0,0,0,0,0,0
533967_88203_88302_0,58.8,1,2022/10/18 09:15:00,-1.00,-1.00,0.0,0,0,0,0,0,0,0,0,0,0,0,0
533967_88203_88302_0,58.8,1,2022/10/18 09:30:00,-1.00,-1.00,0.0,0,0,0,0,0,0,0,0,0,0,0,0
533967_88203_88302_0,58.8,1,2022/10/18 09:45:00,-1.00,-1.00,0.0,0,0,0,0,0,0,0,0,0,0,0,0
533967_88203_88302_0,58.8,1,2022/10/18 10:00:00,-1.00,-1.00,0.0,0,0,0,0,0,0,0,0,0,0,0,0
533967_88203_88302_0,58.8,1,2022/10/18 10:15:00,-1.00,-1.00,0.0,0,0,0,0,0,0,0,0,0,0,0,0
533967_88203_88302_0,58.8,1,2022/10/18 10:30:00,-1.00,-1.00,0.0,0,0,0,0,0,0,0,0,0,0,0,0
533967_88203_88302_0,58.8,1,2022/10/18 10:45:00,-1.00,-1.00,0.0,0,0,0,0,0,0,0,0,0,0,0,0
533967_88203_88302_0,58.8,1,2022/10/18 11:00:00,-1.00,-1.00,0.0,0,0,0,0,0,0,0,0,0,0,0,0
533967_88203_88302_0,58.8,1,2022/10/18 11:15:00,-1.00,-1.00,0.0,0,0,0,0,0,0,0,0,0,0,0,0
533967_88203_88302_0,58.8,1,2022/10/18 11:30:00,-1.00,-1.00,0.0,0,0,0,0,0,0,0,0,0,0,0,0
533967_88203_88302_0,58.8,1,2022/10/18 11:45:00,-1.00,-1.00,0.0,0,0,0,0,0,0,0,0,0,0,0,0
533967_88203_88302_0,58.8,1,2022/10/18 12:00:00,-1.00,-1.00,0.0,0,0,0,0,0,0,0,0,0,0,0,0
533967_88203_88302_0,58.8,1,2022/10/18 12:15:00,-1.00,-1.00,0.0,0,0,0,0,0,0,0,0,0,0,0,0
533967_88203_88302_0,58.8,1,2022/10/18 12:30:00,-1.00,-1.00,0.0,0,0,0,0,0,0,0,0,0,0,0,0
533967_88203_88302_0,58.8,1,2022/10/18 12:45:00,-1.00,-1.00,0.0,0,0,0,0,0,0,0,0,0,0,0,0
533967_88203_88302_0,58.8,1,2022/10/18 13:00:00,-1.00,-1.00,0.0,0,0,0,0,0,0,0,0,0,0,0,0
533967_88203_88302_0,58.8,1,2022/10/18 13:15:00,-1.00,-1.00,0.0,0,0,0,0,0,0,0,0,0,0,0,0
533967_88203_88302_0,58.8,1,2022/10/18 13:30:00,-1.00,-1.00,0.0,0,0,0,0,0,0,0,0,0,0,0,0
533967_88203_88302_0,58.8,1,2022/10/18 13:45:00,-1.00,-1.00,0.0,0,0,0,0,0,0,0,0,0,0,0,0
533967_88203_88302_0,58.8,1,2022/10/18 14:00:00,-1.00,-1.00,0.0,0,0,0,0,0,0,0,0,0,0,0,0
533967_88203_88302_0,58.8,1,2022/10/18 14:15:00,-1.00,-1.00,0.0,0,0,0,0,0,0,0,0,0,0,0,0
533967_88203_88302_0,58.8,1,2022/10/18 14:30:00,-1.00,-1.00,0.0,0,0,0,0,0,0,0,0,0,0,0,0
533967_88203_88302_0,58.8,1,2022/10/18 14:45:00,-1.00,-1.00,0.0,0,0,0,0,0,0,0,0,0,0,0,0
533967_88203_88302_0,58.8,1,2022/10/18 15:00:00,-1.00,-1.00,0.0,0,0,0,0,0,0,0,0,0,0,0,0
533967_88203_88302_0,58.8,1,2022/10/18 15:15:00,-1.00,-1.00,0.0,0,0,0,0,0,0,0,0,0,0,0,0
533967_88203_88302_0,58.8,1,2022/10/18 15:30:00,-1.00,-1.00,0.0,0,0,0,0,0,0,0,0,0,0,0,0
533967_88203_88302_0,58.8,1,2022/10/18 15:45:00,-1.00,-1.00,0.0,0,0,0,0,0,0,0,0,0,0,0,0
533967_88203_88302_0,58.8,1,2022/10/18 16:00:00,-1.00,-1.00,0.0,0,0,0,0,0,0,0,0,0,0,0,0
533967_88203_88302_0,58.8,1,2022/10/18 16:15:00,-1.00,-1.00,0.0,0,0,0,0,0,0,0,0,0,0,0,0
533967_88203_88302_0,58.8,1,2022/10/18 16:30:00,-1.00,-1.00,0.0,0,0,0,0,0,0,0,0,0,0,0,0
533967_88203_88302_0,58.8,1,2022/10/18 16:45:00,-1.00,-1.00,0.0,0,0,0,0,0,0,0,0,0,0,0,0
533967_88203_88302_0,58.8,1,2022/10/18 17:00:00,-1.00,-1.00,0.0,0,0,0,0,0,0,0,0,0,0,0,0
533967_88203_88302_0,58.8,1,2022/10/18 17:15:00,-1.00,-1.00,0.0,0,0,0,0,0,0,0,0,0,0,0,0
533967_88203_88302_0,58.8,1,2022/10/18 17:30:00,-1.00,-1.00,0.0,0,0,0,0,0,0,0,0,0,0,0,0
533967_88203_88302_0,58.8,1,2022/10/18 17:45:00,-1.00,-1.00,0.0,0,0,0,0,0,0,0,0,0,0,0,0
533967_88203_88302_0,58.8,1,2022/10/18 18:00:00,-1.00,-1.00,0.0,0,0,0,0,0,0,0,0,0,0,0,0
533967_88203_88302_0,58.8,1,2022/10/18 18:15:00,-1.00,-1.00,0.0,0,0,0,0,0,0,0,0,0,0,0,0
533967_88203_88302_0,58.8,1,2022/10/18 18:30:00,-1.00,-1.00,0.0,0,0,0,0,0,0,0,0,0,0,0,0
533967_88203_88302_0,58.8,1,2022/10/18 18:45:00,-1.00,-1.00,0.0,0,0,0,0,0,0,0,0,0,0,0,0
533967_88203_88302_1,58.8,1,2022/10/18 06:30:00,-1.00,-1.00,0.0,0,0,0,0,0,0,0,0,0,0,0,0
533967_88203_88302_1,58.8,1,2022/10/18 06:45:00,-1.00,-1.00,0.0,0,0,0,0,0,0,0,0,0,0,0,0
533967_88203_88302_1,58.8,1,2022/10/18 07:00:00,-1.00,-1.00,0.0,0,0,0,0,0,0,0,0,0,0,0,0
533967_88203_88302_1,58.8,1,2022/10/18 07:15:00,-1.00,-1.00,0.0,0,0,0,0,0,0,0,0,0,0,0,0
533967_88203_88302_1,58.8,1,2022/10/18 07:30:00,-1.00,-1.00,0.0,0,0,0,0,0,0,0,0,0,0,0,0
533967_88203_88302_1,58.8,1,2022/10/18 07:45:00,-1.00,-1.00,0.0,0,0,0,0,0,0,0,0,0,0,0,0
533967_88203_88302_1,58.8,1,2022/10/18 08:00:00,-1.00,-1.00,0.0,0,0,0,0,0,0,0,0,0,0,0,0
533967_88203_88302_1,58.8,1,2022/10/18 08:15:00,-1.00,-1.00,0.0,0,0,0,0,0,0,0,0,0,0,0,0
533967_88203_88302_1,58.8,1,2022/10/18 08:30:00,-1.00,-1.00,0.0,0,0,0,0,0,0,0,0,0,0,0,0
533967_88203_88302_1,58.8,1,2022/10/18 08:45:00,-1.00,-1.00,0.0,0,0,0,0,0,0,0,0,0,0,0,0
533967_88203_88302_1,58.8,1,2022/10/18 09:00:00,-1.00,-1.00,0.0,0,0,0,0,0,0,0,0,0,0,0,0
533967_88203_88302_1,58.8,1,2022/10/18 09:15:00,-1.00,-1.00,0.0,0,0,0,0,0,0,0,0,0,0,0,0
533967_88203_88302_1,58.8,1,2022/10/18 09:30:00,-1.00,-1.00,0.0,0,0,0,0,0,0,0,0,0,0,0,0
533967_88203_88302_1,58.8,1,2022/10/18 09:45:00,-1.00,-1.00,0.0,0,0,0,0,0,0,0,0,0,0,0,0
533967_88203_88302_1,58.8,1,2022/10/18 10:00:00,-1.00,-1.00,0.0,0,0,0,0,0,0,0,0,0,0,0,0
533967_88203_88302_1,58.8,1,2022/10/18 10:15:00,-1.00,-1.00,0.0,0,0,0,0,0,0,0,0,0,0,0,0
533967_88203_88302_1,58.8,1,2022/10/18 10:30:00,-1.00,-1.00,0.0,0,0,0,0,0,0,0,0,0,0,0,0
533967_88203_88302_1,58.8,1,2022/10/18 10:45:00,-1.00,-1.00,0.0,0,0,0,0,0,0,0,0,0,0,0,0
533967_88203_88302_1,58.8,1,2022/10/18 11:00:00,-1.00,-1.00,0.0,0,0,0,0,0,0,0,0,0,0,0,0
533967_88203_88302_1,58.8,1,2022/10/18 11:15:00,-1.00,-1.00,0.0,0,0,0,0,0,0,0,0,0,0,0,0
533967_88203_88302_1,58.8,1,2022/10/18 11:30:00,-1.00,-1.00,0.0,0,0,0,0,0,0,0,0,0,0,0,0
533967_88203_88302_1,58.8,1,2022/10/18 11:45:00,-1.00,-1.00,0.0,0,0,0,0,0,0,0,0,0,0,0,0
533967_88203_88302_1,58.8,1,2022/10/18 12:00:00,-1.00,-1.00,0.0,0,0,0,0,0,0,0,0,0,0,0,0
533967_88203_88302_1,58.8,1,2022/10/18 12:15:00,-1.00,-1.00,0.0,0,0,0,0,0,0,0,0,0,0,0,0
533967_88203_88302_1,58.8,1,2022/10/18 12:30:00,-1.00,-1.00,0.0,0,0,0,0,0,0,0,0,0,0,0,0
533967_88203_88302_1,58.8,1,2022/10/18 12:45:00,-1.00,-1.00,0.0,0,0,0,0,0,0,0,0,0,0,0,0
533967_88203_88302_1,58.8,1,2022/10/18 13:00:00,-1.00,-1.00,0.0,0,0,0,0,0,0,0,0,0,0,0,0
533967_88203_88302_1,58.8,1,2022/10/18 13:15:00,-1.00,-1.00,0.0,0,0,0,0,0,0,0,0,0,0,0,0
533967_88203_88302_1,58.8,1,2022/10/18 13:30:00,-1.00,-1.00,0.0,0,0,0,0,0,0,0,0,0,0,0,0
533967_88203_88302_1,58.8,1,2022/10/18 13:45:00,-1.00,-1.00,0.0,0,0,0,0,0,0,0,0,0,0,0,0
533967_88203_88302_1,58.8,1,2022/10/18 14:00:00,-1.00,-1.00,0.0,0,0,0,0,0,0,0,0,0,0,0,0
533967_88203_88302_1,58.8,1,2022/10/18 14:15:00,-1.00,-1.00,0.0,0,0,0,0,0,0,0,0,0,0,0,0
533967_88203_88302_1,58.8,1,2022/10/18 14:30:00,-1.00,-1.00,0.0,0,0,0,0,0,0,0,0,0,0,0,0
533967_88203_88302_1,58.8,1,2022/10/18 14:45:00,-1.00,-1.00,0.0,0,0,0,0,0,0,0,0,0,0,0,0
533967_88203_88302_1,58.8,1,2022/10/18 15:00:00,-1.00,-1.00,0.0,0,0,0,0,0,0,0,0,0,0,0,0
533967_88203_88302_1,58.8,1,2022/10/18 15:15:00,-1.00,-1.00,0.0,0,0,0,0,0,0,0,0,0,0,0,0
533967_88203_88302_1,58.8,1,2022/10/18 15:30:00,-1.00,-1.00,0.0,0,0,0,0,0,0,0,0,0,0,0,0
533967_88203_88302_1,58.8,1,2022/10/18 15:45:00,-1.00,-1.00,0.0,0,0,0,0,0,0,0,0,0,0,0,0
533967_88203_88302_1,58.8,1,2022/10/18 16:00:00,-1.00,-1.00,0.0,0,0,0,0,0,0,0,0,0,0,0,0
533967_88203_88302_1,58.8,1,2022/10/18 16:15:00,-1.00,-1.00,0.0,0,0,0,0,0,0,0,0,0,0,0,0
533967_88203_88302_1,58.8,1,2022/10/18 16:30:00,-1.00,-1.00,0.0,0,0,0,0,0,0,0,0,0,0,0,0
533967_88203_88302_1,58.8,1,2022/10/18 16:45:00,-1.00,-1.00,0.0,0,0,0,0,0,0,0,0,0,0,0,0
533967_88203_88302_1,58.8,1,2022/10/18 17:00:00,-1.00,-1.00,0.0,0,0,0,0,0,0,0,0,0,0,0,0
533967_88203_88302_1,58.8,1,2022/10/18 17:15:00,-1.00,-1.00,0.0,0,0,0,0,0,0,0,0,0,0,0,0
533967_88203_88302_1,58.8,1,2022/10/18 17:30:00,-1.00,-1.00,0.0,0,0,0,0,0,0,0,0,0,0,0,0
533967_88203_88302_1,58.8,1,2022/10/18 17:45:00,-1.00,-1.00,0.0,0,0,0,0,0,0,0,0,0,0,0,0
533967_88203_88302_1,58.8,1,2022/10/18 18:00:00,-1.00,-1.00,0.0,0,0,0,0,0,0,0,0,0,0,0,0
533967_88203_88302_1,58.8,1,2022/10/18 18:15:00,-1.00,-1.00,0.0,0,0,0,0,0,0,0,0,0,0,0,0
533967_88203_88302_1,58.8,1,2022/10/18 18:30:00,-1.00,-1.00,0.0,0,0,0,0,0,0,0,0,0,0,0,0
533967_88203_88302_1,58.8,1,2022/10/18 18:45:00,-1.00,-1.00,0.0,0,0,0,0,0,0,0,0,0,0,0,0
I_11_0129024139429,172.6,1,2022/10/18 06:30:00,29.56,21.01,74.0,68,0,62,3,3,0,0,0,0,0,0,0
I_11_0129024139429,172.6,1,2022/10/18 06:45:00,29.65,20.95,64.0,59,0,54,3,2,0,0,0,0,0,0,0
I_11_0129024139429,172.6,1,2022/10/18 07:00:00,29.52,21.05,69.0,66,0,63,2,1,0,0,0,0,0,0,0
I_11_0129024139429,172.6,1,2022/10/18 07:15:00,29.65,20.95,86.0,78,0,70,1,7,0,0,0,0,0,0,0
I_11_0129024139429,172.6,1,2022/10/18 07:30:00,29.52,21.05,93.0,88,0,83,4,1,0,0,0,0,0,0,0
I_11_0129024139429,172.6,1,2022/10/18 07:45:00,29.61,20.98,89.0,86,0,83,0,3,0,0,0,0,0,0,0
I_11_0129024139429,172.6,1,2022/10/18 08:00:00,29.58,21.00,74.0,63,0,52,2,9,0,0,0,0,0,0,0
I_11_0129024139429,172.6,1,2022/10/18 08:15:00,29.68,20.93,119.0,112,0,105,2,5,0,0,0,0,0,0,0
I_11_0129024139429,172.6,1,2022/10/18 08:30:00,29.57,21.01,93.0,90,0,87,1,2,0,0,0,0,0,0,0
I_11_0129024139429,172.6,1,2022/10/18 08:45:00,29.56,21.02,62.0,56,0,50,4,2,0,0,0,0,0,0,0
I_11_0129024139429,172.6,1,2022/10/18 09:00:00,29.56,21.01,82.0,68,0,54,11,3,0,0,0,0,0,0,0
I_11_0129024139429,172.6,1,2022/10/18 09:15:00,29.56,21.02,72.0,63,0,54,7,2,0,0,0,0,0,0,0
I_11_0129024139429,172.6,1,2022/10/18 09:30:00,29.37,21.15,60.0,54,0,48,0,6,0,0,0,0,0,0,0
I_11_0129024139429,172.6,1,2022/10/18 09:45:00,29.39,21.14,68.0,59,0,50,8,1,0,0,0,0,0,0,0
I_11_0129024139429,172.6,1,2022/10/18 10:00:00,29.33,21.18,82.0,73,0,64,9,0,0,0,0,0,0,0,0
I_11_0129024139429,172.6,1,2022/10/18 10:15:00,29.51,21.05,88.0,76,0,64,6,6,0,0,0,0,0,0,0
I_11_0129024139429,172.6,1,2022/10/18 10:30:00,29.58,21.00,64.0,61,0,58,3,0,0,0,0,0,0,0,0
I_11_0129024139429,172.6,1,2022/10/18 10:45:00,29.32,21.19,80.0,75,0,70,0,5,0,0,0,0,0,0,0
I_11_0129024139429,172.6,1,2022/10/18 11:00:00,29.66,20.94,75.0,68,0,61,7,0,0,0,0,0,0,0,0
I_11_0129024139429,172.6,1,2022/10/18 11:15:00,29.67,20.93,85.0,75,0,65,3,7,0,0,0,0,0,0,0
I_11_0129024139429,172.6,1,2022/10/18 11:30:00,29.56,21.02,69.0,66,0,63,1,2,0,0,0,0,0,0,0
I_11_0129024139429,172.6,1,2022/10/18 11:45:00,29.51,21.05,108.0,99,0,90,7,2,0,0,0,0,0,0,0
I_11_0129024139429,172.6,1,2022/10/18 12:00:00,29.36,21.16,79.0,75,0,71,0,4,0,0,0,0,0,0,0
I_11_0129024139429,172.6,1,2022/10/18 12:15:00,29.53,21.04,56.0,55,0,54,0,1,0,0,0,0,0,0,0
I_11_0129024139429,172.6,1,2022/10/18 12:30:00,29.61,20.98,101.0,93,0,85,3,5,0,0,0,0,0,0,0
I_11_0129024139429,172.6,1,2022/10/18 12:45:00,29.46,21.09,63.0,57,0,51,4,2,0,0,0,0,0,0,0
I_11_0129024139429,172.6,1,2022/10/18 13:00:00,29.60,20.99,89.0,76,0,63,7,6,0,0,0,0,0,0,0
I_11_0129024139429,172.6,1,2022/10/18 13:15:00,29.51,21.05,95.0,84,0,73,7,4,0,0,0,0,0,0,0
I_11_0129024139429,172.6,1,2022/10/18 13:30:00,29.31,21.19,70.0,63,0,56,4,3,0,0,0,0,0,0,0
I_11_0129024139429,172.6,1,2022/10/18 13:45:00,29.48,21.07,75.0,73,0,71,1,1,0,0,0,0,0,0,0
I_11_0129024139429,172.6,1,2022/10/18 14:00:00,29.61,20.98,56.0,52,0,48,0,4,0,0,0,0,0,0,0
I_11_0129024139429,172.6,1,2022/10/18 14:15:00,29.46,21.09,82.0,82,0,82,0,0,0,0,0,0,0,0,0
I_11_0129024139429,172.6,1,2022/10/18 14:30:00,29.15,21.31,48.0,45,0,42,0,3,0,0,0,0,0,0,0
I_11_0129024139429,172.6,1,2022/10/18 14:45:00,29.38,21.14,65.0,57,0,49,3,5,0,0,0,0,0,0,0
I_11_0129024139429,172.6,1,2022/10/18 15:00:00,29.52,21.04,107.0,97,0,87,3,7,0,0,0,0,0,0,0
I_11_0129024139429,172.6,1,2022/10/18 15:15:00,29.09,21.36,66.0,56,0,46,4,6,0,0,0,0,0,0,0
I_11_0129024139429,172.6,1,2022/10/18 15:30:00,28.52,21.78,62.0,60,0,58,0,2,0,0,0,0,0,0,0
I_11_0129024139429,172.6,1,2022/10/18 15:45:00,29.01,21.42,74.0,65,0,56,0,9,0,0,0,0,0,0,0
I_11_0129024139429,172.6,1,2022/10/18 16:00:00,29.30,21.20,93.0,86,0,79,6,1,0,0,0,0,0,0,0
I_11_0129024139429,172.6,1,2022/10/18 16:15:00,29.60,20.99,78.0,72,0,66,2,4,0,0,0,0,0,0,0
I_11_0129024139429,172.6,1,2022/10/18 16:30:00,29.41,21.12,93.0,91,0,89,0,2,0,0,0,0,0,0,0
I_11_0129024139429,172.6,1,2022/10/18 16:45:00,29.38,21.14,79.0,71,0,63,4,4,0,0,0,0,0,0,0
I_11_0129024139429,172.6,1,2022/10/18 17:00:00,29.49,21.07,98.0,89,0,80,0,9,0,0,0,0,0,0,0
I_11_0129024139429,172.6,1,2022/10/18 17:15:00,29.53,21.04,52.0,51,0,50,0,1,0,0,0,0,0,0,0
I_11_0129024139429,172.6,1,2022/10/18 17:30:00,29.45,21.09,92.0,85,0,78,3,4,0,0,0,0,0,0,0
I_11_0129024139429,172.6,1,2022/10/18 17:45:00,29.60,20.99,94.0,90,0,86,0,4,0,0,0,0,0,0,0
I_11_0129024139429,172.6,1,2022/10/18 18:00:00,29.56,21.01,88.0,85,0,82,1,2,0,0,0,0,0,0,0
I_11_0129024139429,172.6,1,2022/10/18 18:15:00,29.51,21.05,68.0,58,0,48,3,7,0,0,0,0,0,0,0
I_11_0129024139429,172.6,1,2022/10/18 18:30:00,29.55,21.02,56.0,51,0,46,2,3,0,0,0,0,0,0,0
I_11_0129024139429,172.6,1,2022/10/18 18:45:00,29.55,21.02,48.0,45,0,42,2,1,0,0,0,0,0,0,0
I_11_0129024139444,339.7,1,2022/10/18 06:30:00,49.57,24.67,21.0,15,0,9,0,6,0,0,0,0,0,0,0
I_11_0129024139444,339.7,1,2022/10/18 06:45:00,49.91,24.50,19.0,16,0,13,0,3,0,0,0,0,0,0,0
I_11_0129024139444,339.7,1,2022/10/18 07:00:00,49.50,24.70,50.0,44,0,38,0,6,0,0,0,0,0,0,0
I_11_0129024139444,339.7,1,2022/10/18 07:15:00,49.67,24.62,58.0,50,0,42,1,7,0,0,0,0,0,0,0
I_11_0129024139444,339.7,1,2022/10/18 07:30:00,49.66,24.62,42.0,37,0,32,0,5,0,0,0,0,0,0,0
I_11_0129024139444,339.7,1,2022/10/18 07:45:00,49.95,24.48,79.0,73,0,67,0,6,0,0,0,0,0,0,0
I_11_0129024139444,339.7,1,2022/10/18 08:00:00,49.77,24.57,107.0,102,0,97,0,5,0,0,0,0,0,0,0
I_11_0129024139444,339.7,1,2022/10/18 08:15:00,49.93,24.49,60.0,57,0,54,1,2,0,0,0,0,0,0,0
I_11_0129024139444,339.7,1,2022/10/18 08:30:00,49.83,24.54,59.0,50,0,41,2,7,0,0,0,0,0,0,0
I_11_0129024139444,339.7,1,2022/10/18 08:45:00,49.93,24.49,58.0,51,0,44,0,7,0,0,0,0,0,0,0
I_11_0129024139444,339.7,1,2022/10/18 09:00:00,49.89,24.51,101.0,88,0,75,4,9,0,0,0,0,0,0,0
I_11_0129024139444,339.7,1,2022/10/18 09:15:00,49.82,24.55,53.0,44,0,35,5,4,0,0,0,0,0,0,0
I_11_0129024139444,339.7,1,2022/10/18 09:30:00,49.93,24.49,68.0,51,0,34,8,9,0,0,0,0,0,0,0
I_11_0129024139444,339.7,1,2022/10/18 09:45:00,49.91,24.50,92.0,76,0,60,7,9,0,0,0,0,0,0,0
I_11_0129024139444,339.7,1,2022/10/18 10:00:00,49.60,24.65,57.0,49,0,41,2,6,0,0,0,0,0,0,0
I_11_0129024139444,339.7,1,2022/10/18 10:15:00,49.72,24.60,47.0,42,0,37,3,2,0,0,0,0,0,0,0
I_11_0129024139444,339.7,1,2022/10/18 10:30:00,49.86,24.52,59.0,40,0,21,10,9,0,0,0,0,0,0,0
I_11_0129024139444,339.7,1,2022/10/18 10:45:00,49.76,24.57,44.0,35,0,26,3,6,0,0,0,0,0,0,0
I_11_0129024139444,339.7,1,2022/10/18 11:00:00,49.87,24.52,63.0,54,0,45,5,4,0,0,0,0,0,0,0
I_11_0129024139444,339.7,1,2022/10/18 11:15:00,49.74,24.59,76.0,70,0,64,5,1,0,0,0,0,0,0,0
I_11_0129024139444,339.7,1,2022/10/18 11:30:00,49.81,24.55,65.0,53,0,41,3,9,0,0,0,0,0,0,0
I_11_0129024139444,339.7,1,2022/10/18 11:45:00,49.76,24.57,64.0,54,0,44,10,0,0,0,0,0,0,0,0
I_11_0129024139444,339.7,1,2022/10/18 12:00:00,49.72,24.59,62.0,54,0,46,0,8,0,0,0,0,0,0,0
I_11_0129024139444,339.7,1,2022/10/18 12:15:00,49.83,24.54,91.0,85,0,79,0,6,0,0,0,0,0,0,0
I_11_0129024139444,339.7,1,2022/10/18 12:30:00,49.84,24.54,75.0,71,0,67,0,4,0,0,0,0,0,0,0
I_11_0129024139444,339.7,1,2022/10/18 12:45:00,49.93,24.49,58.0,55,0,52,0,3,0,0,0,0,0,0,0
I_11_0129024139444,339.7,1,2022/10/18 13:00:00,49.88,24.52,65.0,60,0,55,0,5,0,0,0,0,0,0,0
I_11_0129024139444,339.7,1,2022/10/18 13:15:00,49.75,24.58,56.0,50,0,44,1,5,0,0,0,0,0,0,0
I_11_0129024139444,339.7,1,2022/10/18 13:30:00,49.67,24.62,57.0,47,0,37,3,7,0,0,0,0,0,0,0
I_11_0129024139444,339.7,1,2022/10/18 13:45:00,49.72,24.59,61.0,49,0,37,7,5,0,0,0,0,0,0,0
I_11_0129024139444,339.7,1,2022/10/18 14:00:00,49.63,24.64,64.0,55,0,46,0,9,0,0,0,0,0,0,0
I_11_0129024139444,339.7,1,2022/10/18 14:15:00,49.88,24.51,93.0,82,0,71,6,5,0,0,0,0,0,0,0
I_11_0129024139444,339.7,1,2022/10/18 14:30:00,49.82,24.54,80.0,68,0,56,4,8,0,0,0,0,0,0,0
I_11_0129024139444,339.7,1,2022/10/18 14:45:00,49.60,24.65,64.0,55,0,46,1,8,0,0,0,0,0,0,0
I_11_0129024139444,339.7,1,2022/10/18 15:00:00,49.82,24.55,79.0,66,0,53,7,6,0,0,0,0,0,0,0
I_11_0129024139444,339.7,1,2022/10/18 15:15:00,49.93,24.49,65.0,61,0,57,2,2,0,0,0,0,0,0,0
I_11_0129024139444,339.7,1,2022/10/18 15:30:00,49.94,24.49,81.0,74,0,67,5,2,0,0,0,0,0,0,0
I_11_0129024139444,339.7,1,2022/10/18 15:45:00,49.83,24.54,83.0,74,0,65,3,6,0,0,0,0,0,0,0
I_11_0129024139444,339.7,1,2022/10/18 16:00:00,49.91,24.50,76.0,64,0,52,8,4,0,0,0,0,0,0,0
I_11_0129024139444,339.7,1,2022/10/18 16:15:00,49.91,24.50,37.0,34,0,31,1,2,0,0,0,0,0,0,0
I_11_0129024139444,339.7,1,2022/10/18 16:30:00,50.10,24.41,34.0,27,0,20,0,7,0,0,0,0,0,0,0
I_11_0129024139444,339.7,1,2022/10/18 16:45:00,49.88,24.51,35.0,35,0,35,0,0,0,0,0,0,0,0,0
I_11_0129024139444,339.7,1,2022/10/18 17:00:00,49.80,24.56,52.0,45,0,38,2,5,0,0,0,0,0,0,0
I_11_0129024139444,339.7,1,2022/10/18 17:15:00,49.83,24.54,81.0,74,0,67,1,6,0,0,0,0,0,0,0
I_11_0129024139444,339.7,1,2022/10/18 17:30:00,49.70,24.60,91.0,83,0,75,2,6,0,0,0,0,0,0,0
I_11_0129024139444,339.7,1,2022/10/18 17:45:00,49.80,24.56,77.0,72,0,67,0,5,0,0,0,0,0,0,0
I_11_0129024139444,339.7,1,2022/10/18 18:00:00,49.72,24.60,95.0,84,0,73,0,11,0,0,0,0,0,0,0
I_11_0129024139444,339.7,1,2022/10/18 18:15:00,49.92,24.49,87.0,81,0,75,2,4,0,0,0,0,0,0,0
I_11_0129024139444,339.7,1,2022/10/18 18:30:00,49.74,24.58,62.0,55,0,48,1,6,0,0,0,0,0,0,0
I_11_0129024139444,339.7,1,2022/10/18 18:45:00,49.71,24.60,81.0,70,0,59,4,7,0,0,0,0,0,0,0
I_11_0129024146232,339.2,1,2022/10/18 06:30:00,29.96,40.76,72.0,66,0,60,3,3,0,0,0,0,0,0,0
I_11_0129024146232,339.2,1,2022/10/18 06:45:00,29.99,40.72,65.0,60,0,55,3,2,0,0,0,0,0,0,0
I_11_0129024146232,339.2,1,2022/10/18 07:00:00,30.00,40.71,69.0,66,0,63,2,1,0,0,0,0,0,0,0
I_11_0129024146232,339.2,1,2022/10/18 07:15:00,30.01,40.69,86.0,78,0,70,1,7,0,0,0,0,0,0,0
I_11_0129024146232,339.2,1,2022/10/18 07:30:00,29.97,40.75,92.0,87,0,82,4,1,0,0,0,0,0,0,0
I_11_0129024146232,339.2,1,2022/10/18 07:45:00,29.99,40.72,91.0,88,0,85,0,3,0,0,0,0,0,0,0
I_11_0129024146232,339.2,1,2022/10/18 08:00:00,30.02,40.68,74.0,63,0,52,2,9,0,0,0,0,0,0,0
I_11_0129024146232,339.2,1,2022/10/18 08:15:00,29.88,40.86,117.0,111,0,105,2,4,0,0,0,0,0,0,0
I_11_0129024146232,339.2,1,2022/10/18 08:30:00,29.94,40.78,92.0,88,0,84,1,3,0,0,0,0,0,0,0
I_11_0129024146232,339.2,1,2022/10/18 08:45:00,30.02,40.68,63.0,57,0,51,4,2,0,0,0,0,0,0,0
I_11_0129024146232,339.2,1,2022/10/18 09:00:00,29.98,40.73,85.0,70,0,55,11,4,0,0,0,0,0,0,0
I_11_0129024146232,339.2,1,2022/10/18 09:15:00,29.97,40.75,68.0,61,0,54,5,2,0,0,0,0,0,0,0
I_11_0129024146232,339.2,1,2022/10/18 09:30:00,30.02,40.69,62.0,54,0,46,2,6,0,0,0,0,0,0,0
I_11_0129024146232,339.2,1,2022/10/18 09:45:00,30.00,40.71,73.0,62,0,51,8,3,0,0,0,0,0,0,0
I_11_0129024146232,339.2,1,2022/10/18 10:00:00,29.98,40.74,82.0,73,0,64,9,0,0,0,0,0,0,0,0
I_11_0129024146232,339.2,1,2022/10/18 10:15:00,29.94,40.79,88.0,76,0,64,6,6,0,0,0,0,0,0,0
I_11_0129024146232,339.2,1,2022/10/18 10:30:00,30.03,40.67,68.0,63,0,58,3,2,0,0,0,0,0,0,0
I_11_0129024146232,339.2,1,2022/10/18 10:45:00,30.00,40.71,81.0,76,0,71,0,5,0,0,0,0,0,0,0
I_11_0129024146232,339.2,1,2022/10/18 11:00:00,29.95,40.78,74.0,67,0,60,7,0,0,0,0,0,0,0,0
I_11_0129024146232,339.2,1,2022/10/18 11:15:00,29.98,40.73,85.0,75,0,65,3,7,0,0,0,0,0,0,0
I_11_0129024146232,339.2,1,2022/10/18 11:30:00,29.97,40.75,71.0,67,0,63,1,3,0,0,0,0,0,0,0
I_11_0129024146232,339.2,1,2022/10/18 11:45:00,29.95,40.77,105.0,95,0,85,7,3,0,0,0,0,0,0,0
I_11_0129024146232,339.2,1,2022/10/18 12:00:00,29.90,40.85,82.0,78,0,74,0,4,0,0,0,0,0,0,0
I_11_0129024146232,339.2,1,2022/10/18 12:15:00,29.98,40.74,57.0,57,0,57,0,0,0,0,0,0,0,0,0
I_11_0129024146232,339.2,1,2022/10/18 12:30:00,29.97,40.75,101.0,93,0,85,3,5,0,0,0,0,0,0,0
I_11_0129024146232,339.2,1,2022/10/18 12:45:00,30.00,40.71,67.0,59,0,51,4,4,0,0,0,0,0,0,0
I_11_0129024146232,339.2,1,2022/10/18 13:00:00,29.91,40.82,86.0,74,0,62,7,5,0,0,0,0,0,0,0
I_11_0129024146232,339.2,1,2022/10/18 13:15:00,29.97,40.75,102.0,88,0,74,7,7,0,0,0,0,0,0,0
I_11_0129024146232,339.2,1,2022/10/18 13:30:00,29.97,40.75,71.0,64,0,57,4,3,0,0,0,0,0,0,0
I_11_0129024146232,339.2,1,2022/10/18 13:45:00,29.88,40.88,75.0,72,0,69,1,2,0,0,0,0,0,0,0
I_11_0129024146232,339.2,1,2022/10/18 14:00:00,30.00,40.71,55.0,51,0,47,0,4,0,0,0,0,0,0,0
I_11_0129024146232,339.2,1,2022/10/18 14:15:00,30.00,40.71,85.0,85,0,85,0,0,0,0,0,0,0,0,0
I_11_0129024146232,339.2,1,2022/10/18 14:30:00,30.02,40.68,44.0,41,0,38,0,3,0,0,0,0,0,0,0
I_11_0129024146232,339.2,1,2022/10/18 14:45:00,29.92,40.82,67.0,60,0,53,1,6,0,0,0,0,0,0,0
I_11_0129024146232,339.2,1,2022/10/18 15:00:00,29.98,40.73,106.0,94,0,82,5,7,0,0,0,0,0,0,0
I_11_0129024146232,339.2,1,2022/10/18 15:15:00,29.95,40.78,70.0,59,0,48,4,7,0,0,0,0,0,0,0
I_11_0129024146232,339.2,1,2022/10/18 15:30:00,30.00,40.71,60.0,58,0,56,0,2,0,0,0,0,0,0,0
I_11_0129024146232,339.2,1,2022/10/18 15:45:00,29.97,40.74,81.0,70,0,59,0,11,0,0,0,0,0,0,0
I_11_0129024146232,339.2,1,2022/10/18 16:00:00,30.03,40.67,89.0,82,0,75,6,1,0,0,0,0,0,0,0
I_11_0129024146232,339.2,1,2022/10/18 16:15:00,29.99,40.72,80.0,75,0,70,2,3,0,0,0,0,0,0,0
I_11_0129024146232,339.2,1,2022/10/18 16:30:00,29.98,40.74,95.0,91,0,87,0,4,0,0,0,0,0,0,0
I_11_0129024146232,339.2,1,2022/10/18 16:45:00,29.97,40.75,79.0,71,0,63,4,4,0,0,0,0,0,0,0
I_11_0129024146232,339.2,1,2022/10/18 17:00:00,29.99,40.72,102.0,92,0,82,0,10,0,0,0,0,0,0,0
I_11_0129024146232,339.2,1,2022/10/18 17:15:00,29.99,40.72,52.0,50,0,48,0,2,0,0,0,0,0,0,0
I_11_0129024146232,339.2,1,2022/10/18 17:30:00,29.88,40.87,90.0,83,0,76,3,4,0,0,0,0,0,0,0
I_11_0129024146232,339.2,1,2022/10/18 17:45:00,29.99,40.72,100.0,95,0,90,0,5,0,0,0,0,0,0,0
I_11_0129024146232,339.2,1,2022/10/18 18:00:00,29.97,40.74,84.0,82,0,80,1,1,0,0,0,0,0,0,0
I_11_0129024146232,339.2,1,2022/10/18 18:15:00,29.94,40.79,69.0,58,0,47,3,8,0,0,0,0,0,0,0
I_11_0129024146232,339.2,1,2022/10/18 18:30:00,30.02,40.69,59.0,54,0,49,2,3,0,0,0,0,0,0,0
I_11_0129024146232,339.2,1,2022/10/18 18:45:00,30.04,40.66,48.0,44,0,40,2,2,0,0,0,0,0,0,0
I_11_0129024146246,161.8,1,2022/10/18 06:30:00,48.00,12.13,21.0,15,0,9,0,6,0,0,0,0,0,0,0
I_11_0129024146246,161.8,1,2022/10/18 06:45:00,49.04,11.88,19.0,16,0,13,0,3,0,0,0,0,0,0,0
I_11_0129024146246,161.8,1,2022/10/18 07:00:00,50.15,11.61,50.0,44,0,38,0,6,0,0,0,0,0,0,0
I_11_0129024146246,161.8,1,2022/10/18 07:15:00,48.13,12.10,58.0,50,0,42,1,7,0,0,0,0,0,0,0
I_11_0129024146246,161.8,1,2022/10/18 07:30:00,48.75,11.95,42.0,37,0,32,0,5,0,0,0,0,0,0,0
I_11_0129024146246,161.8,1,2022/10/18 07:45:00,47.02,12.39,89.0,83,0,77,0,6,0,0,0,0,0,0,0
I_11_0129024146246,161.8,1,2022/10/18 08:00:00,47.56,12.24,105.0,98,0,91,0,7,0,0,0,0,0,0,0
I_11_0129024146246,161.8,1,2022/10/18 08:15:00,47.65,12.22,58.0,54,0,50,1,3,0,0,0,0,0,0,0
I_11_0129024146246,161.8,1,2022/10/18 08:30:00,45.82,12.71,61.0,52,0,43,2,7,0,0,0,0,0,0,0
I_11_0129024146246,161.8,1,2022/10/18 08:45:00,46.46,12.54,66.0,56,0,46,0,10,0,0,0,0,0,0,0
I_11_0129024146246,161.8,1,2022/10/18 09:00:00,46.91,12.42,103.0,89,0,75,4,10,0,0,0,0,0,0,0
I_11_0129024146246,161.8,1,2022/10/18 09:15:00,47.50,12.26,53.0,42,0,31,5,6,0,0,0,0,0,0,0
I_11_0129024146246,161.8,1,2022/10/18 09:30:00,46.77,12.45,71.0,53,0,35,8,10,0,0,0,0,0,0,0
I_11_0129024146246,161.8,1,2022/10/18 09:45:00,47.09,12.37,93.0,76,0,59,7,10,0,0,0,0,0,0,0
I_11_0129024146246,161.8,1,2022/10/18 10:00:00,46.59,12.50,62.0,52,0,42,2,8,0,0,0,0,0,0,0
I_11_0129024146246,161.8,1,2022/10/18 10:15:00,47.68,12.21,48.0,42,0,36,3,3,0,0,0,0,0,0,0
I_11_0129024146246,161.8,1,2022/10/18 10:30:00,46.59,12.50,61.0,42,0,23,10,9,0,0,0,0,0,0,0
I_11_0129024146246,161.8,1,2022/10/18 10:45:00,48.88,11.91,46.0,35,0,24,3,8,0,0,0,0,0,0,0
I_11_0129024146246,161.8,1,2022/10/18 11:00:00,47.11,12.36,64.0,55,0,46,5,4,0,0,0,0,0,0,0
I_11_0129024146246,161.8,1,2022/10/18 11:15:00,46.52,12.52,83.0,77,0,71,5,1,0,0,0,0,0,0,0
I_11_0129024146246,161.8,1,2022/10/18 11:30:00,46.55,12.51,61.0,47,0,33,3,10,1,0,0,0,0,0,0
I_11_0129024146246,161.8,1,2022/10/18 11:45:00,47.24,12.33,65.0,55,0,45,10,0,0,0,0,0,0,0,0
I_11_0129024146246,161.8,1,2022/10/18 12:00:00,48.23,12.08,61.0,53,0,45,0,8,0,0,0,0,0,0,0
I_11_0129024146246,161.8,1,2022/10/18 12:15:00,47.49,12.26,93.0,87,0,81,0,6,0,0,0,0,0,0,0
I_11_0129024146246,161.8,1,2022/10/18 12:30:00,47.47,12.27,76.0,71,0,66,0,5,0,0,0,0,0,0,0
I_11_0129024146246,161.8,1,2022/10/18 12:45:00,45.47,12.81,60.0,57,0,54,0,3,0,0,0,0,0,0,0
I_11_0129024146246,161.8,1,2022/10/18 13:00:00,47.11,12.36,63.0,58,0,53,0,5,0,0,0,0,0,0,0
I_11_0129024146246,161.8,1,2022/10/18 13:15:00,46.55,12.51,55.0,49,0,43,1,5,0,0,0,0,0,0,0
I_11_0129024146246,161.8,1,2022/10/18 13:30:00,46.33,12.57,61.0,49,0,37,3,9,0,0,0,0,0,0,0
I_11_0129024146246,161.8,1,2022/10/18 13:45:00,46.86,12.43,60.0,49,0,38,7,4,0,0,0,0,0,0,0
I_11_0129024146246,161.8,1,2022/10/18 14:00:00,46.97,12.40,65.0,55,0,45,0,10,0,0,0,0,0,0,0
I_11_0129024146246,161.8,1,2022/10/18 14:15:00,46.43,12.54,93.0,83,0,73,6,4,0,0,0,0,0,0,0
I_11_0129024146246,161.8,1,2022/10/18 14:30:00,46.37,12.56,81.0,68,0,55,4,9,0,0,0,0,0,0,0
I_11_0129024146246,161.8,1,2022/10/18 14:45:00,47.08,12.37,63.0,54,0,45,1,8,0,0,0,0,0,0,0
I_11_0129024146246,161.8,1,2022/10/18 15:00:00,47.44,12.28,82.0,69,0,56,7,6,0,0,0,0,0,0,0
I_11_0129024146246,161.8,1,2022/10/18 15:15:00,46.62,12.49,68.0,63,0,58,2,3,0,0,0,0,0,0,0
I_11_0129024146246,161.8,1,2022/10/18 15:30:00,46.70,12.47,77.0,70,0,63,5,2,0,0,0,0,0,0,0
I_11_0129024146246,161.8,1,2022/10/18 15:45:00,46.57,12.51,90.0,81,0,72,3,6,0,0,0,0,0,0,0
I_11_0129024146246,161.8,1,2022/10/18 16:00:00,46.95,12.40,69.0,57,0,45,8,4,0,0,0,0,0,0,0
I_11_0129024146246,161.8,1,2022/10/18 16:15:00,49.50,11.76,37.0,34,0,31,1,2,0,0,0,0,0,0,0
I_11_0129024146246,161.8,1,2022/10/18 16:30:00,47.68,12.21,36.0,28,0,20,0,8,0,0,0,0,0,0,0
I_11_0129024146246,161.8,1,2022/10/18 16:45:00,46.33,12.57,35.0,35,0,35,0,0,0,0,0,0,0,0,0
I_11_0129024146246,161.8,1,2022/10/18 17:00:00,46.08,12.64,58.0,50,0,42,2,6,0,0,0,0,0,0,0
I_11_0129024146246,161.8,1,2022/10/18 17:15:00,46.59,12.50,80.0,72,0,64,1,7,0,0,0,0,0,0,0
I_11_0129024146246,161.8,1,2022/10/18 17:30:00,46.61,12.49,98.0,87,0,76,2,9,0,0,0,0,0,0,0
I_11_0129024146246,161.8,1,2022/10/18 17:45:00,47.37,12.30,77.0,71,0,65,0,6,0,0,0,0,0,0,0
I_11_0129024146246,161.8,1,2022/10/18 18:00:00,46.53,12.52,103.0,91,0,79,0,12,0,0,0,0,0,0,0
I_11_0129024146246,161.8,1,2022/10/18 18:15:00,47.58,12.24,87.0,79,0,71,2,6,0,0,0,0,0,0,0
I_11_0129024146246,161.8,1,2022/10/18 18:30:00,47.06,12.38,64.0,56,0,48,1,7,0,0,0,0,0,0,0
I_11_0129024146246,161.8,1,2022/10/18 18:45:00,47.63,12.23,82.0,70,0,58,4,8,0,0,0,0,0,0,0
I_11_0804143920985,118.2,1,2022/10/18 06:30:00,19.35,22.00,3.0,2,0,1,1,0,0,0,0,0,0,0,0
I_11_0804143920985,118.2,1,2022/10/18 06:45:00,19.86,21.43,14.0,14,0,14,0,0,0,0,0,0,0,0,0
I_11_0804143920985,118.2,1,2022/10/18 07:00:00,19.90,21.39,18.0,18,0,18,0,0,0,0,0,0,0,0,0
I_11_0804143920985,118.2,1,2022/10/18 07:15:00,19.60,21.72,35.0,32,0,29,3,0,0,0,0,0,0,0,0
I_11_0804143920985,118.2,1,2022/10/18 07:30:00,19.85,21.44,27.0,27,0,27,0,0,0,0,0,0,0,0,0
I_11_0804143920985,118.2,1,2022/10/18 07:45:00,19.77,21.53,19.0,19,0,19,0,0,0,0,0,0,0,0,0
I_11_0804143920985,118.2,1,2022/10/18 08:00:00,20.05,21.23,13.0,13,0,13,0,0,0,0,0,0,0,0,0
I_11_0804143920985,118.2,1,2022/10/18 08:15:00,20.15,21.12,25.0,25,0,25,0,0,0,0,0,0,0,0,0
I_11_0804143920985,118.2,1,2022/10/18 08:30:00,19.58,21.74,21.0,19,0,17,2,0,0,0,0,0,0,0,0
I_11_0804143920985,118.2,1,2022/10/18 08:45:00,20.06,21.21,15.0,14,0,13,1,0,0,0,0,0,0,0,0
I_11_0804143920985,118.2,1,2022/10/18 09:00:00,19.88,21.41,25.0,22,0,19,3,0,0,0,0,0,0,0,0
I_11_0804143920985,118.2,1,2022/10/18 09:15:00,19.95,21.33,10.0,9,0,8,1,0,0,0,0,0,0,0,0
I_11_0804143920985,118.2,1,2022/10/18 09:30:00,19.68,21.62,26.0,24,0,22,2,0,0,0,0,0,0,0,0
I_11_0804143920985,118.2,1,2022/10/18 09:45:00,19.95,21.33,18.0,18,0,18,0,0,0,0,0,0,0,0,0
I_11_0804143920985,118.2,1,2022/10/18 10:00:00,19.78,21.52,32.0,31,0,30,1,0,0,0,0,0,0,0,0
I_11_0804143920985,118.2,1,2022/10/18 10:15:00,20.11,21.17,18.0,18,0,18,0,0,0,0,0,0,0,0,0
I_11_0804143920985,118.2,1,2022/10/18 10:30:00,19.69,21.62,26.0,26,0,26,0,0,0,0,0,0,0,0,0
I_11_0804143920985,118.2,1,2022/10/18 10:45:00,19.99,21.29,31.0,31,0,31,0,0,0,0,0,0,0,0,0
I_11_0804143920985,118.2,1,2022/10/18 11:00:00,19.62,21.69,33.0,29,0,25,4,0,0,0,0,0,0,0,0
I_11_0804143920985,118.2,1,2022/10/18 11:15:00,19.44,21.90,29.0,29,0,29,0,0,0,0,0,0,0,0,0
I_11_0804143920985,118.2,1,2022/10/18 11:30:00,19.87,21.42,24.0,24,0,24,0,0,0,0,0,0,0,0,0
I_11_0804143920985,118.2,1,2022/10/18 11:45:00,19.54,21.78,23.0,23,0,23,0,0,0,0,0,0,0,0,0
I_11_0804143920985,118.2,1,2022/10/18 12:00:00,19.61,21.70,34.0,30,0,26,4,0,0,0,0,0,0,0,0
I_11_0804143920985,118.2,1,2022/10/18 12:15:00,19.96,21.32,25.0,25,0,25,0,0,0,0,0,0,0,0,0
I_11_0804143920985,118.2,1,2022/10/18 12:30:00,20.10,21.18,17.0,17,0,17,0,0,0,0,0,0,0,0,0
I_11_0804143920985,118.2,1,2022/10/18 12:45:00,19.78,21.52,27.0,25,0,23,2,0,0,0,0,0,0,0,0
I_11_0804143920985,118.2,1,2022/10/18 13:00:00,19.62,21.70,33.0,33,0,33,0,0,0,0,0,0,0,0,0
I_11_0804143920985,118.2,1,2022/10/18 13:15:00,19.91,21.38,32.0,32,0,32,0,0,0,0,0,0,0,0,0
I_11_0804143920985,118.2,1,2022/10/18 13:30:00,19.64,21.67,24.0,24,0,24,0,0,0,0,0,0,0,0,0
I_11_0804143920985,118.2,1,2022/10/18 13:45:00,19.56,21.76,25.0,25,0,25,0,0,0,0,0,0,0,0,0
I_11_0804143920985,118.2,1,2022/10/18 14:00:00,19.80,21.50,24.0,24,0,24,0,0,0,0,0,0,0,0,0
I_11_0804143920985,118.2,1,2022/10/18 14:15:00,19.51,21.82,28.0,28,0,28,0,0,0,0,0,0,0,0,0
I_11_0804143920985,118.2,1,2022/10/18 14:30:00,19.82,21.47,19.0,19,0,19,0,0,0,0,0,0,0,0,0
I_11_0804143920985,118.2,1,2022/10/18 14:45:00,19.45,21.88,25.0,25,0,25,0,0,0,0,0,0,0,0,0
I_11_0804143920985,118.2,1,2022/10/18 15:00:00,19.75,21.55,31.0,31,0,31,0,0,0,0,0,0,0,0,0
I_11_0804143920985,118.2,1,2022/10/18 15:15:00,19.91,21.38,24.0,24,0,24,0,0,0,0,0,0,0,0,0
I_11_0804143920985,118.2,1,2022/10/18 15:30:00,19.76,21.54,25.0,24,0,23,1,0,0,0,0,0,0,0,0
I_11_0804143920985,118.2,1,2022/10/18 15:45:00,19.82,21.47,19.0,19,0,19,0,0,0,0,0,0,0,0,0
I_11_0804143920985,118.2,1,2022/10/18 16:00:00,19.66,21.65,28.0,26,0,24,2,0,0,0,0,0,0,0,0
I_11_0804143920985,118.2,1,2022/10/18 16:15:00,19.70,21.61,23.0,23,0,23,0,0,0,0,0,0,0,0,0
I_11_0804143920985,118.2,1,2022/10/18 16:30:00,19.74,21.57,23.0,23,0,23,0,0,0,0,0,0,0,0,0
I_11_0804143920985,118.2,1,2022/10/18 16:45:00,19.23,22.14,38.0,37,0,36,1,0,0,0,0,0,0,0,0
I_11_0804143920985,118.2,1,2022/10/18 17:00:00,19.71,21.60,27.0,25,0,23,2,0,0,0,0,0,0,0,0
I_11_0804143920985,118.2,1,2022/10/18 17:15:00,19.64,21.67,24.0,24,0,24,0,0,0,0,0,0,0,0,0
I_11_0804143920985,118.2,1,2022/10/18 17:30:00,19.77,21.53,15.0,15,0,15,0,0,0,0,0,0,0,0,0
I_11_0804143920985,118.2,1,2022/10/18 17:45:00,19.58,21.73,15.0,15,0,15,0,0,0,0,0,0,0,0,0
I_11_0804143920985,118.2,1,2022/10/18 18:00:00,19.45,21.89,36.0,36,0,36,0,0,0,0,0,0,0,0,0
I_11_0804143920985,118.2,1,2022/10/18 18:15:00,19.52,21.80,5.0,5,0,5,0,0,0,0,0,0,0,0,0
I_11_0804143920985,118.2,1,2022/10/18 18:30:00,19.83,21.46,30.0,28,0,26,2,0,0,0,0,0,0,0,0
I_11_0804143920985,118.2,1,2022/10/18 18:45:00,19.73,21.57,7.0,7,0,7,0,0,0,0,0,0,0,0,0
I_11_0804143921001,119.1,1,2022/10/18 06:30:00,-1.00,-1.00,0.0,0,0,0,0,0,0,0,0,0,0,0,0
I_11_0804143921001,119.1,1,2022/10/18 06:45:00,-1.00,-1.00,0.0,0,0,0,0,0,0,0,0,0,0,0,0
I_11_0804143921001,119.1,1,2022/10/18 07:00:00,-1.00,-1.00,0.0,0,0,0,0,0,0,0,0,0,0,0,0
I_11_0804143921001,119.1,1,2022/10/18 07:15:00,-1.00,-1.00,0.0,0,0,0,0,0,0,0,0,0,0,0,0
I_11_0804143921001,119.1,1,2022/10/18 07:30:00,-1.00,-1.00,0.0,0,0,0,0,0,0,0,0,0,0,0,0
I_11_0804143921001,119.1,1,2022/10/18 07:45:00,-1.00,-1.00,0.0,0,0,0,0,0,0,0,0,0,0,0,0
I_11_0804143921001,119.1,1,2022/10/18 08:00:00,-1.00,-1.00,0.0,0,0,0,0,0,0,0,0,0,0,0,0
I_11_0804143921001,119.1,1,2022/10/18 08:15:00,-1.00,-1.00,0.0,0,0,0,0,0,0,0,0,0,0,0,0
I_11_0804143921001,119.1,1,2022/10/18 08:30:00,-1.00,-1.00,0.0,0,0,0,0,0,0,0,0,0,0,0,0
I_11_0804143921001,119.1,1,2022/10/18 08:45:00,-1.00,-1.00,0.0,0,0,0,0,0,0,0,0,0,0,0,0
I_11_0804143921001,119.1,1,2022/10/18 09:00:00,-1.00,-1.00,0.0,0,0,0,0,0,0,0,0,0,0,0,0
I_11_0804143921001,119.1,1,2022/10/18 09:15:00,-1.00,-1.00,0.0,0,0,0,0,0,0,0,0,0,0,0,0
I_11_0804143921001,119.1,1,2022/10/18 09:30:00,-1.00,-1.00,0.0,0,0,0,0,0,0,0,0,0,0,0,0
I_11_0804143921001,119.1,1,2022/10/18 09:45:00,-1.00,-1.00,0.0,0,0,0,0,0,0,0,0,0,0,0,0
I_11_0804143921001,119.1,1,2022/10/18 10:00:00,-1.00,-1.00,0.0,0,0,0,0,0,0,0,0,0,0,0,0
I_11_0804143921001,119.1,1,2022/10/18 10:15:00,-1.00,-1.00,0.0,0,0,0,0,0,0,0,0,0,0,0,0
I_11_0804143921001,119.1,1,2022/10/18 10:30:00,-1.00,-1.00,0.0,0,0,0,0,0,0,0,0,0,0,0,0
I_11_0804143921001,119.1,1,2022/10/18 10:45:00,-1.00,-1.00,0.0,0,0,0,0,0,0,0,0,0,0,0,0
I_11_0804143921001,119.1,1,2022/10/18 11:00:00,-1.00,-1.00,0.0,0,0,0,0,0,0,0,0,0,0,0,0
I_11_0804143921001,119.1,1,2022/10/18 11:15:00,-1.00,-1.00,0.0,0,0,0,0,0,0,0,0,0,0,0,0
I_11_0804143921001,119.1,1,2022/10/18 11:30:00,-1.00,-1.00,0.0,0,0,0,0,0,0,0,0,0,0,0,0
I_11_0804143921001,119.1,1,2022/10/18 11:45:00,-1.00,-1.00,0.0,0,0,0,0,0,0,0,0,0,0,0,0
I_11_0804143921001,119.1,1,2022/10/18 12:00:00,-1.00,-1.00,0.0,0,0,0,0,0,0,0,0,0,0,0,0
I_11_0804143921001,119.1,1,2022/10/18 12:15:00,-1.00,-1.00,0.0,0,0,0,0,0,0,0,0,0,0,0,0
I_11_0804143921001,119.1,1,2022/10/18 12:30:00,-1.00,-1.00,0.0,0,0,0,0,0,0,0,0,0,0,0,0
I_11_0804143921001,119.1,1,2022/10/18 12:45:00,-1.00,-1.00,0.0,0,0,0,0,0,0,0,0,0,0,0,0
I_11_0804143921001,119.1,1,2022/10/18 13:00:00,-1.00,-1.00,0.0,0,0,0,0,0,0,0,0,0,0,0,0
I_11_0804143921001,119.1,1,2022/10/18 13:15:00,-1.00,-1.00,0.0,0,0,0,0,0,0,0,0,0,0,0,0
I_11_0804143921001,119.1,1,2022/10/18 13:30:00,-1.00,-1.00,0.0,0,0,0,0,0,0,0,0,0,0,0,0
I_11_0804143921001,119.1,1,2022/10/18 13:45:00,-1.00,-1.00,0.0,0,0,0,0,0,0,0,0,0,0,0,0
I_11_0804143921001,119.1,1,2022/10/18 14:00:00,-1.00,-1.00,0.0,0,0,0,0,0,0,0,0,0,0,0,0
I_11_0804143921001,119.1,1,2022/10/18 14:15:00,-1.00,-1.00,0.0,0,0,0,0,0,0,0,0,0,0,0,0
I_11_0804143921001,119.1,1,2022/10/18 14:30:00,-1.00,-1.00,0.0,0,0,0,0,0,0,0,0,0,0,0,0
I_11_0804143921001,119.1,1,2022/10/18 14:45:00,-1.00,-1.00,0.0,0,0,0,0,0,0,0,0,0,0,0,0
I_11_0804143921001,119.1,1,2022/10/18 15:00:00,-1.00,-1.00,0.0,0,0,0,0,0,0,0,0,0,0,0,0
I_11_0804143921001,119.1,1,2022/10/18 15:15:00,-1.00,-1.00,0.0,0,0,0,0,0,0,0,0,0,0,0,0
I_11_0804143921001,119.1,1,2022/10/18 15:30:00,-1.00,-1.00,0.0,0,0,0,0,0,0,0,0,0,0,0,0
I_11_0804143921001,119.1,1,2022/10/18 15:45:00,-1.00,-1.00,0.0,0,0,0,0,0,0,0,0,0,0,0,0
I_11_0804143921001,119.1,1,2022/10/18 16:00:00,-1.00,-1.00,0.0,0,0,0,0,0,0,0,0,0,0,0,0
I_11_0804143921001,119.1,1,2022/10/18 16:15:00,-1.00,-1.00,0.0,0,0,0,0,0,0,0,0,0,0,0,0
I_11_0804143921001,119.1,1,2022/10/18 16:30:00,-1.00,-1.00,0.0,0,0,0,0,0,0,0,0,0,0,0,0
I_11_0804143921001,119.1,1,2022/10/18 16:45:00,-1.00,-1.00,0.0,0,0,0,0,0,0,0,0,0,0,0,0
I_11_0804143921001,119.1,1,2022/10/18 17:00:00,-1.00,-1.00,0.0,0,0,0,0,0,0,0,0,0,0,0,0
I_11_0804143921001,119.1,1,2022/10/18 17:15:00,-1.00,-1.00,0.0,0,0,0,0,0,0,0,0,0,0,0,0
I_11_0804143921001,119.1,1,2022/10/18 17:30:00,-1.00,-1.00,0.0,0,0,0,0,0,0,0,0,0,0,0,0
I_11_0804143921001,119.1,1,2022/10/18 17:45:00,-1.00,-1.00,0.0,0,0,0,0,0,0,0,0,0,0,0,0
I_11_0804143921001,119.1,1,2022/10/18 18:00:00,-1.00,-1.00,0.0,0,0,0,0,0,0,0,0,0,0,0,0
I_11_0804143921001,119.1,1,2022/10/18 18:15:00,-1.00,-1.00,0.0,0,0,0,0,0,0,0,0,0,0,0,0
I_11_0804143921001,119.1,1,2022/10/18 18:30:00,-1.00,-1.00,0.0,0,0,0,0,0,0,0,0,0,0,0,0
I_11_0804143921001,119.1,1,2022/10/18 18:45:00,-1.00,-1.00,0.0,0,0,0,0,0,0,0,0,0,0,0,0
I_11_533967_-00001533967_00539,76.2,1,2022/10/18 06:30:00,4.41,62.18,16.0,11,0,6,0,5,0,0,0,0,0,0,0
I_11_533967_-00001533967_00539,76.2,1,2022/10/18 06:45:00,6.45,42.55,19.0,11,0,3,0,8,0,0,0,0,0,0,0
I_11_533967_-00001533967_00539,76.2,1,2022/10/18 07:00:00,5.85,46.91,16.0,11,0,6,0,5,0,0,0,0,0,0,0
I_11_533967_-00001533967_00539,76.2,1,2022/10/18 07:15:00,5.97,46.00,20.0,10,0,0,0,10,0,0,0,0,0,0,0
I_11_533967_-00001533967_00539,76.2,1,2022/10/18 07:30:00,7.40,37.10,30.0,21,0,12,0,9,0,0,0,0,0,0,0
I_11_533967_-00001533967_00539,76.2,1,2022/10/18 07:45:00,6.34,43.30,16.0,10,0,4,0,6,0,0,0,0,0,0,0
I_11_533967_-00001533967_00539,76.2,1,2022/10/18 08:00:00,5.36,51.25,28.0,20,0,12,0,8,0,0,0,0,0,0,0
I_11_533967_-00001533967_00539,76.2,1,2022/10/18 08:15:00,4.74,57.96,34.0,24,0,14,0,10,0,0,0,0,0,0,0
I_11_533967_-00001533967_00539,76.2,1,2022/10/18 08:30:00,5.93,46.26,26.0,19,0,12,0,7,0,0,0,0,0,0,0
I_11_533967_-00001533967_00539,76.2,1,2022/10/18 08:45:00,7.52,36.50,20.0,12,0,4,0,8,0,0,0,0,0,0,0
I_11_533967_-00001533967_00539,76.2,1,2022/10/18 09:00:00,7.18,38.24,37.0,29,0,21,0,8,0,0,0,0,0,0,0
I_11_533967_-00001533967_00539,76.2,1,2022/10/18 09:15:00,5.72,48.00,45.0,40,0,35,0,5,0,0,0,0,0,0,0
I_11_533967_-00001533967_00539,76.2,1,2022/10/18 09:30:00,5.72,48.03,45.0,35,0,25,1,9,0,0,0,0,0,0,0
I_11_533967_-00001533967_00539,76.2,1,2022/10/18 09:45:00,5.33,51.50,54.0,44,0,34,0,10,0,0,0,0,0,0,0
I_11_533967_-00001533967_00539,76.2,1,2022/10/18 10:00:00,6.13,44.80,50.0,44,0,38,0,6,0,0,0,0,0,0,0
I_11_533967_-00001533967_00539,76.2,1,2022/10/18 10:15:00,7.02,39.08,43.0,38,0,33,1,4,0,0,0,0,0,0,0
I_11_533967_-00001533967_00539,76.2,1,2022/10/18 10:30:00,4.75,57.82,56.0,49,0,42,0,7,0,0,0,0,0,0,0
I_11_533967_-00001533967_00539,76.2,1,2022/10/18 10:45:00,3.27,83.96,61.0,54,0,47,0,7,0,0,0,0,0,0,0
I_11_533967_-00001533967_00539,76.2,1,2022/10/18 11:00:00,4.45,61.63,71.0,67,0,63,0,4,0,0,0,0,0,0,0
I_11_533967_-00001533967_00539,76.2,1,2022/10/18 11:15:00,5.11,53.70,51.0,43,0,35,3,5,0,0,0,0,0,0,0
I_11_533967_-00001533967_00539,76.2,1,2022/10/18 11:30:00,4.15,66.18,61.0,51,0,41,0,10,0,0,0,0,0,0,0
I_11_533967_-00001533967_00539,76.2,1,2022/10/18 11:45:00,4.25,64.57,44.0,42,0,40,0,2,0,0,0,0,0,0,0
I_11_533967_-00001533967_00539,76.2,1,2022/10/18 12:00:00,4.08,67.22,54.0,45,0,36,0,9,0,0,0,0,0,0,0
I_11_533967_-00001533967_00539,76.2,1,2022/10/18 12:15:00,4.06,67.67,55.0,48,0,41,0,7,0,0,0,0,0,0,0
I_11_533967_-00001533967_00539,76.2,1,2022/10/18 12:30:00,4.95,55.41,63.0,56,0,49,1,6,0,0,0,0,0,0,0
I_11_533967_-00001533967_00539,76.2,1,2022/10/18 12:45:00,6.15,44.61,44.0,36,0,28,0,8,0,0,0,0,0,0,0
I_11_533967_-00001533967_00539,76.2,1,2022/10/18 13:00:00,6.40,42.91,54.0,47,0,40,0,7,0,0,0,0,0,0,0
I_11_533967_-00001533967_00539,76.2,1,2022/10/18 13:15:00,4.47,61.42,56.0,50,0,44,0,6,0,0,0,0,0,0,0
I_11_533967_-00001533967_00539,76.2,1,2022/10/18 13:30:00,5.50,49.94,58.0,51,0,44,0,7,0,0,0,0,0,0,0
I_11_533967_-00001533967_00539,76.2,1,2022/10/18 13:45:00,6.59,41.63,47.0,46,0,45,0,1,0,0,0,0,0,0,0
I_11_533967_-00001533967_00539,76.2,1,2022/10/18 14:00:00,4.18,65.64,61.0,50,0,39,0,11,0,0,0,0,0,0,0
I_11_533967_-00001533967_00539,76.2,1,2022/10/18 14:15:00,5.85,46.96,49.0,45,0,41,0,4,0,0,0,0,0,0,0
I_11_533967_-00001533967_00539,76.2,1,2022/10/18 14:30:00,4.74,57.91,57.0,47,0,37,0,10,0,0,0,0,0,0,0
I_11_533967_-00001533967_00539,76.2,1,2022/10/18 14:45:00,4.59,59.80,47.0,41,0,35,0,6,0,0,0,0,0,0,0
I_11_533967_-00001533967_00539,76.2,1,2022/10/18 15:00:00,4.00,68.58,62.0,55,0,48,0,7,0,0,0,0,0,0,0
I_11_533967_-00001533967_00539,76.2,1,2022/10/18 15:15:00,4.73,57.98,52.0,50,0,48,0,2,0,0,0,0,0,0,0
I_11_533967_-00001533967_00539,76.2,1,2022/10/18 15:30:00,2.99,91.81,60.0,52,0,44,0,8,0,0,0,0,0,0,0
I_11_533967_-00001533967_00539,76.2,1,2022/10/18 15:45:00,5.44,50.47,54.0,49,0,44,0,5,0,0,0,0,0,0,0
I_11_533967_-00001533967_00539,76.2,1,2022/10/18 16:00:00,3.21,85.39,58.0,49,0,40,0,9,0,0,0,0,0,0,0
I_11_533967_-00001533967_00539,76.2,1,2022/10/18 16:15:00,2.71,101.38,65.0,56,0,47,0,9,0,0,0,0,0,0,0
I_11_533967_-00001533967_00539,76.2,1,2022/10/18 16:30:00,5.10,53.82,56.0,49,0,42,0,7,0,0,0,0,0,0,0
I_11_533967_-00001533967_00539,76.2,1,2022/10/18 16:45:00,5.83,47.06,37.0,35,0,33,0,2,0,0,0,0,0,0,0
I_11_533967_-00001533967_00539,76.2,1,2022/10/18 17:00:00,5.54,49.59,35.0,29,0,23,0,6,0,0,0,0,0,0,0
I_11_533967_-00001533967_00539,76.2,1,2022/10/18 17:15:00,5.17,53.13,45.0,38,0,31,0,7,0,0,0,0,0,0,0
I_11_533967_-00001533967_00539,76.2,1,2022/10/18 17:30:00,6.90,39.77,39.0,31,0,23,0,8,0,0,0,0,0,0,0
I_11_533967_-00001533967_00539,76.2,1,2022/10/18 17:45:00,4.00,68.56,45.0,39,0,33,0,6,0,0,0,0,0,0,0
I_11_533967_-00001533967_00539,76.2,1,2022/10/18 18:00:00,4.99,55.04,33.0,25,0,17,0,8,0,0,0,0,0,0,0
I_11_533967_-00001533967_00539,76.2,1,2022/10/18 18:15:00,5.21,52.67,36.0,27,0,18,0,9,0,0,0,0,0,0,0
I_11_533967_-00001533967_00539,76.2,1,2022/10/18 18:30:00,6.27,43.76,23.0,17,0,11,0,6,0,0,0,0,0,0,0
I_11_533967_-00001533967_00539,76.2,1,2022/10/18 18:45:00,8.07,34.00,30.0,24,0,18,0,6,0,0,0,0,0,0,0
I_11_533967_-00001_533967_-00005,34.8,1,2022/10/18 06:30:00,-1.00,-1.00,0.0,0,0,0,0,0,0,0,0,0,0,0,0
I_11_533967_-00001_533967_-00005,34.8,1,2022/10/18 06:45:00,-1.00,-1.00,0.0,0,0,0,0,0,0,0,0,0,0,0,0
I_11_533967_-00001_533967_-00005,34.8,1,2022/10/18 07:00:00,-1.00,-1.00,0.0,0,0,0,0,0,0,0,0,0,0,0,0
I_11_533967_-00001_533967_-00005,34.8,1,2022/10/18 07:15:00,-1.00,-1.00,0.0,0,0,0,0,0,0,0,0,0,0,0,0
I_11_533967_-00001_533967_-00005,34.8,1,2022/10/18 07:30:00,-1.00,-1.00,0.0,0,0,0,0,0,0,0,0,0,0,0,0
I_11_533967_-00001_533967_-00005,34.8,1,2022/10/18 07:45:00,-1.00,-1.00,0.0,0,0,0,0,0,0,0,0,0,0,0,0
I_11_533967_-00001_533967_-00005,34.8,1,2022/10/18 08:00:00,-1.00,-1.00,0.0,0,0,0,0,0,0,0,0,0,0,0,0
I_11_533967_-00001_533967_-00005,34.8,1,2022/10/18 08:15:00,-1.00,-1.00,0.0,0,0,0,0,0,0,0,0,0,0,0,0
I_11_533967_-00001_533967_-00005,34.8,1,2022/10/18 08:30:00,-1.00,-1.00,0.0,0,0,0,0,0,0,0,0,0,0,0,0
I_11_533967_-00001_533967_-00005,34.8,1,2022/10/18 08:45:00,-1.00,-1.00,0.0,0,0,0,0,0,0,0,0,0,0,0,0
I_11_533967_-00001_533967_-00005,34.8,1,2022/10/18 09:00:00,-1.00,-1.00,0.0,0,0,0,0,0,0,0,0,0,0,0,0
I_11_533967_-00001_533967_-00005,34.8,1,2022/10/18 09:15:00,-1.00,-1.00,0.0,0,0,0,0,0,0,0,0,0,0,0,0
I_11_533967_-00001_533967_-00005,34.8,1,2022/10/18 09:30:00,-1.00,-1.00,0.0,0,0,0,0,0,0,0,0,0,0,0,0
I_11_533967_-00001_533967_-00005,34.8,1,2022/10/18 09:45:00,-1.00,-1.00,0.0,0,0,0,0,0,0,0,0,0,0,0,0
I_11_533967_-00001_533967_-00005,34.8,1,2022/10/18 10:00:00,-1.00,-1.00,0.0,0,0,0,0,0,0,0,0,0,0,0,0
I_11_533967_-00001_533967_-00005,34.8,1,2022/10/18 10:15:00,-1.00,-1.00,0.0,0,0,0,0,0,0,0,0,0,0,0,0
I_11_533967_-00001_533967_-00005,34.8,1,2022/10/18 10:30:00,-1.00,-1.00,0.0,0,0,0,0,0,0,0,0,0,0,0,0
I_11_533967_-00001_533967_-00005,34.8,1,2022/10/18 10:45:00,-1.00,-1.00,0.0,0,0,0,0,0,0,0,0,0,0,0,0
I_11_533967_-00001_533967_-00005,34.8,1,2022/10/18 11:00:00,-1.00,-1.00,0.0,0,0,0,0,0,0,0,0,0,0,0,0
I_11_533967_-00001_533967_-00005,34.8,1,2022/10/18 11:15:00,-1.00,-1.00,0.0,0,0,0,0,0,0,0,0,0,0,0,0
I_11_533967_-00001_533967_-00005,34.8,1,2022/10/18 11:30:00,-1.00,-1.00,0.0,0,0,0,0,0,0,0,0,0,0,0,0
I_11_533967_-00001_533967_-00005,34.8,1,2022/10/18 11:45:00,-1.00,-1.00,0.0,0,0,0,0,0,0,0,0,0,0,0,0
I_11_533967_-00001_533967_-00005,34.8,1,2022/10/18 12:00:00,-1.00,-1.00,0.0,0,0,0,0,0,0,0,0,0,0,0,0
I_11_533967_-00001_533967_-00005,34.8,1,2022/10/18 12:15:00,-1.00,-1.00,0.0,0,0,0,0,0,0,0,0,0,0,0,0
I_11_533967_-00001_533967_-00005,34.8,1,2022/10/18 12:30:00,-1.00,-1.00,0.0,0,0,0,0,0,0,0,0,0,0,0,0
I_11_533967_-00001_533967_-00005,34.8,1,2022/10/18 12:45:00,-1.00,-1.00,0.0,0,0,0,0,0,0,0,0,0,0,0,0
I_11_533967_-00001_533967_-00005,34.8,1,2022/10/18 13:00:00,-1.00,-1.00,0.0,0,0,0,0,0,0,0,0,0,0,0,0
I_11_533967_-00001_533967_-00005,34.8,1,2022/10/18 13:15:00,-1.00,-1.00,0.0,0,0,0,0,0,0,0,0,0,0,0,0
I_11_533967_-00001_533967_-00005,34.8,1,2022/10/18 13:30:00,-1.00,-1.00,0.0,0,0,0,0,0,0,0,0,0,0,0,0
I_11_533967_-00001_533967_-00005,34.8,1,2022/10/18 13:45:00,-1.00,-1.00,0.0,0,0,0,0,0,0,0,0,0,0,0,0
I_11_533967_-00001_533967_-00005,34.8,1,2022/10/18 14:00:00,-1.00,-1.00,0.0,0,0,0,0,0,0,0,0,0,0,0,0
I_11_533967_-00001_533967_-00005,34.8,1,2022/10/18 14:15:00,-1.00,-1.00,0.0,0,0,0,0,0,0,0,0,0,0,0,0
I_11_533967_-00001_533967_-00005,34.8,1,2022/10/18 14:30:00,-1.00,-1.00,0.0,0,0,0,0,0,0,0,0,0,0,0,0
I_11_533967_-00001_533967_-00005,34.8,1,2022/10/18 14:45:00,-1.00,-1.00,0.0,0,0,0,0,0,0,0,0,0,0,0,0
I_11_533967_-00001_533967_-00005,34.8,1,2022/10/18 15:00:00,-1.00,-1.00,0.0,0,0,0,0,0,0,0,0,0,0,0,0
I_11_533967_-00001_533967_-00005,34.8,1,2022/10/18 15:15:00,-1.00,-1.00,0.0,0,0,0,0,0,0,0,0,0,0,0,0
I_11_533967_-00001_533967_-00005,34.8,1,2022/10/18 15:30:00,-1.00,-1.00,0.0,0,0,0,0,0,0,0,0,0,0,0,0
I_11_533967_-00001_533967_-00005,34.8,1,2022/10/18 15:45:00,-1.00,-1.00,0.0,0,0,0,0,0,0,0,0,0,0,0,0
I_11_533967_-00001_533967_-00005,34.8,1,2022/10/18 16:00:00,-1.00,-1.00,0.0,0,0,0,0,0,0,0,0,0,0,0,0
I_11_533967_-00001_533967_-00005,34.8,1,2022/10/18 16:15:00,-1.00,-1.00,0.0,0,0,0,0,0,0,0,0,0,0,0,0
I_11_533967_-00001_533967_-00005,34.8,1,2022/10/18 16:30:00,-1.00,-1.00,0.0,0,0,0,0,0,0,0,0,0,0,0,0
I_11_533967_-00001_533967_-00005,34.8,1,2022/10/18 16:45:00,-1.00,-1.00,0.0,0,0,0,0,0,0,0,0,0,0,0,0
I_11_533967_-00001_533967_-00005,34.8,1,2022/10/18 17:00:00,-1.00,-1.00,0.0,0,0,0,0,0,0,0,0,0,0,0,0
I_11_533967_-00001_533967_-00005,34.8,1,2022/10/18 17:15:00,-1.00,-1.00,0.0,0,0,0,0,0,0,0,0,0,0,0,0
I_11_533967_-00001_533967_-00005,34.8,1,2022/10/18 17:30:00,-1.00,-1.00,0.0,0,0,0,0,0,0,0,0,0,0,0,0
I_11_533967_-00001_533967_-00005,34.8,1,2022/10/18 17:45:00,-1.00,-1.00,0.0,0,0,0,0,0,0,0,0,0,0,0,0
I_11_533967_-00001_533967_-00005,34.8,1,2022/10/18 18:00:00,-1.00,-1.00,0.0,0,0,0,0,0,0,0,0,0,0,0,0
I_11_533967_-00001_533967_-00005,34.8,1,2022/10/18 18:15:00,-1.00,-1.00,0.0,0,0,0,0,0,0,0,0,0,0,0,0
I_11_533967_-00001_533967_-00005,34.8,1,2022/10/18 18:30:00,-1.00,-1.00,0.0,0,0,0,0,0,0,0,0,0,0,0,0
I_11_533967_-00001_533967_-00005,34.8,1,2022/10/18 18:45:00,-1.00,-1.00,0.0,0,0,0,0,0,0,0,0,0,0,0,0
I_11_533967_-00005_533967_-00006,36.0,1,2022/10/18 06:30:00,-1.00,-1.00,0.0,0,0,0,0,0,0,0,0,0,0,0,0
I_11_533967_-00005_533967_-00006,36.0,1,2022/10/18 06:45:00,-1.00,-1.00,0.0,0,0,0,0,0,0,0,0,0,0,0,0
I_11_533967_-00005_533967_-00006,36.0,1,2022/10/18 07:00:00,-1.00,-1.00,0.0,0,0,0,0,0,0,0,0,0,0,0,0
I_11_533967_-00005_533967_-00006,36.0,1,2022/10/18 07:15:00,-1.00,-1.00,0.0,0,0,0,0,0,0,0,0,0,0,0,0
I_11_533967_-00005_533967_-00006,36.0,1,2022/10/18 07:30:00,-1.00,-1.00,0.0,0,0,0,0,0,0,0,0,0,0,0,0
I_11_533967_-00005_533967_-00006,36.0,1,2022/10/18 07:45:00,-1.00,-1.00,0.0,0,0,0,0,0,0,0,0,0,0,0,0
I_11_533967_-00005_533967_-00006,36.0,1,2022/10/18 08:00:00,-1.00,-1.00,0.0,0,0,0,0,0,0,0,0,0,0,0,0
I_11_533967_-00005_533967_-00006,36.0,1,2022/10/18 08:15:00,-1.00,-1.00,0.0,0,0,0,0,0,0,0,0,0,0,0,0
I_11_533967_-00005_533967_-00006,36.0,1,2022/10/18 08:30:00,-1.00,-1.00,0.0,0,0,0,0,0,0,0,0,0,0,0,0
I_11_533967_-00005_533967_-00006,36.0,1,2022/10/18 08:45:00,-1.00,-1.00,0.0,0,0,0,0,0,0,0,0,0,0,0,0
I_11_533967_-00005_533967_-00006,36.0,1,2022/10/18 09:00:00,-1.00,-1.00,0.0,0,0,0,0,0,0,0,0,0,0,0,0
I_11_533967_-00005_533967_-00006,36.0,1,2022/10/18 09:15:00,-1.00,-1.00,0.0,0,0,0,0,0,0,0,0,0,0,0,0
I_11_533967_-00005_533967_-00006,36.0,1,2022/10/18 09:30:00,-1.00,-1.00,0.0,0,0,0,0,0,0,0,0,0,0,0,0
I_11_533967_-00005_533967_-00006,36.0,1,2022/10/18 09:45:00,-1.00,-1.00,0.0,0,0,0,0,0,0,0,0,0,0,0,0
I_11_533967_-00005_533967_-00006,36.0,1,2022/10/18 10:00:00,-1.00,-1.00,0.0,0,0,0,0,0,0,0,0,0,0,0,0
I_11_533967_-00005_533967_-00006,36.0,1,2022/10/18 10:15:00,-1.00,-1.00,0.0,0,0,0,0,0,0,0,0,0,0,0,0
I_11_533967_-00005_533967_-00006,36.0,1,2022/10/18 10:30:00,-1.00,-1.00,0.0,0,0,0,0,0,0,0,0,0,0,0,0
I_11_533967_-00005_533967_-00006,36.0,1,2022/10/18 10:45:00,-1.00,-1.00,0.0,0,0,0,0,0,0,0,0,0,0,0,0
I_11_533967_-00005_533967_-00006,36.0,1,2022/10/18 11:00:00,-1.00,-1.00,0.0,0,0,0,0,0,0,0,0,0,0,0,0
I_11_533967_-00005_533967_-00006,36.0,1,2022/10/18 11:15:00,-1.00,-1.00,0.0,0,0,0,0,0,0,0,0,0,0,0,0
I_11_533967_-00005_533967_-00006,36.0,1,2022/10/18 11:30:00,-1.00,-1.00,0.0,0,0,0,0,0,0,0,0,0,0,0,0
I_11_533967_-00005_533967_-00006,36.0,1,2022/10/18 11:45:00,-1.00,-1.00,0.0,0,0,0,0,0,0,0,0,0,0,0,0
I_11_533967_-00005_533967_-00006,36.0,1,2022/10/18 12:00:00,-1.00,-1.00,0.0,0,0,0,0,0,0,0,0,0,0,0,0
I_11_533967_-00005_533967_-00006,36.0,1,2022/10/18 12:15:00,-1.00,-1.00,0.0,0,0,0,0,0,0,0,0,0,0,0,0
I_11_533967_-00005_533967_-00006,36.0,1,2022/10/18 12:30:00,-1.00,-1.00,0.0,0,0,0,0,0,0,0,0,0,0,0,0
I_11_533967_-00005_533967_-00006,36.0,1,2022/10/18 12:45:00,-1.00,-1.00,0.0,0,0,0,0,0,0,0,0,0,0,0,0
I_11_533967_-00005_533967_-00006,36.0,1,2022/10/18 13:00:00,-1.00,-1.00,0.0,0,0,0,0,0,0,0,0,0,0,0,0
I_11_533967_-00005_533967_-00006,36.0,1,2022/10/18 13:15:00,-1.00,-1.00,0.0,0,0,0,0,0,0,0,0,0,0,0,0
I_11_533967_-00005_533967_-00006,36.0,1,2022/10/18 13:30:00,-1.00,-1.00,0.0,0,0,0,0,0,0,0,0,0,0,0,0
I_11_533967_-00005_533967_-00006,36.0,1,2022/10/18 13:45:00,-1.00,-1.00,0.0,0,0,0,0,0,0,0,0,0,0,0,0
I_11_533967_-00005_533967_-00006,36.0,1,2022/10/18 14:00:00,-1.00,-1.00,0.0,0,0,0,0,0,0,0,0,0,0,0,0
I_11_533967_-00005_533967_-00006,36.0,1,2022/10/18 14:15:00,-1.00,-1.00,0.0,0,0,0,0,0,0,0,0,0,0,0,0
I_11_533967_-00005_533967_-00006,36.0,1,2022/10/18 14:30:00,-1.00,-1.00,0.0,0,0,0,0,0,0,0,0,0,0,0,0
I_11_533967_-00005_533967_-00006,36.0,1,2022/10/18 14:45:00,-1.00,-1.00,0.0,0,0,0,0,0,0,0,0,0,0,0,0
I_11_533967_-00005_533967_-00006,36.0,1,2022/10/18 15:00:00,-1.00,-1.00,0.0,0,0,0,0,0,0,0,0,0,0,0,0
I_11_533967_-00005_533967_-00006,36.0,1,2022/10/18 15:15:00,-1.00,-1.00,0.0,0,0,0,0,0,0,0,0,0,0,0,0
I_11_533967_-00005_533967_-00006,36.0,1,2022/10/18 15:30:00,-1.00,-1.00,0.0,0,0,0,0,0,0,0,0,0,0,0,0
I_11_533967_-00005_533967_-00006,36.0,1,2022/10/18 15:45:00,-1.00,-1.00,0.0,0,0,0,0,0,0,0,0,0,0,0,0
I_11_533967_-00005_533967_-00006,36.0,1,2022/10/18 16:00:00,-1.00,-1.00,0.0,0,0,0,0,0,0,0,0,0,0,0,0
I_11_533967_-00005_533967_-00006,36.0,1,2022/10/18 16:15:00,-1.00,-1.00,0.0,0,0,0,0,0,0,0,0,0,0,0,0
I_11_533967_-00005_533967_-00006,36.0,1,2022/10/18 16:30:00,-1.00,-1.00,0.0,0,0,0,0,0,0,0,0,0,0,0,0
I_11_533967_-00005_533967_-00006,36.0,1,2022/10/18 16:45:00,-1.00,-1.00,0.0,0,0,0,0,0,0,0,0,0,0,0,0
I_11_533967_-00005_533967_-00006,36.0,1,2022/10/18 17:00:00,-1.00,-1.00,0.0,0,0,0,0,0,0,0,0,0,0,0,0
I_11_533967_-00005_533967_-00006,36.0,1,2022/10/18 17:15:00,-1.00,-1.00,0.0,0,0,0,0,0,0,0,0,0,0,0,0
I_11_533967_-00005_533967_-00006,36.0,1,2022/10/18 17:30:00,-1.00,-1.00,0.0,0,0,0,0,0,0,0,0,0,0,0,0
I_11_533967_-00005_533967_-00006,36.0,1,2022/10/18 17:45:00,-1.00,-1.00,0.0,0,0,0,0,0,0,0,0,0,0,0,0
I_11_533967_-00005_533967_-00006,36.0,1,2022/10/18 18:00:00,-1.00,-1.00,0.0,0,0,0,0,0,0,0,0,0,0,0,0
I_11_533967_-00005_533967_-00006,36.0,1,2022/10/18 18:15:00,-1.00,-1.00,0.0,0,0,0,0,0,0,0,0,0,0,0,0
I_11_533967_-00005_533967_-00006,36.0,1,2022/10/18 18:30:00,-1.00,-1.00,0.0,0,0,0,0,0,0,0,0,0,0,0,0
I_11_533967_-00005_533967_-00006,36.0,1,2022/10/18 18:45:00,-1.00,-1.00,0.0,0,0,0,0,0,0,0,0,0,0,0,0
I_11_533967_-00006_533967_-00001,35.7,1,2022/10/18 06:30:00,42.83,3.00,3.0,3,0,3,0,0,0,0,0,0,0,0,0
I_11_533967_-00006_533967_-00001,35.7,1,2022/10/18 06:45:00,42.83,3.00,2.0,2,0,2,0,0,0,0,0,0,0,0,0
I_11_533967_-00006_533967_-00001,35.7,1,2022/10/18 07:00:00,42.83,3.00,4.0,4,0,4,0,0,0,0,0,0,0,0,0
I_11_533967_-00006_533967_-00001,35.7,1,2022/10/18 07:15:00,-1.00,-1.00,0.0,0,0,0,0,0,0,0,0,0,0,0,0
I_11_533967_-00006_533967_-00001,35.7,1,2022/10/18 07:30:00,42.83,3.00,4.0,4,0,4,0,0,0,0,0,0,0,0,0
I_11_533967_-00006_533967_-00001,35.7,1,2022/10/18 07:45:00,42.83,3.00,1.0,1,0,1,0,0,0,0,0,0,0,0,0
I_11_533967_-00006_533967_-00001,35.7,1,2022/10/18 08:00:00,42.83,3.00,4.0,4,0,4,0,0,0,0,0,0,0,0,0
I_11_533967_-00006_533967_-00001,35.7,1,2022/10/18 08:15:00,33.04,3.89,9.0,9,0,9,0,0,0,0,0,0,0,0,0
I_11_533967_-00006_533967_-00001,35.7,1,2022/10/18 08:30:00,40.58,3.17,6.0,6,0,6,0,0,0,0,0,0,0,0,0
I_11_533967_-00006_533967_-00001,35.7,1,2022/10/18 08:45:00,42.83,3.00,3.0,3,0,3,0,0,0,0,0,0,0,0,0
I_11_533967_-00006_533967_-00001,35.7,1,2022/10/18 09:00:00,37.48,3.43,7.0,7,0,7,0,0,0,0,0,0,0,0,0
I_11_533967_-00006_533967_-00001,35.7,1,2022/10/18 09:15:00,39.77,3.23,13.0,13,0,13,0,0,0,0,0,0,0,0,0
I_11_533967_-00006_533967_-00001,35.7,1,2022/10/18 09:30:00,38.85,3.31,13.0,13,0,13,0,0,0,0,0,0,0,0,0
I_11_533967_-00006_533967_-00001,35.7,1,2022/10/18 09:45:00,37.96,3.38,13.0,13,0,13,0,0,0,0,0,0,0,0,0
I_11_533967_-00006_533967_-00001,35.7,1,2022/10/18 10:00:00,39.54,3.25,16.0,16,0,16,0,0,0,0,0,0,0,0,0
I_11_533967_-00006_533967_-00001,35.7,1,2022/10/18 10:15:00,35.86,3.58,25.0,24,0,23,1,0,0,0,0,0,0,0,0
I_11_533967_-00006_533967_-00001,35.7,1,2022/10/18 10:30:00,36.44,3.53,19.0,19,0,19,0,0,0,0,0,0,0,0,0
I_11_533967_-00006_533967_-00001,35.7,1,2022/10/18 10:45:00,5.66,22.70,20.0,20,0,20,0,0,0,0,0,0,0,0,0
I_11_533967_-00006_533967_-00001,35.7,1,2022/10/18 11:00:00,19.47,6.60,30.0,30,0,30,0,0,0,0,0,0,0,0,0
I_11_533967_-00006_533967_-00001,35.7,1,2022/10/18 11:15:00,21.72,5.92,13.0,12,0,11,1,0,0,0,0,0,0,0,0
I_11_533967_-00006_533967_-00001,35.7,1,2022/10/18 11:30:00,24.47,5.25,20.0,20,0,20,0,0,0,0,0,0,0,0,0
I_11_533967_-00006_533967_-00001,35.7,1,2022/10/18 11:45:00,38.94,3.30,20.0,20,0,20,0,0,0,0,0,0,0,0,0
I_11_533967_-00006_533967_-00001,35.7,1,2022/10/18 12:00:00,37.19,3.45,22.0,22,0,22,0,0,0,0,0,0,0,0,0
I_11_533967_-00006_533967_-00001,35.7,1,2022/10/18 12:15:00,37.56,3.42,19.0,19,0,19,0,0,0,0,0,0,0,0,0
I_11_533967_-00006_533967_-00001,35.7,1,2022/10/18 12:30:00,19.32,6.65,24.0,23,0,22,1,0,0,0,0,0,0,0,0
I_11_533967_-00006_533967_-00001,35.7,1,2022/10/18 12:45:00,41.83,3.07,14.0,14,0,14,0,0,0,0,0,0,0,0,0
I_11_533967_-00006_533967_-00001,35.7,1,2022/10/18 13:00:00,36.31,3.54,13.0,13,0,13,0,0,0,0,0,0,0,0,0
I_11_533967_-00006_533967_-00001,35.7,1,2022/10/18 13:15:00,28.72,4.47,19.0,19,0,19,0,0,0,0,0,0,0,0,0
I_11_533967_-00006_533967_-00001,35.7,1,2022/10/18 13:30:00,39.54,3.25,20.0,20,0,20,0,0,0,0,0,0,0,0,0
I_11_533967_-00006_533967_-00001,35.7,1,2022/10/18 13:45:00,42.19,3.05,22.0,22,0,22,0,0,0,0,0,0,0,0,0
I_11_533967_-00006_533967_-00001,35.7,1,2022/10/18 14:00:00,29.98,4.29,21.0,21,0,21,0,0,0,0,0,0,0,0,0
I_11_533967_-00006_533967_-00001,35.7,1,2022/10/18 14:15:00,41.38,3.11,19.0,19,0,19,0,0,0,0,0,0,0,0,0
I_11_533967_-00006_533967_-00001,35.7,1,2022/10/18 14:30:00,32.67,3.93,15.0,15,0,15,0,0,0,0,0,0,0,0,0
I_11_533967_-00006_533967_-00001,35.7,1,2022/10/18 14:45:00,34.67,3.71,17.0,17,0,17,0,0,0,0,0,0,0,0,0
I_11_533967_-00006_533967_-00001,35.7,1,2022/10/18 15:00:00,13.35,9.62,24.0,24,0,24,0,0,0,0,0,0,0,0,0
I_11_533967_-00006_533967_-00001,35.7,1,2022/10/18 15:15:00,28.11,4.57,14.0,14,0,14,0,0,0,0,0,0,0,0,0
I_11_533967_-00006_533967_-00001,35.7,1,2022/10/18 15:30:00,7.10,18.09,22.0,22,0,22,0,0,0,0,0,0,0,0,0
I_11_533967_-00006_533967_-00001,35.7,1,2022/10/18 15:45:00,41.38,3.11,19.0,19,0,19,0,0,0,0,0,0,0,0,0
I_11_533967_-00006_533967_-00001,35.7,1,2022/10/18 16:00:00,7.33,17.53,19.0,19,0,19,0,0,0,0,0,0,0,0,0
I_11_533967_-00006_533967_-00001,35.7,1,2022/10/18 16:15:00,4.24,30.31,26.0,26,0,26,0,0,0,0,0,0,0,0,0
I_11_533967_-00006_533967_-00001,35.7,1,2022/10/18 16:30:00,7.02,18.31,16.0,16,0,16,0,0,0,0,0,0,0,0,0
I_11_533967_-00006_533967_-00001,35.7,1,2022/10/18 16:45:00,39.98,3.21,14.0,14,0,14,0,0,0,0,0,0,0,0,0
I_11_533967_-00006_533967_-00001,35.7,1,2022/10/18 17:00:00,40.58,3.17,6.0,6,0,6,0,0,0,0,0,0,0,0,0
I_11_533967_-00006_533967_-00001,35.7,1,2022/10/18 17:15:00,42.83,3.00,13.0,13,0,13,0,0,0,0,0,0,0,0,0
I_11_533967_-00006_533967_-00001,35.7,1,2022/10/18 17:30:00,42.83,3.00,13.0,13,0,13,0,0,0,0,0,0,0,0,0
I_11_533967_-00006_533967_-00001,35.7,1,2022/10/18 17:45:00,38.55,3.33,12.0,12,0,12,0,0,0,0,0,0,0,0,0
I_11_533967_-00006_533967_-00001,35.7,1,2022/10/18 18:00:00,40.15,3.20,5.0,5,0,5,0,0,0,0,0,0,0,0,0
I_11_533967_-00006_533967_-00001,35.7,1,2022/10/18 18:15:00,39.88,3.22,9.0,9,0,9,0,0,0,0,0,0,0,0,0
I_11_533967_-00006_533967_-00001,35.7,1,2022/10/18 18:30:00,40.15,3.20,5.0,5,0,5,0,0,0,0,0,0,0,0,0
I_11_533967_-00006_533967_-00001,35.7,1,2022/10/18 18:45:00,40.88,3.14,7.0,7,0,7,0,0,0,0,0,0,0,0,0
I_11_533967_-00008_533967_-00009,180.6,1,2022/10/18 06:30:00,-1.00,-1.00,0.0,0,0,0,0,0,0,0,0,0,0,0,0
I_11_533967_-00008_533967_-00009,180.6,1,2022/10/18 06:45:00,-1.00,-1.00,0.0,0,0,0,0,0,0,0,0,0,0,0,0
I_11_533967_-00008_533967_-00009,180.6,1,2022/10/18 07:00:00,-1.00,-1.00,0.0,0,0,0,0,0,0,0,0,0,0,0,0
I_11_533967_-00008_533967_-00009,180.6,1,2022/10/18 07:15:00,-1.00,-1.00,0.0,0,0,0,0,0,0,0,0,0,0,0,0
I_11_533967_-00008_533967_-00009,180.6,1,2022/10/18 07:30:00,-1.00,-1.00,0.0,0,0,0,0,0,0,0,0,0,0,0,0
I_11_533967_-00008_533967_-00009,180.6,1,2022/10/18 07:45:00,-1.00,-1.00,0.0,0,0,0,0,0,0,0,0,0,0,0,0
I_11_533967_-00008_533967_-00009,180.6,1,2022/10/18 08:00:00,46.43,14.00,4.0,2,0,0,0,2,0,0,0,0,0,0,0
I_11_533967_-00008_533967_-00009,180.6,1,2022/10/18 08:15:00,46.43,14.00,2.0,1,0,0,0,1,0,0,0,0,0,0,0
I_11_533967_-00008_533967_-00009,180.6,1,2022/10/18 08:30:00,-1.00,-1.00,0.0,0,0,0,0,0,0,0,0,0,0,0,0
I_11_533967_-00008_533967_-00009,180.6,1,2022/10/18 08:45:00,46.43,14.00,6.0,3,0,0,0,3,0,0,0,0,0,0,0
I_11_533967_-00008_533967_-00009,180.6,1,2022/10/18 09:00:00,46.43,14.00,2.0,1,0,0,0,1,0,0,0,0,0,0,0
I_11_533967_-00008_533967_-00009,180.6,1,2022/10/18 09:15:00,44.83,14.50,4.0,2,0,0,0,2,0,0,0,0,0,0,0
I_11_533967_-00008_533967_-00009,180.6,1,2022/10/18 09:30:00,46.43,14.00,2.0,1,0,0,0,1,0,0,0,0,0,0,0
I_11_533967_-00008_533967_-00009,180.6,1,2022/10/18 09:45:00,46.43,14.00,2.0,1,0,0,0,1,0,0,0,0,0,0,0
I_11_533967_-00008_533967_-00009,180.6,1,2022/10/18 10:00:00,46.43,14.00,4.0,2,0,0,0,2,0,0,0,0,0,0,0
I_11_533967_-00008_533967_-00009,180.6,1,2022/10/18 10:15:00,46.43,14.00,2.0,1,0,0,0,1,0,0,0,0,0,0,0
I_11_533967_-00008_533967_-00009,180.6,1,2022/10/18 10:30:00,-1.00,-1.00,0.0,0,0,0,0,0,0,0,0,0,0,0,0
I_11_533967_-00008_533967_-00009,180.6,1,2022/10/18 10:45:00,46.43,14.00,4.0,2,0,0,0,2,0,0,0,0,0,0,0
I_11_533967_-00008_533967_-00009,180.6,1,2022/10/18 11:00:00,-1.00,-1.00,0.0,0,0,0,0,0,0,0,0,0,0,0,0
I_11_533967_-00008_533967_-00009,180.6,1,2022/10/18 11:15:00,-1.00,-1.00,0.0,0,0,0,0,0,0,0,0,0,0,0,0
I_11_533967_-00008_533967_-00009,180.6,1,2022/10/18 11:30:00,46.43,14.00,4.0,2,0,0,0,1,1,0,0,0,0,0,0
I_11_533967_-00008_533967_-00009,180.6,1,2022/10/18 11:45:00,-1.00,-1.00,0.0,0,0,0,0,0,0,0,0,0,0,0,0
I_11_533967_-00008_533967_-00009,180.6,1,2022/10/18 12:00:00,-1.00,-1.00,0.0,0,0,0,0,0,0,0,0,0,0,0,0
I_11_533967_-00008_533967_-00009,180.6,1,2022/10/18 12:15:00,-1.00,-1.00,0.0,0,0,0,0,0,0,0,0,0,0,0,0
I_11_533967_-00008_533967_-00009,180.6,1,2022/10/18 12:30:00,46.43,14.00,2.0,1,0,0,0,1,0,0,0,0,0,0,0
I_11_533967_-00008_533967_-00009,180.6,1,2022/10/18 12:45:00,-1.00,-1.00,0.0,0,0,0,0,0,0,0,0,0,0,0,0
I_11_533967_-00008_533967_-00009,180.6,1,2022/10/18 13:00:00,-1.00,-1.00,0.0,0,0,0,0,0,0,0,0,0,0,0,0
I_11_533967_-00008_533967_-00009,180.6,1,2022/10/18 13:15:00,-1.00,-1.00,0.0,0,0,0,0,0,0,0,0,0,0,0,0
I_11_533967_-00008_533967_-00009,180.6,1,2022/10/18 13:30:00,46.43,14.00,2.0,1,0,0,0,1,0,0,0,0,0,0,0
I_11_533967_-00008_533967_-00009,180.6,1,2022/10/18 13:45:00,-1.00,-1.00,0.0,0,0,0,0,0,0,0,0,0,0,0,0
I_11_533967_-00008_533967_-00009,180.6,1,2022/10/18 14:00:00,-1.00,-1.00,0.0,0,0,0,0,0,0,0,0,0,0,0,0
I_11_533967_-00008_533967_-00009,180.6,1,2022/10/18 14:15:00,-1.00,-1.00,0.0,0,0,0,0,0,0,0,0,0,0,0,0
I_11_533967_-00008_533967_-00009,180.6,1,2022/10/18 14:30:00,46.43,14.00,2.0,1,0,0,0,1,0,0,0,0,0,0,0
I_11_533967_-00008_533967_-00009,180.6,1,2022/10/18 14:45:00,-1.00,-1.00,0.0,0,0,0,0,0,0,0,0,0,0,0,0
I_11_533967_-00008_533967_-00009,180.6,1,2022/10/18 15:00:00,-1.00,-1.00,0.0,0,0,0,0,0,0,0,0,0,0,0,0
I_11_533967_-00008_533967_-00009,180.6,1,2022/10/18 15:15:00,-1.00,-1.00,0.0,0,0,0,0,0,0,0,0,0,0,0,0
I_11_533967_-00008_533967_-00009,180.6,1,2022/10/18 15:30:00,46.43,14.00,2.0,1,0,0,0,1,0,0,0,0,0,0,0
I_11_533967_-00008_533967_-00009,180.6,1,2022/10/18 15:45:00,-1.00,-1.00,0.0,0,0,0,0,0,0,0,0,0,0,0,0
I_11_533967_-00008_533967_-00009,180.6,1,2022/10/18 16:00:00,-1.00,-1.00,0.0,0,0,0,0,0,0,0,0,0,0,0,0
I_11_533967_-00008_533967_-00009,180.6,1,2022/10/18 16:15:00,-1.00,-1.00,0.0,0,0,0,0,0,0,0,0,0,0,0,0
I_11_533967_-00008_533967_-00009,180.6,1,2022/10/18 16:30:00,-1.00,-1.00,0.0,0,0,0,0,0,0,0,0,0,0,0,0
I_11_533967_-00008_533967_-00009,180.6,1,2022/10/18 16:45:00,46.43,14.00,2.0,1,0,0,0,1,0,0,0,0,0,0,0
I_11_533967_-00008_533967_-00009,180.6,1,2022/10/18 17:00:00,46.43,14.00,2.0,1,0,0,0,1,0,0,0,0,0,0,0
I_11_533967_-00008_533967_-00009,180.6,1,2022/10/18 17:15:00,46.43,14.00,2.0,1,0,0,0,1,0,0,0,0,0,0,0
I_11_533967_-00008_533967_-00009,180.6,1,2022/10/18 17:30:00,46.43,14.00,6.0,3,0,0,0,3,0,0,0,0,0,0,0
I_11_533967_-00008_533967_-00009,180.6,1,2022/10/18 17:45:00,46.43,14.00,2.0,1,0,0,0,1,0,0,0,0,0,0,0
I_11_533967_-00008_533967_-00009,180.6,1,2022/10/18 18:00:00,-1.00,-1.00,0.0,0,0,0,0,0,0,0,0,0,0,0,0
I_11_533967_-00008_533967_-00009,180.6,1,2022/10/18 18:15:00,46.43,14.00,6.0,3,0,0,0,3,0,0,0,0,0,0,0
I_11_533967_-00008_533967_-00009,180.6,1,2022/10/18 18:30:00,46.43,14.00,2.0,1,0,0,0,1,0,0,0,0,0,0,0
I_11_533967_-00008_533967_-00009,180.6,1,2022/10/18 18:45:00,46.43,14.00,2.0,1,0,0,0,1,0,0,0,0,0,0,0
I_11_533967_-00009_533967_-00008,200.8,1,2022/10/18 06:30:00,-1.00,-1.00,0.0,0,0,0,0,0,0,0,0,0,0,0,0
I_11_533967_-00009_533967_-00008,200.8,1,2022/10/18 06:45:00,-1.00,-1.00,0.0,0,0,0,0,0,0,0,0,0,0,0,0
I_11_533967_-00009_533967_-00008,200.8,1,2022/10/18 07:00:00,-1.00,-1.00,0.0,0,0,0,0,0,0,0,0,0,0,0,0
I_11_533967_-00009_533967_-00008,200.8,1,2022/10/18 07:15:00,-1.00,-1.00,0.0,0,0,0,0,0,0,0,0,0,0,0,0
I_11_533967_-00009_533967_-00008,200.8,1,2022/10/18 07:30:00,-1.00,-1.00,0.0,0,0,0,0,0,0,0,0,0,0,0,0
I_11_533967_-00009_533967_-00008,200.8,1,2022/10/18 07:45:00,-1.00,-1.00,0.0,0,0,0,0,0,0,0,0,0,0,0,0
I_11_533967_-00009_533967_-00008,200.8,1,2022/10/18 08:00:00,55.60,13.00,2.0,1,0,0,0,1,0,0,0,0,0,0,0
I_11_533967_-00009_533967_-00008,200.8,1,2022/10/18 08:15:00,34.42,21.00,2.0,1,0,0,0,1,0,0,0,0,0,0,0
I_11_533967_-00009_533967_-00008,200.8,1,2022/10/18 08:30:00,55.60,13.00,4.0,2,0,0,0,2,0,0,0,0,0,0,0
I_11_533967_-00009_533967_-00008,200.8,1,2022/10/18 08:45:00,55.60,13.00,2.0,1,0,0,0,1,0,0,0,0,0,0,0
I_11_533967_-00009_533967_-00008,200.8,1,2022/10/18 09:00:00,53.54,13.50,4.0,2,0,0,0,2,0,0,0,0,0,0,0
I_11_533967_-00009_533967_-00008,200.8,1,2022/10/18 09:15:00,55.60,13.00,2.0,1,0,0,0,1,0,0,0,0,0,0,0
I_11_533967_-00009_533967_-00008,200.8,1,2022/10/18 09:30:00,51.63,14.00,4.0,2,0,0,0,2,0,0,0,0,0,0,0
I_11_533967_-00009_533967_-00008,200.8,1,2022/10/18 09:45:00,-1.00,-1.00,0.0,0,0,0,0,0,0,0,0,0,0,0,0
I_11_533967_-00009_533967_-00008,200.8,1,2022/10/18 10:00:00,40.16,18.00,4.0,2,0,0,0,2,0,0,0,0,0,0,0
I_11_533967_-00009_533967_-00008,200.8,1,2022/10/18 10:15:00,55.60,13.00,2.0,1,0,0,0,1,0,0,0,0,0,0,0
I_11_533967_-00009_533967_-00008,200.8,1,2022/10/18 10:30:00,55.60,13.00,2.0,1,0,0,0,1,0,0,0,0,0,0,0
I_11_533967_-00009_533967_-00008,200.8,1,2022/10/18 10:45:00,55.60,13.00,2.0,1,0,0,0,1,0,0,0,0,0,0,0
I_11_533967_-00009_533967_-00008,200.8,1,2022/10/18 11:00:00,-1.00,-1.00,0.0,0,0,0,0,0,0,0,0,0,0,0,0
I_11_533967_-00009_533967_-00008,200.8,1,2022/10/18 11:15:00,-1.00,-1.00,0.0,0,0,0,0,0,0,0,0,0,0,0,0
I_11_533967_-00009_533967_-00008,200.8,1,2022/10/18 11:30:00,-1.00,-1.00,0.0,0,0,0,0,0,0,0,0,0,0,0,0
I_11_533967_-00009_533967_-00008,200.8,1,2022/10/18 11:45:00,49.85,14.50,4.0,2,0,0,0,1,1,0,0,0,0,0,0
I_11_533967_-00009_533967_-00008,200.8,1,2022/10/18 12:00:00,-1.00,-1.00,0.0,0,0,0,0,0,0,0,0,0,0,0,0
I_11_533967_-00009_533967_-00008,200.8,1,2022/10/18 12:15:00,-1.00,-1.00,0.0,0,0,0,0,0,0,0,0,0,0,0,0
I_11_533967_-00009_533967_-00008,200.8,1,2022/10/18 12:30:00,-1.00,-1.00,0.0,0,0,0,0,0,0,0,0,0,0,0,0
I_11_533967_-00009_533967_-00008,200.8,1,2022/10/18 12:45:00,55.60,13.00,2.0,1,0,0,0,1,0,0,0,0,0,0,0
I_11_533967_-00009_533967_-00008,200.8,1,2022/10/18 13:00:00,-1.00,-1.00,0.0,0,0,0,0,0,0,0,0,0,0,0,0
I_11_533967_-00009_533967_-00008,200.8,1,2022/10/18 13:15:00,-1.00,-1.00,0.0,0,0,0,0,0,0,0,0,0,0,0,0
I_11_533967_-00009_533967_-00008,200.8,1,2022/10/18 13:30:00,-1.00,-1.00,0.0,0,0,0,0,0,0,0,0,0,0,0,0
I_11_533967_-00009_533967_-00008,200.8,1,2022/10/18 13:45:00,55.60,13.00,2.0,1,0,0,0,1,0,0,0,0,0,0,0
I_11_533967_-00009_533967_-00008,200.8,1,2022/10/18 14:00:00,-1.00,-1.00,0.0,0,0,0,0,0,0,0,0,0,0,0,0
I_11_533967_-00009_533967_-00008,200.8,1,2022/10/18 14:15:00,-1.00,-1.00,0.0,0,0,0,0,0,0,0,0,0,0,0,0
I_11_533967_-00009_533967_-00008,200.8,1,2022/10/18 14:30:00,-1.00,-1.00,0.0,0,0,0,0,0,0,0,0,0,0,0,0
I_11_533967_-00009_533967_-00008,200.8,1,2022/10/18 14:45:00,55.60,13.00,2.0,1,0,0,0,1,0,0,0,0,0,0,0
I_11_533967_-00009_533967_-00008,200.8,1,2022/10/18 15:00:00,-1.00,-1.00,0.0,0,0,0,0,0,0,0,0,0,0,0,0
I_11_533967_-00009_533967_-00008,200.8,1,2022/10/18 15:15:00,-1.00,-1.00,0.0,0,0,0,0,0,0,0,0,0,0,0,0
I_11_533967_-00009_533967_-00008,200.8,1,2022/10/18 15:30:00,-1.00,-1.00,0.0,0,0,0,0,0,0,0,0,0,0,0,0
I_11_533967_-00009_533967_-00008,200.8,1,2022/10/18 15:45:00,55.60,13.00,2.0,1,0,0,0,1,0,0,0,0,0,0,0
I_11_533967_-00009_533967_-00008,200.8,1,2022/10/18 16:00:00,-1.00,-1.00,0.0,0,0,0,0,0,0,0,0,0,0,0,0
I_11_533967_-00009_533967_-00008,200.8,1,2022/10/18 16:15:00,-1.00,-1.00,0.0,0,0,0,0,0,0,0,0,0,0,0,0
I_11_533967_-00009_533967_-00008,200.8,1,2022/10/18 16:30:00,-1.00,-1.00,0.0,0,0,0,0,0,0,0,0,0,0,0,0
I_11_533967_-00009_533967_-00008,200.8,1,2022/10/18 16:45:00,55.60,13.00,2.0,1,0,0,0,1,0,0,0,0,0,0,0
I_11_533967_-00009_533967_-00008,200.8,1,2022/10/18 17:00:00,53.54,13.50,4.0,2,0,0,0,2,0,0,0,0,0,0,0
I_11_533967_-00009_533967_-00008,200.8,1,2022/10/18 17:15:00,51.63,14.00,2.0,1,0,0,0,1,0,0,0,0,0,0,0
I_11_533967_-00009_533967_-00008,200.8,1,2022/10/18 17:30:00,51.63,14.00,4.0,2,0,0,0,2,0,0,0,0,0,0,0
I_11_533967_-00009_533967_-00008,200.8,1,2022/10/18 17:45:00,55.60,13.00,2.0,1,0,0,0,1,0,0,0,0,0,0,0
I_11_533967_-00009_533967_-00008,200.8,1,2022/10/18 18:00:00,53.54,13.50,4.0,2,0,0,0,2,0,0,0,0,0,0,0
I_11_533967_-00009_533967_-00008,200.8,1,2022/10/18 18:15:00,45.18,16.00,2.0,1,0,0,0,1,0,0,0,0,0,0,0
I_11_533967_-00009_533967_-00008,200.8,1,2022/10/18 18:30:00,55.60,13.00,2.0,1,0,0,0,1,0,0,0,0,0,0,0
I_11_533967_-00009_533967_-00008,200.8,1,2022/10/18 18:45:00,55.60,13.00,2.0,1,0,0,0,1,0,0,0,0,0,0,0
I_11_533967_00539_533967_-00001,78.9,1,2022/10/18 06:30:00,24.74,11.49,54.0,47,0,40,0,7,0,0,0,0,0,0,0
I_11_533967_00539_533967_-00001,78.9,1,2022/10/18 06:45:00,24.43,11.63,67.0,60,0,53,0,7,0,0,0,0,0,0,0
I_11_533967_00539_533967_-00001,78.9,1,2022/10/18 07:00:00,25.37,11.20,31.0,25,0,19,0,6,0,0,0,0,0,0,0
I_11_533967_00539_533967_-00001,78.9,1,2022/10/18 07:15:00,24.81,11.46,49.0,46,0,43,0,3,0,0,0,0,0,0,0
I_11_533967_00539_533967_-00001,78.9,1,2022/10/18 07:30:00,23.06,12.32,97.0,93,0,89,0,4,0,0,0,0,0,0,0
I_11_533967_00539_533967_-00001,78.9,1,2022/10/18 07:45:00,22.29,12.75,152.0,148,0,144,0,4,0,0,0,0,0,0,0
I_11_533967_00539_533967_-00001,78.9,1,2022/10/18 08:00:00,23.30,12.20,97.0,95,0,93,0,2,0,0,0,0,0,0,0
I_11_533967_00539_533967_-00001,78.9,1,2022/10/18 08:15:00,22.93,12.39,120.0,117,0,114,0,3,0,0,0,0,0,0,0
I_11_533967_00539_533967_-00001,78.9,1,2022/10/18 08:30:00,22.79,12.47,113.0,109,0,105,0,4,0,0,0,0,0,0,0
I_11_533967_00539_533967_-00001,78.9,1,2022/10/18 08:45:00,23.61,12.04,108.0,101,0,94,0,7,0,0,0,0,0,0,0
I_11_533967_00539_533967_-00001,78.9,1,2022/10/18 09:00:00,24.08,11.80,74.0,71,0,68,0,3,0,0,0,0,0,0,0
I_11_533967_00539_533967_-00001,78.9,1,2022/10/18 09:15:00,22.87,12.43,134.0,133,0,132,0,1,0,0,0,0,0,0,0
I_11_533967_00539_533967_-00001,78.9,1,2022/10/18 09:30:00,23.02,12.35,120.0,115,0,110,0,5,0,0,0,0,0,0,0
I_11_533967_00539_533967_-00001,78.9,1,2022/10/18 09:45:00,24.37,11.66,78.0,77,0,76,0,1,0,0,0,0,0,0,0
I_11_533967_00539_533967_-00001,78.9,1,2022/10/18 10:00:00,24.52,11.59,80.0,78,0,76,0,2,0,0,0,0,0,0,0
I_11_533967_00539_533967_-00001,78.9,1,2022/10/18 10:15:00,23.59,12.05,118.0,100,0,82,13,5,0,0,0,0,0,0,0
I_11_533967_00539_533967_-00001,78.9,1,2022/10/18 10:30:00,24.58,11.56,54.0,48,0,42,5,1,0,0,0,0,0,0,0
I_11_533967_00539_533967_-00001,78.9,1,2022/10/18 10:45:00,24.67,11.52,56.0,52,0,48,0,4,0,0,0,0,0,0,0
I_11_533967_00539_533967_-00001,78.9,1,2022/10/18 11:00:00,25.35,11.21,20.0,19,0,18,0,1,0,0,0,0,0,0,0
I_11_533967_00539_533967_-00001,78.9,1,2022/10/18 11:15:00,25.34,11.21,19.0,14,0,9,0,5,0,0,0,0,0,0,0
I_11_533967_00539_533967_-00001,78.9,1,2022/10/18 11:30:00,24.92,11.41,35.0,32,0,29,0,3,0,0,0,0,0,0,0
I_11_533967_00539_533967_-00001,78.9,1,2022/10/18 11:45:00,24.88,11.42,54.0,52,0,50,0,2,0,0,0,0,0,0,0
I_11_533967_00539_533967_-00001,78.9,1,2022/10/18 12:00:00,24.91,11.41,31.0,27,0,23,0,4,0,0,0,0,0,0,0
I_11_533967_00539_533967_-00001,78.9,1,2022/10/18 12:15:00,25.57,11.12,28.0,26,0,24,0,2,0,0,0,0,0,0,0
I_11_533967_00539_533967_-00001,78.9,1,2022/10/18 12:30:00,24.54,11.58,39.0,36,0,33,0,3,0,0,0,0,0,0,0
I_11_533967_00539_533967_-00001,78.9,1,2022/10/18 12:45:00,23.98,11.85,54.0,47,0,40,2,5,0,0,0,0,0,0,0
I_11_533967_00539_533967_-00001,78.9,1,2022/10/18 13:00:00,24.78,11.47,57.0,51,0,45,0,6,0,0,0,0,0,0,0
I_11_533967_00539_533967_-00001,78.9,1,2022/10/18 13:15:00,24.67,11.52,74.0,71,0,68,0,3,0,0,0,0,0,0,0
I_11_533967_00539_533967_-00001,78.9,1,2022/10/18 13:30:00,24.84,11.44,55.0,52,0,49,0,3,0,0,0,0,0,0,0
I_11_533967_00539_533967_-00001,78.9,1,2022/10/18 13:45:00,24.65,11.53,38.0,34,0,30,0,4,0,0,0,0,0,0,0
I_11_533967_00539_533967_-00001,78.9,1,2022/10/18 14:00:00,25.10,11.32,31.0,31,0,31,0,0,0,0,0,0,0,0,0
I_11_533967_00539_533967_-00001,78.9,1,2022/10/18 14:15:00,25.31,11.23,38.0,35,0,32,0,3,0,0,0,0,0,0,0
I_11_533967_00539_533967_-00001,78.9,1,2022/10/18 14:30:00,24.36,11.67,8.0,6,0,4,0,2,0,0,0,0,0,0,0
I_11_533967_00539_533967_-00001,78.9,1,2022/10/18 14:45:00,24.44,11.63,49.0,46,0,43,0,3,0,0,0,0,0,0,0
I_11_533967_00539_533967_-00001,78.9,1,2022/10/18 15:00:00,24.50,11.60,31.0,25,0,19,0,6,0,0,0,0,0,0,0
I_11_533967_00539_533967_-00001,78.9,1,2022/10/18 15:15:00,24.71,11.50,38.0,34,0,30,0,4,0,0,0,0,0,0,0
I_11_533967_00539_533967_-00001,78.9,1,2022/10/18 15:30:00,25.65,11.08,27.0,25,0,23,0,2,0,0,0,0,0,0,0
I_11_533967_00539_533967_-00001,78.9,1,2022/10/18 15:45:00,25.08,11.33,25.0,18,0,11,0,7,0,0,0,0,0,0,0
I_11_533967_00539_533967_-00001,78.9,1,2022/10/18 16:00:00,25.84,11.00,3.0,2,0,1,0,1,0,0,0,0,0,0,0
I_11_533967_00539_533967_-00001,78.9,1,2022/10/18 16:15:00,25.30,11.24,22.0,17,0,12,0,5,0,0,0,0,0,0,0
I_11_533967_00539_533967_-00001,78.9,1,2022/10/18 16:30:00,24.02,11.83,11.0,6,0,1,0,5,0,0,0,0,0,0,0
I_11_533967_00539_533967_-00001,78.9,1,2022/10/18 16:45:00,25.67,11.07,18.0,14,0,10,0,4,0,0,0,0,0,0,0
I_11_533967_00539_533967_-00001,78.9,1,2022/10/18 17:00:00,25.45,11.17,10.0,6,0,2,0,4,0,0,0,0,0,0,0
I_11_533967_00539_533967_-00001,78.9,1,2022/10/18 17:15:00,25.15,11.30,22.0,20,0,18,0,2,0,0,0,0,0,0,0
I_11_533967_00539_533967_-00001,78.9,1,2022/10/18 17:30:00,25.84,11.00,4.0,3,0,2,0,1,0,0,0,0,0,0,0
I_11_533967_00539_533967_-00001,78.9,1,2022/10/18 17:45:00,25.13,11.31,17.0,13,0,9,0,4,0,0,0,0,0,0,0
I_11_533967_00539_533967_-00001,78.9,1,2022/10/18 18:00:00,25.37,11.20,5.0,5,0,5,0,0,0,0,0,0,0,0,0
I_11_533967_00539_533967_-00001,78.9,1,2022/10/18 18:15:00,25.40,11.19,21.0,16,0,11,0,5,0,0,0,0,0,0,0
I_11_533967_00539_533967_-00001,78.9,1,2022/10/18 18:30:00,25.84,11.00,5.0,3,0,1,0,2,0,0,0,0,0,0,0
I_11_533967_00539_533967_-00001,78.9,1,2022/10/18 18:45:00,25.84,11.00,2.0,1,0,0,0,1,0,0,0,0,0,0,0
I_11_533967_00937533967_01269,117.5,2,2022/10/18 06:30:00,48.02,8.81,39.0,37,0,35,0,2,0,0,0,0,0,0,0
I_11_533967_00937533967_01269,117.5,2,2022/10/18 06:45:00,48.39,8.74,48.0,47,0,46,0,1,0,0,0,0,0,0,0
I_11_533967_00937533967_01269,117.5,2,2022/10/18 07:00:00,45.92,9.21,18.0,14,0,10,0,4,0,0,0,0,0,0,0
I_11_533967_00937533967_01269,117.5,2,2022/10/18 07:15:00,46.62,9.08,53.0,53,0,53,0,0,0,0,0,0,0,0,0
I_11_533967_00937533967_01269,117.5,2,2022/10/18 07:30:00,47.09,8.98,67.0,65,0,63,0,2,0,0,0,0,0,0,0
I_11_533967_00937533967_01269,117.5,2,2022/10/18 07:45:00,46.26,9.15,83.0,68,0,53,12,3,0,0,0,0,0,0,0
I_11_533967_00937533967_01269,117.5,2,2022/10/18 08:00:00,49.00,8.64,91.0,85,0,79,5,1,0,0,0,0,0,0,0
I_11_533967_00937533967_01269,117.5,2,2022/10/18 08:15:00,49.54,8.54,39.0,37,0,35,0,2,0,0,0,0,0,0,0
I_11_533967_00937533967_01269,117.5,2,2022/10/18 08:30:00,47.07,8.99,104.0,101,0,98,2,1,0,0,0,0,0,0,0
I_11_533967_00937533967_01269,117.5,2,2022/10/18 08:45:00,44.42,9.53,70.0,57,0,44,10,3,0,0,0,0,0,0,0
I_11_533967_00937533967_01269,117.5,2,2022/10/18 09:00:00,46.89,9.02,43.0,42,0,41,0,1,0,0,0,0,0,0,0
I_11_533967_00937533967_01269,117.5,2,2022/10/18 09:15:00,48.07,8.80,123.0,106,0,89,16,1,0,0,0,0,0,0,0
I_11_533967_00937533967_01269,117.5,2,2022/10/18 09:30:00,47.60,8.89,43.0,36,0,29,6,1,0,0,0,0,0,0,0
I_11_533967_00937533967_01269,117.5,2,2022/10/18 09:45:00,47.01,9.00,31.0,27,0,23,2,2,0,0,0,0,0,0,0
I_11_533967_00937533967_01269,117.5,2,2022/10/18 10:00:00,47.27,8.95,89.0,82,0,75,6,1,0,0,0,0,0,0,0
I_11_533967_00937533967_01269,117.5,2,2022/10/18 10:15:00,46.53,9.09,53.0,43,0,33,9,1,0,0,0,0,0,0,0
I_11_533967_00937533967_01269,117.5,2,2022/10/18 10:30:00,46.10,9.18,77.0,67,0,57,9,1,0,0,0,0,0,0,0
I_11_533967_00937533967_01269,117.5,2,2022/10/18 10:45:00,45.84,9.23,46.0,39,0,32,4,3,0,0,0,0,0,0,0
I_11_533967_00937533967_01269,117.5,2,2022/10/18 11:00:00,46.41,9.12,57.0,51,0,45,5,1,0,0,0,0,0,0,0
I_11_533967_00937533967_01269,117.5,2,2022/10/18 11:15:00,46.62,9.08,78.0,65,0,52,10,3,0,0,0,0,0,0,0
I_11_533967_00937533967_01269,117.5,2,2022/10/18 11:30:00,44.14,9.59,52.0,46,0,40,5,1,0,0,0,0,0,0,0
I_11_533967_00937533967_01269,117.5,2,2022/10/18 11:45:00,46.04,9.19,79.0,68,0,57,9,2,0,0,0,0,0,0,0
I_11_533967_00937533967_01269,117.5,2,2022/10/18 12:00:00,47.01,9.00,61.0,59,0,57,0,2,0,0,0,0,0,0,0
I_11_533967_00937533967_01269,117.5,2,2022/10/18 12:15:00,46.74,9.05,60.0,56,0,52,1,3,0,0,0,0,0,0,0
I_11_533967_00937533967_01269,117.5,2,2022/10/18 12:30:00,46.62,9.08,81.0,79,0,77,2,0,0,0,0,0,0,0,0
I_11_533967_00937533967_01269,117.5,2,2022/10/18 12:45:00,47.09,8.99,89.0,72,0,55,14,3,0,0,0,0,0,0,0
I_11_533967_00937533967_01269,117.5,2,2022/10/18 13:00:00,43.79,9.66,70.0,65,0,60,4,1,0,0,0,0,0,0,0
I_11_533967_00937533967_01269,117.5,2,2022/10/18 13:15:00,46.90,9.02,55.0,47,0,39,7,1,0,0,0,0,0,0,0
I_11_533967_00937533967_01269,117.5,2,2022/10/18 13:30:00,45.74,9.25,64.0,56,0,48,4,4,0,0,0,0,0,0,0
I_11_533967_00937533967_01269,117.5,2,2022/10/18 13:45:00,47.68,8.88,39.0,32,0,25,5,2,0,0,0,0,0,0,0
I_11_533967_00937533967_01269,117.5,2,2022/10/18 14:00:00,47.87,8.84,66.0,62,0,58,3,1,0,0,0,0,0,0,0
I_11_533967_00937533967_01269,117.5,2,2022/10/18 14:15:00,47.01,9.00,46.0,37,0,28,6,3,0,0,0,0,0,0,0
I_11_533967_00937533967_01269,117.5,2,2022/10/18 14:30:00,46.23,9.15,86.0,79,0,72,6,1,0,0,0,0,0,0,0
I_11_533967_00937533967_01269,117.5,2,2022/10/18 14:45:00,45.59,9.28,59.0,57,0,55,1,1,0,0,0,0,0,0,0
I_11_533967_00937533967_01269,117.5,2,2022/10/18 15:00:00,45.74,9.25,52.0,48,0,44,3,1,0,0,0,0,0,0,0
I_11_533967_00937533967_01269,117.5,2,2022/10/18 15:15:00,47.83,8.85,77.0,65,0,53,9,3,0,0,0,0,0,0,0
I_11_533967_00937533967_01269,117.5,2,2022/10/18 15:30:00,40.35,10.49,49.0,37,0,25,9,3,0,0,0,0,0,0,0
I_11_533967_00937533967_01269,117.5,2,2022/10/18 15:45:00,44.02,9.61,53.0,49,0,45,3,1,0,0,0,0,0,0,0
I_11_533967_00937533967_01269,117.5,2,2022/10/18 16:00:00,43.26,9.78,56.0,55,0,54,0,1,0,0,0,0,0,0,0
I_11_533967_00937533967_01269,117.5,2,2022/10/18 16:15:00,45.32,9.34,92.0,89,0,86,0,3,0,0,0,0,0,0,0
I_11_533967_00937533967_01269,117.5,2,2022/10/18 16:30:00,42.13,10.04,93.0,92,0,91,0,1,0,0,0,0,0,0,0
I_11_533967_00937533967_01269,117.5,2,2022/10/18 16:45:00,45.10,9.38,34.0,34,0,34,0,0,0,0,0,0,0,0,0
I_11_533967_00937533967_01269,117.5,2,2022/10/18 17:00:00,49.08,8.62,61.0,58,0,55,0,3,0,0,0,0,0,0,0
I_11_533967_00937533967_01269,117.5,2,2022/10/18 17:15:00,46.67,9.07,18.0,15,0,12,1,2,0,0,0,0,0,0,0
I_11_533967_00937533967_01269,117.5,2,2022/10/18 17:30:00,47.70,8.87,47.0,46,0,45,0,1,0,0,0,0,0,0,0
I_11_533967_00937533967_01269,117.5,2,2022/10/18 17:45:00,45.83,9.23,75.0,73,0,71,1,1,0,0,0,0,0,0,0
I_11_533967_00937533967_01269,117.5,2,2022/10/18 18:00:00,45.37,9.33,83.0,83,0,83,0,0,0,0,0,0,0,0,0
I_11_533967_00937533967_01269,117.5,2,2022/10/18 18:15:00,47.84,8.84,66.0,64,0,62,0,2,0,0,0,0,0,0,0
I_11_533967_00937533967_01269,117.5,2,2022/10/18 18:30:00,44.94,9.41,42.0,41,0,40,0,1,0,0,0,0,0,0,0
I_11_533967_00937533967_01269,117.5,2,2022/10/18 18:45:00,48.04,8.81,59.0,57,0,55,0,2,0,0,0,0,0,0,0
I_11_533967_00937533967_01406,145.2,2,2022/10/18 06:30:00,36.91,14.17,29.0,24,0,19,2,3,0,0,0,0,0,0,0
I_11_533967_00937533967_01406,145.2,2,2022/10/18 06:45:00,32.39,16.14,50.0,42,0,34,3,5,0,0,0,0,0,0,0
I_11_533967_00937533967_01406,145.2,2,2022/10/18 07:00:00,39.27,13.31,37.0,32,0,27,3,2,0,0,0,0,0,0,0
I_11_533967_00937533967_01406,145.2,2,2022/10/18 07:15:00,45.09,11.59,39.0,37,0,35,2,0,0,0,0,0,0,0,0
I_11_533967_00937533967_01406,145.2,2,2022/10/18 07:30:00,44.15,11.84,71.0,63,0,55,5,3,0,0,0,0,0,0,0
I_11_533967_00937533967_01406,145.2,2,2022/10/18 07:45:00,36.46,14.34,48.0,47,0,46,1,0,0,0,0,0,0,0,0
I_11_533967_00937533967_01406,145.2,2,2022/10/18 08:00:00,27.85,18.77,72.0,66,0,60,6,0,0,0,0,0,0,0,0
I_11_533967_00937533967_01406,145.2,2,2022/10/18 08:15:00,40.88,12.79,64.0,62,0,60,2,0,0,0,0,0,0,0,0
I_11_533967_00937533967_01406,145.2,2,2022/10/18 08:30:00,43.70,11.96,55.0,54,0,53,1,0,0,0,0,0,0,0,0
I_11_533967_00937533967_01406,145.2,2,2022/10/18 08:45:00,42.56,12.29,49.0,49,0,49,0,0,0,0,0,0,0,0,0
I_11_533967_00937533967_01406,145.2,2,2022/10/18 09:00:00,40.80,12.81,63.0,59,0,55,4,0,0,0,0,0,0,0,0
I_11_533967_00937533967_01406,145.2,2,2022/10/18 09:15:00,42.49,12.31,61.0,59,0,57,2,0,0,0,0,0,0,0,0
I_11_533967_00937533967_01406,145.2,2,2022/10/18 09:30:00,40.70,12.85,55.0,52,0,49,3,0,0,0,0,0,0,0,0
I_11_533967_00937533967_01406,145.2,2,2022/10/18 09:45:00,38.00,13.76,70.0,62,0,54,8,0,0,0,0,0,0,0,0
I_11_533967_00937533967_01406,145.2,2,2022/10/18 10:00:00,43.91,11.91,44.0,43,0,42,1,0,0,0,0,0,0,0,0
I_11_533967_00937533967_01406,145.2,2,2022/10/18 10:15:00,43.08,12.14,77.0,74,0,71,3,0,0,0,0,0,0,0,0
I_11_533967_00937533967_01406,145.2,2,2022/10/18 10:30:00,43.31,12.07,42.0,42,0,42,0,0,0,0,0,0,0,0,0
I_11_533967_00937533967_01406,145.2,2,2022/10/18 10:45:00,44.00,11.88,60.0,60,0,60,0,0,0,0,0,0,0,0,0
I_11_533967_00937533967_01406,145.2,2,2022/10/18 11:00:00,45.88,11.40,46.0,43,0,40,3,0,0,0,0,0,0,0,0
I_11_533967_00937533967_01406,145.2,2,2022/10/18 11:15:00,39.02,13.40,45.0,40,0,35,5,0,0,0,0,0,0,0,0
I_11_533967_00937533967_01406,145.2,2,2022/10/18 11:30:00,45.16,11.58,54.0,52,0,50,2,0,0,0,0,0,0,0,0
I_11_533967_00937533967_01406,145.2,2,2022/10/18 11:45:00,31.92,16.38,37.0,37,0,37,0,0,0,0,0,0,0,0,0
I_11_533967_00937533967_01406,145.2,2,2022/10/18 12:00:00,46.03,11.36,56.0,53,0,50,3,0,0,0,0,0,0,0,0
I_11_533967_00937533967_01406,145.2,2,2022/10/18 12:15:00,47.82,10.93,62.0,60,0,58,2,0,0,0,0,0,0,0,0
I_11_533967_00937533967_01406,145.2,2,2022/10/18 12:30:00,46.36,11.28,36.0,36,0,36,0,0,0,0,0,0,0,0,0
I_11_533967_00937533967_01406,145.2,2,2022/10/18 12:45:00,45.98,11.37,45.0,43,0,41,2,0,0,0,0,0,0,0,0
I_11_533967_00937533967_01406,145.2,2,2022/10/18 13:00:00,38.55,13.56,40.0,39,0,38,0,1,0,0,0,0,0,0,0
I_11_533967_00937533967_01406,145.2,2,2022/10/18 13:15:00,39.03,13.39,35.0,33,0,31,2,0,0,0,0,0,0,0,0
I_11_533967_00937533967_01406,145.2,2,2022/10/18 13:30:00,41.83,12.50,45.0,40,0,35,5,0,0,0,0,0,0,0,0
I_11_533967_00937533967_01406,145.2,2,2022/10/18 13:45:00,46.02,11.36,25.0,25,0,25,0,0,0,0,0,0,0,0,0
I_11_533967_00937533967_01406,145.2,2,2022/10/18 14:00:00,36.96,14.15,53.0,48,0,43,5,0,0,0,0,0,0,0,0
I_11_533967_00937533967_01406,145.2,2,2022/10/18 14:15:00,47.01,11.12,45.0,41,0,37,4,0,0,0,0,0,0,0,0
I_11_533967_00937533967_01406,145.2,2,2022/10/18 14:30:00,37.11,14.09,47.0,46,0,45,1,0,0,0,0,0,0,0,0
I_11_533967_00937533967_01406,145.2,2,2022/10/18 14:45:00,41.01,12.75,62.0,60,0,58,0,2,0,0,0,0,0,0,0
I_11_533967_00937533967_01406,145.2,2,2022/10/18 15:00:00,41.30,12.66,41.0,41,0,41,0,0,0,0,0,0,0,0,0
I_11_533967_00937533967_01406,145.2,2,2022/10/18 15:15:00,46.13,11.33,36.0,36,0,36,0,0,0,0,0,0,0,0,0
I_11_533967_00937533967_01406,145.2,2,2022/10/18 15:30:00,44.01,11.88,33.0,33,0,33,0,0,0,0,0,0,0,0,0
I_11_533967_00937533967_01406,145.2,2,2022/10/18 15:45:00,33.82,15.46,24.0,24,0,24,0,0,0,0,0,0,0,0,0
I_11_533967_00937533967_01406,145.2,2,2022/10/18 16:00:00,39.33,13.29,58.0,58,0,58,0,0,0,0,0,0,0,0,0
I_11_533967_00937533967_01406,145.2,2,2022/10/18 16:15:00,41.42,12.62,46.0,45,0,44,1,0,0,0,0,0,0,0,0
I_11_533967_00937533967_01406,145.2,2,2022/10/18 16:30:00,23.68,22.08,37.0,37,0,37,0,0,0,0,0,0,0,0,0
I_11_533967_00937533967_01406,145.2,2,2022/10/18 16:45:00,43.88,11.91,50.0,47,0,44,3,0,0,0,0,0,0,0,0
I_11_533967_00937533967_01406,145.2,2,2022/10/18 17:00:00,36.83,14.20,50.0,46,0,42,4,0,0,0,0,0,0,0,0
I_11_533967_00937533967_01406,145.2,2,2022/10/18 17:15:00,41.87,12.49,70.0,70,0,70,0,0,0,0,0,0,0,0,0
I_11_533967_00937533967_01406,145.2,2,2022/10/18 17:30:00,44.70,11.70,23.0,23,0,23,0,0,0,0,0,0,0,0,0
I_11_533967_00937533967_01406,145.2,2,2022/10/18 17:45:00,43.13,12.12,33.0,33,0,33,0,0,0,0,0,0,0,0,0
I_11_533967_00937533967_01406,145.2,2,2022/10/18 18:00:00,34.42,15.19,63.0,63,0,63,0,0,0,0,0,0,0,0,0
I_11_533967_00937533967_01406,145.2,2,2022/10/18 18:15:00,43.26,12.09,70.0,70,0,70,0,0,0,0,0,0,0,0,0
I_11_533967_00937533967_01406,145.2,2,2022/10/18 18:30:00,46.22,11.31,33.0,32,0,31,1,0,0,0,0,0,0,0,0
I_11_533967_00937533967_01406,145.2,2,2022/10/18 18:45:00,41.49,12.60,36.0,35,0,34,0,1,0,0,0,0,0,0,0
I_11_533967_00937533967_01657,199.1,2,2022/10/18 06:30:00,22.96,31.21,94.0,90,0,86,2,2,0,0,0,0,0,0,0
I_11_533967_00937533967_01657,199.1,2,2022/10/18 06:45:00,25.55,28.05,98.0,96,0,94,0,2,0,0,0,0,0,0,0
I_11_533967_00937533967_01657,199.1,2,2022/10/18 07:00:00,19.95,35.92,105.0,100,0,95,2,3,0,0,0,0,0,0,0
I_11_533967_00937533967_01657,199.1,2,2022/10/18 07:15:00,25.04,28.62,112.0,106,0,100,3,3,0,0,0,0,0,0,0
I_11_533967_00937533967_01657,199.1,2,2022/10/18 07:30:00,24.51,29.24,75.0,71,0,67,3,1,0,0,0,0,0,0,0
I_11_533967_00937533967_01657,199.1,2,2022/10/18 07:45:00,27.14,26.40,119.0,114,0,109,0,5,0,0,0,0,0,0,0
I_11_533967_00937533967_01657,199.1,2,2022/10/18 08:00:00,22.93,31.25,104.0,96,0,88,4,4,0,0,0,0,0,0,0
I_11_533967_00937533967_01657,199.1,2,2022/10/18 08:15:00,19.62,36.54,121.0,106,0,91,7,8,0,0,0,0,0,0,0
I_11_533967_00937533967_01657,199.1,2,2022/10/18 08:30:00,21.77,32.93,158.0,137,0,116,15,6,0,0,0,0,0,0,0
I_11_533967_00937533967_01657,199.1,2,2022/10/18 08:45:00,22.31,32.12,138.0,116,0,94,18,4,0,0,0,0,0,0,0
I_11_533967_00937533967_01657,199.1,2,2022/10/18 09:00:00,18.63,38.47,147.0,116,0,85,25,6,0,0,0,0,0,0,0
I_11_533967_00937533967_01657,199.1,2,2022/10/18 09:15:00,18.80,38.13,113.0,95,0,77,16,2,0,0,0,0,0,0,0
I_11_533967_00937533967_01657,199.1,2,2022/10/18 09:30:00,22.46,31.90,112.0,94,0,76,13,5,0,0,0,0,0,0,0
I_11_533967_00937533967_01657,199.1,2,2022/10/18 09:45:00,21.30,33.64,102.0,90,0,78,10,2,0,0,0,0,0,0,0
I_11_533967_00937533967_01657,199.1,2,2022/10/18 10:00:00,23.07,31.07,110.0,97,0,84,11,2,0,0,0,0,0,0,0
I_11_533967_00937533967_01657,199.1,2,2022/10/18 10:15:00,19.95,35.92,99.0,84,0,69,14,1,0,0,0,0,0,0,0
I_11_533967_00937533967_01657,199.1,2,2022/10/18 10:30:00,21.86,32.79,100.0,86,0,72,9,5,0,0,0,0,0,0,0
I_11_533967_00937533967_01657,199.1,2,2022/10/18 10:45:00,17.37,41.26,119.0,101,0,83,12,6,0,0,0,0,0,0,0
I_11_533967_00937533967_01657,199.1,2,2022/10/18 11:00:00,21.13,33.92,94.0,85,0,76,8,1,0,0,0,0,0,0,0
I_11_533967_00937533967_01657,199.1,2,2022/10/18 11:15:00,19.96,35.90,123.0,110,0,97,6,7,0,0,0,0,0,0,0
I_11_533967_00937533967_01657,199.1,2,2022/10/18 11:30:00,21.42,33.46,107.0,97,0,87,9,1,0,0,0,0,0,0,0
I_11_533967_00937533967_01657,199.1,2,2022/10/18 11:45:00,20.20,35.48,109.0,95,0,81,8,6,0,0,0,0,0,0,0
I_11_533967_00937533967_01657,199.1,2,2022/10/18 12:00:00,21.80,32.87,91.0,85,0,79,3,3,0,0,0,0,0,0,0
I_11_533967_00937533967_01657,199.1,2,2022/10/18 12:15:00,21.72,32.99,112.0,106,0,100,6,0,0,0,0,0,0,0,0
I_11_533967_00937533967_01657,199.1,2,2022/10/18 12:30:00,20.16,35.55,93.0,87,0,81,1,5,0,0,0,0,0,0,0
I_11_533967_00937533967_01657,199.1,2,2022/10/18 12:45:00,24.11,29.72,117.0,105,0,93,10,2,0,0,0,0,0,0,0
I_11_533967_00937533967_01657,199.1,2,2022/10/18 13:00:00,24.47,29.29,62.0,56,0,50,4,2,0,0,0,0,0,0,0
I_11_533967_00937533967_01657,199.1,2,2022/10/18 13:15:00,20.66,34.69,139.0,121,0,103,15,3,0,0,0,0,0,0,0
I_11_533967_00937533967_01657,199.1,2,2022/10/18 13:30:00,20.41,35.11,88.0,81,0,74,5,2,0,0,0,0,0,0,0
I_11_533967_00937533967_01657,199.1,2,2022/10/18 13:45:00,17.65,40.60,108.0,96,0,84,9,3,0,0,0,0,0,0,0
I_11_533967_00937533967_01657,199.1,2,2022/10/18 14:00:00,18.57,38.60,126.0,113,0,100,6,7,0,0,0,0,0,0,0
I_11_533967_00937533967_01657,199.1,2,2022/10/18 14:15:00,19.06,37.61,121.0,103,0,85,14,4,0,0,0,0,0,0,0
I_11_533967_00937533967_01657,199.1,2,2022/10/18 14:30:00,20.63,34.73,108.0,94,0,80,8,6,0,0,0,0,0,0,0
I_11_533967_00937533967_01657,199.1,2,2022/10/18 14:45:00,19.29,37.16,113.0,103,0,93,8,2,0,0,0,0,0,0,0
I_11_533967_00937533967_01657,199.1,2,2022/10/18 15:00:00,19.12,37.48,122.0,110,0,98,9,3,0,0,0,0,0,0,0
I_11_533967_00937533967_01657,199.1,2,2022/10/18 15:15:00,17.23,41.59,112.0,101,0,90,3,8,0,0,0,0,0,0,0
I_11_533967_00937533967_01657,199.1,2,2022/10/18 15:30:00,22.57,31.76,121.0,107,0,93,8,6,0,0,0,0,0,0,0
I_11_533967_00937533967_01657,199.1,2,2022/10/18 15:45:00,22.40,32.00,87.0,83,0,79,3,1,0,0,0,0,0,0,0
I_11_533967_00937533967_01657,199.1,2,2022/10/18 16:00:00,20.59,34.82,131.0,120,0,109,5,6,0,0,0,0,0,0,0
I_11_533967_00937533967_01657,199.1,2,2022/10/18 16:15:00,28.42,25.22,120.0,108,0,96,7,5,0,0,0,0,0,0,0
I_11_533967_00937533967_01657,199.1,2,2022/10/18 16:30:00,20.21,35.46,120.0,114,0,108,3,3,0,0,0,0,0,0,0
I_11_533967_00937533967_01657,199.1,2,2022/10/18 16:45:00,21.03,34.08,148.0,140,0,132,7,1,0,0,0,0,0,0,0
I_11_533967_00937533967_01657,199.1,2,2022/10/18 17:00:00,15.74,45.53,141.0,131,0,121,4,6,0,0,0,0,0,0,0
I_11_533967_00937533967_01657,199.1,2,2022/10/18 17:15:00,20.27,35.35,145.0,133,0,121,8,4,0,0,0,0,0,0,0
I_11_533967_00937533967_01657,199.1,2,2022/10/18 17:30:00,18.14,39.51,130.0,125,0,120,4,1,0,0,0,0,0,0,0
I_11_533967_00937533967_01657,199.1,2,2022/10/18 17:45:00,18.13,39.54,149.0,142,0,135,5,2,0,0,0,0,0,0,0
I_11_533967_00937533967_01657,199.1,2,2022/10/18 18:00:00,19.23,37.26,121.0,117,0,113,0,4,0,0,0,0,0,0,0
I_11_533967_00937533967_01657,199.1,2,2022/10/18 18:15:00,17.60,40.73,137.0,135,0,133,0,2,0,0,0,0,0,0,0
I_11_533967_00937533967_01657,199.1,2,2022/10/18 18:30:00,20.24,35.41,88.0,86,0,84,0,2,0,0,0,0,0,0,0
I_11_533967_00937533967_01657,199.1,2,2022/10/18 18:45:00,17.83,40.20,99.0,98,0,97,0,1,0,0,0,0,0,0,0
I_11_533967_00939533967_01485,284.3,2,2022/10/18 06:30:00,22.97,44.56,20.0,18,0,16,2,0,0,0,0,0,0,0,0
I_11_533967_00939533967_01485,284.3,2,2022/10/18 06:45:00,31.42,32.57,51.0,51,0,51,0,0,0,0,0,0,0,0,0
I_11_533967_00939533967_01485,284.3,2,2022/10/18 07:00:00,23.76,43.08,65.0,63,0,61,2,0,0,0,0,0,0,0,0
I_11_533967_00939533967_01485,284.3,2,2022/10/18 07:15:00,24.68,41.46,82.0,80,0,78,2,0,0,0,0,0,0,0,0
I_11_533967_00939533967_01485,284.3,2,2022/10/18 07:30:00,26.15,39.13,95.0,89,0,83,5,1,0,0,0,0,0,0,0
I_11_533967_00939533967_01485,284.3,2,2022/10/18 07:45:00,23.80,43.00,72.0,71,0,70,0,1,0,0,0,0,0,0,0
I_11_533967_00939533967_01485,284.3,2,2022/10/18 08:00:00,22.68,45.12,90.0,89,0,88,0,1,0,0,0,0,0,0,0
I_11_533967_00939533967_01485,284.3,2,2022/10/18 08:15:00,22.74,45.01,91.0,91,0,91,0,0,0,0,0,0,0,0,0
I_11_533967_00939533967_01485,284.3,2,2022/10/18 08:30:00,20.92,48.93,103.0,101,0,99,0,2,0,0,0,0,0,0,0
I_11_533967_00939533967_01485,284.3,2,2022/10/18 08:45:00,25.35,40.38,93.0,92,0,91,0,1,0,0,0,0,0,0,0
I_11_533967_00939533967_01485,284.3,2,2022/10/18 09:00:00,24.53,41.72,91.0,81,0,71,7,3,0,0,0,0,0,0,0
I_11_533967_00939533967_01485,284.3,2,2022/10/18 09:15:00,25.11,40.76,68.0,58,0,48,10,0,0,0,0,0,0,0,0
I_11_533967_00939533967_01485,284.3,2,2022/10/18 09:30:00,23.67,43.24,63.0,59,0,55,3,1,0,0,0,0,0,0,0
I_11_533967_00939533967_01485,284.3,2,2022/10/18 09:45:00,23.01,44.49,87.0,74,0,61,12,1,0,0,0,0,0,0,0
I_11_533967_00939533967_01485,284.3,2,2022/10/18 10:00:00,22.38,45.73,79.0,64,0,49,12,3,0,0,0,0,0,0,0
I_11_533967_00939533967_01485,284.3,2,2022/10/18 10:15:00,17.95,57.01,80.0,78,0,76,0,2,0,0,0,0,0,0,0
I_11_533967_00939533967_01485,284.3,2,2022/10/18 10:30:00,20.81,49.18,117.0,109,0,101,7,1,0,0,0,0,0,0,0
I_11_533967_00939533967_01485,284.3,2,2022/10/18 10:45:00,24.84,41.20,104.0,103,0,102,1,0,0,0,0,0,0,0,0
I_11_533967_00939533967_01485,284.3,2,2022/10/18 11:00:00,22.82,44.85,123.0,114,0,105,9,0,0,0,0,0,0,0,0
I_11_533967_00939533967_01485,284.3,2,2022/10/18 11:15:00,23.08,44.34,157.0,148,0,139,7,2,0,0,0,0,0,0,0
I_11_533967_00939533967_01485,284.3,2,2022/10/18 11:30:00,21.84,46.87,121.0,107,0,93,13,1,0,0,0,0,0,0,0
I_11_533967_00939533967_01485,284.3,2,2022/10/18 11:45:00,22.02,46.47,148.0,143,0,138,5,0,0,0,0,0,0,0,0
I_11_533967_00939533967_01485,284.3,2,2022/10/18 12:00:00,19.74,51.84,120.0,114,0,108,5,1,0,0,0,0,0,0,0
I_11_533967_00939533967_01485,284.3,2,2022/10/18 12:15:00,19.95,51.30,156.0,149,0,142,7,0,0,0,0,0,0,0,0
I_11_533967_00939533967_01485,284.3,2,2022/10/18 12:30:00,20.56,49.79,117.0,112,0,107,3,2,0,0,0,0,0,0,0
I_11_533967_00939533967_01485,284.3,2,2022/10/18 12:45:00,20.42,50.12,156.0,146,0,136,5,5,0,0,0,0,0,0,0
I_11_533967_00939533967_01485,284.3,2,2022/10/18 13:00:00,23.16,44.18,124.0,119,0,114,4,1,0,0,0,0,0,0,0
I_11_533967_00939533967_01485,284.3,2,2022/10/18 13:15:00,23.33,43.87,143.0,139,0,135,0,4,0,0,0,0,0,0,0
I_11_533967_00939533967_01485,284.3,2,2022/10/18 13:30:00,23.46,43.62,144.0,144,0,144,0,0,0,0,0,0,0,0,0
I_11_533967_00939533967_01485,284.3,2,2022/10/18 13:45:00,20.96,48.83,127.0,127,0,127,0,0,0,0,0,0,0,0,0
I_11_533967_00939533967_01485,284.3,2,2022/10/18 14:00:00,25.50,40.14,116.0,115,0,114,0,1,0,0,0,0,0,0,0
I_11_533967_00939533967_01485,284.3,2,2022/10/18 14:15:00,18.90,54.16,180.0,180,0,180,0,0,0,0,0,0,0,0,0
I_11_533967_00939533967_01485,284.3,2,2022/10/18 14:30:00,23.48,43.60,93.0,92,0,91,0,1,0,0,0,0,0,0,0
I_11_533967_00939533967_01485,284.3,2,2022/10/18 14:45:00,19.87,51.52,117.0,114,0,111,0,3,0,0,0,0,0,0,0
I_11_533967_00939533967_01485,284.3,2,2022/10/18 15:00:00,18.20,56.22,126.0,122,0,118,2,2,0,0,0,0,0,0,0
I_11_533967_00939533967_01485,284.3,2,2022/10/18 15:15:00,19.77,51.78,125.0,116,0,107,8,1,0,0,0,0,0,0,0
I_11_533967_00939533967_01485,284.3,2,2022/10/18 15:30:00,23.58,43.41,141.0,140,0,139,0,1,0,0,0,0,0,0,0
I_11_533967_00939533967_01485,284.3,2,2022/10/18 15:45:00,23.97,42.70,101.0,99,0,97,2,0,0,0,0,0,0,0,0
I_11_533967_00939533967_01485,284.3,2,2022/10/18 16:00:00,18.51,55.28,152.0,146,0,140,5,1,0,0,0,0,0,0,0
I_11_533967_00939533967_01485,284.3,2,2022/10/18 16:15:00,17.33,59.06,157.0,154,0,151,3,0,0,0,0,0,0,0,0
I_11_533967_00939533967_01485,284.3,2,2022/10/18 16:30:00,18.08,56.59,101.0,101,0,101,0,0,0,0,0,0,0,0,0
I_11_533967_00939533967_01485,284.3,2,2022/10/18 16:45:00,19.93,51.34,138.0,134,0,130,3,1,0,0,0,0,0,0,0
I_11_533967_00939533967_01485,284.3,2,2022/10/18 17:00:00,18.98,53.93,114.0,110,0,106,4,0,0,0,0,0,0,0,0
I_11_533967_00939533967_01485,284.3,2,2022/10/18 17:15:00,22.96,44.58,140.0,139,0,138,1,0,0,0,0,0,0,0,0
I_11_533967_00939533967_01485,284.3,2,2022/10/18 17:30:00,21.35,47.94,131.0,127,0,123,0,4,0,0,0,0,0,0,0
I_11_533967_00939533967_01485,284.3,2,2022/10/18 17:45:00,22.56,45.37,138.0,135,0,132,3,0,0,0,0,0,0,0,0
I_11_533967_00939533967_01485,284.3,2,2022/10/18 18:00:00,22.05,46.42,108.0,106,0,104,1,1,0,0,0,0,0,0,0
I_11_533967_00939533967_01485,284.3,2,2022/10/18 18:15:00,22.05,46.41,139.0,136,0,133,0,3,0,0,0,0,0,0,0
I_11_533967_00939533967_01485,284.3,2,2022/10/18 18:30:00,22.48,45.52,101.0,98,0,95,2,1,0,0,0,0,0,0,0
I_11_533967_00939533967_01485,284.3,2,2022/10/18 18:45:00,20.76,49.29,107.0,107,0,107,0,0,0,0,0,0,0,0,0
I_11_533967_00977533967_00978,313.2,2,2022/10/18 06:30:00,39.70,28.40,70.0,68,0,66,2,0,0,0,0,0,0,0,0
I_11_533967_00977533967_00978,313.2,2,2022/10/18 06:45:00,39.58,28.49,86.0,78,0,70,8,0,0,0,0,0,0,0,0
I_11_533967_00977533967_00978,313.2,2,2022/10/18 07:00:00,39.31,28.68,80.0,73,0,66,7,0,0,0,0,0,0,0,0
I_11_533967_00977533967_00978,313.2,2,2022/10/18 07:15:00,38.91,28.97,127.0,117,0,107,10,0,0,0,0,0,0,0,0
I_11_533967_00977533967_00978,313.2,2,2022/10/18 07:30:00,39.00,28.91,132.0,121,0,110,10,1,0,0,0,0,0,0,0
I_11_533967_00977533967_00978,313.2,2,2022/10/18 07:45:00,39.21,28.75,95.0,93,0,91,2,0,0,0,0,0,0,0,0
I_11_533967_00977533967_00978,313.2,2,2022/10/18 08:00:00,39.18,28.78,146.0,139,0,132,5,2,0,0,0,0,0,0,0
I_11_533967_00977533967_00978,313.2,2,2022/10/18 08:15:00,39.01,28.90,169.0,157,0,145,12,0,0,0,0,0,0,0,0
I_11_533967_00977533967_00978,313.2,2,2022/10/18 08:30:00,39.63,28.45,76.0,67,0,58,8,1,0,0,0,0,0,0,0
I_11_533967_00977533967_00978,313.2,2,2022/10/18 08:45:00,38.78,29.07,88.0,82,0,76,6,0,0,0,0,0,0,0,0
I_11_533967_00977533967_00978,313.2,2,2022/10/18 09:00:00,39.54,28.52,145.0,114,0,83,26,5,0,0,0,0,0,0,0
I_11_533967_00977533967_00978,313.2,2,2022/10/18 09:15:00,39.62,28.46,48.0,35,0,22,13,0,0,0,0,0,0,0,0
I_11_533967_00977533967_00978,313.2,2,2022/10/18 09:30:00,39.88,28.27,54.0,44,0,34,9,1,0,0,0,0,0,0,0
I_11_533967_00977533967_00978,313.2,2,2022/10/18 09:45:00,39.84,28.30,76.0,60,0,44,16,0,0,0,0,0,0,0,0
I_11_533967_00977533967_00978,313.2,2,2022/10/18 10:00:00,39.67,28.42,42.0,26,0,10,16,0,0,0,0,0,0,0,0
I_11_533967_00977533967_00978,313.2,2,2022/10/18 10:15:00,39.47,28.57,36.0,23,0,10,13,0,0,0,0,0,0,0,0
I_11_533967_00977533967_00978,313.2,2,2022/10/18 10:30:00,39.81,28.32,34.0,22,0,10,12,0,0,0,0,0,0,0,0
I_11_533967_00977533967_00978,313.2,2,2022/10/18 10:45:00,38.11,29.59,42.0,41,0,40,1,0,0,0,0,0,0,0,0
I_11_533967_00977533967_00978,313.2,2,2022/10/18 11:00:00,39.67,28.42,38.0,26,0,14,12,0,0,0,0,0,0,0,0
I_11_533967_00977533967_00978,313.2,2,2022/10/18 11:15:00,39.61,28.47,25.0,15,0,5,10,0,0,0,0,0,0,0,0
I_11_533967_00977533967_00978,313.2,2,2022/10/18 11:30:00,39.36,28.65,29.0,17,0,5,12,0,0,0,0,0,0,0,0
I_11_533967_00977533967_00978,313.2,2,2022/10/18 11:45:00,39.56,28.50,19.0,10,0,1,8,1,0,0,0,0,0,0,0
I_11_533967_00977533967_00978,313.2,2,2022/10/18 12:00:00,39.20,28.76,65.0,50,0,35,15,0,0,0,0,0,0,0,0
I_11_533967_00977533967_00978,313.2,2,2022/10/18 12:15:00,39.75,28.36,65.0,55,0,45,9,1,0,0,0,0,0,0,0
I_11_533967_00977533967_00978,313.2,2,2022/10/18 12:30:00,38.13,29.57,31.0,21,0,11,10,0,0,0,0,0,0,0,0
I_11_533967_00977533967_00978,313.2,2,2022/10/18 12:45:00,39.78,28.34,37.0,35,0,33,1,1,0,0,0,0,0,0,0
I_11_533967_00977533967_00978,313.2,2,2022/10/18 13:00:00,39.88,28.27,67.0,55,0,43,12,0,0,0,0,0,0,0,0
I_11_533967_00977533967_00978,313.2,2,2022/10/18 13:15:00,39.86,28.28,52.0,46,0,40,6,0,0,0,0,0,0,0,0
I_11_533967_00977533967_00978,313.2,2,2022/10/18 13:30:00,39.94,28.23,45.0,39,0,33,6,0,0,0,0,0,0,0,0
I_11_533967_00977533967_00978,313.2,2,2022/10/18 13:45:00,39.37,28.64,48.0,33,0,18,15,0,0,0,0,0,0,0,0
I_11_533967_00977533967_00978,313.2,2,2022/10/18 14:00:00,39.15,28.80,55.0,40,0,25,15,0,0,0,0,0,0,0,0
I_11_533967_00977533967_00978,313.2,2,2022/10/18 14:15:00,39.58,28.48,33.0,29,0,25,4,0,0,0,0,0,0,0,0
I_11_533967_00977533967_00978,313.2,2,2022/10/18 14:30:00,39.73,28.38,69.0,66,0,63,3,0,0,0,0,0,0,0,0
I_11_533967_00977533967_00978,313.2,2,2022/10/18 14:45:00,39.55,28.51,58.0,47,0,36,10,1,0,0,0,0,0,0,0
I_11_533967_00977533967_00978,313.2,2,2022/10/18 15:00:00,40.02,28.17,37.0,29,0,21,7,1,0,0,0,0,0,0,0
I_11_533967_00977533967_00978,313.2,2,2022/10/18 15:15:00,39.56,28.50,23.0,12,0,1,11,0,0,0,0,0,0,0,0
I_11_533967_00977533967_00978,313.2,2,2022/10/18 15:30:00,39.84,28.30,28.0,20,0,12,8,0,0,0,0,0,0,0,0
I_11_533967_00977533967_00978,313.2,2,2022/10/18 15:45:00,39.07,28.86,56.0,49,0,42,7,0,0,0,0,0,0,0,0
I_11_533967_00977533967_00978,313.2,2,2022/10/18 16:00:00,39.73,28.38,25.0,21,0,17,4,0,0,0,0,0,0,0,0
I_11_533967_00977533967_00978,313.2,2,2022/10/18 16:15:00,39.86,28.29,27.0,21,0,15,6,0,0,0,0,0,0,0,0
I_11_533967_00977533967_00978,313.2,2,2022/10/18 16:30:00,39.62,28.46,56.0,46,0,36,10,0,0,0,0,0,0,0,0
I_11_533967_00977533967_00978,313.2,2,2022/10/18 16:45:00,39.71,28.39,66.0,59,0,52,6,1,0,0,0,0,0,0,0
I_11_533967_00977533967_00978,313.2,2,2022/10/18 17:00:00,39.70,28.40,62.0,60,0,58,2,0,0,0,0,0,0,0,0
I_11_533967_00977533967_00978,313.2,2,2022/10/18 17:15:00,39.81,28.32,34.0,28,0,22,5,1,0,0,0,0,0,0,0
I_11_533967_00977533967_00978,313.2,2,2022/10/18 17:30:00,39.52,28.53,81.0,74,0,67,7,0,0,0,0,0,0,0,0
I_11_533967_00977533967_00978,313.2,2,2022/10/18 17:45:00,39.89,28.26,68.0,65,0,62,2,1,0,0,0,0,0,0,0
I_11_533967_00977533967_00978,313.2,2,2022/10/18 18:00:00,39.80,28.33,55.0,52,0,49,3,0,0,0,0,0,0,0,0
I_11_533967_00977533967_00978,313.2,2,2022/10/18 18:15:00,39.67,28.42,65.0,59,0,53,5,1,0,0,0,0,0,0,0
I_11_533967_00977533967_00978,313.2,2,2022/10/18 18:30:00,39.65,28.44,43.0,39,0,35,4,0,0,0,0,0,0,0,0
I_11_533967_00977533967_00978,313.2,2,2022/10/18 18:45:00,39.76,28.36,84.0,81,0,78,2,1,0,0,0,0,0,0,0
I_11_533967_00977533967_01421,228.5,2,2022/10/18 06:30:00,47.71,17.24,39.0,33,0,27,5,1,0,0,0,0,0,0,0
I_11_533967_00977533967_01421,228.5,2,2022/10/18 06:45:00,45.34,18.14,57.0,49,0,41,7,1,0,0,0,0,0,0,0
I_11_533967_00977533967_01421,228.5,2,2022/10/18 07:00:00,47.05,17.48,59.0,54,0,49,5,0,0,0,0,0,0,0,0
I_11_533967_00977533967_01421,228.5,2,2022/10/18 07:15:00,42.80,19.22,117.0,100,0,83,13,4,0,0,0,0,0,0,0
I_11_533967_00977533967_01421,228.5,2,2022/10/18 07:30:00,44.13,18.64,108.0,94,0,80,12,2,0,0,0,0,0,0,0
I_11_533967_00977533967_01421,228.5,2,2022/10/18 07:45:00,44.64,18.43,95.0,84,0,73,10,1,0,0,0,0,0,0,0
I_11_533967_00977533967_01421,228.5,2,2022/10/18 08:00:00,45.38,18.12,103.0,88,0,73,9,6,0,0,0,0,0,0,0
I_11_533967_00977533967_01421,228.5,2,2022/10/18 08:15:00,43.04,19.11,122.0,107,0,92,10,5,0,0,0,0,0,0,0
I_11_533967_00977533967_01421,228.5,2,2022/10/18 08:30:00,41.79,19.68,142.0,126,0,110,13,3,0,0,0,0,0,0,0
I_11_533967_00977533967_01421,228.5,2,2022/10/18 08:45:00,43.61,18.86,110.0,100,0,90,7,3,0,0,0,0,0,0,0
I_11_533967_00977533967_01421,228.5,2,2022/10/18 09:00:00,43.69,18.83,110.0,92,0,74,12,6,0,0,0,0,0,0,0
I_11_533967_00977533967_01421,228.5,2,2022/10/18 09:15:00,45.70,18.00,78.0,69,0,60,4,5,0,0,0,0,0,0,0
I_11_533967_00977533967_01421,228.5,2,2022/10/18 09:30:00,43.58,18.87,105.0,87,0,69,14,4,0,0,0,0,0,0,0
I_11_533967_00977533967_01421,228.5,2,2022/10/18 09:45:00,25.40,32.39,167.0,146,0,125,19,2,0,0,0,0,0,0,0
I_11_533967_00977533967_01421,228.5,2,2022/10/18 10:00:00,6.39,128.76,161.0,145,0,129,10,6,0,0,0,0,0,0,0
I_11_533967_00977533967_01421,228.5,2,2022/10/18 10:15:00,8.46,97.28,176.0,151,0,126,20,5,0,0,0,0,0,0,0
I_11_533967_00977533967_01421,228.5,2,2022/10/18 10:30:00,44.42,18.52,102.0,93,0,84,6,3,0,0,0,0,0,0,0
I_11_533967_00977533967_01421,228.5,2,2022/10/18 10:45:00,43.62,18.86,148.0,134,0,120,12,2,0,0,0,0,0,0,0
I_11_533967_00977533967_01421,228.5,2,2022/10/18 11:00:00,40.59,20.26,176.0,159,0,142,17,0,0,0,0,0,0,0,0
I_11_533967_00977533967_01421,228.5,2,2022/10/18 11:15:00,37.28,22.07,156.0,137,0,118,16,3,0,0,0,0,0,0,0
I_11_533967_00977533967_01421,228.5,2,2022/10/18 11:30:00,43.63,18.85,125.0,109,0,93,14,2,0,0,0,0,0,0,0
I_11_533967_00977533967_01421,228.5,2,2022/10/18 11:45:00,41.28,19.93,136.0,122,0,108,9,4,1,0,0,0,0,0,0
I_11_533967_00977533967_01421,228.5,2,2022/10/18 12:00:00,43.34,18.98,117.0,104,0,91,12,1,0,0,0,0,0,0,0
I_11_533967_00977533967_01421,228.5,2,2022/10/18 12:15:00,44.10,18.65,104.0,95,0,86,8,1,0,0,0,0,0,0,0
I_11_533967_00977533967_01421,228.5,2,2022/10/18 12:30:00,45.28,18.16,105.0,97,0,89,4,4,0,0,0,0,0,0,0
I_11_533967_00977533967_01421,228.5,2,2022/10/18 12:45:00,43.89,18.74,138.0,120,0,102,11,7,0,0,0,0,0,0,0
I_11_533967_00977533967_01421,228.5,2,2022/10/18 13:00:00,43.06,19.10,108.0,98,0,88,8,2,0,0,0,0,0,0,0
I_11_533967_00977533967_01421,228.5,2,2022/10/18 13:15:00,44.03,18.68,126.0,119,0,112,1,6,0,0,0,0,0,0,0
I_11_533967_00977533967_01421,228.5,2,2022/10/18 13:30:00,43.67,18.84,121.0,110,0,99,10,1,0,0,0,0,0,0,0
I_11_533967_00977533967_01421,228.5,2,2022/10/18 13:45:00,44.22,18.60,119.0,115,0,111,2,2,0,0,0,0,0,0,0
I_11_533967_00977533967_01421,228.5,2,2022/10/18 14:00:00,45.01,18.28,119.0,109,0,99,7,3,0,0,0,0,0,0,0
I_11_533967_00977533967_01421,228.5,2,2022/10/18 14:15:00,44.12,18.64,132.0,123,0,114,9,0,0,0,0,0,0,0,0
I_11_533967_00977533967_01421,228.5,2,2022/10/18 14:30:00,45.44,18.10,78.0,69,0,60,8,1,0,0,0,0,0,0,0
I_11_533967_00977533967_01421,228.5,2,2022/10/18 14:45:00,45.16,18.22,80.0,74,0,68,0,6,0,0,0,0,0,0,0
I_11_533967_00977533967_01421,228.5,2,2022/10/18 15:00:00,42.87,19.19,137.0,123,0,109,12,2,0,0,0,0,0,0,0
I_11_533967_00977533967_01421,228.5,2,2022/10/18 15:15:00,43.01,19.12,128.0,114,0,100,9,5,0,0,0,0,0,0,0
I_11_533967_00977533967_01421,228.5,2,2022/10/18 15:30:00,44.76,18.38,116.0,106,0,96,9,1,0,0,0,0,0,0,0
I_11_533967_00977533967_01421,228.5,2,2022/10/18 15:45:00,43.82,18.77,94.0,88,0,82,3,3,0,0,0,0,0,0,0
I_11_533967_00977533967_01421,228.5,2,2022/10/18 16:00:00,44.25,18.59,146.0,134,0,122,11,1,0,0,0,0,0,0,0
I_11_533967_00977533967_01421,228.5,2,2022/10/18 16:15:00,42.32,19.44,130.0,123,0,116,6,1,0,0,0,0,0,0,0
I_11_533967_00977533967_01421,228.5,2,2022/10/18 16:30:00,45.34,18.14,107.0,105,0,103,1,1,0,0,0,0,0,0,0
I_11_533967_00977533967_01421,228.5,2,2022/10/18 16:45:00,41.57,19.79,106.0,90,0,74,13,3,0,0,0,0,0,0,0
I_11_533967_00977533967_01421,228.5,2,2022/10/18 17:00:00,44.18,18.62,111.0,100,0,89,7,4,0,0,0,0,0,0,0
I_11_533967_00977533967_01421,228.5,2,2022/10/18 17:15:00,43.08,19.09,112.0,106,0,100,2,4,0,0,0,0,0,0,0
I_11_533967_00977533967_01421,228.5,2,2022/10/18 17:30:00,44.87,18.33,128.0,121,0,114,1,6,0,0,0,0,0,0,0
I_11_533967_00977533967_01421,228.5,2,2022/10/18 17:45:00,44.00,18.69,130.0,124,0,118,3,3,0,0,0,0,0,0,0
I_11_533967_00977533967_01421,228.5,2,2022/10/18 18:00:00,41.42,19.86,136.0,129,0,122,3,4,0,0,0,0,0,0,0
I_11_533967_00977533967_01421,228.5,2,2022/10/18 18:15:00,42.36,19.42,124.0,112,0,100,4,8,0,0,0,0,0,0,0
I_11_533967_00977533967_01421,228.5,2,2022/10/18 18:30:00,40.63,20.24,124.0,119,0,114,3,2,0,0,0,0,0,0,0
I_11_533967_00977533967_01421,228.5,2,2022/10/18 18:45:00,34.99,23.51,114.0,108,0,102,1,5,0,0,0,0,0,0,0
I_11_533967_00977533967_01425,161.1,2,2022/10/18 06:30:00,46.17,12.56,18.0,16,0,14,2,0,0,0,0,0,0,0,0
I_11_533967_00977533967_01425,161.1,2,2022/10/18 06:45:00,46.58,12.45,31.0,31,0,31,0,0,0,0,0,0,0,0,0
I_11_533967_00977533967_01425,161.1,2,2022/10/18 07:00:00,48.86,11.87,31.0,31,0,31,0,0,0,0,0,0,0,0,0
I_11_533967_00977533967_01425,161.1,2,2022/10/18 07:15:00,48.07,12.07,18.0,15,0,12,0,3,0,0,0,0,0,0,0
I_11_533967_00977533967_01425,161.1,2,2022/10/18 07:30:00,48.14,12.05,42.0,41,0,40,0,1,0,0,0,0,0,0,0
I_11_533967_00977533967_01425,161.1,2,2022/10/18 07:45:00,44.56,13.02,67.0,65,0,63,0,2,0,0,0,0,0,0,0
I_11_533967_00977533967_01425,161.1,2,2022/10/18 08:00:00,48.34,12.00,46.0,40,0,34,0,6,0,0,0,0,0,0,0
I_11_533967_00977533967_01425,161.1,2,2022/10/18 08:15:00,48.62,11.93,47.0,43,0,39,0,4,0,0,0,0,0,0,0
I_11_533967_00977533967_01425,161.1,2,2022/10/18 08:30:00,47.82,12.13,70.0,62,0,54,6,2,0,0,0,0,0,0,0
I_11_533967_00977533967_01425,161.1,2,2022/10/18 08:45:00,47.35,12.25,52.0,48,0,44,4,0,0,0,0,0,0,0,0
I_11_533967_00977533967_01425,161.1,2,2022/10/18 09:00:00,47.50,12.21,56.0,52,0,48,4,0,0,0,0,0,0,0,0
I_11_533967_00977533967_01425,161.1,2,2022/10/18 09:15:00,48.97,11.84,46.0,45,0,44,1,0,0,0,0,0,0,0,0
I_11_533967_00977533967_01425,161.1,2,2022/10/18 09:30:00,48.16,12.04,48.0,45,0,42,3,0,0,0,0,0,0,0,0
I_11_533967_00977533967_01425,161.1,2,2022/10/18 09:45:00,48.68,11.91,52.0,47,0,42,5,0,0,0,0,0,0,0,0
I_11_533967_00977533967_01425,161.1,2,2022/10/18 10:00:00,48.34,12.00,42.0,40,0,38,2,0,0,0,0,0,0,0,0
I_11_533967_00977533967_01425,161.1,2,2022/10/18 10:15:00,48.75,11.90,50.0,49,0,48,1,0,0,0,0,0,0,0,0
I_11_533967_00977533967_01425,161.1,2,2022/10/18 10:30:00,48.07,12.07,46.0,46,0,46,0,0,0,0,0,0,0,0,0
I_11_533967_00977533967_01425,161.1,2,2022/10/18 10:45:00,46.14,12.57,44.0,42,0,40,2,0,0,0,0,0,0,0,0
I_11_533967_00977533967_01425,161.1,2,2022/10/18 11:00:00,48.34,12.00,52.0,51,0,50,1,0,0,0,0,0,0,0,0
I_11_533967_00977533967_01425,161.1,2,2022/10/18 11:15:00,45.88,12.64,58.0,56,0,54,2,0,0,0,0,0,0,0,0
I_11_533967_00977533967_01425,161.1,2,2022/10/18 11:30:00,47.84,12.12,40.0,40,0,40,0,0,0,0,0,0,0,0,0
I_11_533967_00977533967_01425,161.1,2,2022/10/18 11:45:00,47.24,12.28,62.0,61,0,60,1,0,0,0,0,0,0,0,0
I_11_533967_00977533967_01425,161.1,2,2022/10/18 12:00:00,48.74,11.90,41.0,40,0,39,1,0,0,0,0,0,0,0,0
I_11_533967_00977533967_01425,161.1,2,2022/10/18 12:15:00,46.50,12.47,44.0,38,0,32,6,0,0,0,0,0,0,0,0
I_11_533967_00977533967_01425,161.1,2,2022/10/18 12:30:00,47.74,12.15,48.0,47,0,46,1,0,0,0,0,0,0,0,0
I_11_533967_00977533967_01425,161.1,2,2022/10/18 12:45:00,47.50,12.21,38.0,38,0,38,0,0,0,0,0,0,0,0,0
I_11_533967_00977533967_01425,161.1,2,2022/10/18 13:00:00,48.87,11.87,47.0,46,0,45,1,0,0,0,0,0,0,0,0
I_11_533967_00977533967_01425,161.1,2,2022/10/18 13:15:00,47.82,12.13,46.0,46,0,46,0,0,0,0,0,0,0,0,0
I_11_533967_00977533967_01425,161.1,2,2022/10/18 13:30:00,47.41,12.24,34.0,34,0,34,0,0,0,0,0,0,0,0,0
I_11_533967_00977533967_01425,161.1,2,2022/10/18 13:45:00,48.34,12.00,33.0,33,0,33,0,0,0,0,0,0,0,0,0
I_11_533967_00977533967_01425,161.1,2,2022/10/18 14:00:00,45.95,12.62,59.0,53,0,47,6,0,0,0,0,0,0,0,0
I_11_533967_00977533967_01425,161.1,2,2022/10/18 14:15:00,48.63,11.93,47.0,41,0,35,6,0,0,0,0,0,0,0,0
I_11_533967_00977533967_01425,161.1,2,2022/10/18 14:30:00,48.40,11.98,63.0,61,0,59,2,0,0,0,0,0,0,0,0
I_11_533967_00977533967_01425,161.1,2,2022/10/18 14:45:00,46.53,12.47,43.0,43,0,43,0,0,0,0,0,0,0,0,0
I_11_533967_00977533967_01425,161.1,2,2022/10/18 15:00:00,45.08,12.87,72.0,68,0,64,4,0,0,0,0,0,0,0,0
I_11_533967_00977533967_01425,161.1,2,2022/10/18 15:15:00,47.45,12.22,65.0,58,0,51,5,2,0,0,0,0,0,0,0
I_11_533967_00977533967_01425,161.1,2,2022/10/18 15:30:00,48.53,11.95,71.0,64,0,57,7,0,0,0,0,0,0,0,0
I_11_533967_00977533967_01425,161.1,2,2022/10/18 15:45:00,48.26,12.02,57.0,55,0,53,1,1,0,0,0,0,0,0,0
I_11_533967_00977533967_01425,161.1,2,2022/10/18 16:00:00,48.25,12.02,53.0,49,0,45,3,1,0,0,0,0,0,0,0
I_11_533967_00977533967_01425,161.1,2,2022/10/18 16:15:00,45.76,12.67,94.0,89,0,84,5,0,0,0,0,0,0,0,0
I_11_533967_00977533967_01425,161.1,2,2022/10/18 16:30:00,47.95,12.10,52.0,52,0,52,0,0,0,0,0,0,0,0,0
I_11_533967_00977533967_01425,161.1,2,2022/10/18 16:45:00,48.34,12.00,47.0,47,0,47,0,0,0,0,0,0,0,0,0
I_11_533967_00977533967_01425,161.1,2,2022/10/18 17:00:00,48.29,12.01,95.0,90,0,85,3,2,0,0,0,0,0,0,0
I_11_533967_00977533967_01425,161.1,2,2022/10/18 17:15:00,48.30,12.01,104.0,100,0,96,2,2,0,0,0,0,0,0,0
I_11_533967_00977533967_01425,161.1,2,2022/10/18 17:30:00,48.53,11.95,64.0,63,0,62,0,1,0,0,0,0,0,0,0
I_11_533967_00977533967_01425,161.1,2,2022/10/18 17:45:00,48.07,12.07,62.0,61,0,60,1,0,0,0,0,0,0,0,0
I_11_533967_00977533967_01425,161.1,2,2022/10/18 18:00:00,48.52,11.95,67.0,65,0,63,2,0,0,0,0,0,0,0,0
I_11_533967_00977533967_01425,161.1,2,2022/10/18 18:15:00,48.93,11.85,49.0,48,0,47,0,1,0,0,0,0,0,0,0
I_11_533967_00977533967_01425,161.1,2,2022/10/18 18:30:00,47.44,12.23,45.0,44,0,43,1,0,0,0,0,0,0,0,0
I_11_533967_00977533967_01425,161.1,2,2022/10/18 18:45:00,47.42,12.23,26.0,26,0,26,0,0,0,0,0,0,0,0,0
I_11_533967_00977533967_01555,215.2,1,2022/10/18 06:30:00,50.12,15.45,24.0,22,0,20,0,2,0,0,0,0,0,0,0
I_11_533967_00977533967_01555,215.2,1,2022/10/18 06:45:00,49.00,15.81,21.0,21,0,21,0,0,0,0,0,0,0,0,0
I_11_533967_00977533967_01555,215.2,1,2022/10/18 07:00:00,49.05,15.79,32.0,29,0,26,0,3,0,0,0,0,0,0,0
I_11_533967_00977533967_01555,215.2,1,2022/10/18 07:15:00,48.51,15.97,36.0,31,0,26,2,3,0,0,0,0,0,0,0
I_11_533967_00977533967_01555,215.2,1,2022/10/18 07:30:00,48.48,15.98,46.0,43,0,40,1,2,0,0,0,0,0,0,0
I_11_533967_00977533967_01555,215.2,1,2022/10/18 07:45:00,48.61,15.93,52.0,46,0,40,0,6,0,0,0,0,0,0,0
I_11_533967_00977533967_01555,215.2,1,2022/10/18 08:00:00,49.27,15.72,53.0,47,0,41,2,4,0,0,0,0,0,0,0
I_11_533967_00977533967_01555,215.2,1,2022/10/18 08:15:00,49.37,15.69,48.0,45,0,42,0,3,0,0,0,0,0,0,0
I_11_533967_00977533967_01555,215.2,1,2022/10/18 08:30:00,49.20,15.74,47.0,43,0,39,0,4,0,0,0,0,0,0,0
I_11_533967_00977533967_01555,215.2,1,2022/10/18 08:45:00,48.81,15.87,57.0,54,0,51,0,3,0,0,0,0,0,0,0
I_11_533967_00977533967_01555,215.2,1,2022/10/18 09:00:00,48.68,15.91,46.0,34,0,22,8,4,0,0,0,0,0,0,0
I_11_533967_00977533967_01555,215.2,1,2022/10/18 09:15:00,48.70,15.90,52.0,42,0,32,9,1,0,0,0,0,0,0,0
I_11_533967_00977533967_01555,215.2,1,2022/10/18 09:30:00,48.03,16.13,44.0,39,0,34,0,5,0,0,0,0,0,0,0
I_11_533967_00977533967_01555,215.2,1,2022/10/18 09:45:00,48.75,15.89,21.0,18,0,15,1,2,0,0,0,0,0,0,0
I_11_533967_00977533967_01555,215.2,1,2022/10/18 10:00:00,47.80,16.21,33.0,29,0,25,0,4,0,0,0,0,0,0,0
I_11_533967_00977533967_01555,215.2,1,2022/10/18 10:15:00,48.87,15.85,32.0,27,0,22,4,1,0,0,0,0,0,0,0
I_11_533967_00977533967_01555,215.2,1,2022/10/18 10:30:00,47.39,16.34,34.0,29,0,24,0,5,0,0,0,0,0,0,0
I_11_533967_00977533967_01555,215.2,1,2022/10/18 10:45:00,48.88,15.85,14.0,13,0,12,0,1,0,0,0,0,0,0,0
I_11_533967_00977533967_01555,215.2,1,2022/10/18 11:00:00,47.64,16.26,25.0,23,0,21,0,2,0,0,0,0,0,0,0
I_11_533967_00977533967_01555,215.2,1,2022/10/18 11:15:00,47.15,16.43,15.0,14,0,13,0,1,0,0,0,0,0,0,0
I_11_533967_00977533967_01555,215.2,1,2022/10/18 11:30:00,47.86,16.18,49.0,38,0,27,6,4,1,0,0,0,0,0,0
I_11_533967_00977533967_01555,215.2,1,2022/10/18 11:45:00,47.75,16.22,21.0,18,0,15,2,1,0,0,0,0,0,0,0
I_11_533967_00977533967_01555,215.2,1,2022/10/18 12:00:00,48.41,16.00,27.0,27,0,27,0,0,0,0,0,0,0,0,0
I_11_533967_00977533967_01555,215.2,1,2022/10/18 12:15:00,48.41,16.00,39.0,37,0,35,0,2,0,0,0,0,0,0,0
I_11_533967_00977533967_01555,215.2,1,2022/10/18 12:30:00,47.43,16.33,25.0,21,0,17,1,3,0,0,0,0,0,0,0
I_11_533967_00977533967_01555,215.2,1,2022/10/18 12:45:00,46.90,16.52,35.0,31,0,27,4,0,0,0,0,0,0,0,0
I_11_533967_00977533967_01555,215.2,1,2022/10/18 13:00:00,48.28,16.04,50.0,45,0,40,3,2,0,0,0,0,0,0,0
I_11_533967_00977533967_01555,215.2,1,2022/10/18 13:15:00,49.21,15.74,32.0,31,0,30,0,1,0,0,0,0,0,0,0
I_11_533967_00977533967_01555,215.2,1,2022/10/18 13:30:00,47.87,16.18,26.0,22,0,18,0,4,0,0,0,0,0,0,0
I_11_533967_00977533967_01555,215.2,1,2022/10/18 13:45:00,49.31,15.71,25.0,24,0,23,0,1,0,0,0,0,0,0,0
I_11_533967_00977533967_01555,215.2,1,2022/10/18 14:00:00,47.12,16.44,19.0,16,0,13,1,2,0,0,0,0,0,0,0
I_11_533967_00977533967_01555,215.2,1,2022/10/18 14:15:00,48.72,15.90,24.0,20,0,16,2,2,0,0,0,0,0,0,0
I_11_533967_00977533967_01555,215.2,1,2022/10/18 14:30:00,47.88,16.18,42.0,39,0,36,0,3,0,0,0,0,0,0,0
I_11_533967_00977533967_01555,215.2,1,2022/10/18 14:45:00,47.68,16.24,51.0,49,0,47,0,2,0,0,0,0,0,0,0
I_11_533967_00977533967_01555,215.2,1,2022/10/18 15:00:00,48.75,15.89,30.0,27,0,24,2,1,0,0,0,0,0,0,0
I_11_533967_00977533967_01555,215.2,1,2022/10/18 15:15:00,46.41,16.69,29.0,26,0,23,1,2,0,0,0,0,0,0,0
I_11_533967_00977533967_01555,215.2,1,2022/10/18 15:30:00,47.14,16.43,32.0,30,0,28,0,2,0,0,0,0,0,0,0
I_11_533967_00977533967_01555,215.2,1,2022/10/18 15:45:00,48.09,16.11,28.0,28,0,28,0,0,0,0,0,0,0,0,0
I_11_533967_00977533967_01555,215.2,1,2022/10/18 16:00:00,49.58,15.62,46.0,45,0,44,0,1,0,0,0,0,0,0,0
I_11_533967_00977533967_01555,215.2,1,2022/10/18 16:15:00,48.25,16.05,21.0,19,0,17,0,2,0,0,0,0,0,0,0
I_11_533967_00977533967_01555,215.2,1,2022/10/18 16:30:00,48.11,16.10,24.0,20,0,16,0,4,0,0,0,0,0,0,0
I_11_533967_00977533967_01555,215.2,1,2022/10/18 16:45:00,47.93,16.16,38.0,37,0,36,0,1,0,0,0,0,0,0,0
I_11_533967_00977533967_01555,215.2,1,2022/10/18 17:00:00,49.42,15.68,40.0,37,0,34,0,3,0,0,0,0,0,0,0
I_11_533967_00977533967_01555,215.2,1,2022/10/18 17:15:00,48.85,15.86,31.0,28,0,25,0,3,0,0,0,0,0,0,0
I_11_533967_00977533967_01555,215.2,1,2022/10/18 17:30:00,46.32,16.72,34.0,29,0,24,0,5,0,0,0,0,0,0,0
I_11_533967_00977533967_01555,215.2,1,2022/10/18 17:45:00,48.41,16.00,18.0,15,0,12,0,3,0,0,0,0,0,0,0
I_11_533967_00977533967_01555,215.2,1,2022/10/18 18:00:00,46.66,16.60,25.0,20,0,15,0,5,0,0,0,0,0,0,0
I_11_533967_00977533967_01555,215.2,1,2022/10/18 18:15:00,48.41,16.00,28.0,26,0,24,0,2,0,0,0,0,0,0,0
I_11_533967_00977533967_01555,215.2,1,2022/10/18 18:30:00,48.24,16.06,20.0,17,0,14,0,3,0,0,0,0,0,0,0
I_11_533967_00977533967_01555,215.2,1,2022/10/18 18:45:00,47.96,16.15,23.0,20,0,17,0,3,0,0,0,0,0,0,0
I_11_533967_00978533967_00977,322.1,2,2022/10/18 06:30:00,27.12,42.75,33.0,28,0,23,5,0,0,0,0,0,0,0,0
I_11_533967_00978533967_00977,322.1,2,2022/10/18 06:45:00,24.23,47.85,34.0,27,0,20,7,0,0,0,0,0,0,0,0
I_11_533967_00978533967_00977,322.1,2,2022/10/18 07:00:00,26.89,43.12,38.0,34,0,30,4,0,0,0,0,0,0,0,0
I_11_533967_00978533967_00977,322.1,2,2022/10/18 07:15:00,25.88,44.80,54.0,41,0,28,13,0,0,0,0,0,0,0,0
I_11_533967_00978533967_00977,322.1,2,2022/10/18 07:30:00,23.59,49.15,73.0,60,0,47,12,1,0,0,0,0,0,0,0
I_11_533967_00978533967_00977,322.1,2,2022/10/18 07:45:00,23.52,49.31,82.0,72,0,62,10,0,0,0,0,0,0,0,0
I_11_533967_00978533967_00977,322.1,2,2022/10/18 08:00:00,27.10,42.78,64.0,54,0,44,9,1,0,0,0,0,0,0,0
I_11_533967_00978533967_00977,322.1,2,2022/10/18 08:15:00,23.92,48.47,66.0,55,0,44,10,1,0,0,0,0,0,0,0
I_11_533967_00978533967_00977,322.1,2,2022/10/18 08:30:00,29.16,39.77,68.0,56,0,44,12,0,0,0,0,0,0,0,0
I_11_533967_00978533967_00977,322.1,2,2022/10/18 08:45:00,24.99,46.40,67.0,60,0,53,7,0,0,0,0,0,0,0,0
I_11_533967_00978533967_00977,322.1,2,2022/10/18 09:00:00,28.42,40.80,75.0,59,0,43,13,3,0,0,0,0,0,0,0
I_11_533967_00978533967_00977,322.1,2,2022/10/18 09:15:00,28.02,41.37,70.0,59,0,48,10,1,0,0,0,0,0,0,0
I_11_533967_00978533967_00977,322.1,2,2022/10/18 09:30:00,26.44,43.85,51.0,39,0,27,11,1,0,0,0,0,0,0,0
I_11_533967_00978533967_00977,322.1,2,2022/10/18 09:45:00,25.98,44.63,100.0,84,0,68,16,0,0,0,0,0,0,0,0
I_11_533967_00978533967_00977,322.1,2,2022/10/18 10:00:00,14.48,80.08,90.0,77,0,64,9,4,0,0,0,0,0,0,0
I_11_533967_00978533967_00977,322.1,2,2022/10/18 10:15:00,8.46,137.00,94.0,76,0,58,17,1,0,0,0,0,0,0,0
I_11_533967_00978533967_00977,322.1,2,2022/10/18 10:30:00,24.93,46.50,56.0,50,0,44,6,0,0,0,0,0,0,0,0
I_11_533967_00978533967_00977,322.1,2,2022/10/18 10:45:00,22.62,51.26,84.0,72,0,60,12,0,0,0,0,0,0,0,0
I_11_533967_00978533967_00977,322.1,2,2022/10/18 11:00:00,24.96,46.45,94.0,82,0,70,12,0,0,0,0,0,0,0,0
I_11_533967_00978533967_00977,322.1,2,2022/10/18 11:15:00,22.73,51.01,109.0,92,0,75,17,0,0,0,0,0,0,0,0
I_11_533967_00978533967_00977,322.1,2,2022/10/18 11:30:00,26.03,44.55,76.0,64,0,52,12,0,0,0,0,0,0,0,0
I_11_533967_00978533967_00977,322.1,2,2022/10/18 11:45:00,24.58,47.17,72.0,63,0,54,9,0,0,0,0,0,0,0,0
I_11_533967_00978533967_00977,322.1,2,2022/10/18 12:00:00,22.79,50.87,79.0,69,0,59,9,1,0,0,0,0,0,0,0
I_11_533967_00978533967_00977,322.1,2,2022/10/18 12:15:00,27.90,41.56,89.0,81,0,73,8,0,0,0,0,0,0,0,0
I_11_533967_00978533967_00977,322.1,2,2022/10/18 12:30:00,18.88,61.41,52.0,46,0,40,5,1,0,0,0,0,0,0,0
I_11_533967_00978533967_00977,322.1,2,2022/10/18 12:45:00,19.80,58.57,99.0,84,0,69,10,5,0,0,0,0,0,0,0
I_11_533967_00978533967_00977,322.1,2,2022/10/18 13:00:00,26.18,44.29,87.0,77,0,67,9,1,0,0,0,0,0,0,0
I_11_533967_00978533967_00977,322.1,2,2022/10/18 13:15:00,27.99,41.42,85.0,81,0,77,1,3,0,0,0,0,0,0,0
I_11_533967_00978533967_00977,322.1,2,2022/10/18 13:30:00,22.16,52.32,105.0,95,0,85,10,0,0,0,0,0,0,0,0
I_11_533967_00978533967_00977,322.1,2,2022/10/18 13:45:00,26.86,43.16,51.0,49,0,47,2,0,0,0,0,0,0,0,0
I_11_533967_00978533967_00977,322.1,2,2022/10/18 14:00:00,26.60,43.59,77.0,68,0,59,9,0,0,0,0,0,0,0,0
I_11_533967_00978533967_00977,322.1,2,2022/10/18 14:15:00,24.41,47.50,96.0,88,0,80,8,0,0,0,0,0,0,0,0
I_11_533967_00978533967_00977,322.1,2,2022/10/18 14:30:00,26.28,44.12,57.0,49,0,41,8,0,0,0,0,0,0,0,0
I_11_533967_00978533967_00977,322.1,2,2022/10/18 14:45:00,23.42,49.50,69.0,66,0,63,0,3,0,0,0,0,0,0,0
I_11_533967_00978533967_00977,322.1,2,2022/10/18 15:00:00,25.82,44.90,88.0,79,0,70,8,1,0,0,0,0,0,0,0
I_11_533967_00978533967_00977,322.1,2,2022/10/18 15:15:00,22.95,50.53,75.0,59,0,43,13,3,0,0,0,0,0,0,0
I_11_533967_00978533967_00977,322.1,2,2022/10/18 15:30:00,20.45,56.70,86.0,76,0,66,10,0,0,0,0,0,0,0,0
I_11_533967_00978533967_00977,322.1,2,2022/10/18 15:45:00,18.08,64.14,60.0,57,0,54,3,0,0,0,0,0,0,0,0
I_11_533967_00978533967_00977,322.1,2,2022/10/18 16:00:00,27.00,42.94,90.0,84,0,78,6,0,0,0,0,0,0,0,0
I_11_533967_00978533967_00977,322.1,2,2022/10/18 16:15:00,26.44,43.85,97.0,88,0,79,9,0,0,0,0,0,0,0,0
I_11_533967_00978533967_00977,322.1,2,2022/10/18 16:30:00,28.07,41.30,51.0,50,0,49,1,0,0,0,0,0,0,0,0
I_11_533967_00978533967_00977,322.1,2,2022/10/18 16:45:00,22.77,50.92,100.0,88,0,76,12,0,0,0,0,0,0,0,0
I_11_533967_00978533967_00977,322.1,2,2022/10/18 17:00:00,28.65,40.47,70.0,66,0,62,3,1,0,0,0,0,0,0,0
I_11_533967_00978533967_00977,322.1,2,2022/10/18 17:15:00,22.62,51.27,69.0,67,0,65,2,0,0,0,0,0,0,0,0
I_11_533967_00978533967_00977,322.1,2,2022/10/18 17:30:00,24.03,48.26,90.0,85,0,80,1,4,0,0,0,0,0,0,0
I_11_533967_00978533967_00977,322.1,2,2022/10/18 17:45:00,23.95,48.41,82.0,79,0,76,3,0,0,0,0,0,0,0,0
I_11_533967_00978533967_00977,322.1,2,2022/10/18 18:00:00,25.77,44.99,90.0,86,0,82,3,1,0,0,0,0,0,0,0
I_11_533967_00978533967_00977,322.1,2,2022/10/18 18:15:00,21.18,54.74,67.0,61,0,55,3,3,0,0,0,0,0,0,0
I_11_533967_00978533967_00977,322.1,2,2022/10/18 18:30:00,19.32,60.02,99.0,95,0,91,3,1,0,0,0,0,0,0,0
I_11_533967_00978533967_00977,322.1,2,2022/10/18 18:45:00,26.26,44.15,76.0,75,0,74,1,0,0,0,0,0,0,0,0
I_11_533967_01268533967_00937,127.5,2,2022/10/18 06:30:00,19.84,23.14,92.0,84,0,76,2,6,0,0,0,0,0,0,0
I_11_533967_01268533967_00937,127.5,2,2022/10/18 06:45:00,17.34,26.48,88.0,80,0,72,2,6,0,0,0,0,0,0,0
I_11_533967_01268533967_00937,127.5,2,2022/10/18 07:00:00,15.55,29.53,90.0,83,0,76,2,5,0,0,0,0,0,0,0
I_11_533967_01268533967_00937,127.5,2,2022/10/18 07:15:00,15.75,29.15,100.0,94,0,88,3,3,0,0,0,0,0,0,0
I_11_533967_01268533967_00937,127.5,2,2022/10/18 07:30:00,15.86,28.95,80.0,74,0,68,2,4,0,0,0,0,0,0,0
I_11_533967_01268533967_00937,127.5,2,2022/10/18 07:45:00,14.56,31.54,97.0,92,0,87,0,5,0,0,0,0,0,0,0
I_11_533967_01268533967_00937,127.5,2,2022/10/18 08:00:00,19.13,24.00,79.0,72,0,65,3,4,0,0,0,0,0,0,0
I_11_533967_01268533967_00937,127.5,2,2022/10/18 08:15:00,15.88,28.91,75.0,68,0,61,4,3,0,0,0,0,0,0,0
I_11_533967_01268533967_00937,127.5,2,2022/10/18 08:30:00,17.18,26.73,115.0,99,0,83,10,6,0,0,0,0,0,0,0
I_11_533967_01268533967_00937,127.5,2,2022/10/18 08:45:00,15.37,29.88,82.0,74,0,66,4,4,0,0,0,0,0,0,0
I_11_533967_01268533967_00937,127.5,2,2022/10/18 09:00:00,17.90,25.65,107.0,85,0,63,16,6,0,0,0,0,0,0,0
I_11_533967_01268533967_00937,127.5,2,2022/10/18 09:15:00,15.13,30.35,90.0,78,0,66,10,2,0,0,0,0,0,0,0
I_11_533967_01268533967_00937,127.5,2,2022/10/18 09:30:00,15.93,28.82,98.0,84,0,70,10,4,0,0,0,0,0,0,0
I_11_533967_01268533967_00937,127.5,2,2022/10/18 09:45:00,19.65,23.36,79.0,72,0,65,6,1,0,0,0,0,0,0,0
I_11_533967_01268533967_00937,127.5,2,2022/10/18 10:00:00,19.68,23.33,97.0,90,0,83,5,2,0,0,0,0,0,0,0
I_11_533967_01268533967_00937,127.5,2,2022/10/18 10:15:00,16.36,28.06,76.0,66,0,56,10,0,0,0,0,0,0,0,0
I_11_533967_01268533967_00937,127.5,2,2022/10/18 10:30:00,16.38,28.04,61.0,56,0,51,1,4,0,0,0,0,0,0,0
I_11_533967_01268533967_00937,127.5,2,2022/10/18 10:45:00,16.85,27.24,64.0,58,0,52,3,3,0,0,0,0,0,0,0
I_11_533967_01268533967_00937,127.5,2,2022/10/18 11:00:00,19.39,23.68,74.0,66,0,58,7,1,0,0,0,0,0,0,0
I_11_533967_01268533967_00937,127.5,2,2022/10/18 11:15:00,15.89,28.90,96.0,78,0,60,11,7,0,0,0,0,0,0,0
I_11_533967_01268533967_00937,127.5,2,2022/10/18 11:30:00,17.42,26.36,61.0,56,0,51,4,1,0,0,0,0,0,0,0
I_11_533967_01268533967_00937,127.5,2,2022/10/18 11:45:00,23.74,19.34,57.0,50,0,43,4,3,0,0,0,0,0,0,0
I_11_533967_01268533967_00937,127.5,2,2022/10/18 12:00:00,17.00,27.00,79.0,73,0,67,3,3,0,0,0,0,0,0,0
I_11_533967_01268533967_00937,127.5,2,2022/10/18 12:15:00,16.49,27.84,75.0,75,0,75,0,0,0,0,0,0,0,0,0
I_11_533967_01268533967_00937,127.5,2,2022/10/18 12:30:00,19.62,23.40,60.0,55,0,50,0,5,0,0,0,0,0,0,0
I_11_533967_01268533967_00937,127.5,2,2022/10/18 12:45:00,17.54,26.18,89.0,77,0,65,10,2,0,0,0,0,0,0,0
I_11_533967_01268533967_00937,127.5,2,2022/10/18 13:00:00,14.82,30.97,41.0,37,0,33,2,2,0,0,0,0,0,0,0
I_11_533967_01268533967_00937,127.5,2,2022/10/18 13:15:00,16.58,27.69,87.0,71,0,55,13,3,0,0,0,0,0,0,0
I_11_533967_01268533967_00937,127.5,2,2022/10/18 13:30:00,17.29,26.56,72.0,61,0,50,10,1,0,0,0,0,0,0,0
I_11_533967_01268533967_00937,127.5,2,2022/10/18 13:45:00,19.13,24.00,55.0,44,0,33,9,2,0,0,0,0,0,0,0
I_11_533967_01268533967_00937,127.5,2,2022/10/18 14:00:00,18.04,25.46,92.0,81,0,70,6,5,0,0,0,0,0,0,0
I_11_533967_01268533967_00937,127.5,2,2022/10/18 14:15:00,18.57,24.72,69.0,54,0,39,11,4,0,0,0,0,0,0,0
I_11_533967_01268533967_00937,127.5,2,2022/10/18 14:30:00,15.08,30.45,83.0,71,0,59,6,6,0,0,0,0,0,0,0
I_11_533967_01268533967_00937,127.5,2,2022/10/18 14:45:00,18.53,24.78,79.0,68,0,57,8,3,0,0,0,0,0,0,0
I_11_533967_01268533967_00937,127.5,2,2022/10/18 15:00:00,17.31,26.53,68.0,59,0,50,8,1,0,0,0,0,0,0,0
I_11_533967_01268533967_00937,127.5,2,2022/10/18 15:15:00,18.00,25.51,48.0,41,0,34,2,5,0,0,0,0,0,0,0
I_11_533967_01268533967_00937,127.5,2,2022/10/18 15:30:00,17.03,26.95,78.0,66,0,54,7,5,0,0,0,0,0,0,0
I_11_533967_01268533967_00937,127.5,2,2022/10/18 15:45:00,16.60,27.67,54.0,51,0,48,2,1,0,0,0,0,0,0,0
I_11_533967_01268533967_00937,127.5,2,2022/10/18 16:00:00,15.07,30.47,76.0,68,0,60,2,6,0,0,0,0,0,0,0
I_11_533967_01268533967_00937,127.5,2,2022/10/18 16:15:00,16.64,27.58,87.0,77,0,67,5,5,0,0,0,0,0,0,0
I_11_533967_01268533967_00937,127.5,2,2022/10/18 16:30:00,21.80,21.07,66.0,61,0,56,3,2,0,0,0,0,0,0,0
I_11_533967_01268533967_00937,127.5,2,2022/10/18 16:45:00,18.63,24.64,90.0,81,0,72,8,1,0,0,0,0,0,0,0
I_11_533967_01268533967_00937,127.5,2,2022/10/18 17:00:00,14.02,32.75,57.0,51,0,45,2,4,0,0,0,0,0,0,0
I_11_533967_01268533967_00937,127.5,2,2022/10/18 17:15:00,17.31,26.52,88.0,79,0,70,5,4,0,0,0,0,0,0,0
I_11_533967_01268533967_00937,127.5,2,2022/10/18 17:30:00,14.34,32.02,61.0,56,0,51,4,1,0,0,0,0,0,0,0
I_11_533967_01268533967_00937,127.5,2,2022/10/18 17:45:00,19.50,23.55,77.0,73,0,69,2,2,0,0,0,0,0,0,0
I_11_533967_01268533967_00937,127.5,2,2022/10/18 18:00:00,14.48,31.72,81.0,81,0,81,0,0,0,0,0,0,0,0,0
I_11_533967_01268533967_00937,127.5,2,2022/10/18 18:15:00,15.24,30.13,64.0,64,0,64,0,0,0,0,0,0,0,0,0
I_11_533967_01268533967_00937,127.5,2,2022/10/18 18:30:00,20.52,22.37,61.0,59,0,57,0,2,0,0,0,0,0,0,0
I_11_533967_01268533967_00937,127.5,2,2022/10/18 18:45:00,16.63,27.61,58.0,56,0,54,0,2,0,0,0,0,0,0,0
I_11_533967_01405533967_00937,160.5,2,2022/10/18 06:30:00,11.33,51.03,31.0,29,0,27,2,0,0,0,0,0,0,0,0
I_11_533967_01405533967_00937,160.5,2,2022/10/18 06:45:00,10.66,54.24,34.0,34,0,34,0,0,0,0,0,0,0,0,0
I_11_533967_01405533967_00937,160.5,2,2022/10/18 07:00:00,9.76,59.23,42.0,40,0,38,2,0,0,0,0,0,0,0,0
I_11_533967_01405533967_00937,160.5,2,2022/10/18 07:15:00,9.53,60.67,24.0,24,0,24,0,0,0,0,0,0,0,0,0
I_11_533967_01405533967_00937,160.5,2,2022/10/18 07:30:00,8.23,70.24,46.0,45,0,44,1,0,0,0,0,0,0,0,0
I_11_533967_01405533967_00937,160.5,2,2022/10/18 07:45:00,9.07,63.74,47.0,42,0,37,5,0,0,0,0,0,0,0,0
I_11_533967_01405533967_00937,160.5,2,2022/10/18 08:00:00,8.81,65.58,61.0,57,0,53,3,1,0,0,0,0,0,0,0
I_11_533967_01405533967_00937,160.5,2,2022/10/18 08:15:00,9.90,58.40,67.0,60,0,53,3,4,0,0,0,0,0,0,0
I_11_533967_01405533967_00937,160.5,2,2022/10/18 08:30:00,9.09,63.61,117.0,109,0,101,8,0,0,0,0,0,0,0,0
I_11_533967_01405533967_00937,160.5,2,2022/10/18 08:45:00,9.03,64.04,68.0,57,0,46,11,0,0,0,0,0,0,0,0
I_11_533967_01405533967_00937,160.5,2,2022/10/18 09:00:00,10.00,57.80,84.0,74,0,64,10,0,0,0,0,0,0,0,0
I_11_533967_01405533967_00937,160.5,2,2022/10/18 09:15:00,10.76,53.70,86.0,71,0,56,15,0,0,0,0,0,0,0,0
I_11_533967_01405533967_00937,160.5,2,2022/10/18 09:30:00,11.23,51.48,71.0,60,0,49,9,2,0,0,0,0,0,0,0
I_11_533967_01405533967_00937,160.5,2,2022/10/18 09:45:00,11.05,52.29,38.0,35,0,32,3,0,0,0,0,0,0,0,0
I_11_533967_01405533967_00937,160.5,2,2022/10/18 10:00:00,10.05,57.51,75.0,68,0,61,7,0,0,0,0,0,0,0,0
I_11_533967_01405533967_00937,160.5,2,2022/10/18 10:15:00,9.99,57.84,68.0,62,0,56,5,1,0,0,0,0,0,0,0
I_11_533967_01405533967_00937,160.5,2,2022/10/18 10:30:00,10.38,55.71,101.0,92,0,83,8,1,0,0,0,0,0,0,0
I_11_533967_01405533967_00937,160.5,2,2022/10/18 10:45:00,11.23,51.45,97.0,85,0,73,9,3,0,0,0,0,0,0,0
I_11_533967_01405533967_00937,160.5,2,2022/10/18 11:00:00,11.12,51.96,72.0,67,0,62,5,0,0,0,0,0,0,0,0
I_11_533967_01405533967_00937,160.5,2,2022/10/18 11:15:00,10.16,56.89,90.0,88,0,86,2,0,0,0,0,0,0,0,0
I_11_533967_01405533967_00937,160.5,2,2022/10/18 11:30:00,9.96,58.02,92.0,85,0,78,7,0,0,0,0,0,0,0,0
I_11_533967_01405533967_00937,160.5,2,2022/10/18 11:45:00,10.18,56.77,89.0,79,0,69,7,3,0,0,0,0,0,0,0
I_11_533967_01405533967_00937,160.5,2,2022/10/18 12:00:00,12.33,46.89,88.0,88,0,88,0,0,0,0,0,0,0,0,0
I_11_533967_01405533967_00937,160.5,2,2022/10/18 12:15:00,11.60,49.84,85.0,79,0,73,6,0,0,0,0,0,0,0,0
I_11_533967_01405533967_00937,160.5,2,2022/10/18 12:30:00,10.61,54.47,92.0,91,0,90,1,0,0,0,0,0,0,0,0
I_11_533967_01405533967_00937,160.5,2,2022/10/18 12:45:00,10.59,54.57,77.0,72,0,67,5,0,0,0,0,0,0,0,0
I_11_533967_01405533967_00937,160.5,2,2022/10/18 13:00:00,10.33,55.93,91.0,86,0,81,5,0,0,0,0,0,0,0,0
I_11_533967_01405533967_00937,160.5,2,2022/10/18 13:15:00,11.20,51.62,73.0,73,0,73,0,0,0,0,0,0,0,0,0
I_11_533967_01405533967_00937,160.5,2,2022/10/18 13:30:00,11.21,51.57,76.0,75,0,74,0,1,0,0,0,0,0,0,0
I_11_533967_01405533967_00937,160.5,2,2022/10/18 13:45:00,11.71,49.36,67.0,66,0,65,0,1,0,0,0,0,0,0,0
I_11_533967_01405533967_00937,160.5,2,2022/10/18 14:00:00,11.43,50.56,100.0,96,0,92,2,2,0,0,0,0,0,0,0
I_11_533967_01405533967_00937,160.5,2,2022/10/18 14:15:00,11.27,51.27,80.0,75,0,70,5,0,0,0,0,0,0,0,0
I_11_533967_01405533967_00937,160.5,2,2022/10/18 14:30:00,11.34,50.96,87.0,85,0,83,2,0,0,0,0,0,0,0,0
I_11_533967_01405533967_00937,160.5,2,2022/10/18 14:45:00,12.73,45.39,86.0,85,0,84,0,1,0,0,0,0,0,0,0
I_11_533967_01405533967_00937,160.5,2,2022/10/18 15:00:00,13.59,42.54,97.0,93,0,89,2,2,0,0,0,0,0,0,0
I_11_533967_01405533967_00937,160.5,2,2022/10/18 15:15:00,12.66,45.65,105.0,98,0,91,4,3,0,0,0,0,0,0,0
I_11_533967_01405533967_00937,160.5,2,2022/10/18 15:30:00,9.27,62.37,83.0,78,0,73,4,1,0,0,0,0,0,0,0
I_11_533967_01405533967_00937,160.5,2,2022/10/18 15:45:00,9.14,63.21,43.0,43,0,43,0,0,0,0,0,0,0,0,0
I_11_533967_01405533967_00937,160.5,2,2022/10/18 16:00:00,9.78,59.12,125.0,122,0,119,3,0,0,0,0,0,0,0,0
I_11_533967_01405533967_00937,160.5,2,2022/10/18 16:15:00,4.05,142.77,98.0,95,0,92,2,1,0,0,0,0,0,0,0
I_11_533967_01405533967_00937,160.5,2,2022/10/18 16:30:00,3.54,163.09,125.0,125,0,125,0,0,0,0,0,0,0,0,0
I_11_533967_01405533967_00937,160.5,2,2022/10/18 16:45:00,2.87,201.17,70.0,70,0,70,0,0,0,0,0,0,0,0,0
I_11_533967_01405533967_00937,160.5,2,2022/10/18 17:00:00,4.65,124.18,115.0,109,0,103,4,2,0,0,0,0,0,0,0
I_11_533967_01405533967_00937,160.5,2,2022/10/18 17:15:00,8.35,69.23,67.0,66,0,65,1,0,0,0,0,0,0,0,0
I_11_533967_01405533967_00937,160.5,2,2022/10/18 17:30:00,12.59,45.92,97.0,97,0,97,0,0,0,0,0,0,0,0,0
I_11_533967_01405533967_00937,160.5,2,2022/10/18 17:45:00,10.99,52.57,94.0,91,0,88,3,0,0,0,0,0,0,0,0
I_11_533967_01405533967_00937,160.5,2,2022/10/18 18:00:00,8.16,70.86,129.0,123,0,117,0,6,0,0,0,0,0,0,0
I_11_533967_01405533967_00937,160.5,2,2022/10/18 18:15:00,11.63,49.70,89.0,89,0,89,0,0,0,0,0,0,0,0,0
I_11_533967_01405533967_00937,160.5,2,2022/10/18 18:30:00,14.26,40.53,55.0,55,0,55,0,0,0,0,0,0,0,0,0
I_11_533967_01405533967_00937,160.5,2,2022/10/18 18:45:00,15.94,36.27,63.0,63,0,63,0,0,0,0,0,0,0,0,0
I_11_533967_01412533967_01657,164.4,1,2022/10/18 06:30:00,17.34,34.12,52.0,50,0,48,0,2,0,0,0,0,0,0,0
I_11_533967_01412533967_01657,164.4,1,2022/10/18 06:45:00,18.25,32.43,88.0,87,0,86,0,1,0,0,0,0,0,0,0
I_11_533967_01412533967_01657,164.4,1,2022/10/18 07:00:00,19.15,30.89,61.0,57,0,53,0,4,0,0,0,0,0,0,0
I_11_533967_01412533967_01657,164.4,1,2022/10/18 07:15:00,19.36,30.56,48.0,48,0,48,0,0,0,0,0,0,0,0,0
I_11_533967_01412533967_01657,164.4,1,2022/10/18 07:30:00,16.31,36.29,44.0,42,0,40,0,2,0,0,0,0,0,0,0
I_11_533967_01412533967_01657,164.4,1,2022/10/18 07:45:00,15.09,39.21,38.0,34,0,30,1,3,0,0,0,0,0,0,0
I_11_533967_01412533967_01657,164.4,1,2022/10/18 08:00:00,14.22,41.62,44.0,42,0,40,0,2,0,0,0,0,0,0,0
I_11_533967_01412533967_01657,164.4,1,2022/10/18 08:15:00,15.84,37.37,33.0,30,0,27,2,1,0,0,0,0,0,0,0
I_11_533967_01412533967_01657,164.4,1,2022/10/18 08:30:00,13.03,45.40,36.0,35,0,34,0,1,0,0,0,0,0,0,0
I_11_533967_01412533967_01657,164.4,1,2022/10/18 08:45:00,25.45,23.25,19.0,16,0,13,1,2,0,0,0,0,0,0,0
I_11_533967_01412533967_01657,164.4,1,2022/10/18 09:00:00,12.40,47.74,31.0,27,0,23,3,1,0,0,0,0,0,0,0
I_11_533967_01412533967_01657,164.4,1,2022/10/18 09:15:00,21.31,27.76,41.0,34,0,27,6,1,0,0,0,0,0,0,0
I_11_533967_01412533967_01657,164.4,1,2022/10/18 09:30:00,18.06,32.77,32.0,31,0,30,0,1,0,0,0,0,0,0,0
I_11_533967_01412533967_01657,164.4,1,2022/10/18 09:45:00,14.64,40.42,28.0,24,0,20,2,2,0,0,0,0,0,0,0
I_11_533967_01412533967_01657,164.4,1,2022/10/18 10:00:00,15.41,38.41,23.0,22,0,21,0,1,0,0,0,0,0,0,0
I_11_533967_01412533967_01657,164.4,1,2022/10/18 10:15:00,23.62,25.06,19.0,18,0,17,0,1,0,0,0,0,0,0,0
I_11_533967_01412533967_01657,164.4,1,2022/10/18 10:30:00,14.63,40.44,11.0,9,0,7,0,2,0,0,0,0,0,0,0
I_11_533967_01412533967_01657,164.4,1,2022/10/18 10:45:00,18.33,32.29,23.0,21,0,19,0,2,0,0,0,0,0,0,0
I_11_533967_01412533967_01657,164.4,1,2022/10/18 11:00:00,17.43,33.95,23.0,22,0,21,0,1,0,0,0,0,0,0,0
I_11_533967_01412533967_01657,164.4,1,2022/10/18 11:15:00,15.72,37.65,34.0,31,0,28,0,3,0,0,0,0,0,0,0
I_11_533967_01412533967_01657,164.4,1,2022/10/18 11:30:00,16.93,34.94,36.0,35,0,34,0,1,0,0,0,0,0,0,0
I_11_533967_01412533967_01657,164.4,1,2022/10/18 11:45:00,18.89,31.33,14.0,12,0,10,0,2,0,0,0,0,0,0,0
I_11_533967_01412533967_01657,164.4,1,2022/10/18 12:00:00,17.59,33.65,19.0,17,0,15,0,2,0,0,0,0,0,0,0
I_11_533967_01412533967_01657,164.4,1,2022/10/18 12:15:00,17.65,33.53,20.0,17,0,14,0,3,0,0,0,0,0,0,0
I_11_533967_01412533967_01657,164.4,1,2022/10/18 12:30:00,20.36,29.06,16.0,16,0,16,0,0,0,0,0,0,0,0,0
I_11_533967_01412533967_01657,164.4,1,2022/10/18 12:45:00,18.46,32.05,24.0,19,0,14,2,3,0,0,0,0,0,0,0
I_11_533967_01412533967_01657,164.4,1,2022/10/18 13:00:00,17.24,34.33,13.0,12,0,11,0,1,0,0,0,0,0,0,0
I_11_533967_01412533967_01657,164.4,1,2022/10/18 13:15:00,14.26,41.50,27.0,24,0,21,2,1,0,0,0,0,0,0,0
I_11_533967_01412533967_01657,164.4,1,2022/10/18 13:30:00,16.66,35.52,28.0,25,0,22,1,2,0,0,0,0,0,0,0
I_11_533967_01412533967_01657,164.4,1,2022/10/18 13:45:00,11.89,49.75,6.0,4,0,2,0,2,0,0,0,0,0,0,0
I_11_533967_01412533967_01657,164.4,1,2022/10/18 14:00:00,17.22,34.36,28.0,25,0,22,2,1,0,0,0,0,0,0,0
I_11_533967_01412533967_01657,164.4,1,2022/10/18 14:15:00,12.57,47.09,13.0,11,0,9,0,2,0,0,0,0,0,0,0
I_11_533967_01412533967_01657,164.4,1,2022/10/18 14:30:00,14.73,40.17,30.0,29,0,28,0,1,0,0,0,0,0,0,0
I_11_533967_01412533967_01657,164.4,1,2022/10/18 14:45:00,15.43,38.35,18.0,17,0,16,0,1,0,0,0,0,0,0,0
I_11_533967_01412533967_01657,164.4,1,2022/10/18 15:00:00,18.85,31.38,14.0,13,0,12,0,1,0,0,0,0,0,0,0
I_11_533967_01412533967_01657,164.4,1,2022/10/18 15:15:00,17.52,33.77,36.0,30,0,24,3,3,0,0,0,0,0,0,0
I_11_533967_01412533967_01657,164.4,1,2022/10/18 15:30:00,15.73,37.62,25.0,21,0,17,3,1,0,0,0,0,0,0,0
I_11_533967_01412533967_01657,164.4,1,2022/10/18 15:45:00,12.09,48.96,27.0,26,0,25,0,1,0,0,0,0,0,0,0
I_11_533967_01412533967_01657,164.4,1,2022/10/18 16:00:00,16.68,35.48,24.0,23,0,22,0,1,0,0,0,0,0,0,0
I_11_533967_01412533967_01657,164.4,1,2022/10/18 16:15:00,21.67,27.30,26.0,23,0,20,0,3,0,0,0,0,0,0,0
I_11_533967_01412533967_01657,164.4,1,2022/10/18 16:30:00,12.19,48.56,33.0,32,0,31,0,1,0,0,0,0,0,0,0
I_11_533967_01412533967_01657,164.4,1,2022/10/18 16:45:00,18.02,32.84,32.0,32,0,32,0,0,0,0,0,0,0,0,0
I_11_533967_01412533967_01657,164.4,1,2022/10/18 17:00:00,16.53,35.81,47.0,42,0,37,2,3,0,0,0,0,0,0,0
I_11_533967_01412533967_01657,164.4,1,2022/10/18 17:15:00,12.99,45.56,20.0,18,0,16,0,2,0,0,0,0,0,0,0
I_11_533967_01412533967_01657,164.4,1,2022/10/18 17:30:00,14.50,40.82,29.0,28,0,27,0,1,0,0,0,0,0,0,0
I_11_533967_01412533967_01657,164.4,1,2022/10/18 17:45:00,14.76,40.10,44.0,42,0,40,1,1,0,0,0,0,0,0,0
I_11_533967_01412533967_01657,164.4,1,2022/10/18 18:00:00,13.36,44.29,22.0,21,0,20,0,1,0,0,0,0,0,0,0
I_11_533967_01412533967_01657,164.4,1,2022/10/18 18:15:00,14.81,39.95,23.0,22,0,21,0,1,0,0,0,0,0,0,0
I_11_533967_01412533967_01657,164.4,1,2022/10/18 18:30:00,17.99,32.90,41.0,40,0,39,0,1,0,0,0,0,0,0,0
I_11_533967_01412533967_01657,164.4,1,2022/10/18 18:45:00,12.67,46.69,31.0,29,0,27,0,2,0,0,0,0,0,0,0
I_11_533967_01418533967_00977,324.9,2,2022/10/18 06:30:00,31.91,36.65,38.0,37,0,36,1,0,0,0,0,0,0,0,0
I_11_533967_01418533967_00977,324.9,2,2022/10/18 06:45:00,30.93,37.81,48.0,48,0,48,0,0,0,0,0,0,0,0,0
I_11_533967_01418533967_00977,324.9,2,2022/10/18 07:00:00,32.02,36.53,56.0,55,0,54,1,0,0,0,0,0,0,0,0
I_11_533967_01418533967_00977,324.9,2,2022/10/18 07:15:00,32.71,35.76,48.0,46,0,44,2,0,0,0,0,0,0,0,0
I_11_533967_01418533967_00977,324.9,2,2022/10/18 07:30:00,31.46,37.18,60.0,57,0,54,3,0,0,0,0,0,0,0,0
I_11_533967_01418533967_00977,324.9,2,2022/10/18 07:45:00,35.18,33.25,83.0,81,0,79,0,2,0,0,0,0,0,0,0
I_11_533967_01418533967_00977,324.9,2,2022/10/18 08:00:00,35.06,33.36,79.0,76,0,73,3,0,0,0,0,0,0,0,0
I_11_533967_01418533967_00977,324.9,2,2022/10/18 08:15:00,32.31,36.20,86.0,80,0,74,6,0,0,0,0,0,0,0,0
I_11_533967_01418533967_00977,324.9,2,2022/10/18 08:30:00,36.90,31.69,66.0,65,0,64,1,0,0,0,0,0,0,0,0
I_11_533967_01418533967_00977,324.9,2,2022/10/18 08:45:00,31.09,37.62,68.0,68,0,68,0,0,0,0,0,0,0,0,0
I_11_533967_01418533967_00977,324.9,2,2022/10/18 09:00:00,34.05,34.35,53.0,46,0,39,7,0,0,0,0,0,0,0,0
I_11_533967_01418533967_00977,324.9,2,2022/10/18 09:15:00,30.59,38.23,38.0,35,0,32,3,0,0,0,0,0,0,0,0
I_11_533967_01418533967_00977,324.9,2,2022/10/18 09:30:00,30.02,38.96,51.0,48,0,45,3,0,0,0,0,0,0,0,0
I_11_533967_01418533967_00977,324.9,2,2022/10/18 09:45:00,28.44,41.12,38.0,33,0,28,5,0,0,0,0,0,0,0,0
I_11_533967_01418533967_00977,324.9,2,2022/10/18 10:00:00,15.07,77.59,32.0,29,0,26,3,0,0,0,0,0,0,0,0
I_11_533967_01418533967_00977,324.9,2,2022/10/18 10:15:00,6.00,194.85,42.0,39,0,36,3,0,0,0,0,0,0,0,0
I_11_533967_01418533967_00977,324.9,2,2022/10/18 10:30:00,27.67,42.27,22.0,22,0,22,0,0,0,0,0,0,0,0,0
I_11_533967_01418533967_00977,324.9,2,2022/10/18 10:45:00,37.88,30.88,24.0,24,0,24,0,0,0,0,0,0,0,0,0
I_11_533967_01418533967_00977,324.9,2,2022/10/18 11:00:00,27.49,42.55,51.0,44,0,37,7,0,0,0,0,0,0,0,0
I_11_533967_01418533967_00977,324.9,2,2022/10/18 11:15:00,23.59,49.58,35.0,33,0,31,2,0,0,0,0,0,0,0,0
I_11_533967_01418533967_00977,324.9,2,2022/10/18 11:30:00,25.44,45.98,50.0,42,0,34,8,0,0,0,0,0,0,0,0
I_11_533967_01418533967_00977,324.9,2,2022/10/18 11:45:00,24.94,46.89,32.0,28,0,24,4,0,0,0,0,0,0,0,0
I_11_533967_01418533967_00977,324.9,2,2022/10/18 12:00:00,29.82,39.22,39.0,36,0,33,3,0,0,0,0,0,0,0,0
I_11_533967_01418533967_00977,324.9,2,2022/10/18 12:15:00,33.25,35.18,34.0,34,0,34,0,0,0,0,0,0,0,0,0
I_11_533967_01418533967_00977,324.9,2,2022/10/18 12:30:00,27.66,42.28,32.0,32,0,32,0,0,0,0,0,0,0,0,0
I_11_533967_01418533967_00977,324.9,2,2022/10/18 12:45:00,30.53,38.31,44.0,42,0,40,2,0,0,0,0,0,0,0,0
I_11_533967_01418533967_00977,324.9,2,2022/10/18 13:00:00,30.14,38.81,36.0,36,0,36,0,0,0,0,0,0,0,0,0
I_11_533967_01418533967_00977,324.9,2,2022/10/18 13:15:00,34.20,34.19,31.0,31,0,31,0,0,0,0,0,0,0,0,0
I_11_533967_01418533967_00977,324.9,2,2022/10/18 13:30:00,28.53,41.00,20.0,20,0,20,0,0,0,0,0,0,0,0,0
I_11_533967_01418533967_00977,324.9,2,2022/10/18 13:45:00,21.18,55.22,36.0,32,0,28,4,0,0,0,0,0,0,0,0
I_11_533967_01418533967_00977,324.9,2,2022/10/18 14:00:00,19.80,59.07,31.0,27,0,23,4,0,0,0,0,0,0,0,0
I_11_533967_01418533967_00977,324.9,2,2022/10/18 14:15:00,20.63,56.70,32.0,30,0,28,2,0,0,0,0,0,0,0,0
I_11_533967_01418533967_00977,324.9,2,2022/10/18 14:30:00,24.72,47.31,26.0,26,0,26,0,0,0,0,0,0,0,0,0
I_11_533967_01418533967_00977,324.9,2,2022/10/18 14:45:00,37.40,31.27,33.0,33,0,33,0,0,0,0,0,0,0,0,0
I_11_533967_01418533967_00977,324.9,2,2022/10/18 15:00:00,30.24,38.68,32.0,28,0,24,4,0,0,0,0,0,0,0,0
I_11_533967_01418533967_00977,324.9,2,2022/10/18 15:15:00,29.27,39.95,22.0,21,0,20,1,0,0,0,0,0,0,0,0
I_11_533967_01418533967_00977,324.9,2,2022/10/18 15:30:00,26.48,44.17,37.0,35,0,33,2,0,0,0,0,0,0,0,0
I_11_533967_01418533967_00977,324.9,2,2022/10/18 15:45:00,29.57,39.55,54.0,53,0,52,1,0,0,0,0,0,0,0,0
I_11_533967_01418533967_00977,324.9,2,2022/10/18 16:00:00,20.02,58.43,51.0,47,0,43,4,0,0,0,0,0,0,0,0
I_11_533967_01418533967_00977,324.9,2,2022/10/18 16:15:00,19.19,60.95,38.0,37,0,36,1,0,0,0,0,0,0,0,0
I_11_533967_01418533967_00977,324.9,2,2022/10/18 16:30:00,18.10,64.62,37.0,34,0,31,3,0,0,0,0,0,0,0,0
I_11_533967_01418533967_00977,324.9,2,2022/10/18 16:45:00,19.97,58.57,26.0,23,0,20,3,0,0,0,0,0,0,0,0
I_11_533967_01418533967_00977,324.9,2,2022/10/18 17:00:00,18.66,62.67,36.0,33,0,30,3,0,0,0,0,0,0,0,0
I_11_533967_01418533967_00977,324.9,2,2022/10/18 17:15:00,18.35,63.73,40.0,40,0,40,0,0,0,0,0,0,0,0,0
I_11_533967_01418533967_00977,324.9,2,2022/10/18 17:30:00,18.53,63.10,59.0,59,0,59,0,0,0,0,0,0,0,0,0
I_11_533967_01418533967_00977,324.9,2,2022/10/18 17:45:00,18.07,64.71,31.0,31,0,31,0,0,0,0,0,0,0,0,0
I_11_533967_01418533967_00977,324.9,2,2022/10/18 18:00:00,18.13,64.50,38.0,38,0,38,0,0,0,0,0,0,0,0,0
I_11_533967_01418533967_00977,324.9,2,2022/10/18 18:15:00,17.79,65.74,47.0,46,0,45,1,0,0,0,0,0,0,0,0
I_11_533967_01418533967_00977,324.9,2,2022/10/18 18:30:00,18.17,64.38,34.0,34,0,34,0,0,0,0,0,0,0,0,0
I_11_533967_01418533967_00977,324.9,2,2022/10/18 18:45:00,17.88,65.42,31.0,31,0,31,0,0,0,0,0,0,0,0,0
I_11_533967_01485533967_00940,271.3,2,2022/10/18 06:30:00,22.93,42.58,68.0,65,0,62,3,0,0,0,0,0,0,0,0
I_11_533967_01485533967_00940,271.3,2,2022/10/18 06:45:00,26.09,37.43,98.0,89,0,80,7,2,0,0,0,0,0,0,0
I_11_533967_01485533967_00940,271.3,2,2022/10/18 07:00:00,23.39,41.75,96.0,88,0,80,7,1,0,0,0,0,0,0,0
I_11_533967_01485533967_00940,271.3,2,2022/10/18 07:15:00,23.66,41.27,116.0,104,0,92,10,2,0,0,0,0,0,0,0
I_11_533967_01485533967_00940,271.3,2,2022/10/18 07:30:00,22.66,43.09,126.0,116,0,106,9,1,0,0,0,0,0,0,0
I_11_533967_01485533967_00940,271.3,2,2022/10/18 07:45:00,24.95,39.13,98.0,97,0,96,1,0,0,0,0,0,0,0,0
I_11_533967_01485533967_00940,271.3,2,2022/10/18 08:00:00,25.95,37.63,128.0,123,0,118,4,1,0,0,0,0,0,0,0
I_11_533967_01485533967_00940,271.3,2,2022/10/18 08:15:00,24.33,40.13,130.0,123,0,116,7,0,0,0,0,0,0,0,0
I_11_533967_01485533967_00940,271.3,2,2022/10/18 08:30:00,21.64,45.13,98.0,83,0,68,13,2,0,0,0,0,0,0,0
I_11_533967_01485533967_00940,271.3,2,2022/10/18 08:45:00,23.27,41.97,131.0,122,0,113,9,0,0,0,0,0,0,0,0
I_11_533967_01485533967_00940,271.3,2,2022/10/18 09:00:00,24.39,40.04,150.0,126,0,102,20,4,0,0,0,0,0,0,0
I_11_533967_01485533967_00940,271.3,2,2022/10/18 09:15:00,24.92,39.19,73.0,59,0,45,13,1,0,0,0,0,0,0,0
I_11_533967_01485533967_00940,271.3,2,2022/10/18 09:30:00,29.14,33.51,80.0,67,0,54,12,1,0,0,0,0,0,0,0
I_11_533967_01485533967_00940,271.3,2,2022/10/18 09:45:00,24.16,40.42,104.0,83,0,62,21,0,0,0,0,0,0,0,0
I_11_533967_01485533967_00940,271.3,2,2022/10/18 10:00:00,23.05,42.37,83.0,68,0,53,14,1,0,0,0,0,0,0,0
I_11_533967_01485533967_00940,271.3,2,2022/10/18 10:15:00,25.34,38.54,114.0,103,0,92,11,0,0,0,0,0,0,0,0
I_11_533967_01485533967_00940,271.3,2,2022/10/18 10:30:00,22.45,43.50,86.0,74,0,62,10,2,0,0,0,0,0,0,0
I_11_533967_01485533967_00940,271.3,2,2022/10/18 10:45:00,25.31,38.58,60.0,57,0,54,3,0,0,0,0,0,0,0,0
I_11_533967_01485533967_00940,271.3,2,2022/10/18 11:00:00,26.04,37.50,73.0,60,0,47,11,2,0,0,0,0,0,0,0
I_11_533967_01485533967_00940,271.3,2,2022/10/18 11:15:00,24.97,39.11,55.0,44,0,33,11,0,0,0,0,0,0,0,0
I_11_533967_01485533967_00940,271.3,2,2022/10/18 11:30:00,26.25,37.20,61.0,50,0,39,10,1,0,0,0,0,0,0,0
I_11_533967_01485533967_00940,271.3,2,2022/10/18 11:45:00,24.72,39.50,39.0,34,0,29,5,0,0,0,0,0,0,0,0
I_11_533967_01485533967_00940,271.3,2,2022/10/18 12:00:00,24.71,39.52,119.0,103,0,87,15,1,0,0,0,0,0,0,0
I_11_533967_01485533967_00940,271.3,2,2022/10/18 12:15:00,23.50,41.55,78.0,69,0,60,8,1,0,0,0,0,0,0,0
I_11_533967_01485533967_00940,271.3,2,2022/10/18 12:30:00,23.21,42.08,73.0,61,0,49,11,1,0,0,0,0,0,0,0
I_11_533967_01485533967_00940,271.3,2,2022/10/18 12:45:00,24.00,40.69,83.0,78,0,73,5,0,0,0,0,0,0,0,0
I_11_533967_01485533967_00940,271.3,2,2022/10/18 13:00:00,25.26,38.65,106.0,89,0,72,15,2,0,0,0,0,0,0,0
I_11_533967_01485533967_00940,271.3,2,2022/10/18 13:15:00,25.93,37.67,59.0,54,0,49,5,0,0,0,0,0,0,0,0
I_11_533967_01485533967_00940,271.3,2,2022/10/18 13:30:00,23.66,41.27,67.0,62,0,57,4,1,0,0,0,0,0,0,0
I_11_533967_01485533967_00940,271.3,2,2022/10/18 13:45:00,25.17,38.80,66.0,54,0,42,11,1,0,0,0,0,0,0,0
I_11_533967_01485533967_00940,271.3,2,2022/10/18 14:00:00,22.23,43.94,80.0,62,0,44,17,1,0,0,0,0,0,0,0
I_11_533967_01485533967_00940,271.3,2,2022/10/18 14:15:00,25.71,37.98,72.0,64,0,56,8,0,0,0,0,0,0,0,0
I_11_533967_01485533967_00940,271.3,2,2022/10/18 14:30:00,21.70,45.00,112.0,106,0,100,4,2,0,0,0,0,0,0,0
I_11_533967_01485533967_00940,271.3,2,2022/10/18 14:45:00,23.74,41.14,79.0,72,0,65,6,1,0,0,0,0,0,0,0
I_11_533967_01485533967_00940,271.3,2,2022/10/18 15:00:00,26.64,36.66,80.0,70,0,60,9,1,0,0,0,0,0,0,0
I_11_533967_01485533967_00940,271.3,2,2022/10/18 15:15:00,24.08,40.55,58.0,51,0,44,7,0,0,0,0,0,0,0,0
I_11_533967_01485533967_00940,271.3,2,2022/10/18 15:30:00,24.78,39.40,76.0,62,0,48,13,1,0,0,0,0,0,0,0
I_11_533967_01485533967_00940,271.3,2,2022/10/18 15:45:00,26.32,37.10,66.0,58,0,50,7,1,0,0,0,0,0,0,0
I_11_533967_01485533967_00940,271.3,2,2022/10/18 16:00:00,22.41,43.58,76.0,64,0,52,10,2,0,0,0,0,0,0,0
I_11_533967_01485533967_00940,271.3,2,2022/10/18 16:15:00,27.21,35.89,65.0,61,0,57,4,0,0,0,0,0,0,0,0
I_11_533967_01485533967_00940,271.3,2,2022/10/18 16:30:00,22.83,42.77,67.0,60,0,53,7,0,0,0,0,0,0,0,0
I_11_533967_01485533967_00940,271.3,2,2022/10/18 16:45:00,28.01,34.86,107.0,101,0,95,6,0,0,0,0,0,0,0,0
I_11_533967_01485533967_00940,271.3,2,2022/10/18 17:00:00,23.01,42.44,109.0,105,0,101,4,0,0,0,0,0,0,0,0
I_11_533967_01485533967_00940,271.3,2,2022/10/18 17:15:00,23.19,42.12,100.0,93,0,86,7,0,0,0,0,0,0,0,0
I_11_533967_01485533967_00940,271.3,2,2022/10/18 17:30:00,24.36,40.09,95.0,87,0,79,8,0,0,0,0,0,0,0,0
I_11_533967_01485533967_00940,271.3,2,2022/10/18 17:45:00,28.02,34.86,88.0,84,0,80,3,1,0,0,0,0,0,0,0
I_11_533967_01485533967_00940,271.3,2,2022/10/18 18:00:00,23.07,42.33,84.0,80,0,76,3,1,0,0,0,0,0,0,0
I_11_533967_01485533967_00940,271.3,2,2022/10/18 18:15:00,29.16,33.49,80.0,74,0,68,5,1,0,0,0,0,0,0,0
I_11_533967_01485533967_00940,271.3,2,2022/10/18 18:30:00,26.64,36.66,67.0,61,0,55,6,0,0,0,0,0,0,0,0
I_11_533967_01485533967_00940,271.3,2,2022/10/18 18:45:00,26.36,37.04,90.0,90,0,90,0,0,0,0,0,0,0,0,0
I_11_533967_01485533967_01405,228.7,2,2022/10/18 06:30:00,20.24,40.68,36.0,34,0,32,2,0,0,0,0,0,0,0,0
I_11_533967_01485533967_01405,228.7,2,2022/10/18 06:45:00,33.06,24.91,32.0,32,0,32,0,0,0,0,0,0,0,0,0
I_11_533967_01485533967_01405,228.7,2,2022/10/18 07:00:00,28.74,28.65,39.0,37,0,35,2,0,0,0,0,0,0,0,0
I_11_533967_01485533967_01405,228.7,2,2022/10/18 07:15:00,35.29,23.33,30.0,30,0,30,0,0,0,0,0,0,0,0,0
I_11_533967_01485533967_01405,228.7,2,2022/10/18 07:30:00,32.31,25.49,40.0,39,0,38,1,0,0,0,0,0,0,0,0
I_11_533967_01485533967_01405,228.7,2,2022/10/18 07:45:00,36.58,22.51,52.0,45,0,38,7,0,0,0,0,0,0,0,0
I_11_533967_01485533967_01405,228.7,2,2022/10/18 08:00:00,33.33,24.70,56.0,54,0,52,1,1,0,0,0,0,0,0,0
I_11_533967_01485533967_01405,228.7,2,2022/10/18 08:15:00,19.35,42.55,71.0,64,0,57,3,4,0,0,0,0,0,0,0
I_11_533967_01485533967_01405,228.7,2,2022/10/18 08:30:00,30.82,26.71,113.0,105,0,97,8,0,0,0,0,0,0,0,0
I_11_533967_01485533967_01405,228.7,2,2022/10/18 08:45:00,34.98,23.54,79.0,67,0,55,12,0,0,0,0,0,0,0,0
I_11_533967_01485533967_01405,228.7,2,2022/10/18 09:00:00,34.42,23.92,73.0,64,0,55,9,0,0,0,0,0,0,0,0
I_11_533967_01485533967_01405,228.7,2,2022/10/18 09:15:00,37.80,21.78,95.0,78,0,61,17,0,0,0,0,0,0,0,0
I_11_533967_01485533967_01405,228.7,2,2022/10/18 09:30:00,33.29,24.74,62.0,53,0,44,7,2,0,0,0,0,0,0,0
I_11_533967_01485533967_01405,228.7,2,2022/10/18 09:45:00,32.75,25.15,44.0,41,0,38,3,0,0,0,0,0,0,0,0
I_11_533967_01485533967_01405,228.7,2,2022/10/18 10:00:00,32.54,25.31,69.0,62,0,55,7,0,0,0,0,0,0,0,0
I_11_533967_01485533967_01405,228.7,2,2022/10/18 10:15:00,45.68,18.03,78.0,72,0,66,5,1,0,0,0,0,0,0,0
I_11_533967_01485533967_01405,228.7,2,2022/10/18 10:30:00,35.19,23.40,91.0,82,0,73,8,1,0,0,0,0,0,0,0
I_11_533967_01485533967_01405,228.7,2,2022/10/18 10:45:00,40.80,20.18,99.0,87,0,75,9,3,0,0,0,0,0,0,0
I_11_533967_01485533967_01405,228.7,2,2022/10/18 11:00:00,34.27,24.03,70.0,65,0,60,5,0,0,0,0,0,0,0,0
I_11_533967_01485533967_01405,228.7,2,2022/10/18 11:15:00,31.04,26.53,104.0,100,0,96,4,0,0,0,0,0,0,0,0
I_11_533967_01485533967_01405,228.7,2,2022/10/18 11:30:00,24.60,33.48,78.0,73,0,68,5,0,0,0,0,0,0,0,0
I_11_533967_01485533967_01405,228.7,2,2022/10/18 11:45:00,24.63,33.43,96.0,86,0,76,7,3,0,0,0,0,0,0,0
I_11_533967_01485533967_01405,228.7,2,2022/10/18 12:00:00,37.41,22.01,81.0,81,0,81,0,0,0,0,0,0,0,0,0
I_11_533967_01485533967_01405,228.7,2,2022/10/18 12:15:00,36.58,22.51,92.0,86,0,80,6,0,0,0,0,0,0,0,0
I_11_533967_01485533967_01405,228.7,2,2022/10/18 12:30:00,26.46,31.12,85.0,84,0,83,1,0,0,0,0,0,0,0,0
I_11_533967_01485533967_01405,228.7,2,2022/10/18 12:45:00,32.92,25.01,82.0,77,0,72,5,0,0,0,0,0,0,0,0
I_11_533967_01485533967_01405,228.7,2,2022/10/18 13:00:00,23.98,34.35,86.0,81,0,76,5,0,0,0,0,0,0,0,0
I_11_533967_01485533967_01405,228.7,2,2022/10/18 13:15:00,32.68,25.20,76.0,76,0,76,0,0,0,0,0,0,0,0,0
I_11_533967_01485533967_01405,228.7,2,2022/10/18 13:30:00,32.13,25.62,73.0,72,0,71,0,1,0,0,0,0,0,0,0
I_11_533967_01485533967_01405,228.7,2,2022/10/18 13:45:00,31.61,26.05,79.0,78,0,77,0,1,0,0,0,0,0,0,0
I_11_533967_01485533967_01405,228.7,2,2022/10/18 14:00:00,33.54,24.55,88.0,84,0,80,2,2,0,0,0,0,0,0,0
I_11_533967_01485533967_01405,228.7,2,2022/10/18 14:15:00,28.65,28.74,94.0,89,0,84,5,0,0,0,0,0,0,0,0
I_11_533967_01485533967_01405,228.7,2,2022/10/18 14:30:00,31.55,26.10,73.0,71,0,69,2,0,0,0,0,0,0,0,0
I_11_533967_01485533967_01405,228.7,2,2022/10/18 14:45:00,34.01,24.21,91.0,90,0,89,0,1,0,0,0,0,0,0,0
I_11_533967_01485533967_01405,228.7,2,2022/10/18 15:00:00,30.32,27.16,92.0,88,0,84,2,2,0,0,0,0,0,0,0
I_11_533967_01485533967_01405,228.7,2,2022/10/18 15:15:00,29.63,27.79,119.0,110,0,101,6,3,0,0,0,0,0,0,0
I_11_533967_01485533967_01405,228.7,2,2022/10/18 15:30:00,30.88,26.67,69.0,66,0,63,2,1,0,0,0,0,0,0,0
I_11_533967_01485533967_01405,228.7,2,2022/10/18 15:45:00,26.40,31.20,51.0,51,0,51,0,0,0,0,0,0,0,0,0
I_11_533967_01485533967_01405,228.7,2,2022/10/18 16:00:00,24.14,34.11,117.0,114,0,111,3,0,0,0,0,0,0,0,0
I_11_533967_01485533967_01405,228.7,2,2022/10/18 16:15:00,11.60,70.97,122.0,119,0,116,2,1,0,0,0,0,0,0,0
I_11_533967_01485533967_01405,228.7,2,2022/10/18 16:30:00,5.70,144.50,115.0,115,0,115,0,0,0,0,0,0,0,0,0
I_11_533967_01485533967_01405,228.7,2,2022/10/18 16:45:00,3.08,267.24,74.0,74,0,74,0,0,0,0,0,0,0,0,0
I_11_533967_01485533967_01405,228.7,2,2022/10/18 17:00:00,4.28,192.37,102.0,95,0,88,5,2,0,0,0,0,0,0,0
I_11_533967_01485533967_01405,228.7,2,2022/10/18 17:15:00,24.07,34.21,75.0,75,0,75,0,0,0,0,0,0,0,0,0
I_11_533967_01485533967_01405,228.7,2,2022/10/18 17:30:00,27.57,29.87,84.0,84,0,84,0,0,0,0,0,0,0,0,0
I_11_533967_01485533967_01405,228.7,2,2022/10/18 17:45:00,28.68,28.71,100.0,97,0,94,3,0,0,0,0,0,0,0,0
I_11_533967_01485533967_01405,228.7,2,2022/10/18 18:00:00,24.65,33.41,123.0,117,0,111,0,6,0,0,0,0,0,0,0
I_11_533967_01485533967_01405,228.7,2,2022/10/18 18:15:00,24.90,33.08,93.0,93,0,93,0,0,0,0,0,0,0,0,0
I_11_533967_01485533967_01405,228.7,2,2022/10/18 18:30:00,28.03,29.37,51.0,51,0,51,0,0,0,0,0,0,0,0,0
I_11_533967_01485533967_01405,228.7,2,2022/10/18 18:45:00,28.49,28.90,72.0,72,0,72,0,0,0,0,0,0,0,0,0
I_11_533967_01485533967_14021,111.0,1,2022/10/18 06:30:00,45.61,8.76,17.0,17,0,17,0,0,0,0,0,0,0,0,0
I_11_533967_01485533967_14021,111.0,1,2022/10/18 06:45:00,46.35,8.63,16.0,16,0,16,0,0,0,0,0,0,0,0,0
I_11_533967_01485533967_14021,111.0,1,2022/10/18 07:00:00,48.81,8.19,21.0,21,0,21,0,0,0,0,0,0,0,0,0
I_11_533967_01485533967_14021,111.0,1,2022/10/18 07:15:00,46.08,8.68,34.0,34,0,34,0,0,0,0,0,0,0,0,0
I_11_533967_01485533967_14021,111.0,1,2022/10/18 07:30:00,47.79,8.37,57.0,52,0,47,5,0,0,0,0,0,0,0,0
I_11_533967_01485533967_14021,111.0,1,2022/10/18 07:45:00,48.61,8.22,52.0,49,0,46,1,2,0,0,0,0,0,0,0
I_11_533967_01485533967_14021,111.0,1,2022/10/18 08:00:00,46.64,8.57,55.0,49,0,43,5,1,0,0,0,0,0,0,0
I_11_533967_01485533967_14021,111.0,1,2022/10/18 08:15:00,47.52,8.41,48.0,46,0,44,2,0,0,0,0,0,0,0,0
I_11_533967_01485533967_14021,111.0,1,2022/10/18 08:30:00,47.08,8.49,62.0,53,0,44,6,3,0,0,0,0,0,0,0
I_11_533967_01485533967_14021,111.0,1,2022/10/18 08:45:00,45.32,8.82,43.0,39,0,35,1,3,0,0,0,0,0,0,0
I_11_533967_01485533967_14021,111.0,1,2022/10/18 09:00:00,47.20,8.47,53.0,49,0,45,4,0,0,0,0,0,0,0,0
I_11_533967_01485533967_14021,111.0,1,2022/10/18 09:15:00,46.24,8.65,32.0,31,0,30,1,0,0,0,0,0,0,0,0
I_11_533967_01485533967_14021,111.0,1,2022/10/18 09:30:00,48.03,8.32,37.0,34,0,31,3,0,0,0,0,0,0,0,0
I_11_533967_01485533967_14021,111.0,1,2022/10/18 09:45:00,44.69,8.94,44.0,36,0,28,6,2,0,0,0,0,0,0,0
I_11_533967_01485533967_14021,111.0,1,2022/10/18 10:00:00,43.85,9.12,36.0,34,0,32,1,1,0,0,0,0,0,0,0
I_11_533967_01485533967_14021,111.0,1,2022/10/18 10:15:00,45.26,8.83,50.0,42,0,34,8,0,0,0,0,0,0,0,0
I_11_533967_01485533967_14021,111.0,1,2022/10/18 10:30:00,44.07,9.07,43.0,42,0,41,0,1,0,0,0,0,0,0,0
I_11_533967_01485533967_14021,111.0,1,2022/10/18 10:45:00,46.53,8.59,49.0,49,0,49,0,0,0,0,0,0,0,0,0
I_11_533967_01485533967_14021,111.0,1,2022/10/18 11:00:00,43.78,9.13,38.0,38,0,38,0,0,0,0,0,0,0,0,0
I_11_533967_01485533967_14021,111.0,1,2022/10/18 11:15:00,44.42,9.00,85.0,83,0,81,0,2,0,0,0,0,0,0,0
I_11_533967_01485533967_14021,111.0,1,2022/10/18 11:30:00,42.32,9.45,45.0,38,0,31,6,1,0,0,0,0,0,0,0
I_11_533967_01485533967_14021,111.0,1,2022/10/18 11:45:00,46.09,8.67,51.0,49,0,47,2,0,0,0,0,0,0,0,0
I_11_533967_01485533967_14021,111.0,1,2022/10/18 12:00:00,45.27,8.83,60.0,59,0,58,0,1,0,0,0,0,0,0,0
I_11_533967_01485533967_14021,111.0,1,2022/10/18 12:15:00,47.49,8.42,69.0,67,0,65,2,0,0,0,0,0,0,0,0
I_11_533967_01485533967_14021,111.0,1,2022/10/18 12:30:00,46.44,8.61,79.0,74,0,69,3,2,0,0,0,0,0,0,0
I_11_533967_01485533967_14021,111.0,1,2022/10/18 12:45:00,44.86,8.91,61.0,56,0,51,5,0,0,0,0,0,0,0,0
I_11_533967_01485533967_14021,111.0,1,2022/10/18 13:00:00,45.95,8.70,61.0,60,0,59,0,1,0,0,0,0,0,0,0
I_11_533967_01485533967_14021,111.0,1,2022/10/18 13:15:00,45.38,8.81,45.0,42,0,39,2,1,0,0,0,0,0,0,0
I_11_533967_01485533967_14021,111.0,1,2022/10/18 13:30:00,47.65,8.39,59.0,59,0,59,0,0,0,0,0,0,0,0,0
I_11_533967_01485533967_14021,111.0,1,2022/10/18 13:45:00,46.51,8.60,47.0,47,0,47,0,0,0,0,0,0,0,0,0
I_11_533967_01485533967_14021,111.0,1,2022/10/18 14:00:00,47.19,8.47,71.0,70,0,69,0,1,0,0,0,0,0,0,0
I_11_533967_01485533967_14021,111.0,1,2022/10/18 14:15:00,46.54,8.59,39.0,39,0,39,0,0,0,0,0,0,0,0,0
I_11_533967_01485533967_14021,111.0,1,2022/10/18 14:30:00,45.33,8.82,47.0,44,0,41,2,1,0,0,0,0,0,0,0
I_11_533967_01485533967_14021,111.0,1,2022/10/18 14:45:00,46.21,8.65,45.0,43,0,41,0,2,0,0,0,0,0,0,0
I_11_533967_01485533967_14021,111.0,1,2022/10/18 15:00:00,45.39,8.81,56.0,52,0,48,2,2,0,0,0,0,0,0,0
I_11_533967_01485533967_14021,111.0,1,2022/10/18 15:15:00,44.72,8.94,34.0,33,0,32,0,1,0,0,0,0,0,0,0
I_11_533967_01485533967_14021,111.0,1,2022/10/18 15:30:00,46.13,8.67,39.0,36,0,33,2,1,0,0,0,0,0,0,0
I_11_533967_01485533967_14021,111.0,1,2022/10/18 15:45:00,40.45,9.88,34.0,34,0,34,0,0,0,0,0,0,0,0,0
I_11_533967_01485533967_14021,111.0,1,2022/10/18 16:00:00,44.02,9.08,65.0,61,0,57,0,4,0,0,0,0,0,0,0
I_11_533967_01485533967_14021,111.0,1,2022/10/18 16:15:00,41.63,9.60,53.0,53,0,53,0,0,0,0,0,0,0,0,0
I_11_533967_01485533967_14021,111.0,1,2022/10/18 16:30:00,42.47,9.41,58.0,58,0,58,0,0,0,0,0,0,0,0,0
I_11_533967_01485533967_14021,111.0,1,2022/10/18 16:45:00,44.00,9.09,59.0,58,0,57,0,1,0,0,0,0,0,0,0
I_11_533967_01485533967_14021,111.0,1,2022/10/18 17:00:00,45.59,8.77,52.0,52,0,52,0,0,0,0,0,0,0,0,0
I_11_533967_01485533967_14021,111.0,1,2022/10/18 17:15:00,46.52,8.59,54.0,54,0,54,0,0,0,0,0,0,0,0,0
I_11_533967_01485533967_14021,111.0,1,2022/10/18 17:30:00,43.78,9.13,69.0,68,0,67,0,1,0,0,0,0,0,0,0
I_11_533967_01485533967_14021,111.0,1,2022/10/18 17:45:00,43.33,9.23,71.0,71,0,71,0,0,0,0,0,0,0,0,0
I_11_533967_01485533967_14021,111.0,1,2022/10/18 18:00:00,45.26,8.83,73.0,72,0,71,0,1,0,0,0,0,0,0,0
I_11_533967_01485533967_14021,111.0,1,2022/10/18 18:15:00,46.72,8.56,61.0,61,0,61,0,0,0,0,0,0,0,0,0
I_11_533967_01485533967_14021,111.0,1,2022/10/18 18:30:00,40.37,9.90,83.0,82,0,81,0,1,0,0,0,0,0,0,0
I_11_533967_01485533967_14021,111.0,1,2022/10/18 18:45:00,46.03,8.69,35.0,35,0,35,0,0,0,0,0,0,0,0,0
I_11_533967_01485533967_14155,506.4,2,2022/10/18 06:30:00,48.03,37.95,28.0,22,0,16,3,3,0,0,0,0,0,0,0
I_11_533967_01485533967_14155,506.4,2,2022/10/18 06:45:00,48.95,37.24,74.0,67,0,60,3,4,0,0,0,0,0,0,0
I_11_533967_01485533967_14155,506.4,2,2022/10/18 07:00:00,48.77,37.38,70.0,64,0,58,3,3,0,0,0,0,0,0,0
I_11_533967_01485533967_14155,506.4,2,2022/10/18 07:15:00,48.46,37.61,86.0,83,0,80,3,0,0,0,0,0,0,0,0
I_11_533967_01485533967_14155,506.4,2,2022/10/18 07:30:00,48.71,37.43,84.0,75,0,66,6,3,0,0,0,0,0,0,0
I_11_533967_01485533967_14155,506.4,2,2022/10/18 07:45:00,49.40,36.90,59.0,59,0,59,0,0,0,0,0,0,0,0,0
I_11_533967_01485533967_14155,506.4,2,2022/10/18 08:00:00,48.32,37.72,69.0,69,0,69,0,0,0,0,0,0,0,0,0
I_11_533967_01485533967_14155,506.4,2,2022/10/18 08:15:00,48.96,37.23,109.0,109,0,109,0,0,0,0,0,0,0,0,0
I_11_533967_01485533967_14155,506.4,2,2022/10/18 08:30:00,47.84,38.11,93.0,93,0,93,0,0,0,0,0,0,0,0,0
I_11_533967_01485533967_14155,506.4,2,2022/10/18 08:45:00,48.51,37.58,93.0,93,0,93,0,0,0,0,0,0,0,0,0
I_11_533967_01485533967_14155,506.4,2,2022/10/18 09:00:00,48.40,37.67,87.0,75,0,63,7,5,0,0,0,0,0,0,0
I_11_533967_01485533967_14155,506.4,2,2022/10/18 09:15:00,49.09,37.13,80.0,75,0,70,5,0,0,0,0,0,0,0,0
I_11_533967_01485533967_14155,506.4,2,2022/10/18 09:30:00,48.24,37.79,80.0,77,0,74,3,0,0,0,0,0,0,0,0
I_11_533967_01485533967_14155,506.4,2,2022/10/18 09:45:00,48.84,37.32,119.0,106,0,93,13,0,0,0,0,0,0,0,0
I_11_533967_01485533967_14155,506.4,2,2022/10/18 10:00:00,48.31,37.73,118.0,101,0,84,15,2,0,0,0,0,0,0,0
I_11_533967_01485533967_14155,506.4,2,2022/10/18 10:15:00,48.73,37.41,134.0,131,0,128,1,2,0,0,0,0,0,0,0
I_11_533967_01485533967_14155,506.4,2,2022/10/18 10:30:00,48.19,37.83,121.0,121,0,121,0,0,0,0,0,0,0,0,0
I_11_533967_01485533967_14155,506.4,2,2022/10/18 10:45:00,48.50,37.59,112.0,104,0,96,8,0,0,0,0,0,0,0,0
I_11_533967_01485533967_14155,506.4,2,2022/10/18 11:00:00,48.72,37.42,142.0,127,0,112,15,0,0,0,0,0,0,0,0
I_11_533967_01485533967_14155,506.4,2,2022/10/18 11:15:00,48.81,37.35,95.0,83,0,71,11,1,0,0,0,0,0,0,0
I_11_533967_01485533967_14155,506.4,2,2022/10/18 11:30:00,48.49,37.60,124.0,114,0,104,9,1,0,0,0,0,0,0,0
I_11_533967_01485533967_14155,506.4,2,2022/10/18 11:45:00,48.90,37.28,136.0,132,0,128,3,1,0,0,0,0,0,0,0
I_11_533967_01485533967_14155,506.4,2,2022/10/18 12:00:00,48.73,37.41,89.0,81,0,73,8,0,0,0,0,0,0,0,0
I_11_533967_01485533967_14155,506.4,2,2022/10/18 12:15:00,48.36,37.69,124.0,117,0,110,7,0,0,0,0,0,0,0,0
I_11_533967_01485533967_14155,506.4,2,2022/10/18 12:30:00,48.75,37.39,84.0,77,0,70,7,0,0,0,0,0,0,0,0
I_11_533967_01485533967_14155,506.4,2,2022/10/18 12:45:00,48.33,37.72,136.0,121,0,106,8,7,0,0,0,0,0,0,0
I_11_533967_01485533967_14155,506.4,2,2022/10/18 13:00:00,47.35,38.50,124.0,114,0,104,9,1,0,0,0,0,0,0,0
I_11_533967_01485533967_14155,506.4,2,2022/10/18 13:15:00,47.85,38.10,134.0,125,0,116,4,5,0,0,0,0,0,0,0
I_11_533967_01485533967_14155,506.4,2,2022/10/18 13:30:00,48.45,37.63,109.0,105,0,101,4,0,0,0,0,0,0,0,0
I_11_533967_01485533967_14155,506.4,2,2022/10/18 13:45:00,48.35,37.71,72.0,68,0,64,4,0,0,0,0,0,0,0,0
I_11_533967_01485533967_14155,506.4,2,2022/10/18 14:00:00,48.02,37.96,84.0,76,0,68,6,2,0,0,0,0,0,0,0
I_11_533967_01485533967_14155,506.4,2,2022/10/18 14:15:00,48.07,37.92,157.0,149,0,141,5,3,0,0,0,0,0,0,0
I_11_533967_01485533967_14155,506.4,2,2022/10/18 14:30:00,48.67,37.45,105.0,104,0,103,1,0,0,0,0,0,0,0,0
I_11_533967_01485533967_14155,506.4,2,2022/10/18 14:45:00,48.69,37.44,110.0,107,0,104,0,3,0,0,0,0,0,0,0
I_11_533967_01485533967_14155,506.4,2,2022/10/18 15:00:00,48.39,37.67,79.0,79,0,79,0,0,0,0,0,0,0,0,0
I_11_533967_01485533967_14155,506.4,2,2022/10/18 15:15:00,48.21,37.81,81.0,79,0,77,2,0,0,0,0,0,0,0,0
I_11_533967_01485533967_14155,506.4,2,2022/10/18 15:30:00,48.85,37.32,133.0,133,0,133,0,0,0,0,0,0,0,0,0
I_11_533967_01485533967_14155,506.4,2,2022/10/18 15:45:00,48.83,37.33,108.0,106,0,104,2,0,0,0,0,0,0,0,0
I_11_533967_01485533967_14155,506.4,2,2022/10/18 16:00:00,48.77,37.38,130.0,124,0,118,5,1,0,0,0,0,0,0,0
I_11_533967_01485533967_14155,506.4,2,2022/10/18 16:15:00,48.35,37.70,95.0,90,0,85,4,1,0,0,0,0,0,0,0
I_11_533967_01485533967_14155,506.4,2,2022/10/18 16:30:00,48.19,37.83,77.0,77,0,77,0,0,0,0,0,0,0,0,0
I_11_533967_01485533967_14155,506.4,2,2022/10/18 16:45:00,48.45,37.63,129.0,123,0,117,6,0,0,0,0,0,0,0,0
I_11_533967_01485533967_14155,506.4,2,2022/10/18 17:00:00,48.10,37.90,117.0,109,0,101,8,0,0,0,0,0,0,0,0
I_11_533967_01485533967_14155,506.4,2,2022/10/18 17:15:00,47.59,38.31,167.0,166,0,165,1,0,0,0,0,0,0,0,0
I_11_533967_01485533967_14155,506.4,2,2022/10/18 17:30:00,48.62,37.49,73.0,69,0,65,0,4,0,0,0,0,0,0,0
I_11_533967_01485533967_14155,506.4,2,2022/10/18 17:45:00,48.42,37.65,103.0,99,0,95,3,1,0,0,0,0,0,0,0
I_11_533967_01485533967_14155,506.4,2,2022/10/18 18:00:00,48.83,37.33,89.0,88,0,87,1,0,0,0,0,0,0,0,0
I_11_533967_01485533967_14155,506.4,2,2022/10/18 18:15:00,49.12,37.11,102.0,97,0,92,0,5,0,0,0,0,0,0,0
I_11_533967_01485533967_14155,506.4,2,2022/10/18 18:30:00,48.64,37.48,90.0,86,0,82,3,1,0,0,0,0,0,0,0
I_11_533967_01485533967_14155,506.4,2,2022/10/18 18:45:00,47.77,38.16,62.0,61,0,60,0,1,0,0,0,0,0,0,0
I_11_533967_01555533967_00977,242.1,1,2022/10/18 06:30:00,23.27,37.46,14.0,13,0,12,0,1,0,0,0,0,0,0,0
I_11_533967_01555533967_00977,242.1,1,2022/10/18 06:45:00,23.92,36.44,34.0,32,0,30,1,1,0,0,0,0,0,0,0
I_11_533967_01555533967_00977,242.1,1,2022/10/18 07:00:00,23.33,37.36,33.0,33,0,33,0,0,0,0,0,0,0,0,0
I_11_533967_01555533967_00977,242.1,1,2022/10/18 07:15:00,19.72,44.19,76.0,69,0,62,0,7,0,0,0,0,0,0,0
I_11_533967_01555533967_00977,242.1,1,2022/10/18 07:30:00,23.03,37.84,72.0,70,0,68,0,2,0,0,0,0,0,0,0
I_11_533967_01555533967_00977,242.1,1,2022/10/18 07:45:00,25.92,33.62,53.0,50,0,47,0,3,0,0,0,0,0,0,0
I_11_533967_01555533967_00977,242.1,1,2022/10/18 08:00:00,21.32,40.89,81.0,70,0,59,0,11,0,0,0,0,0,0,0
I_11_533967_01555533967_00977,242.1,1,2022/10/18 08:15:00,22.76,38.29,77.0,69,0,61,0,8,0,0,0,0,0,0,0
I_11_533967_01555533967_00977,242.1,1,2022/10/18 08:30:00,21.09,41.33,85.0,80,0,75,0,5,0,0,0,0,0,0,0
I_11_533967_01555533967_00977,242.1,1,2022/10/18 08:45:00,17.41,50.05,79.0,74,0,69,2,3,0,0,0,0,0,0,0
I_11_533967_01555533967_00977,242.1,1,2022/10/18 09:00:00,26.58,32.80,61.0,49,0,37,9,3,0,0,0,0,0,0,0
I_11_533967_01555533967_00977,242.1,1,2022/10/18 09:15:00,18.37,47.44,51.0,45,0,39,2,4,0,0,0,0,0,0,0
I_11_533967_01555533967_00977,242.1,1,2022/10/18 09:30:00,22.51,38.72,57.0,54,0,51,0,3,0,0,0,0,0,0,0
I_11_533967_01555533967_00977,242.1,1,2022/10/18 09:45:00,15.91,54.77,81.0,77,0,73,2,2,0,0,0,0,0,0,0
I_11_533967_01555533967_00977,242.1,1,2022/10/18 10:00:00,15.32,56.88,85.0,80,0,75,2,3,0,0,0,0,0,0,0
I_11_533967_01555533967_00977,242.1,1,2022/10/18 10:15:00,19.81,44.00,54.0,47,0,40,4,3,0,0,0,0,0,0,0
I_11_533967_01555533967_00977,242.1,1,2022/10/18 10:30:00,25.24,34.53,67.0,62,0,57,2,3,0,0,0,0,0,0,0
I_11_533967_01555533967_00977,242.1,1,2022/10/18 10:45:00,18.87,46.19,79.0,77,0,75,0,2,0,0,0,0,0,0,0
I_11_533967_01555533967_00977,242.1,1,2022/10/18 11:00:00,18.11,48.13,70.0,70,0,70,0,0,0,0,0,0,0,0,0
I_11_533967_01555533967_00977,242.1,1,2022/10/18 11:15:00,23.43,37.21,66.0,63,0,60,0,3,0,0,0,0,0,0,0
I_11_533967_01555533967_00977,242.1,1,2022/10/18 11:30:00,23.15,37.65,42.0,40,0,38,0,2,0,0,0,0,0,0,0
I_11_533967_01555533967_00977,242.1,1,2022/10/18 11:45:00,26.18,33.29,100.0,93,0,86,2,4,1,0,0,0,0,0,0
I_11_533967_01555533967_00977,242.1,1,2022/10/18 12:00:00,29.07,29.98,52.0,48,0,44,4,0,0,0,0,0,0,0,0
I_11_533967_01555533967_00977,242.1,1,2022/10/18 12:15:00,19.55,44.57,47.0,42,0,37,4,1,0,0,0,0,0,0,0
I_11_533967_01555533967_00977,242.1,1,2022/10/18 12:30:00,16.15,53.96,59.0,56,0,53,0,3,0,0,0,0,0,0,0
I_11_533967_01555533967_00977,242.1,1,2022/10/18 12:45:00,27.95,31.19,34.0,32,0,30,0,2,0,0,0,0,0,0,0
I_11_533967_01555533967_00977,242.1,1,2022/10/18 13:00:00,19.54,44.60,49.0,48,0,47,0,1,0,0,0,0,0,0,0
I_11_533967_01555533967_00977,242.1,1,2022/10/18 13:15:00,22.95,37.98,59.0,56,0,53,0,3,0,0,0,0,0,0,0
I_11_533967_01555533967_00977,242.1,1,2022/10/18 13:30:00,22.70,38.39,42.0,38,0,34,3,1,0,0,0,0,0,0,0
I_11_533967_01555533967_00977,242.1,1,2022/10/18 13:45:00,24.51,35.56,66.0,64,0,62,0,2,0,0,0,0,0,0,0
I_11_533967_01555533967_00977,242.1,1,2022/10/18 14:00:00,21.00,41.51,69.0,65,0,61,1,3,0,0,0,0,0,0,0
I_11_533967_01555533967_00977,242.1,1,2022/10/18 14:15:00,19.99,43.59,37.0,37,0,37,0,0,0,0,0,0,0,0,0
I_11_533967_01555533967_00977,242.1,1,2022/10/18 14:30:00,23.70,36.78,66.0,64,0,62,1,1,0,0,0,0,0,0,0
I_11_533967_01555533967_00977,242.1,1,2022/10/18 14:45:00,20.43,42.66,54.0,47,0,40,4,3,0,0,0,0,0,0,0
I_11_533967_01555533967_00977,242.1,1,2022/10/18 15:00:00,20.96,41.58,74.0,71,0,68,2,1,0,0,0,0,0,0,0
I_11_533967_01555533967_00977,242.1,1,2022/10/18 15:15:00,26.34,33.09,85.0,77,0,69,4,4,0,0,0,0,0,0,0
I_11_533967_01555533967_00977,242.1,1,2022/10/18 15:30:00,25.57,34.09,57.0,56,0,55,0,1,0,0,0,0,0,0,0
I_11_533967_01555533967_00977,242.1,1,2022/10/18 15:45:00,20.39,42.75,56.0,52,0,48,0,4,0,0,0,0,0,0,0
I_11_533967_01555533967_00977,242.1,1,2022/10/18 16:00:00,24.11,36.15,64.0,62,0,60,0,2,0,0,0,0,0,0,0
I_11_533967_01555533967_00977,242.1,1,2022/10/18 16:15:00,27.81,31.34,75.0,74,0,73,0,1,0,0,0,0,0,0,0
I_11_533967_01555533967_00977,242.1,1,2022/10/18 16:30:00,20.44,42.64,82.0,81,0,80,0,1,0,0,0,0,0,0,0
I_11_533967_01555533967_00977,242.1,1,2022/10/18 16:45:00,21.93,39.74,45.0,42,0,39,0,3,0,0,0,0,0,0,0
I_11_533967_01555533967_00977,242.1,1,2022/10/18 17:00:00,19.39,44.95,66.0,61,0,56,0,5,0,0,0,0,0,0,0
I_11_533967_01555533967_00977,242.1,1,2022/10/18 17:15:00,18.93,46.05,82.0,76,0,70,0,6,0,0,0,0,0,0,0
I_11_533967_01555533967_00977,242.1,1,2022/10/18 17:30:00,27.04,32.23,59.0,56,0,53,0,3,0,0,0,0,0,0,0
I_11_533967_01555533967_00977,242.1,1,2022/10/18 17:45:00,22.68,38.44,65.0,62,0,59,0,3,0,0,0,0,0,0,0
I_11_533967_01555533967_00977,242.1,1,2022/10/18 18:00:00,22.14,39.37,70.0,67,0,64,0,3,0,0,0,0,0,0,0
I_11_533967_01555533967_00977,242.1,1,2022/10/18 18:15:00,19.47,44.76,68.0,62,0,56,0,6,0,0,0,0,0,0,0
I_11_533967_01555533967_00977,242.1,1,2022/10/18 18:30:00,24.27,35.92,37.0,36,0,35,0,1,0,0,0,0,0,0,0
I_11_533967_01555533967_00977,242.1,1,2022/10/18 18:45:00,26.61,32.76,47.0,41,0,35,1,5,0,0,0,0,0,0,0
I_11_533967_01644533967_01485,123.9,2,2022/10/18 06:30:00,25.87,17.24,26.0,21,0,16,2,3,0,0,0,0,0,0,0
I_11_533967_01644533967_01485,123.9,2,2022/10/18 06:45:00,27.40,16.27,52.0,44,0,36,3,5,0,0,0,0,0,0,0
I_11_533967_01644533967_01485,123.9,2,2022/10/18 07:00:00,19.46,22.91,38.0,33,0,28,3,2,0,0,0,0,0,0,0
I_11_533967_01644533967_01485,123.9,2,2022/10/18 07:15:00,10.30,43.30,34.0,33,0,32,1,0,0,0,0,0,0,0,0
I_11_533967_01644533967_01485,123.9,2,2022/10/18 07:30:00,12.57,35.48,73.0,64,0,55,6,3,0,0,0,0,0,0,0
I_11_533967_01644533967_01485,123.9,2,2022/10/18 07:45:00,19.60,22.75,49.0,48,0,47,1,0,0,0,0,0,0,0,0
I_11_533967_01644533967_01485,123.9,2,2022/10/18 08:00:00,13.60,32.78,69.0,64,0,59,5,0,0,0,0,0,0,0,0
I_11_533967_01644533967_01485,123.9,2,2022/10/18 08:15:00,16.84,26.48,66.0,63,0,60,3,0,0,0,0,0,0,0,0
I_11_533967_01644533967_01485,123.9,2,2022/10/18 08:30:00,17.52,25.46,58.0,57,0,56,1,0,0,0,0,0,0,0,0
I_11_533967_01644533967_01485,123.9,2,2022/10/18 08:45:00,17.31,25.76,45.0,45,0,45,0,0,0,0,0,0,0,0,0
I_11_533967_01644533967_01485,123.9,2,2022/10/18 09:00:00,19.23,23.19,67.0,63,0,59,4,0,0,0,0,0,0,0,0
I_11_533967_01644533967_01485,123.9,2,2022/10/18 09:15:00,25.68,17.36,57.0,55,0,53,2,0,0,0,0,0,0,0,0
I_11_533967_01644533967_01485,123.9,2,2022/10/18 09:30:00,17.03,26.18,59.0,56,0,53,3,0,0,0,0,0,0,0,0
I_11_533967_01644533967_01485,123.9,2,2022/10/18 09:45:00,13.87,32.16,64.0,57,0,50,7,0,0,0,0,0,0,0,0
I_11_533967_01644533967_01485,123.9,2,2022/10/18 10:00:00,10.65,41.88,50.0,48,0,46,2,0,0,0,0,0,0,0,0
I_11_533967_01644533967_01485,123.9,2,2022/10/18 10:15:00,20.28,21.98,68.0,65,0,62,3,0,0,0,0,0,0,0,0
I_11_533967_01644533967_01485,123.9,2,2022/10/18 10:30:00,16.42,27.16,51.0,51,0,51,0,0,0,0,0,0,0,0,0
I_11_533967_01644533967_01485,123.9,2,2022/10/18 10:45:00,13.93,32.00,53.0,53,0,53,0,0,0,0,0,0,0,0,0
I_11_533967_01644533967_01485,123.9,2,2022/10/18 11:00:00,20.78,21.46,53.0,50,0,47,3,0,0,0,0,0,0,0,0
I_11_533967_01644533967_01485,123.9,2,2022/10/18 11:15:00,27.23,16.38,45.0,40,0,35,5,0,0,0,0,0,0,0,0
I_11_533967_01644533967_01485,123.9,2,2022/10/18 11:30:00,15.75,28.31,54.0,52,0,50,2,0,0,0,0,0,0,0,0
I_11_533967_01644533967_01485,123.9,2,2022/10/18 11:45:00,21.00,21.23,35.0,35,0,35,0,0,0,0,0,0,0,0,0
I_11_533967_01644533967_01485,123.9,2,2022/10/18 12:00:00,13.04,34.18,58.0,55,0,52,3,0,0,0,0,0,0,0,0
I_11_533967_01644533967_01485,123.9,2,2022/10/18 12:15:00,7.90,56.43,53.0,51,0,49,2,0,0,0,0,0,0,0,0
I_11_533967_01644533967_01485,123.9,2,2022/10/18 12:30:00,16.64,26.80,45.0,45,0,45,0,0,0,0,0,0,0,0,0
I_11_533967_01644533967_01485,123.9,2,2022/10/18 12:45:00,15.67,28.45,40.0,38,0,36,2,0,0,0,0,0,0,0,0
I_11_533967_01644533967_01485,123.9,2,2022/10/18 13:00:00,13.29,33.55,45.0,44,0,43,0,1,0,0,0,0,0,0,0
I_11_533967_01644533967_01485,123.9,2,2022/10/18 13:15:00,15.66,28.47,32.0,30,0,28,2,0,0,0,0,0,0,0,0
I_11_533967_01644533967_01485,123.9,2,2022/10/18 13:30:00,13.96,31.93,48.0,43,0,38,5,0,0,0,0,0,0,0,0
I_11_533967_01644533967_01485,123.9,2,2022/10/18 13:45:00,23.65,18.86,21.0,21,0,21,0,0,0,0,0,0,0,0,0
I_11_533967_01644533967_01485,123.9,2,2022/10/18 14:00:00,13.99,31.87,57.0,52,0,47,5,0,0,0,0,0,0,0,0
I_11_533967_01644533967_01485,123.9,2,2022/10/18 14:15:00,13.26,33.64,40.0,36,0,32,4,0,0,0,0,0,0,0,0
I_11_533967_01644533967_01485,123.9,2,2022/10/18 14:30:00,13.41,33.25,52.0,51,0,50,1,0,0,0,0,0,0,0,0
I_11_533967_01644533967_01485,123.9,2,2022/10/18 14:45:00,12.96,34.40,59.0,57,0,55,0,2,0,0,0,0,0,0,0
I_11_533967_01644533967_01485,123.9,2,2022/10/18 15:00:00,13.06,34.14,44.0,44,0,44,0,0,0,0,0,0,0,0,0
I_11_533967_01644533967_01485,123.9,2,2022/10/18 15:15:00,14.93,29.88,32.0,32,0,32,0,0,0,0,0,0,0,0,0
I_11_533967_01644533967_01485,123.9,2,2022/10/18 15:30:00,12.28,36.32,37.0,37,0,37,0,0,0,0,0,0,0,0,0
I_11_533967_01644533967_01485,123.9,2,2022/10/18 15:45:00,11.90,37.48,23.0,23,0,23,0,0,0,0,0,0,0,0,0
I_11_533967_01644533967_01485,123.9,2,2022/10/18 16:00:00,9.47,47.07,59.0,59,0,59,0,0,0,0,0,0,0,0,0
I_11_533967_01644533967_01485,123.9,2,2022/10/18 16:15:00,9.49,46.98,42.0,41,0,40,1,0,0,0,0,0,0,0,0
I_11_533967_01644533967_01485,123.9,2,2022/10/18 16:30:00,8.53,52.27,41.0,41,0,41,0,0,0,0,0,0,0,0,0
I_11_533967_01644533967_01485,123.9,2,2022/10/18 16:45:00,7.40,60.27,47.0,44,0,41,3,0,0,0,0,0,0,0,0
I_11_533967_01644533967_01485,123.9,2,2022/10/18 17:00:00,9.62,46.35,53.0,49,0,45,4,0,0,0,0,0,0,0,0
I_11_533967_01644533967_01485,123.9,2,2022/10/18 17:15:00,4.80,92.88,60.0,60,0,60,0,0,0,0,0,0,0,0,0
I_11_533967_01644533967_01485,123.9,2,2022/10/18 17:30:00,6.65,67.09,33.0,33,0,33,0,0,0,0,0,0,0,0,0
I_11_533967_01644533967_01485,123.9,2,2022/10/18 17:45:00,8.78,50.77,26.0,26,0,26,0,0,0,0,0,0,0,0,0
I_11_533967_01644533967_01485,123.9,2,2022/10/18 18:00:00,8.54,52.21,70.0,70,0,70,0,0,0,0,0,0,0,0,0
I_11_533967_01644533967_01485,123.9,2,2022/10/18 18:15:00,8.08,55.19,63.0,63,0,63,0,0,0,0,0,0,0,0,0
I_11_533967_01644533967_01485,123.9,2,2022/10/18 18:30:00,8.57,52.03,40.0,39,0,38,1,0,0,0,0,0,0,0,0
I_11_533967_01644533967_01485,123.9,2,2022/10/18 18:45:00,6.71,66.50,33.0,32,0,31,0,1,0,0,0,0,0,0,0
I_11_533967_01657533967_01413,145.9,1,2022/10/18 06:30:00,50.23,10.46,49.0,46,0,43,0,3,0,0,0,0,0,0,0
I_11_533967_01657533967_01413,145.9,1,2022/10/18 06:45:00,48.22,10.89,58.0,55,0,52,0,3,0,0,0,0,0,0,0
I_11_533967_01657533967_01413,145.9,1,2022/10/18 07:00:00,45.65,11.50,117.0,113,0,109,0,4,0,0,0,0,0,0,0
I_11_533967_01657533967_01413,145.9,1,2022/10/18 07:15:00,46.75,11.23,35.0,30,0,25,0,5,0,0,0,0,0,0,0
I_11_533967_01657533967_01413,145.9,1,2022/10/18 07:30:00,50.46,10.41,25.0,22,0,19,0,3,0,0,0,0,0,0,0
I_11_533967_01657533967_01413,145.9,1,2022/10/18 07:45:00,46.62,11.27,22.0,15,0,8,0,7,0,0,0,0,0,0,0
I_11_533967_01657533967_01413,145.9,1,2022/10/18 08:00:00,47.25,11.12,28.0,26,0,24,0,2,0,0,0,0,0,0,0
I_11_533967_01657533967_01413,145.9,1,2022/10/18 08:15:00,48.33,10.87,36.0,30,0,24,0,6,0,0,0,0,0,0,0
I_11_533967_01657533967_01413,145.9,1,2022/10/18 08:30:00,47.75,11.00,6.0,4,0,2,0,2,0,0,0,0,0,0,0
I_11_533967_01657533967_01413,145.9,1,2022/10/18 08:45:00,50.20,10.46,17.0,13,0,9,0,4,0,0,0,0,0,0,0
I_11_533967_01657533967_01413,145.9,1,2022/10/18 09:00:00,49.24,10.67,12.0,6,0,0,0,6,0,0,0,0,0,0,0
I_11_533967_01657533967_01413,145.9,1,2022/10/18 09:15:00,48.73,10.78,15.0,9,0,3,5,1,0,0,0,0,0,0,0
I_11_533967_01657533967_01413,145.9,1,2022/10/18 09:30:00,48.57,10.81,22.0,16,0,10,1,5,0,0,0,0,0,0,0
I_11_533967_01657533967_01413,145.9,1,2022/10/18 09:45:00,48.30,10.88,10.0,8,0,6,0,2,0,0,0,0,0,0,0
I_11_533967_01657533967_01413,145.9,1,2022/10/18 10:00:00,50.02,10.50,4.0,2,0,0,0,2,0,0,0,0,0,0,0
I_11_533967_01657533967_01413,145.9,1,2022/10/18 10:15:00,50.83,10.33,22.0,21,0,20,0,1,0,0,0,0,0,0,0
I_11_533967_01657533967_01413,145.9,1,2022/10/18 10:30:00,47.03,11.17,11.0,6,0,1,0,5,0,0,0,0,0,0,0
I_11_533967_01657533967_01413,145.9,1,2022/10/18 10:45:00,48.96,10.73,17.0,11,0,5,0,6,0,0,0,0,0,0,0
I_11_533967_01657533967_01413,145.9,1,2022/10/18 11:00:00,49.02,10.71,22.0,21,0,20,0,1,0,0,0,0,0,0,0
I_11_533967_01657533967_01413,145.9,1,2022/10/18 11:15:00,42.33,12.41,56.0,49,0,42,0,7,0,0,0,0,0,0,0
I_11_533967_01657533967_01413,145.9,1,2022/10/18 11:30:00,42.43,12.38,38.0,37,0,36,0,1,0,0,0,0,0,0,0
I_11_533967_01657533967_01413,145.9,1,2022/10/18 11:45:00,49.24,10.67,12.0,6,0,0,0,6,0,0,0,0,0,0,0
I_11_533967_01657533967_01413,145.9,1,2022/10/18 12:00:00,50.50,10.40,8.0,5,0,2,0,3,0,0,0,0,0,0,0
I_11_533967_01657533967_01413,145.9,1,2022/10/18 12:15:00,44.70,11.75,8.0,8,0,8,0,0,0,0,0,0,0,0,0
I_11_533967_01657533967_01413,145.9,1,2022/10/18 12:30:00,45.18,11.62,13.0,8,0,3,0,5,0,0,0,0,0,0,0
I_11_533967_01657533967_01413,145.9,1,2022/10/18 12:45:00,49.24,10.67,8.0,6,0,4,0,2,0,0,0,0,0,0,0
I_11_533967_01657533967_01413,145.9,1,2022/10/18 13:00:00,50.02,10.50,4.0,2,0,0,0,2,0,0,0,0,0,0,0
I_11_533967_01657533967_01413,145.9,1,2022/10/18 13:15:00,50.83,10.33,15.0,12,0,9,0,3,0,0,0,0,0,0,0
I_11_533967_01657533967_01413,145.9,1,2022/10/18 13:30:00,50.62,10.38,10.0,8,0,6,0,2,0,0,0,0,0,0,0
I_11_533967_01657533967_01413,145.9,1,2022/10/18 13:45:00,46.69,11.25,7.0,4,0,1,0,3,0,0,0,0,0,0,0
I_11_533967_01657533967_01413,145.9,1,2022/10/18 14:00:00,45.58,11.52,28.0,23,0,18,0,5,0,0,0,0,0,0,0
I_11_533967_01657533967_01413,145.9,1,2022/10/18 14:15:00,42.36,12.40,14.0,10,0,6,0,4,0,0,0,0,0,0,0
I_11_533967_01657533967_01413,145.9,1,2022/10/18 14:30:00,49.90,10.53,23.0,19,0,15,0,4,0,0,0,0,0,0,0
I_11_533967_01657533967_01413,145.9,1,2022/10/18 14:45:00,46.00,11.42,14.0,12,0,10,0,2,0,0,0,0,0,0,0
I_11_533967_01657533967_01413,145.9,1,2022/10/18 15:00:00,42.87,12.25,10.0,8,0,6,0,2,0,0,0,0,0,0,0
I_11_533967_01657533967_01413,145.9,1,2022/10/18 15:15:00,48.63,10.80,36.0,25,0,14,0,11,0,0,0,0,0,0,0
I_11_533967_01657533967_01413,145.9,1,2022/10/18 15:30:00,50.36,10.43,23.0,14,0,5,0,9,0,0,0,0,0,0,0
I_11_533967_01657533967_01413,145.9,1,2022/10/18 15:45:00,45.96,11.43,7.0,7,0,7,0,0,0,0,0,0,0,0,0
I_11_533967_01657533967_01413,145.9,1,2022/10/18 16:00:00,47.75,11.00,12.0,6,0,0,0,6,0,0,0,0,0,0,0
I_11_533967_01657533967_01413,145.9,1,2022/10/18 16:15:00,46.97,11.18,27.0,22,0,17,0,5,0,0,0,0,0,0,0
I_11_533967_01657533967_01413,145.9,1,2022/10/18 16:30:00,41.37,12.70,38.0,33,0,28,2,3,0,0,0,0,0,0,0
I_11_533967_01657533967_01413,145.9,1,2022/10/18 16:45:00,41.97,12.51,69.0,68,0,67,0,1,0,0,0,0,0,0,0
I_11_533967_01657533967_01413,145.9,1,2022/10/18 17:00:00,42.63,12.32,77.0,69,0,61,0,8,0,0,0,0,0,0,0
I_11_533967_01657533967_01413,145.9,1,2022/10/18 17:15:00,42.92,12.24,27.0,21,0,15,0,6,0,0,0,0,0,0,0
I_11_533967_01657533967_01413,145.9,1,2022/10/18 17:30:00,43.30,12.13,56.0,54,0,52,0,2,0,0,0,0,0,0,0
I_11_533967_01657533967_01413,145.9,1,2022/10/18 17:45:00,45.13,11.64,49.0,47,0,45,0,2,0,0,0,0,0,0,0
I_11_533967_01657533967_01413,145.9,1,2022/10/18 18:00:00,49.02,10.71,32.0,28,0,24,0,4,0,0,0,0,0,0,0
I_11_533967_01657533967_01413,145.9,1,2022/10/18 18:15:00,49.72,10.56,35.0,32,0,29,0,3,0,0,0,0,0,0,0
I_11_533967_01657533967_01413,145.9,1,2022/10/18 18:30:00,41.86,12.55,46.0,44,0,42,0,2,0,0,0,0,0,0,0
I_11_533967_01657533967_01413,145.9,1,2022/10/18 18:45:00,46.16,11.38,47.0,45,0,43,0,2,0,0,0,0,0,0,0
I_11_533967_01657533967_01658,104.5,2,2022/10/18 06:30:00,46.14,8.15,122.0,120,0,118,2,0,0,0,0,0,0,0,0
I_11_533967_01657533967_01658,104.5,2,2022/10/18 06:45:00,45.28,8.30,151.0,151,0,151,0,0,0,0,0,0,0,0,0
I_11_533967_01657533967_01658,104.5,2,2022/10/18 07:00:00,45.89,8.19,120.0,118,0,116,2,0,0,0,0,0,0,0,0
I_11_533967_01657533967_01658,104.5,2,2022/10/18 07:15:00,46.85,8.03,114.0,111,0,108,3,0,0,0,0,0,0,0,0
I_11_533967_01657533967_01658,104.5,2,2022/10/18 07:30:00,46.83,8.03,103.0,100,0,97,3,0,0,0,0,0,0,0,0
I_11_533967_01657533967_01658,104.5,2,2022/10/18 07:45:00,44.88,8.38,137.0,137,0,137,0,0,0,0,0,0,0,0,0
I_11_533967_01657533967_01658,104.5,2,2022/10/18 08:00:00,43.99,8.55,121.0,113,0,105,4,4,0,0,0,0,0,0,0
I_11_533967_01657533967_01658,104.5,2,2022/10/18 08:15:00,45.28,8.30,127.0,115,0,103,9,3,0,0,0,0,0,0,0
I_11_533967_01657533967_01658,104.5,2,2022/10/18 08:30:00,45.23,8.31,172.0,153,0,134,15,4,0,0,0,0,0,0,0
I_11_533967_01657533967_01658,104.5,2,2022/10/18 08:45:00,46.47,8.09,138.0,119,0,100,19,0,0,0,0,0,0,0,0
I_11_533967_01657533967_01658,104.5,2,2022/10/18 09:00:00,47.16,7.97,146.0,118,0,90,28,0,0,0,0,0,0,0,0
I_11_533967_01657533967_01658,104.5,2,2022/10/18 09:15:00,46.33,8.12,138.0,120,0,102,17,1,0,0,0,0,0,0,0
I_11_533967_01657533967_01658,104.5,2,2022/10/18 09:30:00,43.81,8.58,120.0,108,0,96,12,0,0,0,0,0,0,0,0
I_11_533967_01657533967_01658,104.5,2,2022/10/18 09:45:00,45.78,8.22,103.0,93,0,83,10,0,0,0,0,0,0,0,0
I_11_533967_01657533967_01658,104.5,2,2022/10/18 10:00:00,47.48,7.92,112.0,101,0,90,11,0,0,0,0,0,0,0,0
I_11_533967_01657533967_01658,104.5,2,2022/10/18 10:15:00,46.89,8.02,114.0,100,0,86,14,0,0,0,0,0,0,0,0
I_11_533967_01657533967_01658,104.5,2,2022/10/18 10:30:00,47.81,7.87,91.0,82,0,73,9,0,0,0,0,0,0,0,0
I_11_533967_01657533967_01658,104.5,2,2022/10/18 10:45:00,47.35,7.94,117.0,105,0,93,12,0,0,0,0,0,0,0,0
I_11_533967_01657533967_01658,104.5,2,2022/10/18 11:00:00,46.89,8.02,104.0,96,0,88,8,0,0,0,0,0,0,0,0
I_11_533967_01657533967_01658,104.5,2,2022/10/18 11:15:00,46.21,8.14,108.0,102,0,96,6,0,0,0,0,0,0,0,0
I_11_533967_01657533967_01658,104.5,2,2022/10/18 11:30:00,45.37,8.29,106.0,97,0,88,9,0,0,0,0,0,0,0,0
I_11_533967_01657533967_01658,104.5,2,2022/10/18 11:45:00,47.21,7.97,97.0,89,0,81,8,0,0,0,0,0,0,0,0
I_11_533967_01657533967_01658,104.5,2,2022/10/18 12:00:00,46.63,8.06,96.0,93,0,90,3,0,0,0,0,0,0,0,0
I_11_533967_01657533967_01658,104.5,2,2022/10/18 12:15:00,46.89,8.02,109.0,103,0,97,6,0,0,0,0,0,0,0,0
I_11_533967_01657533967_01658,104.5,2,2022/10/18 12:30:00,45.92,8.19,96.0,95,0,94,1,0,0,0,0,0,0,0,0
I_11_533967_01657533967_01658,104.5,2,2022/10/18 12:45:00,47.72,7.88,119.0,109,0,99,10,0,0,0,0,0,0,0,0
I_11_533967_01657533967_01658,104.5,2,2022/10/18 13:00:00,46.64,8.06,67.0,63,0,59,4,0,0,0,0,0,0,0,0
I_11_533967_01657533967_01658,104.5,2,2022/10/18 13:15:00,47.90,7.85,142.0,127,0,112,15,0,0,0,0,0,0,0,0
I_11_533967_01657533967_01658,104.5,2,2022/10/18 13:30:00,46.81,8.03,96.0,90,0,84,6,0,0,0,0,0,0,0,0
I_11_533967_01657533967_01658,104.5,2,2022/10/18 13:45:00,47.07,7.99,104.0,95,0,86,9,0,0,0,0,0,0,0,0
I_11_533967_01657533967_01658,104.5,2,2022/10/18 14:00:00,47.44,7.93,119.0,109,0,99,8,2,0,0,0,0,0,0,0
I_11_533967_01657533967_01658,104.5,2,2022/10/18 14:15:00,47.35,7.94,117.0,103,0,89,14,0,0,0,0,0,0,0,0
I_11_533967_01657533967_01658,104.5,2,2022/10/18 14:30:00,47.84,7.86,112.0,100,0,88,8,4,0,0,0,0,0,0,0
I_11_533967_01657533967_01658,104.5,2,2022/10/18 14:45:00,47.23,7.96,116.0,108,0,100,8,0,0,0,0,0,0,0,0
I_11_533967_01657533967_01658,104.5,2,2022/10/18 15:00:00,47.46,7.92,114.0,104,0,94,9,1,0,0,0,0,0,0,0
I_11_533967_01657533967_01658,104.5,2,2022/10/18 15:15:00,45.91,8.19,126.0,120,0,114,6,0,0,0,0,0,0,0,0
I_11_533967_01657533967_01658,104.5,2,2022/10/18 15:30:00,47.11,7.98,120.0,112,0,104,8,0,0,0,0,0,0,0,0
I_11_533967_01657533967_01658,104.5,2,2022/10/18 15:45:00,45.60,8.25,105.0,101,0,97,3,1,0,0,0,0,0,0,0
I_11_533967_01657533967_01658,104.5,2,2022/10/18 16:00:00,47.34,7.94,131.0,126,0,121,5,0,0,0,0,0,0,0,0
I_11_533967_01657533967_01658,104.5,2,2022/10/18 16:15:00,46.86,8.03,123.0,116,0,109,7,0,0,0,0,0,0,0,0
I_11_533967_01657533967_01658,104.5,2,2022/10/18 16:30:00,47.30,7.95,105.0,102,0,99,3,0,0,0,0,0,0,0,0
I_11_533967_01657533967_01658,104.5,2,2022/10/18 16:45:00,46.16,8.15,143.0,136,0,129,7,0,0,0,0,0,0,0,0
I_11_533967_01657533967_01658,104.5,2,2022/10/18 17:00:00,45.73,8.22,127.0,121,0,115,6,0,0,0,0,0,0,0,0
I_11_533967_01657533967_01658,104.5,2,2022/10/18 17:15:00,47.33,7.95,138.0,130,0,122,8,0,0,0,0,0,0,0,0
I_11_533967_01657533967_01658,104.5,2,2022/10/18 17:30:00,46.06,8.17,125.0,121,0,117,4,0,0,0,0,0,0,0,0
I_11_533967_01657533967_01658,104.5,2,2022/10/18 17:45:00,46.65,8.06,152.0,147,0,142,5,0,0,0,0,0,0,0,0
I_11_533967_01657533967_01658,104.5,2,2022/10/18 18:00:00,46.67,8.06,103.0,103,0,103,0,0,0,0,0,0,0,0,0
I_11_533967_01657533967_01658,104.5,2,2022/10/18 18:15:00,47.14,7.98,136.0,136,0,136,0,0,0,0,0,0,0,0,0
I_11_533967_01657533967_01658,104.5,2,2022/10/18 18:30:00,45.16,8.33,101.0,101,0,101,0,0,0,0,0,0,0,0,0
I_11_533967_01657533967_01658,104.5,2,2022/10/18 18:45:00,47.87,7.86,83.0,83,0,83,0,0,0,0,0,0,0,0,0
I_11_533967_01657533967_13308,132.6,2,2022/10/18 06:30:00,46.31,10.31,45.0,42,0,39,1,2,0,0,0,0,0,0,0
I_11_533967_01657533967_13308,132.6,2,2022/10/18 06:45:00,45.56,10.48,68.0,67,0,66,0,1,0,0,0,0,0,0,0
I_11_533967_01657533967_13308,132.6,2,2022/10/18 07:00:00,46.15,10.34,37.0,32,0,27,1,4,0,0,0,0,0,0,0
I_11_533967_01657533967_13308,132.6,2,2022/10/18 07:15:00,41.31,11.56,74.0,72,0,70,2,0,0,0,0,0,0,0,0
I_11_533967_01657533967_13308,132.6,2,2022/10/18 07:30:00,45.97,10.39,90.0,83,0,76,5,2,0,0,0,0,0,0,0
I_11_533967_01657533967_13308,132.6,2,2022/10/18 07:45:00,47.25,10.10,108.0,97,0,86,8,3,0,0,0,0,0,0,0
I_11_533967_01657533967_13308,132.6,2,2022/10/18 08:00:00,45.93,10.39,127.0,117,0,107,9,1,0,0,0,0,0,0,0
I_11_533967_01657533967_13308,132.6,2,2022/10/18 08:15:00,45.32,10.53,80.0,75,0,70,3,2,0,0,0,0,0,0,0
I_11_533967_01657533967_13308,132.6,2,2022/10/18 08:30:00,45.76,10.43,98.0,95,0,92,2,1,0,0,0,0,0,0,0
I_11_533967_01657533967_13308,132.6,2,2022/10/18 08:45:00,46.68,10.23,92.0,79,0,66,10,3,0,0,0,0,0,0,0
I_11_533967_01657533967_13308,132.6,2,2022/10/18 09:00:00,44.81,10.65,77.0,72,0,67,4,1,0,0,0,0,0,0,0
I_11_533967_01657533967_13308,132.6,2,2022/10/18 09:15:00,47.59,10.03,102.0,93,0,84,8,1,0,0,0,0,0,0,0
I_11_533967_01657533967_13308,132.6,2,2022/10/18 09:30:00,45.83,10.42,53.0,48,0,43,4,1,0,0,0,0,0,0,0
I_11_533967_01657533967_13308,132.6,2,2022/10/18 09:45:00,45.68,10.45,74.0,62,0,50,10,2,0,0,0,0,0,0,0
I_11_533967_01657533967_13308,132.6,2,2022/10/18 10:00:00,47.41,10.07,80.0,71,0,62,8,1,0,0,0,0,0,0,0
I_11_533967_01657533967_13308,132.6,2,2022/10/18 10:15:00,46.18,10.34,84.0,74,0,64,9,1,0,0,0,0,0,0,0
I_11_533967_01657533967_13308,132.6,2,2022/10/18 10:30:00,45.57,10.48,55.0,44,0,33,9,2,0,0,0,0,0,0,0
I_11_533967_01657533967_13308,132.6,2,2022/10/18 10:45:00,46.80,10.20,61.0,55,0,49,4,2,0,0,0,0,0,0,0
I_11_533967_01657533967_13308,132.6,2,2022/10/18 11:00:00,47.46,10.06,56.0,50,0,44,5,1,0,0,0,0,0,0,0
I_11_533967_01657533967_13308,132.6,2,2022/10/18 11:15:00,45.57,10.48,55.0,44,0,33,8,3,0,0,0,0,0,0,0
I_11_533967_01657533967_13308,132.6,2,2022/10/18 11:30:00,44.24,10.79,68.0,62,0,56,5,1,0,0,0,0,0,0,0
I_11_533967_01657533967_13308,132.6,2,2022/10/18 11:45:00,45.86,10.41,68.0,61,0,54,5,2,0,0,0,0,0,0,0
I_11_533967_01657533967_13308,132.6,2,2022/10/18 12:00:00,46.40,10.29,50.0,45,0,40,3,2,0,0,0,0,0,0,0
I_11_533967_01657533967_13308,132.6,2,2022/10/18 12:15:00,45.79,10.43,67.0,61,0,55,3,3,0,0,0,0,0,0,0
I_11_533967_01657533967_13308,132.6,2,2022/10/18 12:30:00,48.56,9.83,61.0,59,0,57,2,0,0,0,0,0,0,0,0
I_11_533967_01657533967_13308,132.6,2,2022/10/18 12:45:00,44.06,10.84,81.0,67,0,53,11,3,0,0,0,0,0,0,0
I_11_533967_01657533967_13308,132.6,2,2022/10/18 13:00:00,46.00,10.38,50.0,45,0,40,3,2,0,0,0,0,0,0,0
I_11_533967_01657533967_13308,132.6,2,2022/10/18 13:15:00,43.81,10.90,58.0,48,0,38,9,1,0,0,0,0,0,0,0
I_11_533967_01657533967_13308,132.6,2,2022/10/18 13:30:00,46.75,10.21,55.0,47,0,39,4,4,0,0,0,0,0,0,0
I_11_533967_01657533967_13308,132.6,2,2022/10/18 13:45:00,47.12,10.13,45.0,38,0,31,5,2,0,0,0,0,0,0,0
I_11_533967_01657533967_13308,132.6,2,2022/10/18 14:00:00,44.81,10.65,62.0,52,0,42,9,1,0,0,0,0,0,0,0
I_11_533967_01657533967_13308,132.6,2,2022/10/18 14:15:00,45.94,10.39,55.0,46,0,37,6,3,0,0,0,0,0,0,0
I_11_533967_01657533967_13308,132.6,2,2022/10/18 14:30:00,45.94,10.39,76.0,69,0,62,6,1,0,0,0,0,0,0,0
I_11_533967_01657533967_13308,132.6,2,2022/10/18 14:45:00,46.92,10.17,65.0,63,0,61,1,1,0,0,0,0,0,0,0
I_11_533967_01657533967_13308,132.6,2,2022/10/18 15:00:00,45.73,10.44,61.0,57,0,53,3,1,0,0,0,0,0,0,0
I_11_533967_01657533967_13308,132.6,2,2022/10/18 15:15:00,47.47,10.06,61.0,53,0,45,5,3,0,0,0,0,0,0,0
I_11_533967_01657533967_13308,132.6,2,2022/10/18 15:30:00,46.52,10.26,48.0,38,0,28,7,3,0,0,0,0,0,0,0
I_11_533967_01657533967_13308,132.6,2,2022/10/18 15:45:00,47.08,10.14,61.0,57,0,53,3,1,0,0,0,0,0,0,0
I_11_533967_01657533967_13308,132.6,2,2022/10/18 16:00:00,45.26,10.55,52.0,51,0,50,0,1,0,0,0,0,0,0,0
I_11_533967_01657533967_13308,132.6,2,2022/10/18 16:15:00,46.91,10.18,66.0,62,0,58,1,3,0,0,0,0,0,0,0
I_11_533967_01657533967_13308,132.6,2,2022/10/18 16:30:00,42.38,11.26,69.0,68,0,67,0,1,0,0,0,0,0,0,0
I_11_533967_01657533967_13308,132.6,2,2022/10/18 16:45:00,45.43,10.51,64.0,61,0,58,3,0,0,0,0,0,0,0,0
I_11_533967_01657533967_13308,132.6,2,2022/10/18 17:00:00,47.74,10.00,91.0,85,0,79,3,3,0,0,0,0,0,0,0
I_11_533967_01657533967_13308,132.6,2,2022/10/18 17:15:00,43.14,11.07,64.0,61,0,58,1,2,0,0,0,0,0,0,0
I_11_533967_01657533967_13308,132.6,2,2022/10/18 17:30:00,46.11,10.35,52.0,51,0,50,0,1,0,0,0,0,0,0,0
I_11_533967_01657533967_13308,132.6,2,2022/10/18 17:45:00,43.40,11.00,73.0,71,0,69,1,1,0,0,0,0,0,0,0
I_11_533967_01657533967_13308,132.6,2,2022/10/18 18:00:00,44.08,10.83,78.0,77,0,76,0,1,0,0,0,0,0,0,0
I_11_533967_01657533967_13308,132.6,2,2022/10/18 18:15:00,44.90,10.63,99.0,98,0,97,0,1,0,0,0,0,0,0,0
I_11_533967_01657533967_13308,132.6,2,2022/10/18 18:30:00,47.13,10.13,56.0,54,0,52,1,1,0,0,0,0,0,0,0
I_11_533967_01657533967_13308,132.6,2,2022/10/18 18:45:00,43.59,10.95,65.0,63,0,61,0,2,0,0,0,0,0,0,0
I_11_533967_01659533967_01657,118.8,2,2022/10/18 06:30:00,22.59,18.93,75.0,73,0,71,1,1,0,0,0,0,0,0,0
I_11_533967_01659533967_01657,118.8,2,2022/10/18 06:45:00,21.66,19.74,87.0,86,0,85,0,1,0,0,0,0,0,0,0
I_11_533967_01659533967_01657,118.8,2,2022/10/18 07:00:00,16.09,26.57,107.0,105,0,103,1,1,0,0,0,0,0,0,0
I_11_533967_01659533967_01657,118.8,2,2022/10/18 07:15:00,21.02,20.34,65.0,61,0,57,2,2,0,0,0,0,0,0,0
I_11_533967_01659533967_01657,118.8,2,2022/10/18 07:30:00,24.72,17.30,97.0,90,0,83,5,2,0,0,0,0,0,0,0
I_11_533967_01659533967_01657,118.8,2,2022/10/18 07:45:00,18.29,23.38,113.0,104,0,95,7,2,0,0,0,0,0,0,0
I_11_533967_01659533967_01657,118.8,2,2022/10/18 08:00:00,20.90,20.47,127.0,116,0,105,9,2,0,0,0,0,0,0,0
I_11_533967_01659533967_01657,118.8,2,2022/10/18 08:15:00,22.82,18.74,88.0,84,0,80,3,1,0,0,0,0,0,0,0
I_11_533967_01659533967_01657,118.8,2,2022/10/18 08:30:00,19.80,21.59,81.0,79,0,77,2,0,0,0,0,0,0,0,0
I_11_533967_01659533967_01657,118.8,2,2022/10/18 08:45:00,22.36,19.12,93.0,82,0,71,10,1,0,0,0,0,0,0,0
I_11_533967_01659533967_01657,118.8,2,2022/10/18 09:00:00,21.17,20.20,55.0,51,0,47,4,0,0,0,0,0,0,0,0
I_11_533967_01659533967_01657,118.8,2,2022/10/18 09:15:00,24.70,17.31,101.0,93,0,85,8,0,0,0,0,0,0,0,0
I_11_533967_01659533967_01657,118.8,2,2022/10/18 09:30:00,27.82,15.37,50.0,46,0,42,4,0,0,0,0,0,0,0,0
I_11_533967_01659533967_01657,118.8,2,2022/10/18 09:45:00,19.64,21.78,57.0,49,0,41,8,0,0,0,0,0,0,0,0
I_11_533967_01659533967_01657,118.8,2,2022/10/18 10:00:00,22.64,18.89,63.0,55,0,47,8,0,0,0,0,0,0,0,0
I_11_533967_01659533967_01657,118.8,2,2022/10/18 10:15:00,20.76,20.60,102.0,93,0,84,9,0,0,0,0,0,0,0,0
I_11_533967_01659533967_01657,118.8,2,2022/10/18 10:30:00,17.92,23.86,46.0,37,0,28,9,0,0,0,0,0,0,0,0
I_11_533967_01659533967_01657,118.8,2,2022/10/18 10:45:00,20.46,20.90,53.0,49,0,45,4,0,0,0,0,0,0,0,0
I_11_533967_01659533967_01657,118.8,2,2022/10/18 11:00:00,20.00,21.38,65.0,60,0,55,5,0,0,0,0,0,0,0,0
I_11_533967_01659533967_01657,118.8,2,2022/10/18 11:15:00,19.42,22.02,62.0,54,0,46,8,0,0,0,0,0,0,0,0
I_11_533967_01659533967_01657,118.8,2,2022/10/18 11:30:00,19.86,21.54,70.0,65,0,60,5,0,0,0,0,0,0,0,0
I_11_533967_01659533967_01657,118.8,2,2022/10/18 11:45:00,20.38,20.98,54.0,49,0,44,5,0,0,0,0,0,0,0,0
I_11_533967_01659533967_01657,118.8,2,2022/10/18 12:00:00,23.69,18.05,43.0,40,0,37,3,0,0,0,0,0,0,0,0
I_11_533967_01659533967_01657,118.8,2,2022/10/18 12:15:00,17.56,24.36,53.0,50,0,47,3,0,0,0,0,0,0,0,0
I_11_533967_01659533967_01657,118.8,2,2022/10/18 12:30:00,27.93,15.31,60.0,58,0,56,2,0,0,0,0,0,0,0,0
I_11_533967_01659533967_01657,118.8,2,2022/10/18 12:45:00,20.57,20.79,70.0,61,0,52,9,0,0,0,0,0,0,0,0
I_11_533967_01659533967_01657,118.8,2,2022/10/18 13:00:00,23.66,18.08,43.0,39,0,35,3,1,0,0,0,0,0,0,0
I_11_533967_01659533967_01657,118.8,2,2022/10/18 13:15:00,24.40,17.52,49.0,42,0,35,7,0,0,0,0,0,0,0,0
I_11_533967_01659533967_01657,118.8,2,2022/10/18 13:30:00,24.56,17.41,45.0,39,0,33,4,2,0,0,0,0,0,0,0
I_11_533967_01659533967_01657,118.8,2,2022/10/18 13:45:00,20.60,20.76,42.0,37,0,32,5,0,0,0,0,0,0,0,0
I_11_533967_01659533967_01657,118.8,2,2022/10/18 14:00:00,16.78,25.48,55.0,46,0,37,9,0,0,0,0,0,0,0,0
I_11_533967_01659533967_01657,118.8,2,2022/10/18 14:15:00,21.55,19.84,52.0,45,0,38,6,1,0,0,0,0,0,0,0
I_11_533967_01659533967_01657,118.8,2,2022/10/18 14:30:00,21.38,20.00,73.0,65,0,57,6,2,0,0,0,0,0,0,0
I_11_533967_01659533967_01657,118.8,2,2022/10/18 14:45:00,17.72,24.14,66.0,65,0,64,1,0,0,0,0,0,0,0,0
I_11_533967_01659533967_01657,118.8,2,2022/10/18 15:00:00,18.35,23.30,49.0,46,0,43,3,0,0,0,0,0,0,0,0
I_11_533967_01659533967_01657,118.8,2,2022/10/18 15:15:00,26.52,16.12,73.0,65,0,57,5,3,0,0,0,0,0,0,0
I_11_533967_01659533967_01657,118.8,2,2022/10/18 15:30:00,21.62,19.78,45.0,36,0,27,4,5,0,0,0,0,0,0,0
I_11_533967_01659533967_01657,118.8,2,2022/10/18 15:45:00,26.96,15.86,61.0,58,0,55,3,0,0,0,0,0,0,0,0
I_11_533967_01659533967_01657,118.8,2,2022/10/18 16:00:00,21.93,19.50,38.0,38,0,38,0,0,0,0,0,0,0,0,0
I_11_533967_01659533967_01657,118.8,2,2022/10/18 16:15:00,22.05,19.39,72.0,71,0,70,1,0,0,0,0,0,0,0,0
I_11_533967_01659533967_01657,118.8,2,2022/10/18 16:30:00,16.59,25.78,57.0,55,0,53,2,0,0,0,0,0,0,0,0
I_11_533967_01659533967_01657,118.8,2,2022/10/18 16:45:00,16.93,25.27,97.0,94,0,91,3,0,0,0,0,0,0,0,0
I_11_533967_01659533967_01657,118.8,2,2022/10/18 17:00:00,20.80,20.56,106.0,101,0,96,3,2,0,0,0,0,0,0,0
I_11_533967_01659533967_01657,118.8,2,2022/10/18 17:15:00,21.02,20.34,64.0,61,0,58,1,2,0,0,0,0,0,0,0
I_11_533967_01659533967_01657,118.8,2,2022/10/18 17:30:00,20.00,21.38,75.0,74,0,73,0,1,0,0,0,0,0,0,0
I_11_533967_01659533967_01657,118.8,2,2022/10/18 17:45:00,26.30,16.26,80.0,80,0,80,0,0,0,0,0,0,0,0,0
I_11_533967_01659533967_01657,118.8,2,2022/10/18 18:00:00,16.35,26.15,72.0,72,0,72,0,0,0,0,0,0,0,0,0
I_11_533967_01659533967_01657,118.8,2,2022/10/18 18:15:00,18.65,22.93,110.0,109,0,108,0,1,0,0,0,0,0,0,0
I_11_533967_01659533967_01657,118.8,2,2022/10/18 18:30:00,24.63,17.37,72.0,71,0,70,1,0,0,0,0,0,0,0,0
I_11_533967_01659533967_01657,118.8,2,2022/10/18 18:45:00,22.90,18.67,68.0,67,0,66,0,1,0,0,0,0,0,0,0
I_11_533967_13308533967_00937,76.5,2,2022/10/18 06:30:00,20.67,13.32,44.0,41,0,38,1,2,0,0,0,0,0,0,0
I_11_533967_13308533967_00937,76.5,2,2022/10/18 06:45:00,17.89,15.38,69.0,68,0,67,0,1,0,0,0,0,0,0,0
I_11_533967_13308533967_00937,76.5,2,2022/10/18 07:00:00,12.82,21.47,35.0,30,0,25,1,4,0,0,0,0,0,0,0
I_11_533967_13308533967_00937,76.5,2,2022/10/18 07:15:00,13.06,21.08,76.0,74,0,72,2,0,0,0,0,0,0,0,0
I_11_533967_13308533967_00937,76.5,2,2022/10/18 07:30:00,24.47,11.25,88.0,81,0,74,5,2,0,0,0,0,0,0,0
I_11_533967_13308533967_00937,76.5,2,2022/10/18 07:45:00,28.31,9.72,108.0,97,0,86,8,3,0,0,0,0,0,0,0
I_11_533967_13308533967_00937,76.5,2,2022/10/18 08:00:00,17.51,15.72,126.0,116,0,106,9,1,0,0,0,0,0,0,0
I_11_533967_13308533967_00937,76.5,2,2022/10/18 08:15:00,16.83,16.36,83.0,78,0,73,3,2,0,0,0,0,0,0,0
I_11_533967_13308533967_00937,76.5,2,2022/10/18 08:30:00,24.54,11.22,95.0,92,0,89,2,1,0,0,0,0,0,0,0
I_11_533967_13308533967_00937,76.5,2,2022/10/18 08:45:00,21.09,13.05,93.0,80,0,67,10,3,0,0,0,0,0,0,0
I_11_533967_13308533967_00937,76.5,2,2022/10/18 09:00:00,23.41,11.76,75.0,70,0,65,4,1,0,0,0,0,0,0,0
I_11_533967_13308533967_00937,76.5,2,2022/10/18 09:15:00,22.70,12.12,106.0,97,0,88,8,1,0,0,0,0,0,0,0
I_11_533967_13308533967_00937,76.5,2,2022/10/18 09:30:00,15.70,17.53,52.0,47,0,42,4,1,0,0,0,0,0,0,0
I_11_533967_13308533967_00937,76.5,2,2022/10/18 09:45:00,16.85,16.33,75.0,63,0,51,10,2,0,0,0,0,0,0,0
I_11_533967_13308533967_00937,76.5,2,2022/10/18 10:00:00,20.76,13.26,78.0,70,0,62,7,1,0,0,0,0,0,0,0
I_11_533967_13308533967_00937,76.5,2,2022/10/18 10:15:00,22.23,12.38,84.0,73,0,62,10,1,0,0,0,0,0,0,0
I_11_533967_13308533967_00937,76.5,2,2022/10/18 10:30:00,18.06,15.24,55.0,45,0,35,9,1,0,0,0,0,0,0,0
I_11_533967_13308533967_00937,76.5,2,2022/10/18 10:45:00,21.89,12.57,63.0,56,0,49,4,3,0,0,0,0,0,0,0
I_11_533967_13308533967_00937,76.5,2,2022/10/18 11:00:00,16.25,16.94,53.0,48,0,43,4,1,0,0,0,0,0,0,0
I_11_533967_13308533967_00937,76.5,2,2022/10/18 11:15:00,21.17,13.00,58.0,46,0,34,9,3,0,0,0,0,0,0,0
I_11_533967_13308533967_00937,76.5,2,2022/10/18 11:30:00,15.18,18.14,65.0,59,0,53,5,1,0,0,0,0,0,0,0
I_11_533967_13308533967_00937,76.5,2,2022/10/18 11:45:00,14.50,18.98,71.0,64,0,57,5,2,0,0,0,0,0,0,0
I_11_533967_13308533967_00937,76.5,2,2022/10/18 12:00:00,13.62,20.20,49.0,44,0,39,3,2,0,0,0,0,0,0,0
I_11_533967_13308533967_00937,76.5,2,2022/10/18 12:15:00,26.46,10.40,68.0,62,0,56,3,3,0,0,0,0,0,0,0
I_11_533967_13308533967_00937,76.5,2,2022/10/18 12:30:00,37.85,7.27,61.0,59,0,57,2,0,0,0,0,0,0,0,0
I_11_533967_13308533967_00937,76.5,2,2022/10/18 12:45:00,19.27,14.28,81.0,67,0,53,11,3,0,0,0,0,0,0,0
I_11_533967_13308533967_00937,76.5,2,2022/10/18 13:00:00,27.59,9.98,49.0,44,0,39,3,2,0,0,0,0,0,0,0
I_11_533967_13308533967_00937,76.5,2,2022/10/18 13:15:00,13.72,20.06,59.0,49,0,39,9,1,0,0,0,0,0,0,0
I_11_533967_13308533967_00937,76.5,2,2022/10/18 13:30:00,15.37,17.91,54.0,46,0,38,4,4,0,0,0,0,0,0,0
I_11_533967_13308533967_00937,76.5,2,2022/10/18 13:45:00,18.60,14.79,46.0,39,0,32,5,2,0,0,0,0,0,0,0
I_11_533967_13308533967_00937,76.5,2,2022/10/18 14:00:00,16.67,16.51,60.0,51,0,42,8,1,0,0,0,0,0,0,0
I_11_533967_13308533967_00937,76.5,2,2022/10/18 14:15:00,19.84,13.87,57.0,47,0,37,7,3,0,0,0,0,0,0,0
I_11_533967_13308533967_00937,76.5,2,2022/10/18 14:30:00,17.56,15.68,75.0,68,0,61,6,1,0,0,0,0,0,0,0
I_11_533967_13308533967_00937,76.5,2,2022/10/18 14:45:00,24.64,11.17,66.0,64,0,62,1,1,0,0,0,0,0,0,0
I_11_533967_13308533967_00937,76.5,2,2022/10/18 15:00:00,26.51,10.38,59.0,55,0,51,3,1,0,0,0,0,0,0,0
I_11_533967_13308533967_00937,76.5,2,2022/10/18 15:15:00,19.18,14.35,62.0,54,0,46,5,3,0,0,0,0,0,0,0
I_11_533967_13308533967_00937,76.5,2,2022/10/18 15:30:00,20.59,13.37,48.0,38,0,28,7,3,0,0,0,0,0,0,0
I_11_533967_13308533967_00937,76.5,2,2022/10/18 15:45:00,19.36,14.21,60.0,56,0,52,3,1,0,0,0,0,0,0,0
I_11_533967_13308533967_00937,76.5,2,2022/10/18 16:00:00,17.08,16.12,52.0,51,0,50,0,1,0,0,0,0,0,0,0
I_11_533967_13308533967_00937,76.5,2,2022/10/18 16:15:00,23.74,11.59,68.0,64,0,60,1,3,0,0,0,0,0,0,0
I_11_533967_13308533967_00937,76.5,2,2022/10/18 16:30:00,16.95,16.24,63.0,62,0,61,0,1,0,0,0,0,0,0,0
I_11_533967_13308533967_00937,76.5,2,2022/10/18 16:45:00,15.19,18.12,68.0,66,0,64,2,0,0,0,0,0,0,0,0
I_11_533967_13308533967_00937,76.5,2,2022/10/18 17:00:00,32.54,8.46,92.0,85,0,78,4,3,0,0,0,0,0,0,0
I_11_533967_13308533967_00937,76.5,2,2022/10/18 17:15:00,22.34,12.32,65.0,62,0,59,1,2,0,0,0,0,0,0,0
I_11_533967_13308533967_00937,76.5,2,2022/10/18 17:30:00,24.14,11.40,51.0,50,0,49,0,1,0,0,0,0,0,0,0
I_11_533967_13308533967_00937,76.5,2,2022/10/18 17:45:00,18.54,14.85,74.0,72,0,70,1,1,0,0,0,0,0,0,0
I_11_533967_13308533967_00937,76.5,2,2022/10/18 18:00:00,21.02,13.09,76.0,76,0,76,0,0,0,0,0,0,0,0,0
I_11_533967_13308533967_00937,76.5,2,2022/10/18 18:15:00,22.58,12.19,101.0,99,0,97,0,2,0,0,0,0,0,0,0
I_11_533967_13308533967_00937,76.5,2,2022/10/18 18:30:00,22.58,12.19,55.0,53,0,51,1,1,0,0,0,0,0,0,0
I_11_533967_13308533967_00937,76.5,2,2022/10/18 18:45:00,20.90,13.17,66.0,64,0,62,0,2,0,0,0,0,0,0,0
I_11_533967_13718533967_00977,165.1,2,2022/10/18 06:30:00,18.00,33.02,66.0,61,0,56,3,2,0,0,0,0,0,0,0
I_11_533967_13718533967_00977,165.1,2,2022/10/18 06:45:00,16.61,35.78,79.0,72,0,65,7,0,0,0,0,0,0,0,0
I_11_533967_13718533967_00977,165.1,2,2022/10/18 07:00:00,17.01,34.95,76.0,66,0,56,7,3,0,0,0,0,0,0,0
I_11_533967_13718533967_00977,165.1,2,2022/10/18 07:15:00,15.73,37.79,120.0,107,0,94,10,3,0,0,0,0,0,0,0
I_11_533967_13718533967_00977,165.1,2,2022/10/18 07:30:00,5.58,106.50,122.0,111,0,100,8,3,0,0,0,0,0,0,0
I_11_533967_13718533967_00977,165.1,2,2022/10/18 07:45:00,13.15,45.20,94.0,88,0,82,2,4,0,0,0,0,0,0,0
I_11_533967_13718533967_00977,165.1,2,2022/10/18 08:00:00,4.90,121.25,126.0,116,0,106,4,6,0,0,0,0,0,0,0
I_11_533967_13718533967_00977,165.1,2,2022/10/18 08:15:00,4.37,136.14,152.0,143,0,134,6,3,0,0,0,0,0,0,0
I_11_533967_13718533967_00977,165.1,2,2022/10/18 08:30:00,11.52,51.58,116.0,97,0,78,14,5,0,0,0,0,0,0,0
I_11_533967_13718533967_00977,165.1,2,2022/10/18 08:45:00,13.38,44.44,98.0,87,0,76,8,3,0,0,0,0,0,0,0
I_11_533967_13718533967_00977,165.1,2,2022/10/18 09:00:00,9.81,60.58,163.0,133,0,103,21,9,0,0,0,0,0,0,0
I_11_533967_13718533967_00977,165.1,2,2022/10/18 09:15:00,15.79,37.63,65.0,52,0,39,12,1,0,0,0,0,0,0,0
I_11_533967_13718533967_00977,165.1,2,2022/10/18 09:30:00,20.23,29.38,92.0,74,0,56,12,6,0,0,0,0,0,0,0
I_11_533967_13718533967_00977,165.1,2,2022/10/18 09:45:00,18.12,32.81,114.0,93,0,72,19,2,0,0,0,0,0,0,0
I_11_533967_13718533967_00977,165.1,2,2022/10/18 10:00:00,20.72,28.69,84.0,64,0,44,16,4,0,0,0,0,0,0,0
I_11_533967_13718533967_00977,165.1,2,2022/10/18 10:15:00,16.67,35.67,78.0,66,0,54,11,1,0,0,0,0,0,0,0
I_11_533967_13718533967_00977,165.1,2,2022/10/18 10:30:00,13.07,45.47,68.0,53,0,38,10,5,0,0,0,0,0,0,0
I_11_533967_13718533967_00977,165.1,2,2022/10/18 10:45:00,13.02,45.64,63.0,59,0,55,3,1,0,0,0,0,0,0,0
I_11_533967_13718533967_00977,165.1,2,2022/10/18 11:00:00,13.35,44.52,77.0,64,0,51,11,2,0,0,0,0,0,0,0
I_11_533967_13718533967_00977,165.1,2,2022/10/18 11:15:00,14.99,39.67,46.0,36,0,26,9,1,0,0,0,0,0,0,0
I_11_533967_13718533967_00977,165.1,2,2022/10/18 11:30:00,12.21,48.68,70.0,53,0,36,12,4,1,0,0,0,0,0,0
I_11_533967_13718533967_00977,165.1,2,2022/10/18 11:45:00,14.95,39.76,36.0,29,0,22,5,2,0,0,0,0,0,0,0
I_11_533967_13718533967_00977,165.1,2,2022/10/18 12:00:00,10.83,54.91,78.0,66,0,54,12,0,0,0,0,0,0,0,0
I_11_533967_13718533967_00977,165.1,2,2022/10/18 12:15:00,14.63,40.63,81.0,67,0,53,11,3,0,0,0,0,0,0,0
I_11_533967_13718533967_00977,165.1,2,2022/10/18 12:30:00,18.18,32.70,71.0,57,0,43,11,3,0,0,0,0,0,0,0
I_11_533967_13718533967_00977,165.1,2,2022/10/18 12:45:00,14.98,39.69,75.0,70,0,65,4,1,0,0,0,0,0,0,0
I_11_533967_13718533967_00977,165.1,2,2022/10/18 13:00:00,19.47,30.53,96.0,79,0,62,15,2,0,0,0,0,0,0,0
I_11_533967_13718533967_00977,165.1,2,2022/10/18 13:15:00,15.91,37.36,76.0,69,0,62,6,1,0,0,0,0,0,0,0
I_11_533967_13718533967_00977,165.1,2,2022/10/18 13:30:00,14.13,42.06,69.0,62,0,55,3,4,0,0,0,0,0,0,0
I_11_533967_13718533967_00977,165.1,2,2022/10/18 13:45:00,17.99,33.04,62.0,50,0,38,11,1,0,0,0,0,0,0,0
I_11_533967_13718533967_00977,165.1,2,2022/10/18 14:00:00,16.58,35.85,80.0,62,0,44,16,2,0,0,0,0,0,0,0
I_11_533967_13718533967_00977,165.1,2,2022/10/18 14:15:00,21.22,28.02,67.0,55,0,43,10,2,0,0,0,0,0,0,0
I_11_533967_13718533967_00977,165.1,2,2022/10/18 14:30:00,10.82,54.96,102.0,95,0,88,4,3,0,0,0,0,0,0,0
I_11_533967_13718533967_00977,165.1,2,2022/10/18 14:45:00,14.42,41.22,76.0,67,0,58,6,3,0,0,0,0,0,0,0
I_11_533967_13718533967_00977,165.1,2,2022/10/18 15:00:00,17.92,33.16,86.0,73,0,60,11,2,0,0,0,0,0,0,0
I_11_533967_13718533967_00977,165.1,2,2022/10/18 15:15:00,11.51,51.64,63.0,53,0,43,8,2,0,0,0,0,0,0,0
I_11_533967_13718533967_00977,165.1,2,2022/10/18 15:30:00,10.32,57.62,69.0,55,0,41,12,2,0,0,0,0,0,0,0
I_11_533967_13718533967_00977,165.1,2,2022/10/18 15:45:00,12.94,45.93,67.0,58,0,49,8,1,0,0,0,0,0,0,0
I_11_533967_13718533967_00977,165.1,2,2022/10/18 16:00:00,14.99,39.65,58.0,51,0,44,7,0,0,0,0,0,0,0,0
I_11_533967_13718533967_00977,165.1,2,2022/10/18 16:15:00,16.97,35.04,64.0,54,0,44,7,3,0,0,0,0,0,0,0
I_11_533967_13718533967_00977,165.1,2,2022/10/18 16:30:00,19.34,30.73,74.0,63,0,52,7,4,0,0,0,0,0,0,0
I_11_533967_13718533967_00977,165.1,2,2022/10/18 16:45:00,15.33,38.76,91.0,85,0,79,5,1,0,0,0,0,0,0,0
I_11_533967_13718533967_00977,165.1,2,2022/10/18 17:00:00,13.69,43.42,125.0,117,0,109,5,3,0,0,0,0,0,0,0
I_11_533967_13718533967_00977,165.1,2,2022/10/18 17:15:00,14.99,39.66,96.0,85,0,74,7,4,0,0,0,0,0,0,0
I_11_533967_13718533967_00977,165.1,2,2022/10/18 17:30:00,13.80,43.07,94.0,82,0,70,7,5,0,0,0,0,0,0,0
I_11_533967_13718533967_00977,165.1,2,2022/10/18 17:45:00,14.72,40.38,98.0,91,0,84,3,4,0,0,0,0,0,0,0
I_11_533967_13718533967_00977,165.1,2,2022/10/18 18:00:00,19.57,30.37,93.0,83,0,73,5,5,0,0,0,0,0,0,0
I_11_533967_13718533967_00977,165.1,2,2022/10/18 18:15:00,15.53,38.27,81.0,73,0,65,5,3,0,0,0,0,0,0,0
I_11_533967_13718533967_00977,165.1,2,2022/10/18 18:30:00,14.65,40.58,65.0,57,0,49,5,3,0,0,0,0,0,0,0
I_11_533967_13718533967_00977,165.1,2,2022/10/18 18:45:00,15.52,38.30,89.0,84,0,79,1,4,0,0,0,0,0,0,0
I_11_533967_13845533967_01485,812.9,2,2022/10/18 06:30:00,31.82,91.98,67.0,63,0,59,4,0,0,0,0,0,0,0,0
I_11_533967_13845533967_01485,812.9,2,2022/10/18 06:45:00,33.57,87.18,65.0,60,0,55,5,0,0,0,0,0,0,0,0
I_11_533967_13845533967_01485,812.9,2,2022/10/18 07:00:00,31.37,93.28,86.0,79,0,72,7,0,0,0,0,0,0,0,0
I_11_533967_13845533967_01485,812.9,2,2022/10/18 07:15:00,31.23,93.72,119.0,110,0,101,9,0,0,0,0,0,0,0,0
I_11_533967_13845533967_01485,812.9,2,2022/10/18 07:30:00,31.32,93.45,110.0,100,0,90,10,0,0,0,0,0,0,0,0
I_11_533967_13845533967_01485,812.9,2,2022/10/18 07:45:00,35.13,83.30,91.0,84,0,77,7,0,0,0,0,0,0,0,0
I_11_533967_13845533967_01485,812.9,2,2022/10/18 08:00:00,30.84,94.89,119.0,114,0,109,5,0,0,0,0,0,0,0,0
I_11_533967_13845533967_01485,812.9,2,2022/10/18 08:15:00,31.86,91.85,127.0,112,0,97,13,2,0,0,0,0,0,0,0
I_11_533967_13845533967_01485,812.9,2,2022/10/18 08:30:00,30.00,97.54,126.0,108,0,90,16,2,0,0,0,0,0,0,0
I_11_533967_13845533967_01485,812.9,2,2022/10/18 08:45:00,32.06,91.28,124.0,108,0,92,15,1,0,0,0,0,0,0,0
I_11_533967_13845533967_01485,812.9,2,2022/10/18 09:00:00,30.04,97.43,154.0,122,0,90,28,4,0,0,0,0,0,0,0
I_11_533967_13845533967_01485,812.9,2,2022/10/18 09:15:00,31.99,91.49,110.0,87,0,64,23,0,0,0,0,0,0,0,0
I_11_533967_13845533967_01485,812.9,2,2022/10/18 09:30:00,31.57,92.70,110.0,91,0,72,17,2,0,0,0,0,0,0,0
I_11_533967_13845533967_01485,812.9,2,2022/10/18 09:45:00,31.43,93.12,117.0,95,0,73,22,0,0,0,0,0,0,0,0
I_11_533967_13845533967_01485,812.9,2,2022/10/18 10:00:00,30.27,96.67,116.0,100,0,84,16,0,0,0,0,0,0,0,0
I_11_533967_13845533967_01485,812.9,2,2022/10/18 10:15:00,30.45,96.11,154.0,136,0,118,17,1,0,0,0,0,0,0,0
I_11_533967_13845533967_01485,812.9,2,2022/10/18 10:30:00,30.43,96.16,109.0,99,0,89,10,0,0,0,0,0,0,0,0
I_11_533967_13845533967_01485,812.9,2,2022/10/18 10:45:00,30.87,94.79,112.0,101,0,90,11,0,0,0,0,0,0,0,0
I_11_533967_13845533967_01485,812.9,2,2022/10/18 11:00:00,30.95,94.56,107.0,91,0,75,16,0,0,0,0,0,0,0,0
I_11_533967_13845533967_01485,812.9,2,2022/10/18 11:15:00,29.83,98.10,102.0,91,0,80,11,0,0,0,0,0,0,0,0
I_11_533967_13845533967_01485,812.9,2,2022/10/18 11:30:00,31.19,93.84,97.0,87,0,77,10,0,0,0,0,0,0,0,0
I_11_533967_13845533967_01485,812.9,2,2022/10/18 11:45:00,30.83,94.94,94.0,80,0,66,11,3,0,0,0,0,0,0,0
I_11_533967_13845533967_01485,812.9,2,2022/10/18 12:00:00,30.72,95.25,111.0,102,0,93,9,0,0,0,0,0,0,0,0
I_11_533967_13845533967_01485,812.9,2,2022/10/18 12:15:00,32.22,90.83,119.0,105,0,91,14,0,0,0,0,0,0,0,0
I_11_533967_13845533967_01485,812.9,2,2022/10/18 12:30:00,30.87,94.82,103.0,92,0,81,11,0,0,0,0,0,0,0,0
I_11_533967_13845533967_01485,812.9,2,2022/10/18 12:45:00,31.21,93.78,129.0,115,0,101,14,0,0,0,0,0,0,0,0
I_11_533967_13845533967_01485,812.9,2,2022/10/18 13:00:00,32.40,90.32,123.0,107,0,91,16,0,0,0,0,0,0,0,0
I_11_533967_13845533967_01485,812.9,2,2022/10/18 13:15:00,32.47,90.13,103.0,99,0,95,4,0,0,0,0,0,0,0,0
I_11_533967_13845533967_01485,812.9,2,2022/10/18 13:30:00,32.74,89.39,87.0,82,0,77,4,1,0,0,0,0,0,0,0
I_11_533967_13845533967_01485,812.9,2,2022/10/18 13:45:00,31.28,93.57,94.0,82,0,70,11,1,0,0,0,0,0,0,0
I_11_533967_13845533967_01485,812.9,2,2022/10/18 14:00:00,30.80,95.03,115.0,98,0,81,15,2,0,0,0,0,0,0,0
I_11_533967_13845533967_01485,812.9,2,2022/10/18 14:15:00,31.53,92.83,92.0,80,0,68,12,0,0,0,0,0,0,0,0
I_11_533967_13845533967_01485,812.9,2,2022/10/18 14:30:00,32.15,91.04,110.0,104,0,98,6,0,0,0,0,0,0,0,0
I_11_533967_13845533967_01485,812.9,2,2022/10/18 14:45:00,30.82,94.95,117.0,108,0,99,8,1,0,0,0,0,0,0,0
I_11_533967_13845533967_01485,812.9,2,2022/10/18 15:00:00,30.44,96.14,109.0,99,0,89,8,2,0,0,0,0,0,0,0
I_11_533967_13845533967_01485,812.9,2,2022/10/18 15:15:00,31.55,92.76,100.0,91,0,82,6,3,0,0,0,0,0,0,0
I_11_533967_13845533967_01485,812.9,2,2022/10/18 15:30:00,33.18,88.19,89.0,72,0,55,16,1,0,0,0,0,0,0,0
I_11_533967_13845533967_01485,812.9,2,2022/10/18 15:45:00,31.83,91.94,93.0,86,0,79,7,0,0,0,0,0,0,0,0
I_11_533967_13845533967_01485,812.9,2,2022/10/18 16:00:00,29.30,99.88,129.0,111,0,93,14,4,0,0,0,0,0,0,0
I_11_533967_13845533967_01485,812.9,2,2022/10/18 16:15:00,32.15,91.02,103.0,98,0,93,5,0,0,0,0,0,0,0,0
I_11_533967_13845533967_01485,812.9,2,2022/10/18 16:30:00,30.70,95.32,121.0,114,0,107,7,0,0,0,0,0,0,0,0
I_11_533967_13845533967_01485,812.9,2,2022/10/18 16:45:00,30.74,95.21,124.0,116,0,108,7,1,0,0,0,0,0,0,0
I_11_533967_13845533967_01485,812.9,2,2022/10/18 17:00:00,27.72,105.57,120.0,111,0,102,8,1,0,0,0,0,0,0,0
I_11_533967_13845533967_01485,812.9,2,2022/10/18 17:15:00,32.19,90.93,102.0,95,0,88,7,0,0,0,0,0,0,0,0
I_11_533967_13845533967_01485,812.9,2,2022/10/18 17:30:00,31.53,92.82,114.0,106,0,98,8,0,0,0,0,0,0,0,0
I_11_533967_13845533967_01485,812.9,2,2022/10/18 17:45:00,30.52,95.89,131.0,124,0,117,7,0,0,0,0,0,0,0,0
I_11_533967_13845533967_01485,812.9,2,2022/10/18 18:00:00,30.53,95.85,115.0,111,0,107,2,2,0,0,0,0,0,0,0
I_11_533967_13845533967_01485,812.9,2,2022/10/18 18:15:00,29.81,98.16,93.0,88,0,83,5,0,0,0,0,0,0,0,0
I_11_533967_13845533967_01485,812.9,2,2022/10/18 18:30:00,30.38,96.32,112.0,106,0,100,6,0,0,0,0,0,0,0,0
I_11_533967_13845533967_01485,812.9,2,2022/10/18 18:45:00,32.27,90.68,72.0,72,0,72,0,0,0,0,0,0,0,0,0
I_11_533967_14021533967_01485,135.4,1,2022/10/18 06:30:00,14.24,34.21,38.0,38,0,38,0,0,0,0,0,0,0,0,0
I_11_533967_14021533967_01485,135.4,1,2022/10/18 06:45:00,12.63,38.59,58.0,54,0,50,2,2,0,0,0,0,0,0,0
I_11_533967_14021533967_01485,135.4,1,2022/10/18 07:00:00,9.47,51.46,44.0,41,0,38,1,2,0,0,0,0,0,0,0
I_11_533967_14021533967_01485,135.4,1,2022/10/18 07:15:00,9.43,51.65,21.0,20,0,19,0,1,0,0,0,0,0,0,0
I_11_533967_14021533967_01485,135.4,1,2022/10/18 07:30:00,8.79,55.41,43.0,41,0,39,1,1,0,0,0,0,0,0,0
I_11_533967_14021533967_01485,135.4,1,2022/10/18 07:45:00,11.13,43.78,36.0,36,0,36,0,0,0,0,0,0,0,0,0
I_11_533967_14021533967_01485,135.4,1,2022/10/18 08:00:00,2.62,186.12,43.0,41,0,39,0,2,0,0,0,0,0,0,0
I_11_533967_14021533967_01485,135.4,1,2022/10/18 08:15:00,3.87,125.83,76.0,72,0,68,2,2,0,0,0,0,0,0,0
I_11_533967_14021533967_01485,135.4,1,2022/10/18 08:30:00,6.92,70.42,77.0,71,0,65,4,2,0,0,0,0,0,0,0
I_11_533967_14021533967_01485,135.4,1,2022/10/18 08:45:00,9.04,53.92,72.0,65,0,58,7,0,0,0,0,0,0,0,0
I_11_533967_14021533967_01485,135.4,1,2022/10/18 09:00:00,10.92,44.63,61.0,57,0,53,2,2,0,0,0,0,0,0,0
I_11_533967_14021533967_01485,135.4,1,2022/10/18 09:15:00,11.03,44.16,32.0,31,0,30,0,1,0,0,0,0,0,0,0
I_11_533967_14021533967_01485,135.4,1,2022/10/18 09:30:00,23.03,21.16,41.0,38,0,35,2,1,0,0,0,0,0,0,0
I_11_533967_14021533967_01485,135.4,1,2022/10/18 09:45:00,8.94,54.50,30.0,28,0,26,2,0,0,0,0,0,0,0,0
I_11_533967_14021533967_01485,135.4,1,2022/10/18 10:00:00,8.80,55.38,73.0,64,0,55,8,1,0,0,0,0,0,0,0
I_11_533967_14021533967_01485,135.4,1,2022/10/18 10:15:00,9.08,53.67,59.0,55,0,51,4,0,0,0,0,0,0,0,0
I_11_533967_14021533967_01485,135.4,1,2022/10/18 10:30:00,11.11,43.88,70.0,66,0,62,1,3,0,0,0,0,0,0,0
I_11_533967_14021533967_01485,135.4,1,2022/10/18 10:45:00,13.02,37.43,46.0,35,0,24,8,3,0,0,0,0,0,0,0
I_11_533967_14021533967_01485,135.4,1,2022/10/18 11:00:00,7.04,69.26,50.0,42,0,34,6,2,0,0,0,0,0,0,0
I_11_533967_14021533967_01485,135.4,1,2022/10/18 11:15:00,7.87,61.96,26.0,24,0,22,1,1,0,0,0,0,0,0,0
I_11_533967_14021533967_01485,135.4,1,2022/10/18 11:30:00,17.81,27.36,49.0,42,0,35,5,2,0,0,0,0,0,0,0
I_11_533967_14021533967_01485,135.4,1,2022/10/18 11:45:00,12.10,40.26,33.0,31,0,29,1,1,0,0,0,0,0,0,0
I_11_533967_14021533967_01485,135.4,1,2022/10/18 12:00:00,8.41,57.96,64.0,57,0,50,5,2,0,0,0,0,0,0,0
I_11_533967_14021533967_01485,135.4,1,2022/10/18 12:15:00,9.44,51.60,36.0,35,0,34,1,0,0,0,0,0,0,0,0
I_11_533967_14021533967_01485,135.4,1,2022/10/18 12:30:00,11.44,42.60,51.0,43,0,35,7,1,0,0,0,0,0,0,0
I_11_533967_14021533967_01485,135.4,1,2022/10/18 12:45:00,11.26,43.26,43.0,38,0,33,3,2,0,0,0,0,0,0,0
I_11_533967_14021533967_01485,135.4,1,2022/10/18 13:00:00,8.84,55.11,84.0,73,0,62,9,2,0,0,0,0,0,0,0
I_11_533967_14021533967_01485,135.4,1,2022/10/18 13:15:00,7.39,65.90,37.0,31,0,25,4,2,0,0,0,0,0,0,0
I_11_533967_14021533967_01485,135.4,1,2022/10/18 13:30:00,14.25,34.21,25.0,24,0,23,0,1,0,0,0,0,0,0,0
I_11_533967_14021533967_01485,135.4,1,2022/10/18 13:45:00,9.45,51.59,21.0,17,0,13,3,1,0,0,0,0,0,0,0
I_11_533967_14021533967_01485,135.4,1,2022/10/18 14:00:00,9.51,51.26,41.0,31,0,21,6,4,0,0,0,0,0,0,0
I_11_533967_14021533967_01485,135.4,1,2022/10/18 14:15:00,10.75,45.32,50.0,47,0,44,1,2,0,0,0,0,0,0,0
I_11_533967_14021533967_01485,135.4,1,2022/10/18 14:30:00,9.01,54.07,77.0,73,0,69,2,2,0,0,0,0,0,0,0
I_11_533967_14021533967_01485,135.4,1,2022/10/18 14:45:00,10.43,46.74,36.0,35,0,34,0,1,0,0,0,0,0,0,0
I_11_533967_14021533967_01485,135.4,1,2022/10/18 15:00:00,13.88,35.10,31.0,29,0,27,1,1,0,0,0,0,0,0,0
I_11_533967_14021533967_01485,135.4,1,2022/10/18 15:15:00,11.33,43.00,28.0,26,0,24,2,0,0,0,0,0,0,0,0
I_11_533967_14021533967_01485,135.4,1,2022/10/18 15:30:00,12.09,40.30,54.0,53,0,52,0,1,0,0,0,0,0,0,0
I_11_533967_14021533967_01485,135.4,1,2022/10/18 15:45:00,12.44,39.16,38.0,37,0,36,0,1,0,0,0,0,0,0,0
I_11_533967_14021533967_01485,135.4,1,2022/10/18 16:00:00,18.00,27.07,63.0,59,0,55,0,4,0,0,0,0,0,0,0
I_11_533967_14021533967_01485,135.4,1,2022/10/18 16:15:00,8.95,54.42,38.0,38,0,38,0,0,0,0,0,0,0,0,0
I_11_533967_14021533967_01485,135.4,1,2022/10/18 16:30:00,11.56,42.17,66.0,66,0,66,0,0,0,0,0,0,0,0,0
I_11_533967_14021533967_01485,135.4,1,2022/10/18 16:45:00,7.93,61.43,60.0,60,0,60,0,0,0,0,0,0,0,0,0
I_11_533967_14021533967_01485,135.4,1,2022/10/18 17:00:00,5.39,90.40,68.0,68,0,68,0,0,0,0,0,0,0,0,0
I_11_533967_14021533967_01485,135.4,1,2022/10/18 17:15:00,11.51,42.34,85.0,85,0,85,0,0,0,0,0,0,0,0,0
I_11_533967_14021533967_01485,135.4,1,2022/10/18 17:30:00,13.51,36.08,54.0,53,0,52,0,1,0,0,0,0,0,0,0
I_11_533967_14021533967_01485,135.4,1,2022/10/18 17:45:00,11.93,40.85,69.0,67,0,65,0,2,0,0,0,0,0,0,0
I_11_533967_14021533967_01485,135.4,1,2022/10/18 18:00:00,14.74,33.06,72.0,67,0,62,0,5,0,0,0,0,0,0,0
I_11_533967_14021533967_01485,135.4,1,2022/10/18 18:15:00,15.37,31.70,41.0,37,0,33,0,4,0,0,0,0,0,0,0
I_11_533967_14021533967_01485,135.4,1,2022/10/18 18:30:00,19.20,25.38,34.0,34,0,34,0,0,0,0,0,0,0,0,0
I_11_533967_14021533967_01485,135.4,1,2022/10/18 18:45:00,11.48,42.45,38.0,38,0,38,0,0,0,0,0,0,0,0,0
Zone_1,11,-1,2022/10/18 06:30:00,26.40,1.50,126.0,120,0,114,5,1,0,0,0,0,0,0,0
Zone_1,11,-1,2022/10/18 06:45:00,28.07,1.41,118.0,112,0,106,5,1,0,0,0,0,0,0,0
Zone_1,11,-1,2022/10/18 07:00:00,28.99,1.37,88.0,82,0,76,5,1,0,0,0,0,0,0,0
Zone_1,11,-1,2022/10/18 07:15:00,24.21,1.64,133.0,129,0,125,3,1,0,0,0,0,0,0,0
Zone_1,11,-1,2022/10/18 07:30:00,19.67,2.01,164.0,154,0,144,8,2,0,0,0,0,0,0,0
Zone_1,11,-1,2022/10/18 07:45:00,28.68,1.38,132.0,126,0,120,0,6,0,0,0,0,0,0,0
Zone_1,11,-1,2022/10/18 08:00:00,21.28,1.86,173.0,158,0,143,6,9,0,0,0,0,0,0,0
Zone_1,11,-1,2022/10/18 08:15:00,21.46,1.85,184.0,175,0,166,5,4,0,0,0,0,0,0,0
Zone_1,11,-1,2022/10/18 08:30:00,23.45,1.69,170.0,167,0,164,2,1,0,0,0,0,0,0,0
Zone_1,11,-1,2022/10/18 08:45:00,29.91,1.32,108.0,105,0,102,3,0,0,0,0,0,0,0,0
Zone_1,11,-1,2022/10/18 09:00:00,27.37,1.45,98.0,94,0,90,3,1,0,0,0,0,0,0,0
Zone_1,11,-1,2022/10/18 09:15:00,33.75,1.17,101.0,98,0,95,2,1,0,0,0,0,0,0,0
Zone_1,11,-1,2022/10/18 09:30:00,28.17,1.41,110.0,101,0,92,7,2,0,0,0,0,0,0,0
Zone_1,11,-1,2022/10/18 09:45:00,23.35,1.70,112.0,102,0,92,8,2,0,0,0,0,0,0,0
Zone_1,11,-1,2022/10/18 10:00:00,22.33,1.77,124.0,119,0,114,5,0,0,0,0,0,0,0,0
Zone_1,11,-1,2022/10/18 10:15:00,25.71,1.54,110.0,100,0,90,10,0,0,0,0,0,0,0,0
Zone_1,11,-1,2022/10/18 10:30:00,28.55,1.39,102.0,93,0,84,9,0,0,0,0,0,0,0,0
Zone_1,11,-1,2022/10/18 10:45:00,29.30,1.35,100.0,91,0,82,8,1,0,0,0,0,0,0,0
Zone_1,11,-1,2022/10/18 11:00:00,35.86,1.10,105.0,96,0,87,8,1,0,0,0,0,0,0,0
Zone_1,11,-1,2022/10/18 11:15:00,27.15,1.46,154.0,144,0,134,10,0,0,0,0,0,0,0,0
Zone_1,11,-1,2022/10/18 11:30:00,28.60,1.38,83.0,78,0,73,0,5,0,0,0,0,0,0,0
Zone_1,11,-1,2022/10/18 11:45:00,26.04,1.52,133.0,121,0,109,9,3,0,0,0,0,0,0,0
Zone_1,11,-1,2022/10/18 12:00:00,30.60,1.29,90.0,85,0,80,4,1,0,0,0,0,0,0,0
Zone_1,11,-1,2022/10/18 12:15:00,27.56,1.44,125.0,119,0,113,6,0,0,0,0,0,0,0,0
Zone_1,11,-1,2022/10/18 12:30:00,27.42,1.44,106.0,99,0,92,3,4,0,0,0,0,0,0,0
Zone_1,11,-1,2022/10/18 12:45:00,31.61,1.25,95.0,91,0,87,4,0,0,0,0,0,0,0,0
Zone_1,11,-1,2022/10/18 13:00:00,27.86,1.42,110.0,102,0,94,7,1,0,0,0,0,0,0,0
Zone_1,11,-1,2022/10/18 13:15:00,27.45,1.44,124.0,113,0,102,10,1,0,0,0,0,0,0,0
Zone_1,11,-1,2022/10/18 13:30:00,31.87,1.24,104.0,99,0,94,5,0,0,0,0,0,0,0,0
Zone_1,11,-1,2022/10/18 13:45:00,24.41,1.62,97.0,90,0,83,5,2,0,0,0,0,0,0,0
Zone_1,11,-1,2022/10/18 14:00:00,33.51,1.18,67.0,66,0,65,0,1,0,0,0,0,0,0,0
Zone_1,11,-1,2022/10/18 14:15:00,32.63,1.21,92.0,89,0,86,3,0,0,0,0,0,0,0,0
Zone_1,11,-1,2022/10/18 14:30:00,26.76,1.48,111.0,100,0,89,6,5,0,0,0,0,0,0,0
Zone_1,11,-1,2022/10/18 14:45:00,32.12,1.23,76.0,73,0,70,3,0,0,0,0,0,0,0,0
Zone_1,11,-1,2022/10/18 15:00:00,28.33,1.40,99.0,93,0,87,4,2,0,0,0,0,0,0,0
Zone_1,11,-1,2022/10/18 15:15:00,30.72,1.29,96.0,83,0,70,9,4,0,0,0,0,0,0,0
Zone_1,11,-1,2022/10/18 15:30:00,32.15,1.23,84.0,82,0,80,1,1,0,0,0,0,0,0,0
Zone_1,11,-1,2022/10/18 15:45:00,30.52,1.30,94.0,84,0,74,8,2,0,0,0,0,0,0,0
Zone_1,11,-1,2022/10/18 16:00:00,31.57,1.25,120.0,110,0,100,7,3,0,0,0,0,0,0,0
Zone_1,11,-1,2022/10/18 16:15:00,35.25,1.12,74.0,73,0,72,0,1,0,0,0,0,0,0,0
Zone_1,11,-1,2022/10/18 16:30:00,28.85,1.37,111.0,102,0,93,6,3,0,0,0,0,0,0,0
Zone_1,11,-1,2022/10/18 16:45:00,32.40,1.22,93.0,90,0,87,2,1,0,0,0,0,0,0,0
Zone_1,11,-1,2022/10/18 17:00:00,30.41,1.30,92.0,86,0,80,5,1,0,0,0,0,0,0,0
Zone_1,11,-1,2022/10/18 17:15:00,34.20,1.16,102.0,95,0,88,4,3,0,0,0,0,0,0,0
Zone_1,11,-1,2022/10/18 17:30:00,29.28,1.35,92.0,88,0,84,3,1,0,0,0,0,0,0,0
Zone_1,11,-1,2022/10/18 17:45:00,33.70,1.18,83.0,80,0,77,0,3,0,0,0,0,0,0,0
Zone_1,11,-1,2022/10/18 18:00:00,26.31,1.51,100.0,93,0,86,2,5,0,0,0,0,0,0,0
Zone_1,11,-1,2022/10/18 18:15:00,28.83,1.37,96.0,91,0,86,2,3,0,0,0,0,0,0,0
Zone_1,11,-1,2022/10/18 18:30:00,28.07,1.41,79.0,73,0,67,2,4,0,0,0,0,0,0,0
Zone_1,11,-1,2022/10/18 18:45:00,32.21,1.23,64.0,61,0,58,2,1,0,0,0,0,0,0,0
Zone_10,11,-1,2022/10/18 06:30:00,39.60,1.00,36.0,30,0,24,6,0,0,0,0,0,0,0,0
Zone_10,11,-1,2022/10/18 06:45:00,39.60,1.00,34.0,28,0,22,6,0,0,0,0,0,0,0,0
Zone_10,11,-1,2022/10/18 07:00:00,39.60,1.00,40.0,34,0,28,6,0,0,0,0,0,0,0,0
Zone_10,11,-1,2022/10/18 07:15:00,39.60,1.00,57.0,43,0,29,14,0,0,0,0,0,0,0,0
Zone_10,11,-1,2022/10/18 07:30:00,39.60,1.00,75.0,64,0,53,10,1,0,0,0,0,0,0,0
Zone_10,11,-1,2022/10/18 07:45:00,39.60,1.00,75.0,65,0,55,10,0,0,0,0,0,0,0,0
Zone_10,11,-1,2022/10/18 08:00:00,39.60,1.00,69.0,60,0,51,8,1,0,0,0,0,0,0,0
Zone_10,11,-1,2022/10/18 08:15:00,39.60,1.00,64.0,51,0,38,12,1,0,0,0,0,0,0,0
Zone_10,11,-1,2022/10/18 08:30:00,38.91,1.02,67.0,56,0,45,11,0,0,0,0,0,0,0,0
Zone_10,11,-1,2022/10/18 08:45:00,39.60,1.00,68.0,61,0,54,7,0,0,0,0,0,0,0,0
Zone_10,11,-1,2022/10/18 09:00:00,39.60,1.00,80.0,62,0,44,14,4,0,0,0,0,0,0,0
Zone_10,11,-1,2022/10/18 09:15:00,39.60,1.00,66.0,58,0,50,8,0,0,0,0,0,0,0,0
Zone_10,11,-1,2022/10/18 09:30:00,39.60,1.00,49.0,37,0,25,11,1,0,0,0,0,0,0,0
Zone_10,11,-1,2022/10/18 09:45:00,39.60,1.00,98.0,82,0,66,16,0,0,0,0,0,0,0,0
Zone_10,11,-1,2022/10/18 10:00:00,39.60,1.00,114.0,96,0,78,13,5,0,0,0,0,0,0,0
Zone_10,11,-1,2022/10/18 10:15:00,39.60,1.00,68.0,55,0,42,13,0,0,0,0,0,0,0,0
Zone_10,11,-1,2022/10/18 10:30:00,39.60,1.00,59.0,53,0,47,6,0,0,0,0,0,0,0,0
Zone_10,11,-1,2022/10/18 10:45:00,39.60,1.00,89.0,77,0,65,12,0,0,0,0,0,0,0,0
Zone_10,11,-1,2022/10/18 11:00:00,38.62,1.03,93.0,79,0,65,14,0,0,0,0,0,0,0,0
Zone_10,11,-1,2022/10/18 11:15:00,39.16,1.01,104.0,89,0,74,15,0,0,0,0,0,0,0,0
Zone_10,11,-1,2022/10/18 11:30:00,39.60,1.00,77.0,64,0,51,13,0,0,0,0,0,0,0,0
Zone_10,11,-1,2022/10/18 11:45:00,39.60,1.00,78.0,70,0,62,8,0,0,0,0,0,0,0,0
Zone_10,11,-1,2022/10/18 12:00:00,39.60,1.00,77.0,67,0,57,9,1,0,0,0,0,0,0,0
Zone_10,11,-1,2022/10/18 12:15:00,39.60,1.00,86.0,78,0,70,8,0,0,0,0,0,0,0,0
Zone_10,11,-1,2022/10/18 12:30:00,39.60,1.00,54.0,47,0,40,6,1,0,0,0,0,0,0,0
Zone_10,11,-1,2022/10/18 12:45:00,39.60,1.00,107.0,91,0,75,11,5,0,0,0,0,0,0,0
Zone_10,11,-1,2022/10/18 13:00:00,39.60,1.00,80.0,71,0,62,8,1,0,0,0,0,0,0,0
Zone_10,11,-1,2022/10/18 13:15:00,39.60,1.00,87.0,84,0,81,0,3,0,0,0,0,0,0,0
Zone_10,11,-1,2022/10/18 13:30:00,39.60,1.00,100.0,90,0,80,10,0,0,0,0,0,0,0,0
Zone_10,11,-1,2022/10/18 13:45:00,39.60,1.00,48.0,46,0,44,2,0,0,0,0,0,0,0,0
Zone_10,11,-1,2022/10/18 14:00:00,39.60,1.00,75.0,66,0,57,9,0,0,0,0,0,0,0,0
Zone_10,11,-1,2022/10/18 14:15:00,39.60,1.00,100.0,92,0,84,8,0,0,0,0,0,0,0,0
Zone_10,11,-1,2022/10/18 14:30:00,39.60,1.00,58.0,50,0,42,8,0,0,0,0,0,0,0,0
Zone_10,11,-1,2022/10/18 14:45:00,39.60,1.00,72.0,68,0,64,0,4,0,0,0,0,0,0,0
Zone_10,11,-1,2022/10/18 15:00:00,39.60,1.00,89.0,79,0,69,10,0,0,0,0,0,0,0,0
Zone_10,11,-1,2022/10/18 15:15:00,39.60,1.00,69.0,55,0,41,11,3,0,0,0,0,0,0,0
Zone_10,11,-1,2022/10/18 15:30:00,39.60,1.00,88.0,78,0,68,10,0,0,0,0,0,0,0,0
Zone_10,11,-1,2022/10/18 15:45:00,39.60,1.00,60.0,57,0,54,3,0,0,0,0,0,0,0,0
Zone_10,11,-1,2022/10/18 16:00:00,39.60,1.00,92.0,85,0,78,7,0,0,0,0,0,0,0,0
Zone_10,11,-1,2022/10/18 16:15:00,39.60,1.00,91.0,83,0,75,8,0,0,0,0,0,0,0,0
Zone_10,11,-1,2022/10/18 16:30:00,39.60,1.00,56.0,55,0,54,1,0,0,0,0,0,0,0,0
Zone_10,11,-1,2022/10/18 16:45:00,39.60,1.00,98.0,85,0,72,13,0,0,0,0,0,0,0,0
Zone_10,11,-1,2022/10/18 17:00:00,39.60,1.00,69.0,66,0,63,2,1,0,0,0,0,0,0,0
Zone_10,11,-1,2022/10/18 17:15:00,39.60,1.00,73.0,70,0,67,3,0,0,0,0,0,0,0,0
Zone_10,11,-1,2022/10/18 17:30:00,39.60,1.00,93.0,89,0,85,0,4,0,0,0,0,0,0,0
Zone_10,11,-1,2022/10/18 17:45:00,39.60,1.00,75.0,71,0,67,4,0,0,0,0,0,0,0,0
Zone_10,11,-1,2022/10/18 18:00:00,39.60,1.00,91.0,88,0,85,2,1,0,0,0,0,0,0,0
Zone_10,11,-1,2022/10/18 18:15:00,39.60,1.00,67.0,61,0,55,3,3,0,0,0,0,0,0,0
Zone_10,11,-1,2022/10/18 18:30:00,38.80,1.02,102.0,97,0,92,4,1,0,0,0,0,0,0,0
Zone_10,11,-1,2022/10/18 18:45:00,39.60,1.00,74.0,74,0,74,0,0,0,0,0,0,0,0,0
Zone_11,11,-1,2022/10/18 06:30:00,38.48,1.03,74.0,69,0,64,5,0,0,0,0,0,0,0,0
Zone_11,11,-1,2022/10/18 06:45:00,36.47,1.09,75.0,70,0,65,5,0,0,0,0,0,0,0,0
Zone_11,11,-1,2022/10/18 07:00:00,38.53,1.03,80.0,72,0,64,8,0,0,0,0,0,0,0,0
Zone_11,11,-1,2022/10/18 07:15:00,36.98,1.07,121.0,113,0,105,8,0,0,0,0,0,0,0,0
Zone_11,11,-1,2022/10/18 07:30:00,38.79,1.02,105.0,96,0,87,9,0,0,0,0,0,0,0,0
Zone_11,11,-1,2022/10/18 07:45:00,37.80,1.05,91.0,84,0,77,7,0,0,0,0,0,0,0,0
Zone_11,11,-1,2022/10/18 08:00:00,38.93,1.02,122.0,116,0,110,6,0,0,0,0,0,0,0,0
Zone_11,11,-1,2022/10/18 08:15:00,37.91,1.04,129.0,112,0,95,15,2,0,0,0,0,0,0,0
Zone_11,11,-1,2022/10/18 08:30:00,36.38,1.09,131.0,113,0,95,15,3,0,0,0,0,0,0,0
Zone_11,11,-1,2022/10/18 08:45:00,37.70,1.05,115.0,99,0,83,16,0,0,0,0,0,0,0,0
Zone_11,11,-1,2022/10/18 09:00:00,37.42,1.06,150.0,120,0,90,26,4,0,0,0,0,0,0,0
Zone_11,11,-1,2022/10/18 09:15:00,37.95,1.04,116.0,92,0,68,24,0,0,0,0,0,0,0,0
Zone_11,11,-1,2022/10/18 09:30:00,37.25,1.06,114.0,95,0,76,17,2,0,0,0,0,0,0,0
Zone_11,11,-1,2022/10/18 09:45:00,37.95,1.04,114.0,92,0,70,22,0,0,0,0,0,0,0,0
Zone_11,11,-1,2022/10/18 10:00:00,38.52,1.03,126.0,107,0,88,19,0,0,0,0,0,0,0,0
Zone_11,11,-1,2022/10/18 10:15:00,35.90,1.10,140.0,126,0,112,13,1,0,0,0,0,0,0,0
Zone_11,11,-1,2022/10/18 10:30:00,30.80,1.29,122.0,112,0,102,10,0,0,0,0,0,0,0,0
Zone_11,11,-1,2022/10/18 10:45:00,39.16,1.01,100.0,88,0,76,12,0,0,0,0,0,0,0,0
Zone_11,11,-1,2022/10/18 11:00:00,37.01,1.07,116.0,100,0,84,16,0,0,0,0,0,0,0,0
Zone_11,11,-1,2022/10/18 11:15:00,38.69,1.02,96.0,85,0,74,11,0,0,0,0,0,0,0,0
Zone_11,11,-1,2022/10/18 11:30:00,37.02,1.07,95.0,86,0,77,9,0,0,0,0,0,0,0,0
Zone_11,11,-1,2022/10/18 11:45:00,38.65,1.02,96.0,81,0,66,12,3,0,0,0,0,0,0,0
Zone_11,11,-1,2022/10/18 12:00:00,38.48,1.03,111.0,103,0,95,8,0,0,0,0,0,0,0,0
Zone_11,11,-1,2022/10/18 12:15:00,35.81,1.11,118.0,104,0,90,14,0,0,0,0,0,0,0,0
Zone_11,11,-1,2022/10/18 12:30:00,37.70,1.05,109.0,99,0,89,10,0,0,0,0,0,0,0,0
Zone_11,11,-1,2022/10/18 12:45:00,37.80,1.05,121.0,105,0,89,16,0,0,0,0,0,0,0,0
Zone_11,11,-1,2022/10/18 13:00:00,37.96,1.04,131.0,116,0,101,15,0,0,0,0,0,0,0,0
Zone_11,11,-1,2022/10/18 13:15:00,36.80,1.08,95.0,92,0,89,3,0,0,0,0,0,0,0,0
Zone_11,11,-1,2022/10/18 13:30:00,38.76,1.02,99.0,92,0,85,5,2,0,0,0,0,0,0,0
Zone_11,11,-1,2022/10/18 13:45:00,37.09,1.07,86.0,74,0,62,12,0,0,0,0,0,0,0,0
Zone_11,11,-1,2022/10/18 14:00:00,36.88,1.07,111.0,95,0,79,14,2,0,0,0,0,0,0,0
Zone_11,11,-1,2022/10/18 14:15:00,38.13,1.04,90.0,78,0,66,12,0,0,0,0,0,0,0,0
Zone_11,11,-1,2022/10/18 14:30:00,36.85,1.07,112.0,107,0,102,5,0,0,0,0,0,0,0,0
Zone_11,11,-1,2022/10/18 14:45:00,32.65,1.21,118.0,108,0,98,8,2,0,0,0,0,0,0,0
Zone_11,11,-1,2022/10/18 15:00:00,38.82,1.02,110.0,99,0,88,10,1,0,0,0,0,0,0,0
Zone_11,11,-1,2022/10/18 15:15:00,36.30,1.09,97.0,88,0,79,5,4,0,0,0,0,0,0,0
Zone_11,11,-1,2022/10/18 15:30:00,38.60,1.03,96.0,77,0,58,19,0,0,0,0,0,0,0,0
Zone_11,11,-1,2022/10/18 15:45:00,39.12,1.01,85.0,82,0,79,3,0,0,0,0,0,0,0,0
Zone_11,11,-1,2022/10/18 16:00:00,35.73,1.11,140.0,120,0,100,16,4,0,0,0,0,0,0,0
Zone_11,11,-1,2022/10/18 16:15:00,36.71,1.08,92.0,89,0,86,3,0,0,0,0,0,0,0,0
Zone_11,11,-1,2022/10/18 16:30:00,36.16,1.10,135.0,126,0,117,9,0,0,0,0,0,0,0,0
Zone_11,11,-1,2022/10/18 16:45:00,38.22,1.04,118.0,111,0,104,5,2,0,0,0,0,0,0,0
Zone_11,11,-1,2022/10/18 17:00:00,38.54,1.03,119.0,109,0,99,10,0,0,0,0,0,0,0,0
Zone_11,11,-1,2022/10/18 17:15:00,38.00,1.04,102.0,95,0,88,7,0,0,0,0,0,0,0,0
Zone_11,11,-1,2022/10/18 17:30:00,38.53,1.03,115.0,108,0,101,7,0,0,0,0,0,0,0,0
Zone_11,11,-1,2022/10/18 17:45:00,35.76,1.11,127.0,121,0,115,6,0,0,0,0,0,0,0,0
Zone_11,11,-1,2022/10/18 18:00:00,33.90,1.17,118.0,113,0,108,3,2,0,0,0,0,0,0,0
Zone_11,11,-1,2022/10/18 18:15:00,39.60,1.00,87.0,82,0,77,5,0,0,0,0,0,0,0,0
Zone_11,11,-1,2022/10/18 18:30:00,38.87,1.02,112.0,107,0,102,5,0,0,0,0,0,0,0,0
Zone_11,11,-1,2022/10/18 18:45:00,37.85,1.05,65.0,65,0,65,0,0,0,0,0,0,0,0,0
Zone_12,11,-1,2022/10/18 06:30:00,38.75,1.02,95.0,91,0,87,3,1,0,0,0,0,0,0,0
Zone_12,11,-1,2022/10/18 06:45:00,39.60,1.00,96.0,95,0,94,0,1,0,0,0,0,0,0,0
Zone_12,11,-1,2022/10/18 07:00:00,39.60,1.00,96.0,93,0,90,2,1,0,0,0,0,0,0,0
Zone_12,11,-1,2022/10/18 07:15:00,38.49,1.03,112.0,104,0,96,8,0,0,0,0,0,0,0,0
Zone_12,11,-1,2022/10/18 07:30:00,39.24,1.01,114.0,108,0,102,6,0,0,0,0,0,0,0,0
Zone_12,11,-1,2022/10/18 07:45:00,38.05,1.04,129.0,123,0,117,6,0,0,0,0,0,0,0,0
Zone_12,11,-1,2022/10/18 08:00:00,37.74,1.05,133.0,122,0,111,11,0,0,0,0,0,0,0,0
Zone_12,11,-1,2022/10/18 08:15:00,39.60,1.00,115.0,111,0,107,4,0,0,0,0,0,0,0,0
Zone_12,11,-1,2022/10/18 08:30:00,38.98,1.02,128.0,126,0,124,2,0,0,0,0,0,0,0,0
Zone_12,11,-1,2022/10/18 08:45:00,38.69,1.02,138.0,127,0,116,10,1,0,0,0,0,0,0,0
Zone_12,11,-1,2022/10/18 09:00:00,38.23,1.04,95.0,84,0,73,11,0,0,0,0,0,0,0,0
Zone_12,11,-1,2022/10/18 09:15:00,39.60,1.00,88.0,81,0,74,7,0,0,0,0,0,0,0,0
Zone_12,11,-1,2022/10/18 09:30:00,38.63,1.02,90.0,80,0,70,10,0,0,0,0,0,0,0,0
Zone_12,11,-1,2022/10/18 09:45:00,37.98,1.04,107.0,94,0,81,13,0,0,0,0,0,0,0,0
Zone_12,11,-1,2022/10/18 10:00:00,37.22,1.06,106.0,94,0,82,12,0,0,0,0,0,0,0,0
Zone_12,11,-1,2022/10/18 10:15:00,39.60,1.00,108.0,98,0,88,10,0,0,0,0,0,0,0,0
Zone_12,11,-1,2022/10/18 10:30:00,38.27,1.03,95.0,86,0,77,9,0,0,0,0,0,0,0,0
Zone_12,11,-1,2022/10/18 10:45:00,39.60,1.00,54.0,49,0,44,5,0,0,0,0,0,0,0,0
Zone_12,11,-1,2022/10/18 11:00:00,38.31,1.03,103.0,89,0,75,14,0,0,0,0,0,0,0,0
Zone_12,11,-1,2022/10/18 11:15:00,39.06,1.01,81.0,72,0,63,9,0,0,0,0,0,0,0,0
Zone_12,11,-1,2022/10/18 11:30:00,38.61,1.03,133.0,117,0,101,16,0,0,0,0,0,0,0,0
Zone_12,11,-1,2022/10/18 11:45:00,39.07,1.01,81.0,74,0,67,7,0,0,0,0,0,0,0,0
Zone_12,11,-1,2022/10/18 12:00:00,35.28,1.12,108.0,98,0,88,10,0,0,0,0,0,0,0,0
Zone_12,11,-1,2022/10/18 12:15:00,39.60,1.00,63.0,60,0,57,3,0,0,0,0,0,0,0,0
Zone_12,11,-1,2022/10/18 12:30:00,39.16,1.01,96.0,89,0,82,7,0,0,0,0,0,0,0,0
Zone_12,11,-1,2022/10/18 12:45:00,38.71,1.02,97.0,87,0,77,10,0,0,0,0,0,0,0,0
Zone_12,11,-1,2022/10/18 13:00:00,39.60,1.00,99.0,90,0,81,8,1,0,0,0,0,0,0,0
Zone_12,11,-1,2022/10/18 13:15:00,38.38,1.03,68.0,63,0,58,5,0,0,0,0,0,0,0,0
Zone_12,11,-1,2022/10/18 13:30:00,38.94,1.02,65.0,59,0,53,4,2,0,0,0,0,0,0,0
Zone_12,11,-1,2022/10/18 13:45:00,39.03,1.01,74.0,69,0,64,5,0,0,0,0,0,0,0,0
Zone_12,11,-1,2022/10/18 14:00:00,39.05,1.01,80.0,71,0,62,9,0,0,0,0,0,0,0,0
Zone_12,11,-1,2022/10/18 14:15:00,38.06,1.04,81.0,74,0,67,6,1,0,0,0,0,0,0,0
Zone_12,11,-1,2022/10/18 14:30:00,38.81,1.02,106.0,98,0,90,6,2,0,0,0,0,0,0,0
Zone_12,11,-1,2022/10/18 14:45:00,39.19,1.01,97.0,95,0,93,2,0,0,0,0,0,0,0,0
Zone_12,11,-1,2022/10/18 15:00:00,38.97,1.02,69.0,62,0,55,7,0,0,0,0,0,0,0,0
Zone_12,11,-1,2022/10/18 15:15:00,38.21,1.04,112.0,110,0,108,0,2,0,0,0,0,0,0,0
Zone_12,11,-1,2022/10/18 15:30:00,39.60,1.00,77.0,69,0,61,4,4,0,0,0,0,0,0,0
Zone_12,11,-1,2022/10/18 15:45:00,39.60,1.00,106.0,103,0,100,3,0,0,0,0,0,0,0,0
Zone_12,11,-1,2022/10/18 16:00:00,39.17,1.01,97.0,91,0,85,6,0,0,0,0,0,0,0,0
Zone_12,11,-1,2022/10/18 16:15:00,39.60,1.00,87.0,85,0,83,2,0,0,0,0,0,0,0,0
Zone_12,11,-1,2022/10/18 16:30:00,37.67,1.05,80.0,78,0,76,2,0,0,0,0,0,0,0,0
Zone_12,11,-1,2022/10/18 16:45:00,36.49,1.09,102.0,94,0,86,8,0,0,0,0,0,0,0,0
Zone_12,11,-1,2022/10/18 17:00:00,39.28,1.01,130.0,124,0,118,6,0,0,0,0,0,0,0,0
Zone_12,11,-1,2022/10/18 17:15:00,36.88,1.07,100.0,95,0,90,5,0,0,0,0,0,0,0,0
Zone_12,11,-1,2022/10/18 17:30:00,39.60,1.00,89.0,86,0,83,3,0,0,0,0,0,0,0,0
Zone_12,11,-1,2022/10/18 17:45:00,39.60,1.00,86.0,84,0,82,2,0,0,0,0,0,0,0,0
Zone_12,11,-1,2022/10/18 18:00:00,39.60,1.00,91.0,91,0,91,0,0,0,0,0,0,0,0,0
Zone_12,11,-1,2022/10/18 18:15:00,39.60,1.00,89.0,89,0,89,0,0,0,0,0,0,0,0,0
Zone_12,11,-1,2022/10/18 18:30:00,38.81,1.02,103.0,98,0,93,3,2,0,0,0,0,0,0,0
Zone_12,11,-1,2022/10/18 18:45:00,37.91,1.04,91.0,90,0,89,0,1,0,0,0,0,0,0,0
Zone_13,11,-1,2022/10/18 06:30:00,7.19,5.51,54.0,53,0,52,1,0,0,0,0,0,0,0,0
Zone_13,11,-1,2022/10/18 06:45:00,34.85,1.14,45.0,44,0,43,1,0,0,0,0,0,0,0,0
Zone_13,11,-1,2022/10/18 07:00:00,22.78,1.74,43.0,42,0,41,1,0,0,0,0,0,0,0,0
Zone_13,11,-1,2022/10/18 07:15:00,22.99,1.72,55.0,54,0,53,1,0,0,0,0,0,0,0,0
Zone_13,11,-1,2022/10/18 07:30:00,3.95,10.02,47.0,47,0,47,0,0,0,0,0,0,0,0,0
Zone_13,11,-1,2022/10/18 07:45:00,23.52,1.68,62.0,60,0,58,0,2,0,0,0,0,0,0,0
Zone_13,11,-1,2022/10/18 08:00:00,7.17,5.52,63.0,63,0,63,0,0,0,0,0,0,0,0,0
Zone_13,11,-1,2022/10/18 08:15:00,4.70,8.43,63.0,60,0,57,1,2,0,0,0,0,0,0,0
Zone_13,11,-1,2022/10/18 08:30:00,12.49,3.17,57.0,53,0,49,4,0,0,0,0,0,0,0,0
Zone_13,11,-1,2022/10/18 08:45:00,1.54,25.73,72.0,70,0,68,2,0,0,0,0,0,0,0,0
Zone_13,11,-1,2022/10/18 09:00:00,9.77,4.05,43.0,38,0,33,5,0,0,0,0,0,0,0,0
Zone_13,11,-1,2022/10/18 09:15:00,29.29,1.35,58.0,54,0,50,4,0,0,0,0,0,0,0,0
Zone_13,11,-1,2022/10/18 09:30:00,12.15,3.26,50.0,50,0,50,0,0,0,0,0,0,0,0,0
Zone_13,11,-1,2022/10/18 09:45:00,33.66,1.18,34.0,34,0,34,0,0,0,0,0,0,0,0,0
Zone_13,11,-1,2022/10/18 10:00:00,34.77,1.14,36.0,36,0,36,0,0,0,0,0,0,0,0,0
Zone_13,11,-1,2022/10/18 10:15:00,37.07,1.07,44.0,44,0,44,0,0,0,0,0,0,0,0,0
Zone_13,11,-1,2022/10/18 10:30:00,35.43,1.12,34.0,34,0,34,0,0,0,0,0,0,0,0,0
Zone_13,11,-1,2022/10/18 10:45:00,32.57,1.22,51.0,51,0,51,0,0,0,0,0,0,0,0,0
Zone_13,11,-1,2022/10/18 11:00:00,25.10,1.58,48.0,45,0,42,3,0,0,0,0,0,0,0,0
Zone_13,11,-1,2022/10/18 11:15:00,36.30,1.09,33.0,33,0,33,0,0,0,0,0,0,0,0,0
Zone_13,11,-1,2022/10/18 11:30:00,39.60,1.00,16.0,16,0,16,0,0,0,0,0,0,0,0,0
Zone_13,11,-1,2022/10/18 11:45:00,38.08,1.04,25.0,25,0,25,0,0,0,0,0,0,0,0,0
Zone_13,11,-1,2022/10/18 12:00:00,37.62,1.05,41.0,38,0,35,3,0,0,0,0,0,0,0,0
Zone_13,11,-1,2022/10/18 12:15:00,29.51,1.34,42.0,38,0,34,4,0,0,0,0,0,0,0,0
Zone_13,11,-1,2022/10/18 12:30:00,32.75,1.21,43.0,43,0,43,0,0,0,0,0,0,0,0,0
Zone_13,11,-1,2022/10/18 12:45:00,38.23,1.04,29.0,28,0,27,1,0,0,0,0,0,0,0,0
Zone_13,11,-1,2022/10/18 13:00:00,34.32,1.15,26.0,26,0,26,0,0,0,0,0,0,0,0,0
Zone_13,11,-1,2022/10/18 13:15:00,39.60,1.00,18.0,18,0,18,0,0,0,0,0,0,0,0,0
Zone_13,11,-1,2022/10/18 13:30:00,38.19,1.04,27.0,27,0,27,0,0,0,0,0,0,0,0,0
Zone_13,11,-1,2022/10/18 13:45:00,37.52,1.06,19.0,18,0,17,1,0,0,0,0,0,0,0,0
Zone_13,11,-1,2022/10/18 14:00:00,39.60,1.00,34.0,31,0,28,3,0,0,0,0,0,0,0,0
Zone_13,11,-1,2022/10/18 14:15:00,37.20,1.06,34.0,31,0,28,3,0,0,0,0,0,0,0,0
Zone_13,11,-1,2022/10/18 14:30:00,36.96,1.07,29.0,28,0,27,1,0,0,0,0,0,0,0,0
Zone_13,11,-1,2022/10/18 14:45:00,36.77,1.08,39.0,39,0,39,0,0,0,0,0,0,0,0,0
Zone_13,11,-1,2022/10/18 15:00:00,39.60,1.00,28.0,26,0,24,0,2,0,0,0,0,0,0,0
Zone_13,11,-1,2022/10/18 15:15:00,38.47,1.03,34.0,34,0,34,0,0,0,0,0,0,0,0,0
Zone_13,11,-1,2022/10/18 15:30:00,37.88,1.05,26.0,22,0,18,4,0,0,0,0,0,0,0,0
Zone_13,11,-1,2022/10/18 15:45:00,25.55,1.55,20.0,20,0,20,0,0,0,0,0,0,0,0,0
Zone_13,11,-1,2022/10/18 16:00:00,36.55,1.08,40.0,36,0,32,2,2,0,0,0,0,0,0,0
Zone_13,11,-1,2022/10/18 16:15:00,35.43,1.12,34.0,34,0,34,0,0,0,0,0,0,0,0,0
Zone_13,11,-1,2022/10/18 16:30:00,28.29,1.40,15.0,15,0,15,0,0,0,0,0,0,0,0,0
Zone_13,11,-1,2022/10/18 16:45:00,39.60,1.00,14.0,14,0,14,0,0,0,0,0,0,0,0,0
Zone_13,11,-1,2022/10/18 17:00:00,38.61,1.03,39.0,39,0,39,0,0,0,0,0,0,0,0,0
Zone_13,11,-1,2022/10/18 17:15:00,37.40,1.06,34.0,34,0,34,0,0,0,0,0,0,0,0,0
Zone_13,11,-1,2022/10/18 17:30:00,39.60,1.00,32.0,32,0,32,0,0,0,0,0,0,0,0,0
Zone_13,11,-1,2022/10/18 17:45:00,38.36,1.03,31.0,31,0,31,0,0,0,0,0,0,0,0,0
Zone_13,11,-1,2022/10/18 18:00:00,3.81,10.40,49.0,45,0,41,4,0,0,0,0,0,0,0,0
Zone_13,11,-1,2022/10/18 18:15:00,37.05,1.07,29.0,29,0,29,0,0,0,0,0,0,0,0,0
Zone_13,11,-1,2022/10/18 18:30:00,39.60,1.00,20.0,20,0,20,0,0,0,0,0,0,0,0,0
Zone_13,11,-1,2022/10/18 18:45:00,35.50,1.12,26.0,26,0,26,0,0,0,0,0,0,0,0,0
Zone_14,11,-1,2022/10/18 06:30:00,39.60,1.00,97.0,89,0,81,2,6,0,0,0,0,0,0,0
Zone_14,11,-1,2022/10/18 06:45:00,39.60,1.00,86.0,78,0,70,2,6,0,0,0,0,0,0,0
Zone_14,11,-1,2022/10/18 07:00:00,39.60,1.00,99.0,90,0,81,2,7,0,0,0,0,0,0,0
Zone_14,11,-1,2022/10/18 07:15:00,39.60,1.00,94.0,90,0,86,3,1,0,0,0,0,0,0,0
Zone_14,11,-1,2022/10/18 07:30:00,39.60,1.00,79.0,73,0,67,2,4,0,0,0,0,0,0,0
Zone_14,11,-1,2022/10/18 07:45:00,39.60,1.00,94.0,89,0,84,0,5,0,0,0,0,0,0,0
Zone_14,11,-1,2022/10/18 08:00:00,39.09,1.01,87.0,77,0,67,5,5,0,0,0,0,0,0,0
Zone_14,11,-1,2022/10/18 08:15:00,39.60,1.00,66.0,62,0,58,2,2,0,0,0,0,0,0,0
Zone_14,11,-1,2022/10/18 08:30:00,38.49,1.03,121.0,104,0,87,11,6,0,0,0,0,0,0,0
Zone_14,11,-1,2022/10/18 08:45:00,39.60,1.00,78.0,71,0,64,3,4,0,0,0,0,0,0,0
Zone_14,11,-1,2022/10/18 09:00:00,39.60,1.00,112.0,88,0,64,17,7,0,0,0,0,0,0,0
Zone_14,11,-1,2022/10/18 09:15:00,39.60,1.00,82.0,72,0,62,9,1,0,0,0,0,0,0,0
Zone_14,11,-1,2022/10/18 09:30:00,39.60,1.00,102.0,87,0,72,10,5,0,0,0,0,0,0,0
Zone_14,11,-1,2022/10/18 09:45:00,39.60,1.00,76.0,70,0,64,6,0,0,0,0,0,0,0,0
Zone_14,11,-1,2022/10/18 10:00:00,39.60,1.00,107.0,99,0,91,6,2,0,0,0,0,0,0,0
Zone_14,11,-1,2022/10/18 10:15:00,39.60,1.00,69.0,59,0,49,10,0,0,0,0,0,0,0,0
Zone_14,11,-1,2022/10/18 10:30:00,39.60,1.00,63.0,59,0,55,0,4,0,0,0,0,0,0,0
Zone_14,11,-1,2022/10/18 10:45:00,39.60,1.00,61.0,55,0,49,3,3,0,0,0,0,0,0,0
Zone_14,11,-1,2022/10/18 11:00:00,39.60,1.00,80.0,70,0,60,8,2,0,0,0,0,0,0,0
Zone_14,11,-1,2022/10/18 11:15:00,39.60,1.00,89.0,73,0,57,10,6,0,0,0,0,0,0,0
Zone_14,11,-1,2022/10/18 11:30:00,39.60,1.00,63.0,58,0,53,4,1,0,0,0,0,0,0,0
Zone_14,11,-1,2022/10/18 11:45:00,38.84,1.02,58.0,51,0,44,4,3,0,0,0,0,0,0,0
Zone_14,11,-1,2022/10/18 12:00:00,39.60,1.00,80.0,74,0,68,3,3,0,0,0,0,0,0,0
Zone_14,11,-1,2022/10/18 12:15:00,39.60,1.00,71.0,71,0,71,0,0,0,0,0,0,0,0,0
Zone_14,11,-1,2022/10/18 12:30:00,39.60,1.00,63.0,58,0,53,0,5,0,0,0,0,0,0,0
Zone_14,11,-1,2022/10/18 12:45:00,39.60,1.00,88.0,75,0,62,11,2,0,0,0,0,0,0,0
Zone_14,11,-1,2022/10/18 13:00:00,39.60,1.00,46.0,42,0,38,1,3,0,0,0,0,0,0,0
Zone_14,11,-1,2022/10/18 13:15:00,39.60,1.00,78.0,63,0,48,13,2,0,0,0,0,0,0,0
Zone_14,11,-1,2022/10/18 13:30:00,39.60,1.00,75.0,64,0,53,10,1,0,0,0,0,0,0,0
Zone_14,11,-1,2022/10/18 13:45:00,39.60,1.00,55.0,44,0,33,9,2,0,0,0,0,0,0,0
Zone_14,11,-1,2022/10/18 14:00:00,39.60,1.00,101.0,88,0,75,8,5,0,0,0,0,0,0,0
Zone_14,11,-1,2022/10/18 14:15:00,39.60,1.00,58.0,45,0,32,9,4,0,0,0,0,0,0,0
Zone_14,11,-1,2022/10/18 14:30:00,39.09,1.01,89.0,76,0,63,7,6,0,0,0,0,0,0,0
Zone_14,11,-1,2022/10/18 14:45:00,39.60,1.00,75.0,65,0,55,7,3,0,0,0,0,0,0,0
Zone_14,11,-1,2022/10/18 15:00:00,39.60,1.00,68.0,59,0,50,8,1,0,0,0,0,0,0,0
Zone_14,11,-1,2022/10/18 15:15:00,39.60,1.00,49.0,41,0,33,3,5,0,0,0,0,0,0,0
Zone_14,11,-1,2022/10/18 15:30:00,39.60,1.00,81.0,70,0,59,6,5,0,0,0,0,0,0,0
Zone_14,11,-1,2022/10/18 15:45:00,39.60,1.00,53.0,50,0,47,2,1,0,0,0,0,0,0,0
Zone_14,11,-1,2022/10/18 16:00:00,39.60,1.00,75.0,67,0,59,2,6,0,0,0,0,0,0,0
Zone_14,11,-1,2022/10/18 16:15:00,39.60,1.00,85.0,75,0,65,5,5,0,0,0,0,0,0,0
Zone_14,11,-1,2022/10/18 16:30:00,39.60,1.00,74.0,67,0,60,5,2,0,0,0,0,0,0,0
Zone_14,11,-1,2022/10/18 16:45:00,39.60,1.00,87.0,80,0,73,6,1,0,0,0,0,0,0,0
Zone_14,11,-1,2022/10/18 17:00:00,39.60,1.00,56.0,48,0,40,3,5,0,0,0,0,0,0,0
Zone_14,11,-1,2022/10/18 17:15:00,39.11,1.01,86.0,79,0,72,4,3,0,0,0,0,0,0,0
Zone_14,11,-1,2022/10/18 17:30:00,39.60,1.00,61.0,55,0,49,4,2,0,0,0,0,0,0,0
Zone_14,11,-1,2022/10/18 17:45:00,39.60,1.00,74.0,71,0,68,2,1,0,0,0,0,0,0,0
Zone_14,11,-1,2022/10/18 18:00:00,39.60,1.00,91.0,91,0,91,0,0,0,0,0,0,0,0,0
Zone_14,11,-1,2022/10/18 18:15:00,39.60,1.00,53.0,53,0,53,0,0,0,0,0,0,0,0,0
Zone_14,11,-1,2022/10/18 18:30:00,39.60,1.00,65.0,62,0,59,0,3,0,0,0,0,0,0,0
Zone_14,11,-1,2022/10/18 18:45:00,39.60,1.00,56.0,55,0,54,0,1,0,0,0,0,0,0,0
Zone_15,11,-1,2022/10/18 06:30:00,39.60,1.00,28.0,25,0,22,1,2,0,0,0,0,0,0,0
Zone_15,11,-1,2022/10/18 06:45:00,39.60,1.00,42.0,41,0,40,1,0,0,0,0,0,0,0,0
Zone_15,11,-1,2022/10/18 07:00:00,39.60,1.00,39.0,35,0,31,1,3,0,0,0,0,0,0,0
Zone_15,11,-1,2022/10/18 07:15:00,38.81,1.02,53.0,49,0,45,0,4,0,0,0,0,0,0,0
Zone_15,11,-1,2022/10/18 07:30:00,38.56,1.03,77.0,74,0,71,0,3,0,0,0,0,0,0,0
Zone_15,11,-1,2022/10/18 07:45:00,38.34,1.03,67.0,61,0,55,0,6,0,0,0,0,0,0,0
Zone_15,11,-1,2022/10/18 08:00:00,36.55,1.08,54.0,48,0,42,0,6,0,0,0,0,0,0,0
Zone_15,11,-1,2022/10/18 08:15:00,37.20,1.06,34.0,31,0,28,0,3,0,0,0,0,0,0,0
Zone_15,11,-1,2022/10/18 08:30:00,38.94,1.02,67.0,59,0,51,0,8,0,0,0,0,0,0,0
Zone_15,11,-1,2022/10/18 08:45:00,38.68,1.02,45.0,42,0,39,0,3,0,0,0,0,0,0,0
Zone_15,11,-1,2022/10/18 09:00:00,39.60,1.00,41.0,36,0,31,0,5,0,0,0,0,0,0,0
Zone_15,11,-1,2022/10/18 09:15:00,38.44,1.03,41.0,33,0,25,6,2,0,0,0,0,0,0,0
Zone_15,11,-1,2022/10/18 09:30:00,39.60,1.00,40.0,34,0,28,0,6,0,0,0,0,0,0,0
Zone_15,11,-1,2022/10/18 09:45:00,39.60,1.00,55.0,51,0,47,0,4,0,0,0,0,0,0,0
Zone_15,11,-1,2022/10/18 10:00:00,38.02,1.04,59.0,48,0,37,7,4,0,0,0,0,0,0,0
Zone_15,11,-1,2022/10/18 10:15:00,39.60,1.00,17.0,15,0,13,0,2,0,0,0,0,0,0,0
Zone_15,11,-1,2022/10/18 10:30:00,38.21,1.04,68.0,55,0,42,8,5,0,0,0,0,0,0,0
Zone_15,11,-1,2022/10/18 10:45:00,39.60,1.00,27.0,25,0,23,0,2,0,0,0,0,0,0,0
Zone_15,11,-1,2022/10/18 11:00:00,39.60,1.00,41.0,39,0,37,0,2,0,0,0,0,0,0,0
Zone_15,11,-1,2022/10/18 11:15:00,34.36,1.15,64.0,59,0,54,2,2,1,0,0,0,0,0,0
Zone_15,11,-1,2022/10/18 11:30:00,39.60,1.00,44.0,39,0,34,0,5,0,0,0,0,0,0,0
Zone_15,11,-1,2022/10/18 11:45:00,38.19,1.04,56.0,54,0,52,0,2,0,0,0,0,0,0,0
Zone_15,11,-1,2022/10/18 12:00:00,39.60,1.00,60.0,53,0,46,5,2,0,0,0,0,0,0,0
Zone_15,11,-1,2022/10/18 12:15:00,38.26,1.04,60.0,57,0,54,0,3,0,0,0,0,0,0,0
Zone_15,11,-1,2022/10/18 12:30:00,38.88,1.02,58.0,54,0,50,0,4,0,0,0,0,0,0,0
Zone_15,11,-1,2022/10/18 12:45:00,38.08,1.04,52.0,50,0,48,0,2,0,0,0,0,0,0,0
Zone_15,11,-1,2022/10/18 13:00:00,37.02,1.07,50.0,43,0,36,4,3,0,0,0,0,0,0,0
Zone_15,11,-1,2022/10/18 13:15:00,38.81,1.02,51.0,49,0,47,0,2,0,0,0,0,0,0,0
Zone_15,11,-1,2022/10/18 13:30:00,37.62,1.05,41.0,38,0,35,0,3,0,0,0,0,0,0,0
Zone_15,11,-1,2022/10/18 13:45:00,38.77,1.02,48.0,47,0,46,0,1,0,0,0,0,0,0,0
Zone_15,11,-1,2022/10/18 14:00:00,37.62,1.05,60.0,57,0,54,0,3,0,0,0,0,0,0,0
Zone_15,11,-1,2022/10/18 14:15:00,38.76,1.02,48.0,46,0,44,0,2,0,0,0,0,0,0,0
Zone_15,11,-1,2022/10/18 14:30:00,38.28,1.03,34.0,29,0,24,0,5,0,0,0,0,0,0,0
Zone_15,11,-1,2022/10/18 14:45:00,38.87,1.02,55.0,53,0,51,0,2,0,0,0,0,0,0,0
Zone_15,11,-1,2022/10/18 15:00:00,38.40,1.03,73.0,64,0,55,5,4,0,0,0,0,0,0,0
Zone_15,11,-1,2022/10/18 15:15:00,37.80,1.05,68.0,63,0,58,2,3,0,0,0,0,0,0,0
Zone_15,11,-1,2022/10/18 15:30:00,39.60,1.00,45.0,42,0,39,0,3,0,0,0,0,0,0,0
Zone_15,11,-1,2022/10/18 15:45:00,39.60,1.00,62.0,58,0,54,3,1,0,0,0,0,0,0,0
Zone_15,11,-1,2022/10/18 16:00:00,2.50,15.81,60.0,58,0,56,0,2,0,0,0,0,0,0,0
Zone_15,11,-1,2022/10/18 16:15:00,38.61,1.03,42.0,39,0,36,0,3,0,0,0,0,0,0,0
Zone_15,11,-1,2022/10/18 16:30:00,38.16,1.04,56.0,53,0,50,0,3,0,0,0,0,0,0,0
Zone_15,11,-1,2022/10/18 16:45:00,39.60,1.00,34.0,32,0,30,0,2,0,0,0,0,0,0,0
Zone_15,11,-1,2022/10/18 17:00:00,36.90,1.07,45.0,41,0,37,0,4,0,0,0,0,0,0,0
Zone_15,11,-1,2022/10/18 17:15:00,38.36,1.03,66.0,62,0,58,0,4,0,0,0,0,0,0,0
Zone_15,11,-1,2022/10/18 17:30:00,38.85,1.02,57.0,52,0,47,0,5,0,0,0,0,0,0,0
Zone_15,11,-1,2022/10/18 17:45:00,36.64,1.08,67.0,62,0,57,0,5,0,0,0,0,0,0,0
Zone_15,11,-1,2022/10/18 18:00:00,38.92,1.02,63.0,57,0,51,1,5,0,0,0,0,0,0,0
Zone_15,11,-1,2022/10/18 18:15:00,38.72,1.02,47.0,44,0,41,0,3,0,0,0,0,0,0,0
Zone_15,11,-1,2022/10/18 18:30:00,39.60,1.00,49.0,45,0,41,0,4,0,0,0,0,0,0,0
Zone_15,11,-1,2022/10/18 18:45:00,38.08,1.04,54.0,50,0,46,0,4,0,0,0,0,0,0,0
Zone_16,11,-1,2022/10/18 06:30:00,38.88,1.02,56.0,54,0,52,0,2,0,0,0,0,0,0,0
Zone_16,11,-1,2022/10/18 06:45:00,36.37,1.09,93.0,90,0,87,0,3,0,0,0,0,0,0,0
Zone_16,11,-1,2022/10/18 07:00:00,38.84,1.02,53.0,51,0,49,0,2,0,0,0,0,0,0,0
Zone_16,11,-1,2022/10/18 07:15:00,39.60,1.00,50.0,50,0,50,0,0,0,0,0,0,0,0,0
Zone_16,11,-1,2022/10/18 07:30:00,38.66,1.02,43.0,41,0,39,0,2,0,0,0,0,0,0,0
Zone_16,11,-1,2022/10/18 07:45:00,39.60,1.00,38.0,34,0,30,1,3,0,0,0,0,0,0,0
Zone_16,11,-1,2022/10/18 08:00:00,39.60,1.00,42.0,40,0,38,0,2,0,0,0,0,0,0,0
Zone_16,11,-1,2022/10/18 08:15:00,39.60,1.00,36.0,33,0,30,2,1,0,0,0,0,0,0,0
Zone_16,11,-1,2022/10/18 08:30:00,39.60,1.00,34.0,33,0,32,0,1,0,0,0,0,0,0,0
Zone_16,11,-1,2022/10/18 08:45:00,39.60,1.00,22.0,18,0,14,2,2,0,0,0,0,0,0,0
Zone_16,11,-1,2022/10/18 09:00:00,39.60,1.00,27.0,24,0,21,2,1,0,0,0,0,0,0,0
Zone_16,11,-1,2022/10/18 09:15:00,34.52,1.15,41.0,34,0,27,6,1,0,0,0,0,0,0,0
Zone_16,11,-1,2022/10/18 09:30:00,38.40,1.03,33.0,32,0,31,0,1,0,0,0,0,0,0,0
Zone_16,11,-1,2022/10/18 09:45:00,39.60,1.00,29.0,25,0,21,2,2,0,0,0,0,0,0,0
Zone_16,11,-1,2022/10/18 10:00:00,39.60,1.00,21.0,20,0,19,0,1,0,0,0,0,0,0,0
Zone_16,11,-1,2022/10/18 10:15:00,39.60,1.00,20.0,19,0,18,0,1,0,0,0,0,0,0,0
Zone_16,11,-1,2022/10/18 10:30:00,39.60,1.00,11.0,9,0,7,0,2,0,0,0,0,0,0,0
Zone_16,11,-1,2022/10/18 10:45:00,37.88,1.05,24.0,22,0,20,0,2,0,0,0,0,0,0,0
Zone_16,11,-1,2022/10/18 11:00:00,39.60,1.00,22.0,21,0,20,0,1,0,0,0,0,0,0,0
Zone_16,11,-1,2022/10/18 11:15:00,39.60,1.00,33.0,30,0,27,0,3,0,0,0,0,0,0,0
Zone_16,11,-1,2022/10/18 11:30:00,39.60,1.00,36.0,35,0,34,0,1,0,0,0,0,0,0,0
Zone_16,11,-1,2022/10/18 11:45:00,39.60,1.00,14.0,12,0,10,0,2,0,0,0,0,0,0,0
Zone_16,11,-1,2022/10/18 12:00:00,39.60,1.00,19.0,17,0,15,0,2,0,0,0,0,0,0,0
Zone_16,11,-1,2022/10/18 12:15:00,39.60,1.00,22.0,19,0,16,0,3,0,0,0,0,0,0,0
Zone_16,11,-1,2022/10/18 12:30:00,39.60,1.00,15.0,15,0,15,0,0,0,0,0,0,0,0,0
Zone_16,11,-1,2022/10/18 12:45:00,39.60,1.00,24.0,19,0,14,2,3,0,0,0,0,0,0,0
Zone_16,11,-1,2022/10/18 13:00:00,39.60,1.00,13.0,12,0,11,0,1,0,0,0,0,0,0,0
Zone_16,11,-1,2022/10/18 13:15:00,37.95,1.04,26.0,23,0,20,2,1,0,0,0,0,0,0,0
Zone_16,11,-1,2022/10/18 13:30:00,39.60,1.00,28.0,25,0,22,1,2,0,0,0,0,0,0,0
Zone_16,11,-1,2022/10/18 13:45:00,39.60,1.00,6.0,4,0,2,0,2,0,0,0,0,0,0,0
Zone_16,11,-1,2022/10/18 14:00:00,39.60,1.00,28.0,25,0,22,2,1,0,0,0,0,0,0,0
Zone_16,11,-1,2022/10/18 14:15:00,39.60,1.00,15.0,13,0,11,0,2,0,0,0,0,0,0,0
Zone_16,11,-1,2022/10/18 14:30:00,39.60,1.00,28.0,27,0,26,0,1,0,0,0,0,0,0,0
Zone_16,11,-1,2022/10/18 14:45:00,39.60,1.00,19.0,18,0,17,0,1,0,0,0,0,0,0,0
Zone_16,11,-1,2022/10/18 15:00:00,39.60,1.00,13.0,12,0,11,0,1,0,0,0,0,0,0,0
Zone_16,11,-1,2022/10/18 15:15:00,37.27,1.06,38.0,32,0,26,3,3,0,0,0,0,0,0,0
Zone_16,11,-1,2022/10/18 15:30:00,39.60,1.00,24.0,20,0,16,3,1,0,0,0,0,0,0,0
Zone_16,11,-1,2022/10/18 15:45:00,38.19,1.04,28.0,27,0,26,0,1,0,0,0,0,0,0,0
Zone_16,11,-1,2022/10/18 16:00:00,39.60,1.00,22.0,21,0,20,0,1,0,0,0,0,0,0,0
Zone_16,11,-1,2022/10/18 16:15:00,39.60,1.00,28.0,25,0,22,0,3,0,0,0,0,0,0,0
Zone_16,11,-1,2022/10/18 16:30:00,37.12,1.07,31.0,30,0,29,0,1,0,0,0,0,0,0,0
Zone_16,11,-1,2022/10/18 16:45:00,38.53,1.03,37.0,36,0,35,0,1,0,0,0,0,0,0,0
Zone_16,11,-1,2022/10/18 17:00:00,37.62,1.05,42.0,38,0,34,2,2,0,0,0,0,0,0,0
Zone_16,11,-1,2022/10/18 17:15:00,39.60,1.00,23.0,21,0,19,0,2,0,0,0,0,0,0,0
Zone_16,11,-1,2022/10/18 17:30:00,38.08,1.04,26.0,25,0,24,0,1,0,0,0,0,0,0,0
Zone_16,11,-1,2022/10/18 17:45:00,38.74,1.02,47.0,45,0,43,1,1,0,0,0,0,0,0,0
Zone_16,11,-1,2022/10/18 18:00:00,39.60,1.00,19.0,18,0,17,0,1,0,0,0,0,0,0,0
Zone_16,11,-1,2022/10/18 18:15:00,39.60,1.00,26.0,24,0,22,0,2,0,0,0,0,0,0,0
Zone_16,11,-1,2022/10/18 18:30:00,39.60,1.00,40.0,40,0,40,0,0,0,0,0,0,0,0,0
Zone_16,11,-1,2022/10/18 18:45:00,38.32,1.03,32.0,30,0,28,0,2,0,0,0,0,0,0,0
Zone_17,11,-1,2022/10/18 06:30:00,-1.00,-1.00,0.0,0,0,0,0,0,0,0,0,0,0,0,0
Zone_17,11,-1,2022/10/18 06:45:00,-1.00,-1.00,0.0,0,0,0,0,0,0,0,0,0,0,0,0
Zone_17,11,-1,2022/10/18 07:00:00,-1.00,-1.00,0.0,0,0,0,0,0,0,0,0,0,0,0,0
Zone_17,11,-1,2022/10/18 07:15:00,-1.00,-1.00,0.0,0,0,0,0,0,0,0,0,0,0,0,0
Zone_17,11,-1,2022/10/18 07:30:00,-1.00,-1.00,0.0,0,0,0,0,0,0,0,0,0,0,0,0
Zone_17,11,-1,2022/10/18 07:45:00,-1.00,-1.00,0.0,0,0,0,0,0,0,0,0,0,0,0,0
Zone_17,11,-1,2022/10/18 08:00:00,-1.00,-1.00,0.0,0,0,0,0,0,0,0,0,0,0,0,0
Zone_17,11,-1,2022/10/18 08:15:00,-1.00,-1.00,0.0,0,0,0,0,0,0,0,0,0,0,0,0
Zone_17,11,-1,2022/10/18 08:30:00,-1.00,-1.00,0.0,0,0,0,0,0,0,0,0,0,0,0,0
Zone_17,11,-1,2022/10/18 08:45:00,-1.00,-1.00,0.0,0,0,0,0,0,0,0,0,0,0,0,0
Zone_17,11,-1,2022/10/18 09:00:00,-1.00,-1.00,0.0,0,0,0,0,0,0,0,0,0,0,0,0
Zone_17,11,-1,2022/10/18 09:15:00,-1.00,-1.00,0.0,0,0,0,0,0,0,0,0,0,0,0,0
Zone_17,11,-1,2022/10/18 09:30:00,-1.00,-1.00,0.0,0,0,0,0,0,0,0,0,0,0,0,0
Zone_17,11,-1,2022/10/18 09:45:00,-1.00,-1.00,0.0,0,0,0,0,0,0,0,0,0,0,0,0
Zone_17,11,-1,2022/10/18 10:00:00,-1.00,-1.00,0.0,0,0,0,0,0,0,0,0,0,0,0,0
Zone_17,11,-1,2022/10/18 10:15:00,-1.00,-1.00,0.0,0,0,0,0,0,0,0,0,0,0,0,0
Zone_17,11,-1,2022/10/18 10:30:00,-1.00,-1.00,0.0,0,0,0,0,0,0,0,0,0,0,0,0
Zone_17,11,-1,2022/10/18 10:45:00,-1.00,-1.00,0.0,0,0,0,0,0,0,0,0,0,0,0,0
Zone_17,11,-1,2022/10/18 11:00:00,-1.00,-1.00,0.0,0,0,0,0,0,0,0,0,0,0,0,0
Zone_17,11,-1,2022/10/18 11:15:00,-1.00,-1.00,0.0,0,0,0,0,0,0,0,0,0,0,0,0
Zone_17,11,-1,2022/10/18 11:30:00,-1.00,-1.00,0.0,0,0,0,0,0,0,0,0,0,0,0,0
Zone_17,11,-1,2022/10/18 11:45:00,-1.00,-1.00,0.0,0,0,0,0,0,0,0,0,0,0,0,0
Zone_17,11,-1,2022/10/18 12:00:00,-1.00,-1.00,0.0,0,0,0,0,0,0,0,0,0,0,0,0
Zone_17,11,-1,2022/10/18 12:15:00,-1.00,-1.00,0.0,0,0,0,0,0,0,0,0,0,0,0,0
Zone_17,11,-1,2022/10/18 12:30:00,-1.00,-1.00,0.0,0,0,0,0,0,0,0,0,0,0,0,0
Zone_17,11,-1,2022/10/18 12:45:00,-1.00,-1.00,0.0,0,0,0,0,0,0,0,0,0,0,0,0
Zone_17,11,-1,2022/10/18 13:00:00,-1.00,-1.00,0.0,0,0,0,0,0,0,0,0,0,0,0,0
Zone_17,11,-1,2022/10/18 13:15:00,-1.00,-1.00,0.0,0,0,0,0,0,0,0,0,0,0,0,0
Zone_17,11,-1,2022/10/18 13:30:00,-1.00,-1.00,0.0,0,0,0,0,0,0,0,0,0,0,0,0
Zone_17,11,-1,2022/10/18 13:45:00,-1.00,-1.00,0.0,0,0,0,0,0,0,0,0,0,0,0,0
Zone_17,11,-1,2022/10/18 14:00:00,-1.00,-1.00,0.0,0,0,0,0,0,0,0,0,0,0,0,0
Zone_17,11,-1,2022/10/18 14:15:00,-1.00,-1.00,0.0,0,0,0,0,0,0,0,0,0,0,0,0
Zone_17,11,-1,2022/10/18 14:30:00,-1.00,-1.00,0.0,0,0,0,0,0,0,0,0,0,0,0,0
Zone_17,11,-1,2022/10/18 14:45:00,-1.00,-1.00,0.0,0,0,0,0,0,0,0,0,0,0,0,0
Zone_17,11,-1,2022/10/18 15:00:00,-1.00,-1.00,0.0,0,0,0,0,0,0,0,0,0,0,0,0
Zone_17,11,-1,2022/10/18 15:15:00,-1.00,-1.00,0.0,0,0,0,0,0,0,0,0,0,0,0,0
Zone_17,11,-1,2022/10/18 15:30:00,-1.00,-1.00,0.0,0,0,0,0,0,0,0,0,0,0,0,0
Zone_17,11,-1,2022/10/18 15:45:00,-1.00,-1.00,0.0,0,0,0,0,0,0,0,0,0,0,0,0
Zone_17,11,-1,2022/10/18 16:00:00,-1.00,-1.00,0.0,0,0,0,0,0,0,0,0,0,0,0,0
Zone_17,11,-1,2022/10/18 16:15:00,-1.00,-1.00,0.0,0,0,0,0,0,0,0,0,0,0,0,0
Zone_17,11,-1,2022/10/18 16:30:00,-1.00,-1.00,0.0,0,0,0,0,0,0,0,0,0,0,0,0
Zone_17,11,-1,2022/10/18 16:45:00,-1.00,-1.00,0.0,0,0,0,0,0,0,0,0,0,0,0,0
Zone_17,11,-1,2022/10/18 17:00:00,-1.00,-1.00,0.0,0,0,0,0,0,0,0,0,0,0,0,0
Zone_17,11,-1,2022/10/18 17:15:00,-1.00,-1.00,0.0,0,0,0,0,0,0,0,0,0,0,0,0
Zone_17,11,-1,2022/10/18 17:30:00,-1.00,-1.00,0.0,0,0,0,0,0,0,0,0,0,0,0,0
Zone_17,11,-1,2022/10/18 17:45:00,-1.00,-1.00,0.0,0,0,0,0,0,0,0,0,0,0,0,0
Zone_17,11,-1,2022/10/18 18:00:00,-1.00,-1.00,0.0,0,0,0,0,0,0,0,0,0,0,0,0
Zone_17,11,-1,2022/10/18 18:15:00,-1.00,-1.00,0.0,0,0,0,0,0,0,0,0,0,0,0,0
Zone_17,11,-1,2022/10/18 18:30:00,-1.00,-1.00,0.0,0,0,0,0,0,0,0,0,0,0,0,0
Zone_17,11,-1,2022/10/18 18:45:00,-1.00,-1.00,0.0,0,0,0,0,0,0,0,0,0,0,0,0
Zone_18,11,-1,2022/10/18 06:30:00,-1.00,-1.00,0.0,0,0,0,0,0,0,0,0,0,0,0,0
Zone_18,11,-1,2022/10/18 06:45:00,-1.00,-1.00,0.0,0,0,0,0,0,0,0,0,0,0,0,0
Zone_18,11,-1,2022/10/18 07:00:00,-1.00,-1.00,0.0,0,0,0,0,0,0,0,0,0,0,0,0
Zone_18,11,-1,2022/10/18 07:15:00,-1.00,-1.00,0.0,0,0,0,0,0,0,0,0,0,0,0,0
Zone_18,11,-1,2022/10/18 07:30:00,-1.00,-1.00,0.0,0,0,0,0,0,0,0,0,0,0,0,0
Zone_18,11,-1,2022/10/18 07:45:00,-1.00,-1.00,0.0,0,0,0,0,0,0,0,0,0,0,0,0
Zone_18,11,-1,2022/10/18 08:00:00,-1.00,-1.00,0.0,0,0,0,0,0,0,0,0,0,0,0,0
Zone_18,11,-1,2022/10/18 08:15:00,-1.00,-1.00,0.0,0,0,0,0,0,0,0,0,0,0,0,0
Zone_18,11,-1,2022/10/18 08:30:00,-1.00,-1.00,0.0,0,0,0,0,0,0,0,0,0,0,0,0
Zone_18,11,-1,2022/10/18 08:45:00,-1.00,-1.00,0.0,0,0,0,0,0,0,0,0,0,0,0,0
Zone_18,11,-1,2022/10/18 09:00:00,-1.00,-1.00,0.0,0,0,0,0,0,0,0,0,0,0,0,0
Zone_18,11,-1,2022/10/18 09:15:00,-1.00,-1.00,0.0,0,0,0,0,0,0,0,0,0,0,0,0
Zone_18,11,-1,2022/10/18 09:30:00,-1.00,-1.00,0.0,0,0,0,0,0,0,0,0,0,0,0,0
Zone_18,11,-1,2022/10/18 09:45:00,-1.00,-1.00,0.0,0,0,0,0,0,0,0,0,0,0,0,0
Zone_18,11,-1,2022/10/18 10:00:00,-1.00,-1.00,0.0,0,0,0,0,0,0,0,0,0,0,0,0
Zone_18,11,-1,2022/10/18 10:15:00,-1.00,-1.00,0.0,0,0,0,0,0,0,0,0,0,0,0,0
Zone_18,11,-1,2022/10/18 10:30:00,-1.00,-1.00,0.0,0,0,0,0,0,0,0,0,0,0,0,0
Zone_18,11,-1,2022/10/18 10:45:00,-1.00,-1.00,0.0,0,0,0,0,0,0,0,0,0,0,0,0
Zone_18,11,-1,2022/10/18 11:00:00,-1.00,-1.00,0.0,0,0,0,0,0,0,0,0,0,0,0,0
Zone_18,11,-1,2022/10/18 11:15:00,-1.00,-1.00,0.0,0,0,0,0,0,0,0,0,0,0,0,0
Zone_18,11,-1,2022/10/18 11:30:00,-1.00,-1.00,0.0,0,0,0,0,0,0,0,0,0,0,0,0
Zone_18,11,-1,2022/10/18 11:45:00,-1.00,-1.00,0.0,0,0,0,0,0,0,0,0,0,0,0,0
Zone_18,11,-1,2022/10/18 12:00:00,-1.00,-1.00,0.0,0,0,0,0,0,0,0,0,0,0,0,0
Zone_18,11,-1,2022/10/18 12:15:00,-1.00,-1.00,0.0,0,0,0,0,0,0,0,0,0,0,0,0
Zone_18,11,-1,2022/10/18 12:30:00,-1.00,-1.00,0.0,0,0,0,0,0,0,0,0,0,0,0,0
Zone_18,11,-1,2022/10/18 12:45:00,-1.00,-1.00,0.0,0,0,0,0,0,0,0,0,0,0,0,0
Zone_18,11,-1,2022/10/18 13:00:00,-1.00,-1.00,0.0,0,0,0,0,0,0,0,0,0,0,0,0
Zone_18,11,-1,2022/10/18 13:15:00,-1.00,-1.00,0.0,0,0,0,0,0,0,0,0,0,0,0,0
Zone_18,11,-1,2022/10/18 13:30:00,-1.00,-1.00,0.0,0,0,0,0,0,0,0,0,0,0,0,0
Zone_18,11,-1,2022/10/18 13:45:00,-1.00,-1.00,0.0,0,0,0,0,0,0,0,0,0,0,0,0
Zone_18,11,-1,2022/10/18 14:00:00,-1.00,-1.00,0.0,0,0,0,0,0,0,0,0,0,0,0,0
Zone_18,11,-1,2022/10/18 14:15:00,-1.00,-1.00,0.0,0,0,0,0,0,0,0,0,0,0,0,0
Zone_18,11,-1,2022/10/18 14:30:00,-1.00,-1.00,0.0,0,0,0,0,0,0,0,0,0,0,0,0
Zone_18,11,-1,2022/10/18 14:45:00,-1.00,-1.00,0.0,0,0,0,0,0,0,0,0,0,0,0,0
Zone_18,11,-1,2022/10/18 15:00:00,-1.00,-1.00,0.0,0,0,0,0,0,0,0,0,0,0,0,0
Zone_18,11,-1,2022/10/18 15:15:00,-1.00,-1.00,0.0,0,0,0,0,0,0,0,0,0,0,0,0
Zone_18,11,-1,2022/10/18 15:30:00,-1.00,-1.00,0.0,0,0,0,0,0,0,0,0,0,0,0,0
Zone_18,11,-1,2022/10/18 15:45:00,-1.00,-1.00,0.0,0,0,0,0,0,0,0,0,0,0,0,0
Zone_18,11,-1,2022/10/18 16:00:00,-1.00,-1.00,0.0,0,0,0,0,0,0,0,0,0,0,0,0
Zone_18,11,-1,2022/10/18 16:15:00,-1.00,-1.00,0.0,0,0,0,0,0,0,0,0,0,0,0,0
Zone_18,11,-1,2022/10/18 16:30:00,-1.00,-1.00,0.0,0,0,0,0,0,0,0,0,0,0,0,0
Zone_18,11,-1,2022/10/18 16:45:00,-1.00,-1.00,0.0,0,0,0,0,0,0,0,0,0,0,0,0
Zone_18,11,-1,2022/10/18 17:00:00,-1.00,-1.00,0.0,0,0,0,0,0,0,0,0,0,0,0,0
Zone_18,11,-1,2022/10/18 17:15:00,-1.00,-1.00,0.0,0,0,0,0,0,0,0,0,0,0,0,0
Zone_18,11,-1,2022/10/18 17:30:00,-1.00,-1.00,0.0,0,0,0,0,0,0,0,0,0,0,0,0
Zone_18,11,-1,2022/10/18 17:45:00,-1.00,-1.00,0.0,0,0,0,0,0,0,0,0,0,0,0,0
Zone_18,11,-1,2022/10/18 18:00:00,-1.00,-1.00,0.0,0,0,0,0,0,0,0,0,0,0,0,0
Zone_18,11,-1,2022/10/18 18:15:00,-1.00,-1.00,0.0,0,0,0,0,0,0,0,0,0,0,0,0
Zone_18,11,-1,2022/10/18 18:30:00,-1.00,-1.00,0.0,0,0,0,0,0,0,0,0,0,0,0,0
Zone_18,11,-1,2022/10/18 18:45:00,-1.00,-1.00,0.0,0,0,0,0,0,0,0,0,0,0,0,0
Zone_19,11,-1,2022/10/18 06:30:00,-1.00,-1.00,0.0,0,0,0,0,0,0,0,0,0,0,0,0
Zone_19,11,-1,2022/10/18 06:45:00,-1.00,-1.00,0.0,0,0,0,0,0,0,0,0,0,0,0,0
Zone_19,11,-1,2022/10/18 07:00:00,-1.00,-1.00,0.0,0,0,0,0,0,0,0,0,0,0,0,0
Zone_19,11,-1,2022/10/18 07:15:00,-1.00,-1.00,0.0,0,0,0,0,0,0,0,0,0,0,0,0
Zone_19,11,-1,2022/10/18 07:30:00,-1.00,-1.00,0.0,0,0,0,0,0,0,0,0,0,0,0,0
Zone_19,11,-1,2022/10/18 07:45:00,-1.00,-1.00,0.0,0,0,0,0,0,0,0,0,0,0,0,0
Zone_19,11,-1,2022/10/18 08:00:00,-1.00,-1.00,0.0,0,0,0,0,0,0,0,0,0,0,0,0
Zone_19,11,-1,2022/10/18 08:15:00,-1.00,-1.00,0.0,0,0,0,0,0,0,0,0,0,0,0,0
Zone_19,11,-1,2022/10/18 08:30:00,-1.00,-1.00,0.0,0,0,0,0,0,0,0,0,0,0,0,0
Zone_19,11,-1,2022/10/18 08:45:00,-1.00,-1.00,0.0,0,0,0,0,0,0,0,0,0,0,0,0
Zone_19,11,-1,2022/10/18 09:00:00,-1.00,-1.00,0.0,0,0,0,0,0,0,0,0,0,0,0,0
Zone_19,11,-1,2022/10/18 09:15:00,-1.00,-1.00,0.0,0,0,0,0,0,0,0,0,0,0,0,0
Zone_19,11,-1,2022/10/18 09:30:00,-1.00,-1.00,0.0,0,0,0,0,0,0,0,0,0,0,0,0
Zone_19,11,-1,2022/10/18 09:45:00,-1.00,-1.00,0.0,0,0,0,0,0,0,0,0,0,0,0,0
Zone_19,11,-1,2022/10/18 10:00:00,-1.00,-1.00,0.0,0,0,0,0,0,0,0,0,0,0,0,0
Zone_19,11,-1,2022/10/18 10:15:00,-1.00,-1.00,0.0,0,0,0,0,0,0,0,0,0,0,0,0
Zone_19,11,-1,2022/10/18 10:30:00,-1.00,-1.00,0.0,0,0,0,0,0,0,0,0,0,0,0,0
Zone_19,11,-1,2022/10/18 10:45:00,-1.00,-1.00,0.0,0,0,0,0,0,0,0,0,0,0,0,0
Zone_19,11,-1,2022/10/18 11:00:00,-1.00,-1.00,0.0,0,0,0,0,0,0,0,0,0,0,0,0
Zone_19,11,-1,2022/10/18 11:15:00,-1.00,-1.00,0.0,0,0,0,0,0,0,0,0,0,0,0,0
Zone_19,11,-1,2022/10/18 11:30:00,-1.00,-1.00,0.0,0,0,0,0,0,0,0,0,0,0,0,0
Zone_19,11,-1,2022/10/18 11:45:00,-1.00,-1.00,0.0,0,0,0,0,0,0,0,0,0,0,0,0
Zone_19,11,-1,2022/10/18 12:00:00,-1.00,-1.00,0.0,0,0,0,0,0,0,0,0,0,0,0,0
Zone_19,11,-1,2022/10/18 12:15:00,-1.00,-1.00,0.0,0,0,0,0,0,0,0,0,0,0,0,0
Zone_19,11,-1,2022/10/18 12:30:00,-1.00,-1.00,0.0,0,0,0,0,0,0,0,0,0,0,0,0
Zone_19,11,-1,2022/10/18 12:45:00,-1.00,-1.00,0.0,0,0,0,0,0,0,0,0,0,0,0,0
Zone_19,11,-1,2022/10/18 13:00:00,-1.00,-1.00,0.0,0,0,0,0,0,0,0,0,0,0,0,0
Zone_19,11,-1,2022/10/18 13:15:00,-1.00,-1.00,0.0,0,0,0,0,0,0,0,0,0,0,0,0
Zone_19,11,-1,2022/10/18 13:30:00,-1.00,-1.00,0.0,0,0,0,0,0,0,0,0,0,0,0,0
Zone_19,11,-1,2022/10/18 13:45:00,-1.00,-1.00,0.0,0,0,0,0,0,0,0,0,0,0,0,0
Zone_19,11,-1,2022/10/18 14:00:00,-1.00,-1.00,0.0,0,0,0,0,0,0,0,0,0,0,0,0
Zone_19,11,-1,2022/10/18 14:15:00,-1.00,-1.00,0.0,0,0,0,0,0,0,0,0,0,0,0,0
Zone_19,11,-1,2022/10/18 14:30:00,-1.00,-1.00,0.0,0,0,0,0,0,0,0,0,0,0,0,0
Zone_19,11,-1,2022/10/18 14:45:00,-1.00,-1.00,0.0,0,0,0,0,0,0,0,0,0,0,0,0
Zone_19,11,-1,2022/10/18 15:00:00,-1.00,-1.00,0.0,0,0,0,0,0,0,0,0,0,0,0,0
Zone_19,11,-1,2022/10/18 15:15:00,-1.00,-1.00,0.0,0,0,0,0,0,0,0,0,0,0,0,0
Zone_19,11,-1,2022/10/18 15:30:00,-1.00,-1.00,0.0,0,0,0,0,0,0,0,0,0,0,0,0
Zone_19,11,-1,2022/10/18 15:45:00,-1.00,-1.00,0.0,0,0,0,0,0,0,0,0,0,0,0,0
Zone_19,11,-1,2022/10/18 16:00:00,-1.00,-1.00,0.0,0,0,0,0,0,0,0,0,0,0,0,0
Zone_19,11,-1,2022/10/18 16:15:00,-1.00,-1.00,0.0,0,0,0,0,0,0,0,0,0,0,0,0
Zone_19,11,-1,2022/10/18 16:30:00,-1.00,-1.00,0.0,0,0,0,0,0,0,0,0,0,0,0,0
Zone_19,11,-1,2022/10/18 16:45:00,-1.00,-1.00,0.0,0,0,0,0,0,0,0,0,0,0,0,0
Zone_19,11,-1,2022/10/18 17:00:00,-1.00,-1.00,0.0,0,0,0,0,0,0,0,0,0,0,0,0
Zone_19,11,-1,2022/10/18 17:15:00,-1.00,-1.00,0.0,0,0,0,0,0,0,0,0,0,0,0,0
Zone_19,11,-1,2022/10/18 17:30:00,-1.00,-1.00,0.0,0,0,0,0,0,0,0,0,0,0,0,0
Zone_19,11,-1,2022/10/18 17:45:00,-1.00,-1.00,0.0,0,0,0,0,0,0,0,0,0,0,0,0
Zone_19,11,-1,2022/10/18 18:00:00,-1.00,-1.00,0.0,0,0,0,0,0,0,0,0,0,0,0,0
Zone_19,11,-1,2022/10/18 18:15:00,-1.00,-1.00,0.0,0,0,0,0,0,0,0,0,0,0,0,0
Zone_19,11,-1,2022/10/18 18:30:00,-1.00,-1.00,0.0,0,0,0,0,0,0,0,0,0,0,0,0
Zone_19,11,-1,2022/10/18 18:45:00,-1.00,-1.00,0.0,0,0,0,0,0,0,0,0,0,0,0,0
Zone_2,11,-1,2022/10/18 06:30:00,37.95,1.04,50.0,46,0,42,3,1,0,0,0,0,0,0,0
Zone_2,11,-1,2022/10/18 06:45:00,36.84,1.07,41.0,40,0,39,1,0,0,0,0,0,0,0,0
Zone_2,11,-1,2022/10/18 07:00:00,37.84,1.05,46.0,43,0,40,3,0,0,0,0,0,0,0,0
Zone_2,11,-1,2022/10/18 07:15:00,36.55,1.08,82.0,72,0,62,3,7,0,0,0,0,0,0,0
Zone_2,11,-1,2022/10/18 07:30:00,35.43,1.12,90.0,85,0,80,4,1,0,0,0,0,0,0,0
Zone_2,11,-1,2022/10/18 07:45:00,35.11,1.13,96.0,86,0,76,6,4,0,0,0,0,0,0,0
Zone_2,11,-1,2022/10/18 08:00:00,37.06,1.07,81.0,73,0,65,3,5,0,0,0,0,0,0,0
Zone_2,11,-1,2022/10/18 08:15:00,30.64,1.29,117.0,106,0,95,6,5,0,0,0,0,0,0,0
Zone_2,11,-1,2022/10/18 08:30:00,31.35,1.26,122.0,114,0,106,6,2,0,0,0,0,0,0,0
Zone_2,11,-1,2022/10/18 08:45:00,37.30,1.06,88.0,81,0,74,5,2,0,0,0,0,0,0,0
Zone_2,11,-1,2022/10/18 09:00:00,34.91,1.13,76.0,67,0,58,8,1,0,0,0,0,0,0,0
Zone_2,11,-1,2022/10/18 09:15:00,33.40,1.19,84.0,70,0,56,14,0,0,0,0,0,0,0,0
Zone_2,11,-1,2022/10/18 09:30:00,36.85,1.07,73.0,67,0,61,6,0,0,0,0,0,0,0,0
Zone_2,11,-1,2022/10/18 09:45:00,35.85,1.10,73.0,67,0,61,6,0,0,0,0,0,0,0,0
Zone_2,11,-1,2022/10/18 10:00:00,37.59,1.05,61.0,56,0,51,5,0,0,0,0,0,0,0,0
Zone_2,11,-1,2022/10/18 10:15:00,35.75,1.11,75.0,65,0,55,9,1,0,0,0,0,0,0,0
Zone_2,11,-1,2022/10/18 10:30:00,38.87,1.02,63.0,53,0,43,10,0,0,0,0,0,0,0,0
Zone_2,11,-1,2022/10/18 10:45:00,37.40,1.06,56.0,51,0,46,5,0,0,0,0,0,0,0,0
Zone_2,11,-1,2022/10/18 11:00:00,36.96,1.07,67.0,56,0,45,10,1,0,0,0,0,0,0,0
Zone_2,11,-1,2022/10/18 11:15:00,38.05,1.04,57.0,49,0,41,5,3,0,0,0,0,0,0,0
Zone_2,11,-1,2022/10/18 11:30:00,39.60,1.00,48.0,41,0,34,7,0,0,0,0,0,0,0,0
Zone_2,11,-1,2022/10/18 11:45:00,38.68,1.02,47.0,42,0,37,5,0,0,0,0,0,0,0,0
Zone_2,11,-1,2022/10/18 12:00:00,34.03,1.16,60.0,55,0,50,5,0,0,0,0,0,0,0,0
Zone_2,11,-1,2022/10/18 12:15:00,33.88,1.17,85.0,77,0,69,5,3,0,0,0,0,0,0,0
Zone_2,11,-1,2022/10/18 12:30:00,34.51,1.15,73.0,61,0,49,8,4,0,0,0,0,0,0,0
Zone_2,11,-1,2022/10/18 12:45:00,38.47,1.03,34.0,34,0,34,0,0,0,0,0,0,0,0,0
Zone_2,11,-1,2022/10/18 13:00:00,34.23,1.16,61.0,51,0,41,8,2,0,0,0,0,0,0,0
Zone_2,11,-1,2022/10/18 13:15:00,35.12,1.13,57.0,47,0,37,9,1,0,0,0,0,0,0,0
Zone_2,11,-1,2022/10/18 13:30:00,35.83,1.11,44.0,38,0,32,6,0,0,0,0,0,0,0,0
Zone_2,11,-1,2022/10/18 13:45:00,39.60,1.00,43.0,36,0,29,6,1,0,0,0,0,0,0,0
Zone_2,11,-1,2022/10/18 14:00:00,39.60,1.00,44.0,39,0,34,2,3,0,0,0,0,0,0,0
Zone_2,11,-1,2022/10/18 14:15:00,38.11,1.04,54.0,51,0,48,3,0,0,0,0,0,0,0,0
Zone_2,11,-1,2022/10/18 14:30:00,35.64,1.11,50.0,45,0,40,5,0,0,0,0,0,0,0,0
Zone_2,11,-1,2022/10/18 14:45:00,38.74,1.02,49.0,45,0,41,3,1,0,0,0,0,0,0,0
Zone_2,11,-1,2022/10/18 15:00:00,37.98,1.04,54.0,47,0,40,7,0,0,0,0,0,0,0,0
Zone_2,11,-1,2022/10/18 15:15:00,39.60,1.00,41.0,40,0,39,0,1,0,0,0,0,0,0,0
Zone_2,11,-1,2022/10/18 15:30:00,38.89,1.02,61.0,55,0,49,6,0,0,0,0,0,0,0,0
Zone_2,11,-1,2022/10/18 15:45:00,38.88,1.02,57.0,54,0,51,0,3,0,0,0,0,0,0,0
Zone_2,11,-1,2022/10/18 16:00:00,37.57,1.05,82.0,74,0,66,8,0,0,0,0,0,0,0,0
Zone_2,11,-1,2022/10/18 16:15:00,36.92,1.07,61.0,55,0,49,6,0,0,0,0,0,0,0,0
Zone_2,11,-1,2022/10/18 16:30:00,36.67,1.08,78.0,75,0,72,3,0,0,0,0,0,0,0,0
Zone_2,11,-1,2022/10/18 16:45:00,35.26,1.12,73.0,65,0,57,8,0,0,0,0,0,0,0,0
Zone_2,11,-1,2022/10/18 17:00:00,39.60,1.00,75.0,63,0,51,7,5,0,0,0,0,0,0,0
Zone_2,11,-1,2022/10/18 17:15:00,36.55,1.08,74.0,72,0,70,2,0,0,0,0,0,0,0,0
Zone_2,11,-1,2022/10/18 17:30:00,34.54,1.15,85.0,82,0,79,0,3,0,0,0,0,0,0,0
Zone_2,11,-1,2022/10/18 17:45:00,39.60,1.00,73.0,70,0,67,2,1,0,0,0,0,0,0,0
Zone_2,11,-1,2022/10/18 18:00:00,36.96,1.07,84.0,84,0,84,0,0,0,0,0,0,0,0,0
Zone_2,11,-1,2022/10/18 18:15:00,38.38,1.03,66.0,63,0,60,2,1,0,0,0,0,0,0,0
Zone_2,11,-1,2022/10/18 18:30:00,37.52,1.06,54.0,54,0,54,0,0,0,0,0,0,0,0,0
Zone_2,11,-1,2022/10/18 18:45:00,37.40,1.06,52.0,51,0,50,0,1,0,0,0,0,0,0,0
Zone_20,11,-1,2022/10/18 06:30:00,-1.00,-1.00,0.0,0,0,0,0,0,0,0,0,0,0,0,0
Zone_20,11,-1,2022/10/18 06:45:00,-1.00,-1.00,0.0,0,0,0,0,0,0,0,0,0,0,0,0
Zone_20,11,-1,2022/10/18 07:00:00,-1.00,-1.00,0.0,0,0,0,0,0,0,0,0,0,0,0,0
Zone_20,11,-1,2022/10/18 07:15:00,-1.00,-1.00,0.0,0,0,0,0,0,0,0,0,0,0,0,0
Zone_20,11,-1,2022/10/18 07:30:00,-1.00,-1.00,0.0,0,0,0,0,0,0,0,0,0,0,0,0
Zone_20,11,-1,2022/10/18 07:45:00,-1.00,-1.00,0.0,0,0,0,0,0,0,0,0,0,0,0,0
Zone_20,11,-1,2022/10/18 08:00:00,-1.00,-1.00,0.0,0,0,0,0,0,0,0,0,0,0,0,0
Zone_20,11,-1,2022/10/18 08:15:00,-1.00,-1.00,0.0,0,0,0,0,0,0,0,0,0,0,0,0
Zone_20,11,-1,2022/10/18 08:30:00,-1.00,-1.00,0.0,0,0,0,0,0,0,0,0,0,0,0,0
Zone_20,11,-1,2022/10/18 08:45:00,-1.00,-1.00,0.0,0,0,0,0,0,0,0,0,0,0,0,0
Zone_20,11,-1,2022/10/18 09:00:00,-1.00,-1.00,0.0,0,0,0,0,0,0,0,0,0,0,0,0
Zone_20,11,-1,2022/10/18 09:15:00,-1.00,-1.00,0.0,0,0,0,0,0,0,0,0,0,0,0,0
Zone_20,11,-1,2022/10/18 09:30:00,-1.00,-1.00,0.0,0,0,0,0,0,0,0,0,0,0,0,0
Zone_20,11,-1,2022/10/18 09:45:00,-1.00,-1.00,0.0,0,0,0,0,0,0,0,0,0,0,0,0
Zone_20,11,-1,2022/10/18 10:00:00,-1.00,-1.00,0.0,0,0,0,0,0,0,0,0,0,0,0,0
Zone_20,11,-1,2022/10/18 10:15:00,-1.00,-1.00,0.0,0,0,0,0,0,0,0,0,0,0,0,0
Zone_20,11,-1,2022/10/18 10:30:00,-1.00,-1.00,0.0,0,0,0,0,0,0,0,0,0,0,0,0
Zone_20,11,-1,2022/10/18 10:45:00,-1.00,-1.00,0.0,0,0,0,0,0,0,0,0,0,0,0,0
Zone_20,11,-1,2022/10/18 11:00:00,-1.00,-1.00,0.0,0,0,0,0,0,0,0,0,0,0,0,0
Zone_20,11,-1,2022/10/18 11:15:00,-1.00,-1.00,0.0,0,0,0,0,0,0,0,0,0,0,0,0
Zone_20,11,-1,2022/10/18 11:30:00,-1.00,-1.00,0.0,0,0,0,0,0,0,0,0,0,0,0,0
Zone_20,11,-1,2022/10/18 11:45:00,-1.00,-1.00,0.0,0,0,0,0,0,0,0,0,0,0,0,0
Zone_20,11,-1,2022/10/18 12:00:00,-1.00,-1.00,0.0,0,0,0,0,0,0,0,0,0,0,0,0
Zone_20,11,-1,2022/10/18 12:15:00,-1.00,-1.00,0.0,0,0,0,0,0,0,0,0,0,0,0,0
Zone_20,11,-1,2022/10/18 12:30:00,-1.00,-1.00,0.0,0,0,0,0,0,0,0,0,0,0,0,0
Zone_20,11,-1,2022/10/18 12:45:00,-1.00,-1.00,0.0,0,0,0,0,0,0,0,0,0,0,0,0
Zone_20,11,-1,2022/10/18 13:00:00,-1.00,-1.00,0.0,0,0,0,0,0,0,0,0,0,0,0,0
Zone_20,11,-1,2022/10/18 13:15:00,-1.00,-1.00,0.0,0,0,0,0,0,0,0,0,0,0,0,0
Zone_20,11,-1,2022/10/18 13:30:00,-1.00,-1.00,0.0,0,0,0,0,0,0,0,0,0,0,0,0
Zone_20,11,-1,2022/10/18 13:45:00,-1.00,-1.00,0.0,0,0,0,0,0,0,0,0,0,0,0,0
Zone_20,11,-1,2022/10/18 14:00:00,-1.00,-1.00,0.0,0,0,0,0,0,0,0,0,0,0,0,0
Zone_20,11,-1,2022/10/18 14:15:00,-1.00,-1.00,0.0,0,0,0,0,0,0,0,0,0,0,0,0
Zone_20,11,-1,2022/10/18 14:30:00,-1.00,-1.00,0.0,0,0,0,0,0,0,0,0,0,0,0,0
Zone_20,11,-1,2022/10/18 14:45:00,-1.00,-1.00,0.0,0,0,0,0,0,0,0,0,0,0,0,0
Zone_20,11,-1,2022/10/18 15:00:00,-1.00,-1.00,0.0,0,0,0,0,0,0,0,0,0,0,0,0
Zone_20,11,-1,2022/10/18 15:15:00,-1.00,-1.00,0.0,0,0,0,0,0,0,0,0,0,0,0,0
Zone_20,11,-1,2022/10/18 15:30:00,-1.00,-1.00,0.0,0,0,0,0,0,0,0,0,0,0,0,0
Zone_20,11,-1,2022/10/18 15:45:00,-1.00,-1.00,0.0,0,0,0,0,0,0,0,0,0,0,0,0
Zone_20,11,-1,2022/10/18 16:00:00,-1.00,-1.00,0.0,0,0,0,0,0,0,0,0,0,0,0,0
Zone_20,11,-1,2022/10/18 16:15:00,-1.00,-1.00,0.0,0,0,0,0,0,0,0,0,0,0,0,0
Zone_20,11,-1,2022/10/18 16:30:00,-1.00,-1.00,0.0,0,0,0,0,0,0,0,0,0,0,0,0
Zone_20,11,-1,2022/10/18 16:45:00,-1.00,-1.00,0.0,0,0,0,0,0,0,0,0,0,0,0,0
Zone_20,11,-1,2022/10/18 17:00:00,-1.00,-1.00,0.0,0,0,0,0,0,0,0,0,0,0,0,0
Zone_20,11,-1,2022/10/18 17:15:00,-1.00,-1.00,0.0,0,0,0,0,0,0,0,0,0,0,0,0
Zone_20,11,-1,2022/10/18 17:30:00,-1.00,-1.00,0.0,0,0,0,0,0,0,0,0,0,0,0,0
Zone_20,11,-1,2022/10/18 17:45:00,-1.00,-1.00,0.0,0,0,0,0,0,0,0,0,0,0,0,0
Zone_20,11,-1,2022/10/18 18:00:00,-1.00,-1.00,0.0,0,0,0,0,0,0,0,0,0,0,0,0
Zone_20,11,-1,2022/10/18 18:15:00,-1.00,-1.00,0.0,0,0,0,0,0,0,0,0,0,0,0,0
Zone_20,11,-1,2022/10/18 18:30:00,-1.00,-1.00,0.0,0,0,0,0,0,0,0,0,0,0,0,0
Zone_20,11,-1,2022/10/18 18:45:00,-1.00,-1.00,0.0,0,0,0,0,0,0,0,0,0,0,0,0
Zone_21,11,-1,2022/10/18 06:30:00,-1.00,-1.00,0.0,0,0,0,0,0,0,0,0,0,0,0,0
Zone_21,11,-1,2022/10/18 06:45:00,-1.00,-1.00,0.0,0,0,0,0,0,0,0,0,0,0,0,0
Zone_21,11,-1,2022/10/18 07:00:00,-1.00,-1.00,0.0,0,0,0,0,0,0,0,0,0,0,0,0
Zone_21,11,-1,2022/10/18 07:15:00,-1.00,-1.00,0.0,0,0,0,0,0,0,0,0,0,0,0,0
Zone_21,11,-1,2022/10/18 07:30:00,-1.00,-1.00,0.0,0,0,0,0,0,0,0,0,0,0,0,0
Zone_21,11,-1,2022/10/18 07:45:00,-1.00,-1.00,0.0,0,0,0,0,0,0,0,0,0,0,0,0
Zone_21,11,-1,2022/10/18 08:00:00,-1.00,-1.00,0.0,0,0,0,0,0,0,0,0,0,0,0,0
Zone_21,11,-1,2022/10/18 08:15:00,-1.00,-1.00,0.0,0,0,0,0,0,0,0,0,0,0,0,0
Zone_21,11,-1,2022/10/18 08:30:00,-1.00,-1.00,0.0,0,0,0,0,0,0,0,0,0,0,0,0
Zone_21,11,-1,2022/10/18 08:45:00,-1.00,-1.00,0.0,0,0,0,0,0,0,0,0,0,0,0,0
Zone_21,11,-1,2022/10/18 09:00:00,-1.00,-1.00,0.0,0,0,0,0,0,0,0,0,0,0,0,0
Zone_21,11,-1,2022/10/18 09:15:00,-1.00,-1.00,0.0,0,0,0,0,0,0,0,0,0,0,0,0
Zone_21,11,-1,2022/10/18 09:30:00,-1.00,-1.00,0.0,0,0,0,0,0,0,0,0,0,0,0,0
Zone_21,11,-1,2022/10/18 09:45:00,-1.00,-1.00,0.0,0,0,0,0,0,0,0,0,0,0,0,0
Zone_21,11,-1,2022/10/18 10:00:00,-1.00,-1.00,0.0,0,0,0,0,0,0,0,0,0,0,0,0
Zone_21,11,-1,2022/10/18 10:15:00,-1.00,-1.00,0.0,0,0,0,0,0,0,0,0,0,0,0,0
Zone_21,11,-1,2022/10/18 10:30:00,-1.00,-1.00,0.0,0,0,0,0,0,0,0,0,0,0,0,0
Zone_21,11,-1,2022/10/18 10:45:00,-1.00,-1.00,0.0,0,0,0,0,0,0,0,0,0,0,0,0
Zone_21,11,-1,2022/10/18 11:00:00,-1.00,-1.00,0.0,0,0,0,0,0,0,0,0,0,0,0,0
Zone_21,11,-1,2022/10/18 11:15:00,-1.00,-1.00,0.0,0,0,0,0,0,0,0,0,0,0,0,0
Zone_21,11,-1,2022/10/18 11:30:00,-1.00,-1.00,0.0,0,0,0,0,0,0,0,0,0,0,0,0
Zone_21,11,-1,2022/10/18 11:45:00,-1.00,-1.00,0.0,0,0,0,0,0,0,0,0,0,0,0,0
Zone_21,11,-1,2022/10/18 12:00:00,-1.00,-1.00,0.0,0,0,0,0,0,0,0,0,0,0,0,0
Zone_21,11,-1,2022/10/18 12:15:00,-1.00,-1.00,0.0,0,0,0,0,0,0,0,0,0,0,0,0
Zone_21,11,-1,2022/10/18 12:30:00,-1.00,-1.00,0.0,0,0,0,0,0,0,0,0,0,0,0,0
Zone_21,11,-1,2022/10/18 12:45:00,-1.00,-1.00,0.0,0,0,0,0,0,0,0,0,0,0,0,0
Zone_21,11,-1,2022/10/18 13:00:00,-1.00,-1.00,0.0,0,0,0,0,0,0,0,0,0,0,0,0
Zone_21,11,-1,2022/10/18 13:15:00,-1.00,-1.00,0.0,0,0,0,0,0,0,0,0,0,0,0,0
Zone_21,11,-1,2022/10/18 13:30:00,-1.00,-1.00,0.0,0,0,0,0,0,0,0,0,0,0,0,0
Zone_21,11,-1,2022/10/18 13:45:00,-1.00,-1.00,0.0,0,0,0,0,0,0,0,0,0,0,0,0
Zone_21,11,-1,2022/10/18 14:00:00,-1.00,-1.00,0.0,0,0,0,0,0,0,0,0,0,0,0,0
Zone_21,11,-1,2022/10/18 14:15:00,-1.00,-1.00,0.0,0,0,0,0,0,0,0,0,0,0,0,0
Zone_21,11,-1,2022/10/18 14:30:00,-1.00,-1.00,0.0,0,0,0,0,0,0,0,0,0,0,0,0
Zone_21,11,-1,2022/10/18 14:45:00,-1.00,-1.00,0.0,0,0,0,0,0,0,0,0,0,0,0,0
Zone_21,11,-1,2022/10/18 15:00:00,-1.00,-1.00,0.0,0,0,0,0,0,0,0,0,0,0,0,0
Zone_21,11,-1,2022/10/18 15:15:00,-1.00,-1.00,0.0,0,0,0,0,0,0,0,0,0,0,0,0
Zone_21,11,-1,2022/10/18 15:30:00,-1.00,-1.00,0.0,0,0,0,0,0,0,0,0,0,0,0,0
Zone_21,11,-1,2022/10/18 15:45:00,-1.00,-1.00,0.0,0,0,0,0,0,0,0,0,0,0,0,0
Zone_21,11,-1,2022/10/18 16:00:00,-1.00,-1.00,0.0,0,0,0,0,0,0,0,0,0,0,0,0
Zone_21,11,-1,2022/10/18 16:15:00,-1.00,-1.00,0.0,0,0,0,0,0,0,0,0,0,0,0,0
Zone_21,11,-1,2022/10/18 16:30:00,-1.00,-1.00,0.0,0,0,0,0,0,0,0,0,0,0,0,0
Zone_21,11,-1,2022/10/18 16:45:00,-1.00,-1.00,0.0,0,0,0,0,0,0,0,0,0,0,0,0
Zone_21,11,-1,2022/10/18 17:00:00,-1.00,-1.00,0.0,0,0,0,0,0,0,0,0,0,0,0,0
Zone_21,11,-1,2022/10/18 17:15:00,-1.00,-1.00,0.0,0,0,0,0,0,0,0,0,0,0,0,0
Zone_21,11,-1,2022/10/18 17:30:00,-1.00,-1.00,0.0,0,0,0,0,0,0,0,0,0,0,0,0
Zone_21,11,-1,2022/10/18 17:45:00,-1.00,-1.00,0.0,0,0,0,0,0,0,0,0,0,0,0,0
Zone_21,11,-1,2022/10/18 18:00:00,-1.00,-1.00,0.0,0,0,0,0,0,0,0,0,0,0,0,0
Zone_21,11,-1,2022/10/18 18:15:00,-1.00,-1.00,0.0,0,0,0,0,0,0,0,0,0,0,0,0
Zone_21,11,-1,2022/10/18 18:30:00,-1.00,-1.00,0.0,0,0,0,0,0,0,0,0,0,0,0,0
Zone_21,11,-1,2022/10/18 18:45:00,-1.00,-1.00,0.0,0,0,0,0,0,0,0,0,0,0,0,0
Zone_22,11,-1,2022/10/18 06:30:00,-1.00,-1.00,0.0,0,0,0,0,0,0,0,0,0,0,0,0
Zone_22,11,-1,2022/10/18 06:45:00,-1.00,-1.00,0.0,0,0,0,0,0,0,0,0,0,0,0,0
Zone_22,11,-1,2022/10/18 07:00:00,-1.00,-1.00,0.0,0,0,0,0,0,0,0,0,0,0,0,0
Zone_22,11,-1,2022/10/18 07:15:00,-1.00,-1.00,0.0,0,0,0,0,0,0,0,0,0,0,0,0
Zone_22,11,-1,2022/10/18 07:30:00,-1.00,-1.00,0.0,0,0,0,0,0,0,0,0,0,0,0,0
Zone_22,11,-1,2022/10/18 07:45:00,-1.00,-1.00,0.0,0,0,0,0,0,0,0,0,0,0,0,0
Zone_22,11,-1,2022/10/18 08:00:00,-1.00,-1.00,0.0,0,0,0,0,0,0,0,0,0,0,0,0
Zone_22,11,-1,2022/10/18 08:15:00,-1.00,-1.00,0.0,0,0,0,0,0,0,0,0,0,0,0,0
Zone_22,11,-1,2022/10/18 08:30:00,-1.00,-1.00,0.0,0,0,0,0,0,0,0,0,0,0,0,0
Zone_22,11,-1,2022/10/18 08:45:00,-1.00,-1.00,0.0,0,0,0,0,0,0,0,0,0,0,0,0
Zone_22,11,-1,2022/10/18 09:00:00,-1.00,-1.00,0.0,0,0,0,0,0,0,0,0,0,0,0,0
Zone_22,11,-1,2022/10/18 09:15:00,-1.00,-1.00,0.0,0,0,0,0,0,0,0,0,0,0,0,0
Zone_22,11,-1,2022/10/18 09:30:00,-1.00,-1.00,0.0,0,0,0,0,0,0,0,0,0,0,0,0
Zone_22,11,-1,2022/10/18 09:45:00,-1.00,-1.00,0.0,0,0,0,0,0,0,0,0,0,0,0,0
Zone_22,11,-1,2022/10/18 10:00:00,-1.00,-1.00,0.0,0,0,0,0,0,0,0,0,0,0,0,0
Zone_22,11,-1,2022/10/18 10:15:00,-1.00,-1.00,0.0,0,0,0,0,0,0,0,0,0,0,0,0
Zone_22,11,-1,2022/10/18 10:30:00,-1.00,-1.00,0.0,0,0,0,0,0,0,0,0,0,0,0,0
Zone_22,11,-1,2022/10/18 10:45:00,-1.00,-1.00,0.0,0,0,0,0,0,0,0,0,0,0,0,0
Zone_22,11,-1,2022/10/18 11:00:00,-1.00,-1.00,0.0,0,0,0,0,0,0,0,0,0,0,0,0
Zone_22,11,-1,2022/10/18 11:15:00,-1.00,-1.00,0.0,0,0,0,0,0,0,0,0,0,0,0,0
Zone_22,11,-1,2022/10/18 11:30:00,-1.00,-1.00,0.0,0,0,0,0,0,0,0,0,0,0,0,0
Zone_22,11,-1,2022/10/18 11:45:00,-1.00,-1.00,0.0,0,0,0,0,0,0,0,0,0,0,0,0
Zone_22,11,-1,2022/10/18 12:00:00,-1.00,-1.00,0.0,0,0,0,0,0,0,0,0,0,0,0,0
Zone_22,11,-1,2022/10/18 12:15:00,-1.00,-1.00,0.0,0,0,0,0,0,0,0,0,0,0,0,0
Zone_22,11,-1,2022/10/18 12:30:00,-1.00,-1.00,0.0,0,0,0,0,0,0,0,0,0,0,0,0
Zone_22,11,-1,2022/10/18 12:45:00,-1.00,-1.00,0.0,0,0,0,0,0,0,0,0,0,0,0,0
Zone_22,11,-1,2022/10/18 13:00:00,-1.00,-1.00,0.0,0,0,0,0,0,0,0,0,0,0,0,0
Zone_22,11,-1,2022/10/18 13:15:00,-1.00,-1.00,0.0,0,0,0,0,0,0,0,0,0,0,0,0
Zone_22,11,-1,2022/10/18 13:30:00,-1.00,-1.00,0.0,0,0,0,0,0,0,0,0,0,0,0,0
Zone_22,11,-1,2022/10/18 13:45:00,-1.00,-1.00,0.0,0,0,0,0,0,0,0,0,0,0,0,0
Zone_22,11,-1,2022/10/18 14:00:00,-1.00,-1.00,0.0,0,0,0,0,0,0,0,0,0,0,0,0
Zone_22,11,-1,2022/10/18 14:15:00,-1.00,-1.00,0.0,0,0,0,0,0,0,0,0,0,0,0,0
Zone_22,11,-1,2022/10/18 14:30:00,-1.00,-1.00,0.0,0,0,0,0,0,0,0,0,0,0,0,0
Zone_22,11,-1,2022/10/18 14:45:00,-1.00,-1.00,0.0,0,0,0,0,0,0,0,0,0,0,0,0
Zone_22,11,-1,2022/10/18 15:00:00,-1.00,-1.00,0.0,0,0,0,0,0,0,0,0,0,0,0,0
Zone_22,11,-1,2022/10/18 15:15:00,-1.00,-1.00,0.0,0,0,0,0,0,0,0,0,0,0,0,0
Zone_22,11,-1,2022/10/18 15:30:00,-1.00,-1.00,0.0,0,0,0,0,0,0,0,0,0,0,0,0
Zone_22,11,-1,2022/10/18 15:45:00,-1.00,-1.00,0.0,0,0,0,0,0,0,0,0,0,0,0,0
Zone_22,11,-1,2022/10/18 16:00:00,-1.00,-1.00,0.0,0,0,0,0,0,0,0,0,0,0,0,0
Zone_22,11,-1,2022/10/18 16:15:00,-1.00,-1.00,0.0,0,0,0,0,0,0,0,0,0,0,0,0
Zone_22,11,-1,2022/10/18 16:30:00,-1.00,-1.00,0.0,0,0,0,0,0,0,0,0,0,0,0,0
Zone_22,11,-1,2022/10/18 16:45:00,-1.00,-1.00,0.0,0,0,0,0,0,0,0,0,0,0,0,0
Zone_22,11,-1,2022/10/18 17:00:00,-1.00,-1.00,0.0,0,0,0,0,0,0,0,0,0,0,0,0
Zone_22,11,-1,2022/10/18 17:15:00,-1.00,-1.00,0.0,0,0,0,0,0,0,0,0,0,0,0,0
Zone_22,11,-1,2022/10/18 17:30:00,-1.00,-1.00,0.0,0,0,0,0,0,0,0,0,0,0,0,0
Zone_22,11,-1,2022/10/18 17:45:00,-1.00,-1.00,0.0,0,0,0,0,0,0,0,0,0,0,0,0
Zone_22,11,-1,2022/10/18 18:00:00,-1.00,-1.00,0.0,0,0,0,0,0,0,0,0,0,0,0,0
Zone_22,11,-1,2022/10/18 18:15:00,-1.00,-1.00,0.0,0,0,0,0,0,0,0,0,0,0,0,0
Zone_22,11,-1,2022/10/18 18:30:00,-1.00,-1.00,0.0,0,0,0,0,0,0,0,0,0,0,0,0
Zone_22,11,-1,2022/10/18 18:45:00,-1.00,-1.00,0.0,0,0,0,0,0,0,0,0,0,0,0,0
Zone_23,11,-1,2022/10/18 06:30:00,-1.00,-1.00,0.0,0,0,0,0,0,0,0,0,0,0,0,0
Zone_23,11,-1,2022/10/18 06:45:00,-1.00,-1.00,0.0,0,0,0,0,0,0,0,0,0,0,0,0
Zone_23,11,-1,2022/10/18 07:00:00,-1.00,-1.00,0.0,0,0,0,0,0,0,0,0,0,0,0,0
Zone_23,11,-1,2022/10/18 07:15:00,-1.00,-1.00,0.0,0,0,0,0,0,0,0,0,0,0,0,0
Zone_23,11,-1,2022/10/18 07:30:00,-1.00,-1.00,0.0,0,0,0,0,0,0,0,0,0,0,0,0
Zone_23,11,-1,2022/10/18 07:45:00,-1.00,-1.00,0.0,0,0,0,0,0,0,0,0,0,0,0,0
Zone_23,11,-1,2022/10/18 08:00:00,39.60,1.00,2.0,1,0,0,0,1,0,0,0,0,0,0,0
Zone_23,11,-1,2022/10/18 08:15:00,39.60,1.00,2.0,1,0,0,0,1,0,0,0,0,0,0,0
Zone_23,11,-1,2022/10/18 08:30:00,39.60,1.00,4.0,2,0,0,0,2,0,0,0,0,0,0,0
Zone_23,11,-1,2022/10/18 08:45:00,39.60,1.00,2.0,1,0,0,0,1,0,0,0,0,0,0,0
Zone_23,11,-1,2022/10/18 09:00:00,39.60,1.00,4.0,2,0,0,0,2,0,0,0,0,0,0,0
Zone_23,11,-1,2022/10/18 09:15:00,39.60,1.00,2.0,1,0,0,0,1,0,0,0,0,0,0,0
Zone_23,11,-1,2022/10/18 09:30:00,39.60,1.00,4.0,2,0,0,0,2,0,0,0,0,0,0,0
Zone_23,11,-1,2022/10/18 09:45:00,-1.00,-1.00,0.0,0,0,0,0,0,0,0,0,0,0,0,0
Zone_23,11,-1,2022/10/18 10:00:00,39.60,1.00,4.0,2,0,0,0,2,0,0,0,0,0,0,0
Zone_23,11,-1,2022/10/18 10:15:00,39.60,1.00,2.0,1,0,0,0,1,0,0,0,0,0,0,0
Zone_23,11,-1,2022/10/18 10:30:00,39.60,1.00,2.0,1,0,0,0,1,0,0,0,0,0,0,0
Zone_23,11,-1,2022/10/18 10:45:00,39.60,1.00,2.0,1,0,0,0,1,0,0,0,0,0,0,0
Zone_23,11,-1,2022/10/18 11:00:00,-1.00,-1.00,0.0,0,0,0,0,0,0,0,0,0,0,0,0
Zone_23,11,-1,2022/10/18 11:15:00,-1.00,-1.00,0.0,0,0,0,0,0,0,0,0,0,0,0,0
Zone_23,11,-1,2022/10/18 11:30:00,-1.00,-1.00,0.0,0,0,0,0,0,0,0,0,0,0,0,0
Zone_23,11,-1,2022/10/18 11:45:00,39.60,1.00,4.0,2,0,0,0,1,1,0,0,0,0,0,0
Zone_23,11,-1,2022/10/18 12:00:00,-1.00,-1.00,0.0,0,0,0,0,0,0,0,0,0,0,0,0
Zone_23,11,-1,2022/10/18 12:15:00,-1.00,-1.00,0.0,0,0,0,0,0,0,0,0,0,0,0,0
Zone_23,11,-1,2022/10/18 12:30:00,-1.00,-1.00,0.0,0,0,0,0,0,0,0,0,0,0,0,0
Zone_23,11,-1,2022/10/18 12:45:00,39.60,1.00,2.0,1,0,0,0,1,0,0,0,0,0,0,0
Zone_23,11,-1,2022/10/18 13:00:00,-1.00,-1.00,0.0,0,0,0,0,0,0,0,0,0,0,0,0
Zone_23,11,-1,2022/10/18 13:15:00,-1.00,-1.00,0.0,0,0,0,0,0,0,0,0,0,0,0,0
Zone_23,11,-1,2022/10/18 13:30:00,-1.00,-1.00,0.0,0,0,0,0,0,0,0,0,0,0,0,0
Zone_23,11,-1,2022/10/18 13:45:00,39.60,1.00,2.0,1,0,0,0,1,0,0,0,0,0,0,0
Zone_23,11,-1,2022/10/18 14:00:00,-1.00,-1.00,0.0,0,0,0,0,0,0,0,0,0,0,0,0
Zone_23,11,-1,2022/10/18 14:15:00,-1.00,-1.00,0.0,0,0,0,0,0,0,0,0,0,0,0,0
Zone_23,11,-1,2022/10/18 14:30:00,-1.00,-1.00,0.0,0,0,0,0,0,0,0,0,0,0,0,0
Zone_23,11,-1,2022/10/18 14:45:00,39.60,1.00,2.0,1,0,0,0,1,0,0,0,0,0,0,0
Zone_23,11,-1,2022/10/18 15:00:00,-1.00,-1.00,0.0,0,0,0,0,0,0,0,0,0,0,0,0
Zone_23,11,-1,2022/10/18 15:15:00,-1.00,-1.00,0.0,0,0,0,0,0,0,0,0,0,0,0,0
Zone_23,11,-1,2022/10/18 15:30:00,-1.00,-1.00,0.0,0,0,0,0,0,0,0,0,0,0,0,0
Zone_23,11,-1,2022/10/18 15:45:00,39.60,1.00,2.0,1,0,0,0,1,0,0,0,0,0,0,0
Zone_23,11,-1,2022/10/18 16:00:00,-1.00,-1.00,0.0,0,0,0,0,0,0,0,0,0,0,0,0
Zone_23,11,-1,2022/10/18 16:15:00,-1.00,-1.00,0.0,0,0,0,0,0,0,0,0,0,0,0,0
Zone_23,11,-1,2022/10/18 16:30:00,-1.00,-1.00,0.0,0,0,0,0,0,0,0,0,0,0,0,0
Zone_23,11,-1,2022/10/18 16:45:00,39.60,1.00,2.0,1,0,0,0,1,0,0,0,0,0,0,0
Zone_23,11,-1,2022/10/18 17:00:00,39.60,1.00,4.0,2,0,0,0,2,0,0,0,0,0,0,0
Zone_23,11,-1,2022/10/18 17:15:00,39.60,1.00,2.0,1,0,0,0,1,0,0,0,0,0,0,0
Zone_23,11,-1,2022/10/18 17:30:00,39.60,1.00,4.0,2,0,0,0,2,0,0,0,0,0,0,0
Zone_23,11,-1,2022/10/18 17:45:00,39.60,1.00,2.0,1,0,0,0,1,0,0,0,0,0,0,0
Zone_23,11,-1,2022/10/18 18:00:00,39.60,1.00,4.0,2,0,0,0,2,0,0,0,0,0,0,0
Zone_23,11,-1,2022/10/18 18:15:00,39.60,1.00,2.0,1,0,0,0,1,0,0,0,0,0,0,0
Zone_23,11,-1,2022/10/18 18:30:00,39.60,1.00,2.0,1,0,0,0,1,0,0,0,0,0,0,0
Zone_23,11,-1,2022/10/18 18:45:00,39.60,1.00,2.0,1,0,0,0,1,0,0,0,0,0,0,0
Zone_24,11,-1,2022/10/18 06:30:00,-1.00,-1.00,0.0,0,0,0,0,0,0,0,0,0,0,0,0
Zone_24,11,-1,2022/10/18 06:45:00,-1.00,-1.00,0.0,0,0,0,0,0,0,0,0,0,0,0,0
Zone_24,11,-1,2022/10/18 07:00:00,-1.00,-1.00,0.0,0,0,0,0,0,0,0,0,0,0,0,0
Zone_24,11,-1,2022/10/18 07:15:00,-1.00,-1.00,0.0,0,0,0,0,0,0,0,0,0,0,0,0
Zone_24,11,-1,2022/10/18 07:30:00,-1.00,-1.00,0.0,0,0,0,0,0,0,0,0,0,0,0,0
Zone_24,11,-1,2022/10/18 07:45:00,-1.00,-1.00,0.0,0,0,0,0,0,0,0,0,0,0,0,0
Zone_24,11,-1,2022/10/18 08:00:00,-1.00,-1.00,0.0,0,0,0,0,0,0,0,0,0,0,0,0
Zone_24,11,-1,2022/10/18 08:15:00,-1.00,-1.00,0.0,0,0,0,0,0,0,0,0,0,0,0,0
Zone_24,11,-1,2022/10/18 08:30:00,-1.00,-1.00,0.0,0,0,0,0,0,0,0,0,0,0,0,0
Zone_24,11,-1,2022/10/18 08:45:00,-1.00,-1.00,0.0,0,0,0,0,0,0,0,0,0,0,0,0
Zone_24,11,-1,2022/10/18 09:00:00,39.60,1.00,2.0,1,0,0,0,1,0,0,0,0,0,0,0
Zone_24,11,-1,2022/10/18 09:15:00,-1.00,-1.00,0.0,0,0,0,0,0,0,0,0,0,0,0,0
Zone_24,11,-1,2022/10/18 09:30:00,39.60,1.00,2.0,1,0,0,0,1,0,0,0,0,0,0,0
Zone_24,11,-1,2022/10/18 09:45:00,39.60,1.00,2.0,1,0,0,0,1,0,0,0,0,0,0,0
Zone_24,11,-1,2022/10/18 10:00:00,-1.00,-1.00,0.0,0,0,0,0,0,0,0,0,0,0,0,0
Zone_24,11,-1,2022/10/18 10:15:00,39.60,1.00,2.0,1,0,0,0,1,0,0,0,0,0,0,0
Zone_24,11,-1,2022/10/18 10:30:00,19.80,2.00,2.0,1,0,0,0,1,0,0,0,0,0,0,0
Zone_24,11,-1,2022/10/18 10:45:00,-1.00,-1.00,0.0,0,0,0,0,0,0,0,0,0,0,0,0
Zone_24,11,-1,2022/10/18 11:00:00,-1.00,-1.00,0.0,0,0,0,0,0,0,0,0,0,0,0,0
Zone_24,11,-1,2022/10/18 11:15:00,39.60,1.00,2.0,1,0,0,0,1,0,0,0,0,0,0,0
Zone_24,11,-1,2022/10/18 11:30:00,-1.00,-1.00,0.0,0,0,0,0,0,0,0,0,0,0,0,0
Zone_24,11,-1,2022/10/18 11:45:00,39.60,1.00,2.0,1,0,0,0,1,0,0,0,0,0,0,0
Zone_24,11,-1,2022/10/18 12:00:00,-1.00,-1.00,0.0,0,0,0,0,0,0,0,0,0,0,0,0
Zone_24,11,-1,2022/10/18 12:15:00,-1.00,-1.00,0.0,0,0,0,0,0,0,0,0,0,0,0,0
Zone_24,11,-1,2022/10/18 12:30:00,-1.00,-1.00,0.0,0,0,0,0,0,0,0,0,0,0,0,0
Zone_24,11,-1,2022/10/18 12:45:00,39.60,1.00,2.0,1,0,0,0,1,0,0,0,0,0,0,0
Zone_24,11,-1,2022/10/18 13:00:00,13.20,3.00,2.0,1,0,0,0,1,0,0,0,0,0,0,0
Zone_24,11,-1,2022/10/18 13:15:00,39.60,1.00,2.0,1,0,0,0,1,0,0,0,0,0,0,0
Zone_24,11,-1,2022/10/18 13:30:00,-1.00,-1.00,0.0,0,0,0,0,0,0,0,0,0,0,0,0
Zone_24,11,-1,2022/10/18 13:45:00,39.60,1.00,2.0,1,0,0,0,1,0,0,0,0,0,0,0
Zone_24,11,-1,2022/10/18 14:00:00,-1.00,-1.00,0.0,0,0,0,0,0,0,0,0,0,0,0,0
Zone_24,11,-1,2022/10/18 14:15:00,-1.00,-1.00,0.0,0,0,0,0,0,0,0,0,0,0,0,0
Zone_24,11,-1,2022/10/18 14:30:00,-1.00,-1.00,0.0,0,0,0,0,0,0,0,0,0,0,0,0
Zone_24,11,-1,2022/10/18 14:45:00,39.60,1.00,2.0,1,0,0,0,1,0,0,0,0,0,0,0
Zone_24,11,-1,2022/10/18 15:00:00,-1.00,-1.00,0.0,0,0,0,0,0,0,0,0,0,0,0,0
Zone_24,11,-1,2022/10/18 15:15:00,13.20,3.00,2.0,1,0,0,0,1,0,0,0,0,0,0,0
Zone_24,11,-1,2022/10/18 15:30:00,39.60,1.00,2.0,1,0,0,0,1,0,0,0,0,0,0,0
Zone_24,11,-1,2022/10/18 15:45:00,39.60,1.00,2.0,1,0,0,0,1,0,0,0,0,0,0,0
Zone_24,11,-1,2022/10/18 16:00:00,-1.00,-1.00,0.0,0,0,0,0,0,0,0,0,0,0,0,0
Zone_24,11,-1,2022/10/18 16:15:00,-1.00,-1.00,0.0,0,0,0,0,0,0,0,0,0,0,0,0
Zone_24,11,-1,2022/10/18 16:30:00,39.60,1.00,2.0,1,0,0,0,1,0,0,0,0,0,0,0
Zone_24,11,-1,2022/10/18 16:45:00,39.60,1.00,2.0,1,0,0,0,1,0,0,0,0,0,0,0
Zone_24,11,-1,2022/10/18 17:00:00,39.60,1.00,2.0,1,0,0,0,1,0,0,0,0,0,0,0
Zone_24,11,-1,2022/10/18 17:15:00,-1.00,-1.00,0.0,0,0,0,0,0,0,0,0,0,0,0,0
Zone_24,11,-1,2022/10/18 17:30:00,-1.00,-1.00,0.0,0,0,0,0,0,0,0,0,0,0,0,0
Zone_24,11,-1,2022/10/18 17:45:00,39.60,1.00,2.0,1,0,0,0,1,0,0,0,0,0,0,0
Zone_24,11,-1,2022/10/18 18:00:00,-1.00,-1.00,0.0,0,0,0,0,0,0,0,0,0,0,0,0
Zone_24,11,-1,2022/10/18 18:15:00,-1.00,-1.00,0.0,0,0,0,0,0,0,0,0,0,0,0,0
Zone_24,11,-1,2022/10/18 18:30:00,-1.00,-1.00,0.0,0,0,0,0,0,0,0,0,0,0,0,0
Zone_24,11,-1,2022/10/18 18:45:00,39.60,1.00,2.0,1,0,0,0,1,0,0,0,0,0,0,0
Zone_3,11,-1,2022/10/18 06:30:00,36.04,1.10,96.0,91,0,86,3,2,0,0,0,0,0,0,0
Zone_3,11,-1,2022/10/18 06:45:00,32.33,1.22,94.0,89,0,84,3,2,0,0,0,0,0,0,0
Zone_3,11,-1,2022/10/18 07:00:00,34.70,1.14,97.0,92,0,87,3,2,0,0,0,0,0,0,0
Zone_3,11,-1,2022/10/18 07:15:00,34.92,1.13,124.0,112,0,100,6,6,0,0,0,0,0,0,0
Zone_3,11,-1,2022/10/18 07:30:00,34.24,1.16,84.0,83,0,82,1,0,0,0,0,0,0,0,0
Zone_3,11,-1,2022/10/18 07:45:00,35.06,1.13,91.0,85,0,79,5,1,0,0,0,0,0,0,0
Zone_3,11,-1,2022/10/18 08:00:00,33.89,1.17,96.0,89,0,82,4,3,0,0,0,0,0,0,0
Zone_3,11,-1,2022/10/18 08:15:00,34.70,1.14,85.0,85,0,85,0,0,0,0,0,0,0,0,0
Zone_3,11,-1,2022/10/18 08:30:00,35.39,1.12,88.0,84,0,80,3,1,0,0,0,0,0,0,0
Zone_3,11,-1,2022/10/18 08:45:00,36.11,1.10,101.0,93,0,85,4,4,0,0,0,0,0,0,0
Zone_3,11,-1,2022/10/18 09:00:00,35.11,1.13,96.0,86,0,76,5,5,0,0,0,0,0,0,0
Zone_3,11,-1,2022/10/18 09:15:00,35.06,1.13,61.0,54,0,47,3,4,0,0,0,0,0,0,0
Zone_3,11,-1,2022/10/18 09:30:00,36.38,1.09,92.0,79,0,66,9,4,0,0,0,0,0,0,0
Zone_3,11,-1,2022/10/18 09:45:00,37.09,1.07,83.0,74,0,65,8,1,0,0,0,0,0,0,0
Zone_3,11,-1,2022/10/18 10:00:00,32.58,1.22,79.0,65,0,51,11,3,0,0,0,0,0,0,0
Zone_3,11,-1,2022/10/18 10:15:00,38.56,1.03,85.0,74,0,63,6,5,0,0,0,0,0,0,0
Zone_3,11,-1,2022/10/18 10:30:00,35.01,1.13,70.0,61,0,52,4,5,0,0,0,0,0,0,0
Zone_3,11,-1,2022/10/18 10:45:00,36.14,1.10,83.0,73,0,63,6,4,0,0,0,0,0,0,0
Zone_3,11,-1,2022/10/18 11:00:00,35.60,1.11,92.0,80,0,68,7,5,0,0,0,0,0,0,0
Zone_3,11,-1,2022/10/18 11:15:00,35.72,1.11,102.0,92,0,82,7,3,0,0,0,0,0,0,0
Zone_3,11,-1,2022/10/18 11:30:00,39.60,1.00,59.0,59,0,59,0,0,0,0,0,0,0,0,0
Zone_3,11,-1,2022/10/18 11:45:00,37.49,1.06,80.0,71,0,62,4,5,0,0,0,0,0,0,0
Zone_3,11,-1,2022/10/18 12:00:00,29.92,1.32,111.0,102,0,93,7,2,0,0,0,0,0,0,0
Zone_3,11,-1,2022/10/18 12:15:00,35.05,1.13,81.0,77,0,73,0,4,0,0,0,0,0,0,0
Zone_3,11,-1,2022/10/18 12:30:00,35.60,1.11,97.0,89,0,81,3,5,0,0,0,0,0,0,0
Zone_3,11,-1,2022/10/18 12:45:00,34.11,1.16,95.0,87,0,79,5,3,0,0,0,0,0,0,0
Zone_3,11,-1,2022/10/18 13:00:00,39.13,1.01,94.0,84,0,74,5,5,0,0,0,0,0,0,0
Zone_3,11,-1,2022/10/18 13:15:00,31.35,1.26,91.0,76,0,61,9,6,0,0,0,0,0,0,0
Zone_3,11,-1,2022/10/18 13:30:00,36.30,1.09,72.0,66,0,60,3,3,0,0,0,0,0,0,0
Zone_3,11,-1,2022/10/18 13:45:00,38.89,1.02,57.0,55,0,53,1,1,0,0,0,0,0,0,0
Zone_3,11,-1,2022/10/18 14:00:00,32.93,1.20,82.0,74,0,66,6,2,0,0,0,0,0,0,0
Zone_3,11,-1,2022/10/18 14:15:00,39.60,1.00,56.0,55,0,54,1,0,0,0,0,0,0,0,0
Zone_3,11,-1,2022/10/18 14:30:00,38.08,1.04,52.0,50,0,48,2,0,0,0,0,0,0,0,0
Zone_3,11,-1,2022/10/18 14:45:00,38.23,1.04,64.0,56,0,48,2,6,0,0,0,0,0,0,0
Zone_3,11,-1,2022/10/18 15:00:00,29.14,1.36,90.0,78,0,66,7,5,0,0,0,0,0,0,0
Zone_3,11,-1,2022/10/18 15:15:00,34.29,1.15,87.0,84,0,81,2,1,0,0,0,0,0,0,0
Zone_3,11,-1,2022/10/18 15:30:00,36.34,1.09,86.0,78,0,70,3,5,0,0,0,0,0,0,0
Zone_3,11,-1,2022/10/18 15:45:00,36.22,1.09,84.0,75,0,66,6,3,0,0,0,0,0,0,0
Zone_3,11,-1,2022/10/18 16:00:00,33.88,1.17,91.0,83,0,75,6,2,0,0,0,0,0,0,0
Zone_3,11,-1,2022/10/18 16:15:00,32.88,1.20,98.0,93,0,88,0,5,0,0,0,0,0,0,0
Zone_3,11,-1,2022/10/18 16:30:00,37.40,1.06,73.0,68,0,63,4,1,0,0,0,0,0,0,0
Zone_3,11,-1,2022/10/18 16:45:00,35.85,1.10,94.0,86,0,78,3,5,0,0,0,0,0,0,0
Zone_3,11,-1,2022/10/18 17:00:00,35.12,1.13,106.0,102,0,98,0,4,0,0,0,0,0,0,0
Zone_3,11,-1,2022/10/18 17:15:00,35.24,1.12,91.0,89,0,87,0,2,0,0,0,0,0,0,0
Zone_3,11,-1,2022/10/18 17:30:00,38.02,1.04,99.0,96,0,93,1,2,0,0,0,0,0,0,0
Zone_3,11,-1,2022/10/18 17:45:00,33.89,1.17,98.0,95,0,92,0,3,0,0,0,0,0,0,0
Zone_3,11,-1,2022/10/18 18:00:00,35.24,1.12,94.0,89,0,84,1,4,0,0,0,0,0,0,0
Zone_3,11,-1,2022/10/18 18:15:00,34.99,1.13,97.0,91,0,85,3,3,0,0,0,0,0,0,0
Zone_3,11,-1,2022/10/18 18:30:00,33.62,1.18,92.0,90,0,88,2,0,0,0,0,0,0,0,0
Zone_3,11,-1,2022/10/18 18:45:00,34.76,1.14,85.0,79,0,73,2,4,0,0,0,0,0,0,0
Zone_4,11,-1,2022/10/18 06:30:00,-1.00,-1.00,0.0,0,0,0,0,0,0,0,0,0,0,0,0
Zone_4,11,-1,2022/10/18 06:45:00,-1.00,-1.00,0.0,0,0,0,0,0,0,0,0,0,0,0,0
Zone_4,11,-1,2022/10/18 07:00:00,-1.00,-1.00,0.0,0,0,0,0,0,0,0,0,0,0,0,0
Zone_4,11,-1,2022/10/18 07:15:00,-1.00,-1.00,0.0,0,0,0,0,0,0,0,0,0,0,0,0
Zone_4,11,-1,2022/10/18 07:30:00,39.60,1.00,5.0,5,0,5,0,0,0,0,0,0,0,0,0
Zone_4,11,-1,2022/10/18 07:45:00,39.60,1.00,2.0,2,0,2,0,0,0,0,0,0,0,0,0
Zone_4,11,-1,2022/10/18 08:00:00,39.60,1.00,10.0,10,0,10,0,0,0,0,0,0,0,0,0
Zone_4,11,-1,2022/10/18 08:15:00,39.60,1.00,7.0,7,0,7,0,0,0,0,0,0,0,0,0
Zone_4,11,-1,2022/10/18 08:30:00,39.60,1.00,4.0,4,0,4,0,0,0,0,0,0,0,0,0
Zone_4,11,-1,2022/10/18 08:45:00,39.60,1.00,4.0,4,0,4,0,0,0,0,0,0,0,0,0
Zone_4,11,-1,2022/10/18 09:00:00,39.60,1.00,12.0,9,0,6,3,0,0,0,0,0,0,0,0
Zone_4,11,-1,2022/10/18 09:15:00,39.60,1.00,15.0,12,0,9,3,0,0,0,0,0,0,0,0
Zone_4,11,-1,2022/10/18 09:30:00,39.60,1.00,2.0,2,0,2,0,0,0,0,0,0,0,0,0
Zone_4,11,-1,2022/10/18 09:45:00,39.60,1.00,10.0,9,0,8,1,0,0,0,0,0,0,0,0
Zone_4,11,-1,2022/10/18 10:00:00,39.60,1.00,4.0,4,0,4,0,0,0,0,0,0,0,0,0
Zone_4,11,-1,2022/10/18 10:15:00,39.60,1.00,8.0,8,0,8,0,0,0,0,0,0,0,0,0
Zone_4,11,-1,2022/10/18 10:30:00,39.60,1.00,10.0,7,0,4,3,0,0,0,0,0,0,0,0
Zone_4,11,-1,2022/10/18 10:45:00,39.60,1.00,5.0,5,0,5,0,0,0,0,0,0,0,0,0
Zone_4,11,-1,2022/10/18 11:00:00,39.60,1.00,6.0,3,0,0,3,0,0,0,0,0,0,0,0
Zone_4,11,-1,2022/10/18 11:15:00,39.60,1.00,10.0,10,0,10,0,0,0,0,0,0,0,0,0
Zone_4,11,-1,2022/10/18 11:30:00,39.60,1.00,1.0,1,0,1,0,0,0,0,0,0,0,0,0
Zone_4,11,-1,2022/10/18 11:45:00,23.40,1.69,14.0,13,0,12,1,0,0,0,0,0,0,0,0
Zone_4,11,-1,2022/10/18 12:00:00,39.60,1.00,6.0,6,0,6,0,0,0,0,0,0,0,0,0
Zone_4,11,-1,2022/10/18 12:15:00,39.60,1.00,5.0,5,0,5,0,0,0,0,0,0,0,0,0
Zone_4,11,-1,2022/10/18 12:30:00,-1.00,-1.00,0.0,0,0,0,0,0,0,0,0,0,0,0,0
Zone_4,11,-1,2022/10/18 12:45:00,-1.00,-1.00,0.0,0,0,0,0,0,0,0,0,0,0,0,0
Zone_4,11,-1,2022/10/18 13:00:00,39.60,1.00,7.0,7,0,7,0,0,0,0,0,0,0,0,0
Zone_4,11,-1,2022/10/18 13:15:00,39.60,1.00,3.0,3,0,3,0,0,0,0,0,0,0,0,0
Zone_4,11,-1,2022/10/18 13:30:00,39.60,1.00,2.0,2,0,2,0,0,0,0,0,0,0,0,0
Zone_4,11,-1,2022/10/18 13:45:00,39.60,1.00,9.0,8,0,7,1,0,0,0,0,0,0,0,0
Zone_4,11,-1,2022/10/18 14:00:00,39.60,1.00,11.0,11,0,11,0,0,0,0,0,0,0,0,0
Zone_4,11,-1,2022/10/18 14:15:00,39.60,1.00,6.0,6,0,6,0,0,0,0,0,0,0,0,0
Zone_4,11,-1,2022/10/18 14:30:00,39.60,1.00,3.0,3,0,3,0,0,0,0,0,0,0,0,0
Zone_4,11,-1,2022/10/18 14:45:00,39.60,1.00,10.0,10,0,10,0,0,0,0,0,0,0,0,0
Zone_4,11,-1,2022/10/18 15:00:00,39.60,1.00,11.0,11,0,11,0,0,0,0,0,0,0,0,0
Zone_4,11,-1,2022/10/18 15:15:00,39.60,1.00,12.0,12,0,12,0,0,0,0,0,0,0,0,0
Zone_4,11,-1,2022/10/18 15:30:00,39.60,1.00,14.0,12,0,10,2,0,0,0,0,0,0,0,0
Zone_4,11,-1,2022/10/18 15:45:00,-1.00,-1.00,0.0,0,0,0,0,0,0,0,0,0,0,0,0
Zone_4,11,-1,2022/10/18 16:00:00,39.60,1.00,8.0,8,0,8,0,0,0,0,0,0,0,0,0
Zone_4,11,-1,2022/10/18 16:15:00,-1.00,-1.00,0.0,0,0,0,0,0,0,0,0,0,0,0,0
Zone_4,11,-1,2022/10/18 16:30:00,39.60,1.00,6.0,6,0,6,0,0,0,0,0,0,0,0,0
Zone_4,11,-1,2022/10/18 16:45:00,39.60,1.00,5.0,5,0,5,0,0,0,0,0,0,0,0,0
Zone_4,11,-1,2022/10/18 17:00:00,35.64,1.11,18.0,18,0,18,0,0,0,0,0,0,0,0,0
Zone_4,11,-1,2022/10/18 17:15:00,39.60,1.00,13.0,13,0,13,0,0,0,0,0,0,0,0,0
Zone_4,11,-1,2022/10/18 17:30:00,39.60,1.00,12.0,12,0,12,0,0,0,0,0,0,0,0,0
Zone_4,11,-1,2022/10/18 17:45:00,39.60,1.00,14.0,14,0,14,0,0,0,0,0,0,0,0,0
Zone_4,11,-1,2022/10/18 18:00:00,33.94,1.17,12.0,12,0,12,0,0,0,0,0,0,0,0,0
Zone_4,11,-1,2022/10/18 18:15:00,39.60,1.00,15.0,15,0,15,0,0,0,0,0,0,0,0,0
Zone_4,11,-1,2022/10/18 18:30:00,-1.00,-1.00,0.0,0,0,0,0,0,0,0,0,0,0,0,0
Zone_4,11,-1,2022/10/18 18:45:00,39.60,1.00,14.0,14,0,14,0,0,0,0,0,0,0,0,0
Zone_5,11,-1,2022/10/18 06:30:00,37.90,1.04,76.0,67,0,58,9,0,0,0,0,0,0,0,0
Zone_5,11,-1,2022/10/18 06:45:00,34.59,1.14,80.0,76,0,72,4,0,0,0,0,0,0,0,0
Zone_5,11,-1,2022/10/18 07:00:00,34.12,1.16,65.0,56,0,47,9,0,0,0,0,0,0,0,0
Zone_5,11,-1,2022/10/18 07:15:00,36.11,1.10,103.0,93,0,83,10,0,0,0,0,0,0,0,0
Zone_5,11,-1,2022/10/18 07:30:00,32.93,1.20,95.0,84,0,73,8,3,0,0,0,0,0,0,0
Zone_5,11,-1,2022/10/18 07:45:00,32.85,1.21,121.0,112,0,103,9,0,0,0,0,0,0,0,0
Zone_5,11,-1,2022/10/18 08:00:00,32.73,1.21,119.0,119,0,119,0,0,0,0,0,0,0,0,0
Zone_5,11,-1,2022/10/18 08:15:00,31.31,1.26,119.0,102,0,85,17,0,0,0,0,0,0,0,0
Zone_5,11,-1,2022/10/18 08:30:00,33.58,1.18,126.0,106,0,86,20,0,0,0,0,0,0,0,0
Zone_5,11,-1,2022/10/18 08:45:00,31.59,1.25,146.0,134,0,122,12,0,0,0,0,0,0,0,0
Zone_5,11,-1,2022/10/18 09:00:00,34.75,1.14,102.0,86,0,70,16,0,0,0,0,0,0,0,0
Zone_5,11,-1,2022/10/18 09:15:00,33.35,1.19,126.0,112,0,98,14,0,0,0,0,0,0,0,0
Zone_5,11,-1,2022/10/18 09:30:00,29.21,1.36,144.0,118,0,92,26,0,0,0,0,0,0,0,0
Zone_5,11,-1,2022/10/18 09:45:00,33.75,1.17,109.0,98,0,87,11,0,0,0,0,0,0,0,0
Zone_5,11,-1,2022/10/18 10:00:00,30.64,1.29,128.0,106,0,84,22,0,0,0,0,0,0,0,0
Zone_5,11,-1,2022/10/18 10:15:00,35.06,1.13,106.0,85,0,64,21,0,0,0,0,0,0,0,0
Zone_5,11,-1,2022/10/18 10:30:00,33.57,1.18,113.0,89,0,65,24,0,0,0,0,0,0,0,0
Zone_5,11,-1,2022/10/18 10:45:00,32.57,1.22,120.0,102,0,84,18,0,0,0,0,0,0,0,0
Zone_5,11,-1,2022/10/18 11:00:00,33.51,1.18,103.0,88,0,73,15,0,0,0,0,0,0,0,0
Zone_5,11,-1,2022/10/18 11:15:00,32.40,1.22,84.0,63,0,42,21,0,0,0,0,0,0,0,0
Zone_5,11,-1,2022/10/18 11:30:00,34.97,1.13,102.0,83,0,64,19,0,0,0,0,0,0,0,0
Zone_5,11,-1,2022/10/18 11:45:00,36.92,1.07,124.0,110,0,96,13,1,0,0,0,0,0,0,0
Zone_5,11,-1,2022/10/18 12:00:00,36.77,1.08,74.0,65,0,56,9,0,0,0,0,0,0,0,0
Zone_5,11,-1,2022/10/18 12:15:00,37.64,1.05,92.0,77,0,62,13,2,0,0,0,0,0,0,0
Zone_5,11,-1,2022/10/18 12:30:00,34.60,1.14,90.0,83,0,76,7,0,0,0,0,0,0,0,0
Zone_5,11,-1,2022/10/18 12:45:00,36.55,1.08,96.0,84,0,72,12,0,0,0,0,0,0,0,0
Zone_5,11,-1,2022/10/18 13:00:00,36.30,1.09,129.0,110,0,91,19,0,0,0,0,0,0,0,0
Zone_5,11,-1,2022/10/18 13:15:00,37.57,1.05,84.0,74,0,64,10,0,0,0,0,0,0,0,0
Zone_5,11,-1,2022/10/18 13:30:00,32.61,1.21,83.0,70,0,57,13,0,0,0,0,0,0,0,0
Zone_5,11,-1,2022/10/18 13:45:00,33.48,1.18,93.0,82,0,71,8,3,0,0,0,0,0,0,0
Zone_5,11,-1,2022/10/18 14:00:00,38.06,1.04,91.0,74,0,57,17,0,0,0,0,0,0,0,0
Zone_5,11,-1,2022/10/18 14:15:00,35.96,1.10,102.0,89,0,76,13,0,0,0,0,0,0,0,0
Zone_5,11,-1,2022/10/18 14:30:00,33.79,1.17,111.0,93,0,75,18,0,0,0,0,0,0,0,0
Zone_5,11,-1,2022/10/18 14:45:00,34.24,1.16,98.0,83,0,68,15,0,0,0,0,0,0,0,0
Zone_5,11,-1,2022/10/18 15:00:00,34.75,1.14,100.0,86,0,72,14,0,0,0,0,0,0,0,0
Zone_5,11,-1,2022/10/18 15:15:00,32.31,1.23,137.0,124,0,111,12,1,0,0,0,0,0,0,0
Zone_5,11,-1,2022/10/18 15:30:00,34.45,1.15,106.0,87,0,68,18,1,0,0,0,0,0,0,0
Zone_5,11,-1,2022/10/18 15:45:00,27.83,1.42,92.0,78,0,64,13,1,0,0,0,0,0,0,0
Zone_5,11,-1,2022/10/18 16:00:00,35.32,1.12,89.0,66,0,43,23,0,0,0,0,0,0,0,0
Zone_5,11,-1,2022/10/18 16:15:00,35.64,1.11,119.0,108,0,97,11,0,0,0,0,0,0,0,0
Zone_5,11,-1,2022/10/18 16:30:00,38.23,1.04,57.0,56,0,55,0,1,0,0,0,0,0,0,0
Zone_5,11,-1,2022/10/18 16:45:00,33.75,1.17,110.0,98,0,86,12,0,0,0,0,0,0,0,0
Zone_5,11,-1,2022/10/18 17:00:00,35.77,1.11,97.0,84,0,71,13,0,0,0,0,0,0,0,0
Zone_5,11,-1,2022/10/18 17:15:00,34.53,1.15,115.0,109,0,103,5,1,0,0,0,0,0,0,0
Zone_5,11,-1,2022/10/18 17:30:00,36.04,1.10,100.0,91,0,82,9,0,0,0,0,0,0,0,0
Zone_5,11,-1,2022/10/18 17:45:00,35.74,1.11,117.0,111,0,105,5,1,0,0,0,0,0,0,0
Zone_5,11,-1,2022/10/18 18:00:00,34.51,1.15,98.0,95,0,92,3,0,0,0,0,0,0,0,0
Zone_5,11,-1,2022/10/18 18:15:00,35.40,1.12,124.0,118,0,112,6,0,0,0,0,0,0,0,0
Zone_5,11,-1,2022/10/18 18:30:00,33.72,1.17,116.0,109,0,102,7,0,0,0,0,0,0,0,0
Zone_5,11,-1,2022/10/18 18:45:00,34.50,1.15,95.0,88,0,81,4,3,0,0,0,0,0,0,0
Zone_6,11,-1,2022/10/18 06:30:00,39.60,1.00,16.0,11,0,6,0,5,0,0,0,0,0,0,0
Zone_6,11,-1,2022/10/18 06:45:00,39.60,1.00,19.0,11,0,3,0,8,0,0,0,0,0,0,0
Zone_6,11,-1,2022/10/18 07:00:00,39.60,1.00,18.0,12,0,6,0,6,0,0,0,0,0,0,0
Zone_6,11,-1,2022/10/18 07:15:00,39.60,1.00,18.0,9,0,0,0,9,0,0,0,0,0,0,0
Zone_6,11,-1,2022/10/18 07:30:00,39.60,1.00,30.0,21,0,12,0,9,0,0,0,0,0,0,0
Zone_6,11,-1,2022/10/18 07:45:00,39.60,1.00,16.0,10,0,4,0,6,0,0,0,0,0,0,0
Zone_6,11,-1,2022/10/18 08:00:00,21.88,1.81,30.0,21,0,12,0,9,0,0,0,0,0,0,0
Zone_6,11,-1,2022/10/18 08:15:00,39.60,1.00,32.0,23,0,14,0,9,0,0,0,0,0,0,0
Zone_6,11,-1,2022/10/18 08:30:00,39.60,1.00,26.0,19,0,12,0,7,0,0,0,0,0,0,0
Zone_6,11,-1,2022/10/18 08:45:00,39.60,1.00,21.0,13,0,5,0,8,0,0,0,0,0,0,0
Zone_6,11,-1,2022/10/18 09:00:00,39.60,1.00,38.0,29,0,20,0,9,0,0,0,0,0,0,0
Zone_6,11,-1,2022/10/18 09:15:00,37.67,1.05,43.0,39,0,35,0,4,0,0,0,0,0,0,0
Zone_6,11,-1,2022/10/18 09:30:00,38.53,1.03,46.0,36,0,26,1,9,0,0,0,0,0,0,0
Zone_6,11,-1,2022/10/18 09:45:00,15.77,2.51,55.0,45,0,35,0,10,0,0,0,0,0,0,0
Zone_6,11,-1,2022/10/18 10:00:00,33.94,1.17,48.0,42,0,36,0,6,0,0,0,0,0,0,0
Zone_6,11,-1,2022/10/18 10:15:00,30.63,1.29,47.0,41,0,35,1,5,0,0,0,0,0,0,0
Zone_6,11,-1,2022/10/18 10:30:00,38.05,1.04,55.0,49,0,43,0,6,0,0,0,0,0,0,0
Zone_6,11,-1,2022/10/18 10:45:00,1.72,23.06,59.0,52,0,45,0,7,0,0,0,0,0,0,0
Zone_6,11,-1,2022/10/18 11:00:00,4.25,9.32,76.0,71,0,66,0,5,0,0,0,0,0,0,0
Zone_6,11,-1,2022/10/18 11:15:00,12.38,3.20,48.0,40,0,32,3,5,0,0,0,0,0,0,0
Zone_6,11,-1,2022/10/18 11:30:00,3.38,11.70,59.0,50,0,41,0,9,0,0,0,0,0,0,0
Zone_6,11,-1,2022/10/18 11:45:00,21.94,1.80,43.0,41,0,39,0,2,0,0,0,0,0,0,0
Zone_6,11,-1,2022/10/18 12:00:00,19.40,2.04,57.0,48,0,39,0,9,0,0,0,0,0,0,0
Zone_6,11,-1,2022/10/18 12:15:00,13.49,2.93,53.0,46,0,39,0,7,0,0,0,0,0,0,0
Zone_6,11,-1,2022/10/18 12:30:00,6.43,6.16,63.0,56,0,49,1,6,0,0,0,0,0,0,0
Zone_6,11,-1,2022/10/18 12:45:00,33.15,1.19,44.0,36,0,28,0,8,0,0,0,0,0,0,0
Zone_6,11,-1,2022/10/18 13:00:00,27.60,1.43,53.0,46,0,39,0,7,0,0,0,0,0,0,0
Zone_6,11,-1,2022/10/18 13:15:00,9.95,3.98,58.0,52,0,46,0,6,0,0,0,0,0,0,0
Zone_6,11,-1,2022/10/18 13:30:00,27.62,1.43,60.0,53,0,46,0,7,0,0,0,0,0,0,0
Zone_6,11,-1,2022/10/18 13:45:00,35.48,1.12,44.0,43,0,42,0,1,0,0,0,0,0,0,0
Zone_6,11,-1,2022/10/18 14:00:00,5.99,6.61,60.0,49,0,38,0,11,0,0,0,0,0,0,0
Zone_6,11,-1,2022/10/18 14:15:00,35.64,1.11,49.0,45,0,41,0,4,0,0,0,0,0,0,0
Zone_6,11,-1,2022/10/18 14:30:00,10.06,3.94,57.0,47,0,37,0,10,0,0,0,0,0,0,0
Zone_6,11,-1,2022/10/18 14:45:00,20.27,1.95,49.0,43,0,37,0,6,0,0,0,0,0,0,0
Zone_6,11,-1,2022/10/18 15:00:00,9.34,4.24,66.0,58,0,50,0,8,0,0,0,0,0,0,0
Zone_6,11,-1,2022/10/18 15:15:00,14.14,2.80,46.0,45,0,44,0,1,0,0,0,0,0,0,0
Zone_6,11,-1,2022/10/18 15:30:00,2.27,17.44,62.0,54,0,46,0,8,0,0,0,0,0,0,0
Zone_6,11,-1,2022/10/18 15:45:00,35.20,1.12,53.0,48,0,43,0,5,0,0,0,0,0,0,0
Zone_6,11,-1,2022/10/18 16:00:00,1.37,28.95,66.0,57,0,48,0,9,0,0,0,0,0,0,0
Zone_6,11,-1,2022/10/18 16:15:00,0.43,91.67,66.0,57,0,48,0,9,0,0,0,0,0,0,0
Zone_6,11,-1,2022/10/18 16:30:00,4.76,8.32,47.0,40,0,33,0,7,0,0,0,0,0,0,0
Zone_6,11,-1,2022/10/18 16:45:00,28.51,1.39,38.0,36,0,34,0,2,0,0,0,0,0,0,0
Zone_6,11,-1,2022/10/18 17:00:00,38.32,1.03,38.0,30,0,22,0,8,0,0,0,0,0,0,0
Zone_6,11,-1,2022/10/18 17:15:00,26.15,1.51,40.0,35,0,30,0,5,0,0,0,0,0,0,0
Zone_6,11,-1,2022/10/18 17:30:00,34.65,1.14,43.0,35,0,27,0,8,0,0,0,0,0,0,0
Zone_6,11,-1,2022/10/18 17:45:00,39.60,1.00,44.0,37,0,30,0,7,0,0,0,0,0,0,0
Zone_6,11,-1,2022/10/18 18:00:00,33.94,1.17,31.0,24,0,17,0,7,0,0,0,0,0,0,0
Zone_6,11,-1,2022/10/18 18:15:00,35.50,1.12,35.0,26,0,17,0,9,0,0,0,0,0,0,0
Zone_6,11,-1,2022/10/18 18:30:00,39.60,1.00,23.0,17,0,11,0,6,0,0,0,0,0,0,0
Zone_6,11,-1,2022/10/18 18:45:00,39.60,1.00,30.0,24,0,18,0,6,0,0,0,0,0,0,0
Zone_7,11,-1,2022/10/18 06:30:00,36.05,1.10,66.0,61,0,56,3,2,0,0,0,0,0,0,0
Zone_7,11,-1,2022/10/18 06:45:00,38.50,1.03,39.0,35,0,31,2,2,0,0,0,0,0,0,0
Zone_7,11,-1,2022/10/18 07:00:00,34.51,1.15,66.0,61,0,56,3,2,0,0,0,0,0,0,0
Zone_7,11,-1,2022/10/18 07:15:00,36.55,1.08,80.0,72,0,64,5,3,0,0,0,0,0,0,0
Zone_7,11,-1,2022/10/18 07:30:00,36.67,1.08,75.0,75,0,75,0,0,0,0,0,0,0,0,0
Zone_7,11,-1,2022/10/18 07:45:00,38.85,1.02,55.0,52,0,49,0,3,0,0,0,0,0,0,0
Zone_7,11,-1,2022/10/18 08:00:00,34.10,1.16,102.0,93,0,84,6,3,0,0,0,0,0,0,0
Zone_7,11,-1,2022/10/18 08:15:00,36.77,1.08,80.0,78,0,76,0,2,0,0,0,0,0,0,0
Zone_7,11,-1,2022/10/18 08:30:00,32.28,1.23,107.0,97,0,87,5,5,0,0,0,0,0,0,0
Zone_7,11,-1,2022/10/18 08:45:00,36.81,1.08,66.0,66,0,66,0,0,0,0,0,0,0,0,0
Zone_7,11,-1,2022/10/18 09:00:00,34.29,1.15,79.0,71,0,63,4,4,0,0,0,0,0,0,0
Zone_7,11,-1,2022/10/18 09:15:00,36.46,1.09,61.0,58,0,55,0,3,0,0,0,0,0,0,0
Zone_7,11,-1,2022/10/18 09:30:00,35.09,1.13,76.0,70,0,64,4,2,0,0,0,0,0,0,0
Zone_7,11,-1,2022/10/18 09:45:00,36.51,1.08,63.0,59,0,55,4,0,0,0,0,0,0,0,0
Zone_7,11,-1,2022/10/18 10:00:00,34.65,1.14,80.0,77,0,74,0,3,0,0,0,0,0,0,0
Zone_7,11,-1,2022/10/18 10:15:00,39.02,1.01,67.0,67,0,67,0,0,0,0,0,0,0,0,0
Zone_7,11,-1,2022/10/18 10:30:00,38.44,1.03,71.0,66,0,61,2,3,0,0,0,0,0,0,0
Zone_7,11,-1,2022/10/18 10:45:00,36.92,1.07,64.0,55,0,46,5,4,0,0,0,0,0,0,0
Zone_7,11,-1,2022/10/18 11:00:00,36.51,1.08,74.0,71,0,68,1,2,0,0,0,0,0,0,0
Zone_7,11,-1,2022/10/18 11:15:00,34.02,1.16,72.0,61,0,50,10,1,0,0,0,0,0,0,0
Zone_7,11,-1,2022/10/18 11:30:00,35.46,1.12,63.0,60,0,57,0,3,0,0,0,0,0,0,0
Zone_7,11,-1,2022/10/18 11:45:00,38.76,1.02,50.0,46,0,42,4,0,0,0,0,0,0,0,0
Zone_7,11,-1,2022/10/18 12:00:00,37.32,1.06,83.0,82,0,81,0,1,0,0,0,0,0,0,0
Zone_7,11,-1,2022/10/18 12:15:00,37.05,1.07,63.0,58,0,53,5,0,0,0,0,0,0,0,0
Zone_7,11,-1,2022/10/18 12:30:00,35.58,1.11,64.0,62,0,60,2,0,0,0,0,0,0,0,0
Zone_7,11,-1,2022/10/18 12:45:00,38.50,1.03,39.0,35,0,31,0,4,0,0,0,0,0,0,0
Zone_7,11,-1,2022/10/18 13:00:00,36.16,1.10,47.0,42,0,37,5,0,0,0,0,0,0,0,0
Zone_7,11,-1,2022/10/18 13:15:00,35.20,1.12,44.0,40,0,36,4,0,0,0,0,0,0,0,0
Zone_7,11,-1,2022/10/18 13:30:00,36.47,1.09,76.0,70,0,64,3,3,0,0,0,0,0,0,0
Zone_7,11,-1,2022/10/18 13:45:00,39.60,1.00,36.0,28,0,20,7,1,0,0,0,0,0,0,0
Zone_7,11,-1,2022/10/18 14:00:00,35.00,1.13,38.0,38,0,38,0,0,0,0,0,0,0,0,0
Zone_7,11,-1,2022/10/18 14:15:00,35.64,1.11,51.0,45,0,39,2,4,0,0,0,0,0,0,0
Zone_7,11,-1,2022/10/18 14:30:00,38.16,1.04,53.0,53,0,53,0,0,0,0,0,0,0,0,0
Zone_7,11,-1,2022/10/18 14:45:00,39.60,1.00,52.0,51,0,50,0,1,0,0,0,0,0,0,0
Zone_7,11,-1,2022/10/18 15:00:00,38.82,1.02,54.0,50,0,46,0,4,0,0,0,0,0,0,0
Zone_7,11,-1,2022/10/18 15:15:00,37.27,1.06,34.0,32,0,30,0,2,0,0,0,0,0,0,0
Zone_7,11,-1,2022/10/18 15:30:00,38.77,1.02,47.0,47,0,47,0,0,0,0,0,0,0,0,0
Zone_7,11,-1,2022/10/18 15:45:00,37.71,1.05,42.0,40,0,38,0,2,0,0,0,0,0,0,0
Zone_7,11,-1,2022/10/18 16:00:00,36.59,1.08,79.0,73,0,67,5,1,0,0,0,0,0,0,0
Zone_7,11,-1,2022/10/18 16:15:00,36.25,1.09,65.0,65,0,65,0,0,0,0,0,0,0,0,0
Zone_7,11,-1,2022/10/18 16:30:00,31.61,1.25,99.0,91,0,83,5,3,0,0,0,0,0,0,0
Zone_7,11,-1,2022/10/18 16:45:00,37.59,1.05,76.0,75,0,74,0,1,0,0,0,0,0,0,0
Zone_7,11,-1,2022/10/18 17:00:00,38.28,1.03,90.0,87,0,84,3,0,0,0,0,0,0,0,0
Zone_7,11,-1,2022/10/18 17:15:00,38.95,1.02,63.0,60,0,57,0,3,0,0,0,0,0,0,0
Zone_7,11,-1,2022/10/18 17:30:00,36.21,1.09,65.0,64,0,63,1,0,0,0,0,0,0,0,0
Zone_7,11,-1,2022/10/18 17:45:00,34.73,1.14,57.0,57,0,57,0,0,0,0,0,0,0,0,0
Zone_7,11,-1,2022/10/18 18:00:00,37.30,1.06,65.0,65,0,65,0,0,0,0,0,0,0,0,0
Zone_7,11,-1,2022/10/18 18:15:00,39.60,1.00,62.0,61,0,60,0,1,0,0,0,0,0,0,0
Zone_7,11,-1,2022/10/18 18:30:00,38.79,1.02,55.0,48,0,41,5,2,0,0,0,0,0,0,0
Zone_7,11,-1,2022/10/18 18:45:00,38.08,1.04,50.0,50,0,50,0,0,0,0,0,0,0,0,0
Zone_8,11,-1,2022/10/18 06:30:00,37.76,1.05,41.0,41,0,41,0,0,0,0,0,0,0,0,0
Zone_8,11,-1,2022/10/18 06:45:00,38.44,1.03,33.0,33,0,33,0,0,0,0,0,0,0,0,0
Zone_8,11,-1,2022/10/18 07:00:00,36.84,1.07,40.0,40,0,40,0,0,0,0,0,0,0,0,0
Zone_8,11,-1,2022/10/18 07:15:00,39.60,1.00,29.0,29,0,29,0,0,0,0,0,0,0,0,0
Zone_8,11,-1,2022/10/18 07:30:00,37.34,1.06,36.0,33,0,30,3,0,0,0,0,0,0,0,0
Zone_8,11,-1,2022/10/18 07:45:00,39.60,1.00,27.0,27,0,27,0,0,0,0,0,0,0,0,0
Zone_8,11,-1,2022/10/18 08:00:00,39.60,1.00,40.0,40,0,40,0,0,0,0,0,0,0,0,0
Zone_8,11,-1,2022/10/18 08:15:00,36.24,1.09,57.0,54,0,51,3,0,0,0,0,0,0,0,0
Zone_8,11,-1,2022/10/18 08:30:00,35.93,1.10,49.0,49,0,49,0,0,0,0,0,0,0,0,0
Zone_8,11,-1,2022/10/18 08:45:00,39.60,1.00,34.0,30,0,26,4,0,0,0,0,0,0,0,0
Zone_8,11,-1,2022/10/18 09:00:00,39.60,1.00,33.0,32,0,31,0,1,0,0,0,0,0,0,0
Zone_8,11,-1,2022/10/18 09:15:00,39.60,1.00,22.0,22,0,22,0,0,0,0,0,0,0,0,0
Zone_8,11,-1,2022/10/18 09:30:00,39.60,1.00,35.0,35,0,35,0,0,0,0,0,0,0,0,0
Zone_8,11,-1,2022/10/18 09:45:00,36.96,1.07,28.0,28,0,28,0,0,0,0,0,0,0,0,0
Zone_8,11,-1,2022/10/18 10:00:00,39.60,1.00,43.0,39,0,35,4,0,0,0,0,0,0,0,0
Zone_8,11,-1,2022/10/18 10:15:00,38.13,1.04,26.0,26,0,26,0,0,0,0,0,0,0,0,0
Zone_8,11,-1,2022/10/18 10:30:00,39.60,1.00,34.0,34,0,34,0,0,0,0,0,0,0,0,0
Zone_8,11,-1,2022/10/18 10:45:00,39.60,1.00,18.0,18,0,18,0,0,0,0,0,0,0,0,0
Zone_8,11,-1,2022/10/18 11:00:00,39.60,1.00,21.0,21,0,21,0,0,0,0,0,0,0,0,0
Zone_8,11,-1,2022/10/18 11:15:00,37.95,1.04,23.0,23,0,23,0,0,0,0,0,0,0,0,0
Zone_8,11,-1,2022/10/18 11:30:00,39.60,1.00,33.0,33,0,33,0,0,0,0,0,0,0,0,0
Zone_8,11,-1,2022/10/18 11:45:00,39.60,1.00,24.0,19,0,14,5,0,0,0,0,0,0,0,0
Zone_8,11,-1,2022/10/18 12:00:00,39.60,1.00,20.0,20,0,20,0,0,0,0,0,0,0,0,0
Zone_8,11,-1,2022/10/18 12:15:00,37.62,1.05,19.0,19,0,19,0,0,0,0,0,0,0,0,0
Zone_8,11,-1,2022/10/18 12:30:00,37.52,1.06,21.0,18,0,15,3,0,0,0,0,0,0,0,0
Zone_8,11,-1,2022/10/18 12:45:00,39.60,1.00,14.0,14,0,14,0,0,0,0,0,0,0,0,0
Zone_8,11,-1,2022/10/18 13:00:00,39.60,1.00,19.0,19,0,19,0,0,0,0,0,0,0,0,0
Zone_8,11,-1,2022/10/18 13:15:00,39.60,1.00,11.0,11,0,11,0,0,0,0,0,0,0,0,0
Zone_8,11,-1,2022/10/18 13:30:00,39.60,1.00,14.0,14,0,14,0,0,0,0,0,0,0,0,0
Zone_8,11,-1,2022/10/18 13:45:00,39.60,1.00,14.0,14,0,14,0,0,0,0,0,0,0,0,0
Zone_8,11,-1,2022/10/18 14:00:00,39.60,1.00,18.0,18,0,18,0,0,0,0,0,0,0,0,0
Zone_8,11,-1,2022/10/18 14:15:00,39.60,1.00,22.0,20,0,18,2,0,0,0,0,0,0,0,0
Zone_8,11,-1,2022/10/18 14:30:00,39.60,1.00,28.0,28,0,28,0,0,0,0,0,0,0,0,0
Zone_8,11,-1,2022/10/18 14:45:00,39.60,1.00,14.0,13,0,12,0,1,0,0,0,0,0,0,0
Zone_8,11,-1,2022/10/18 15:00:00,34.43,1.15,20.0,20,0,20,0,0,0,0,0,0,0,0,0
Zone_8,11,-1,2022/10/18 15:15:00,39.60,1.00,14.0,13,0,12,0,1,0,0,0,0,0,0,0
Zone_8,11,-1,2022/10/18 15:30:00,39.60,1.00,15.0,14,0,13,0,1,0,0,0,0,0,0,0
Zone_8,11,-1,2022/10/18 15:45:00,37.27,1.06,16.0,16,0,16,0,0,0,0,0,0,0,0,0
Zone_8,11,-1,2022/10/18 16:00:00,39.60,1.00,32.0,32,0,32,0,0,0,0,0,0,0,0,0
Zone_8,11,-1,2022/10/18 16:15:00,39.60,1.00,19.0,19,0,19,0,0,0,0,0,0,0,0,0
Zone_8,11,-1,2022/10/18 16:30:00,37.46,1.06,35.0,35,0,35,0,0,0,0,0,0,0,0,0
Zone_8,11,-1,2022/10/18 16:45:00,39.60,1.00,23.0,23,0,23,0,0,0,0,0,0,0,0,0
Zone_8,11,-1,2022/10/18 17:00:00,39.60,1.00,37.0,37,0,37,0,0,0,0,0,0,0,0,0
Zone_8,11,-1,2022/10/18 17:15:00,39.60,1.00,28.0,28,0,28,0,0,0,0,0,0,0,0,0
Zone_8,11,-1,2022/10/18 17:30:00,35.83,1.11,19.0,19,0,19,0,0,0,0,0,0,0,0,0
Zone_8,11,-1,2022/10/18 17:45:00,39.60,1.00,21.0,21,0,21,0,0,0,0,0,0,0,0,0
Zone_8,11,-1,2022/10/18 18:00:00,39.60,1.00,28.0,28,0,28,0,0,0,0,0,0,0,0,0
Zone_8,11,-1,2022/10/18 18:15:00,36.96,1.07,14.0,14,0,14,0,0,0,0,0,0,0,0,0
Zone_8,11,-1,2022/10/18 18:30:00,39.60,1.00,18.0,18,0,18,0,0,0,0,0,0,0,0,0
Zone_8,11,-1,2022/10/18 18:45:00,39.60,1.00,20.0,20,0,20,0,0,0,0,0,0,0,0,0
Zone_9,11,-1,2022/10/18 06:30:00,29.19,1.36,162.0,143,0,124,11,8,0,0,0,0,0,0,0
Zone_9,11,-1,2022/10/18 06:45:00,33.78,1.17,125.0,116,0,107,4,5,0,0,0,0,0,0,0
Zone_9,11,-1,2022/10/18 07:00:00,33.04,1.20,139.0,126,0,113,7,6,0,0,0,0,0,0,0
Zone_9,11,-1,2022/10/18 07:15:00,27.84,1.42,151.0,135,0,119,11,5,0,0,0,0,0,0,0
Zone_9,11,-1,2022/10/18 07:30:00,29.95,1.32,132.0,121,0,110,7,4,0,0,0,0,0,0,0
Zone_9,11,-1,2022/10/18 07:45:00,28.68,1.38,167.0,155,0,143,7,5,0,0,0,0,0,0,0
Zone_9,11,-1,2022/10/18 08:00:00,34.94,1.13,138.0,120,0,102,16,2,0,0,0,0,0,0,0
Zone_9,11,-1,2022/10/18 08:15:00,30.78,1.29,157.0,143,0,129,7,7,0,0,0,0,0,0,0
Zone_9,11,-1,2022/10/18 08:30:00,29.26,1.35,151.0,133,0,115,16,2,0,0,0,0,0,0,0
Zone_9,11,-1,2022/10/18 08:45:00,28.16,1.41,186.0,160,0,134,20,6,0,0,0,0,0,0,0
Zone_9,11,-1,2022/10/18 09:00:00,34.14,1.16,114.0,100,0,86,14,0,0,0,0,0,0,0,0
Zone_9,11,-1,2022/10/18 09:15:00,28.35,1.40,151.0,131,0,111,17,3,0,0,0,0,0,0,0
Zone_9,11,-1,2022/10/18 09:30:00,30.89,1.28,184.0,156,0,128,24,4,0,0,0,0,0,0,0
Zone_9,11,-1,2022/10/18 09:45:00,29.63,1.34,135.0,110,0,85,23,2,0,0,0,0,0,0,0
Zone_9,11,-1,2022/10/18 10:00:00,37.97,1.04,117.0,93,0,69,19,5,0,0,0,0,0,0,0
Zone_9,11,-1,2022/10/18 10:15:00,31.07,1.27,117.0,91,0,65,25,1,0,0,0,0,0,0,0
Zone_9,11,-1,2022/10/18 10:30:00,35.72,1.11,111.0,92,0,73,15,4,0,0,0,0,0,0,0
Zone_9,11,-1,2022/10/18 10:45:00,33.11,1.20,124.0,97,0,70,22,5,0,0,0,0,0,0,0
Zone_9,11,-1,2022/10/18 11:00:00,35.27,1.12,126.0,106,0,86,18,2,0,0,0,0,0,0,0
Zone_9,11,-1,2022/10/18 11:15:00,35.88,1.10,121.0,106,0,91,15,0,0,0,0,0,0,0,0
Zone_9,11,-1,2022/10/18 11:30:00,28.18,1.41,130.0,111,0,92,17,2,0,0,0,0,0,0,0
Zone_9,11,-1,2022/10/18 11:45:00,35.39,1.12,116.0,101,0,86,11,4,0,0,0,0,0,0,0
Zone_9,11,-1,2022/10/18 12:00:00,34.65,1.14,102.0,91,0,80,9,2,0,0,0,0,0,0,0
Zone_9,11,-1,2022/10/18 12:15:00,37.68,1.05,111.0,98,0,85,10,3,0,0,0,0,0,0,0
Zone_9,11,-1,2022/10/18 12:30:00,36.30,1.09,128.0,110,0,92,15,3,0,0,0,0,0,0,0
Zone_9,11,-1,2022/10/18 12:45:00,34.03,1.16,122.0,110,0,98,10,2,0,0,0,0,0,0,0
Zone_9,11,-1,2022/10/18 13:00:00,32.23,1.23,131.0,118,0,105,8,5,0,0,0,0,0,0,0
Zone_9,11,-1,2022/10/18 13:15:00,31.62,1.25,131.0,107,0,83,22,2,0,0,0,0,0,0,0
Zone_9,11,-1,2022/10/18 13:30:00,33.94,1.17,144.0,120,0,96,19,5,0,0,0,0,0,0,0
Zone_9,11,-1,2022/10/18 13:45:00,35.35,1.12,130.0,108,0,86,18,4,0,0,0,0,0,0,0
Zone_9,11,-1,2022/10/18 14:00:00,31.53,1.26,146.0,129,0,112,13,4,0,0,0,0,0,0,0
Zone_9,11,-1,2022/10/18 14:15:00,31.81,1.25,161.0,151,0,141,7,3,0,0,0,0,0,0,0
Zone_9,11,-1,2022/10/18 14:30:00,36.21,1.09,117.0,96,0,75,19,2,0,0,0,0,0,0,0
Zone_9,11,-1,2022/10/18 14:45:00,32.30,1.23,134.0,115,0,96,12,7,0,0,0,0,0,0,0
Zone_9,11,-1,2022/10/18 15:00:00,35.01,1.13,94.0,84,0,74,9,1,0,0,0,0,0,0,0
Zone_9,11,-1,2022/10/18 15:15:00,30.83,1.28,137.0,116,0,95,16,5,0,0,0,0,0,0,0
Zone_9,11,-1,2022/10/18 15:30:00,32.14,1.23,130.0,112,0,94,17,1,0,0,0,0,0,0,0
Zone_9,11,-1,2022/10/18 15:45:00,36.96,1.07,115.0,98,0,81,12,5,0,0,0,0,0,0,0
Zone_9,11,-1,2022/10/18 16:00:00,30.37,1.30,116.0,102,0,88,12,2,0,0,0,0,0,0,0
Zone_9,11,-1,2022/10/18 16:15:00,35.88,1.10,114.0,106,0,98,6,2,0,0,0,0,0,0,0
Zone_9,11,-1,2022/10/18 16:30:00,37.95,1.04,80.0,69,0,58,9,2,0,0,0,0,0,0,0
Zone_9,11,-1,2022/10/18 16:45:00,33.94,1.17,128.0,114,0,100,8,6,0,0,0,0,0,0,0
Zone_9,11,-1,2022/10/18 17:00:00,34.80,1.14,97.0,87,0,77,6,4,0,0,0,0,0,0,0
Zone_9,11,-1,2022/10/18 17:15:00,33.66,1.18,129.0,119,0,109,8,2,0,0,0,0,0,0,0
Zone_9,11,-1,2022/10/18 17:30:00,35.50,1.12,107.0,104,0,101,3,0,0,0,0,0,0,0,0
Zone_9,11,-1,2022/10/18 17:45:00,36.06,1.10,117.0,112,0,107,4,1,0,0,0,0,0,0,0
Zone_9,11,-1,2022/10/18 18:00:00,38.02,1.04,80.0,72,0,64,4,4,0,0,0,0,0,0,0
Zone_9,11,-1,2022/10/18 18:15:00,37.98,1.04,95.0,94,0,93,0,1,0,0,0,0,0,0,0
Zone_9,11,-1,2022/10/18 18:30:00,37.83,1.05,65.0,64,0,63,1,0,0,0,0,0,0,0,0
Zone_9,11,-1,2022/10/18 18:45:00,35.06,1.13,94.0,85,0,76,5,4,0,0,0,0,0,0,0
